{"textures":{"0":"modelengine:entity/anchorworm"},"elements":[{"from":[7.5,7.5,14.5],"to":[8.5,8.5,15.0],"faces":{"east":{"uv":[5.0,1.0,5.25,1.5],"tintindex":0,"rotation":0,"texture":"#0"},"west":{"uv":[5.0,1.0,5.25,1.5],"tintindex":0,"rotation":0,"texture":"#0"},"up":{"uv":[5.0,1.0,5.5,1.25],"tintindex":0,"rotation":0,"texture":"#0"},"down":{"uv":[5.0,1.0,5.5,1.25],"tintindex":0,"rotation":0,"texture":"#0"}}},{"from":[8.3,6.7,12.5],"to":[9.4,7.9,13.5],"faces":{"east":{"uv":[6.5,3.5,7.0,4.0],"tintindex":0,"rotation":0,"texture":"#0"},"south":{"uv":[6.5,3.5,7.0,4.0],"tintindex":0,"rotation":0,"texture":"#0"},"north":{"uv":[6.5,3.5,7.0,4.0],"tintindex":0,"rotation":0,"texture":"#0"},"west":{"uv":[6.5,3.5,7.0,4.0],"tintindex":0,"rotation":0,"texture":"#0"},"up":{"uv":[6.0,3.5,6.5,4.0],"tintindex":0,"rotation":0,"texture":"#0"},"down":{"uv":[7.0,3.5,7.5,4.0],"tintindex":0,"rotation":0,"texture":"#0"}}},{"from":[7.5,6.7,8.0],"to":[8.5,6.7,15.0],"faces":{"up":{"uv":[5.5,0.0,6.0,3.5],"tintindex":0,"rotation":0,"texture":"#0"},"down":{"uv":[5.5,0.0,6.0,3.5],"tintindex":0,"rotation":0,"texture":"#0"}}},{"from":[7.5,7.5,13.5],"to":[8.5,9.2,14.5],"faces":{"east":{"uv":[5.0,1.5,5.5,2.35],"tintindex":0,"rotation":0,"texture":"#0"},"south":{"uv":[5.0,1.5,5.5,2.35],"tintindex":0,"rotation":0,"texture":"#0"},"north":{"uv":[5.0,1.5,5.5,2.35],"tintindex":0,"rotation":0,"texture":"#0"},"west":{"uv":[5.0,1.5,5.5,2.35],"tintindex":0,"rotation":0,"texture":"#0"},"up":{"uv":[5.0,1.5,5.5,2.0],"tintindex":0,"rotation":0,"texture":"#0"},"down":{"uv":[5.0,1.5,5.5,2.0],"tintindex":0,"rotation":0,"texture":"#0"}}},{"from":[7.0,6.6,9.5],"to":[9.0,8.0,11.5],"faces":{"east":{"uv":[7.5,3.5,8.5,4.2],"tintindex":0,"rotation":0,"texture":"#0"},"south":{"uv":[7.5,3.5,8.5,4.2],"tintindex":0,"rotation":0,"texture":"#0"},"north":{"uv":[7.5,3.5,8.5,4.2],"tintindex":0,"rotation":0,"texture":"#0"},"west":{"uv":[7.5,3.5,8.5,4.2],"tintindex":0,"rotation":0,"texture":"#0"},"up":{"uv":[7.5,3.5,8.5,4.5],"tintindex":0,"rotation":0,"texture":"#0"},"down":{"uv":[7.5,3.5,8.5,4.5],"tintindex":0,"rotation":0,"texture":"#0"}}},{"from":[6.49,6.49,7.99],"to":[9.51,9.51,15.01],"faces":{"east":{"uv":[11.0,5.5,12.5,9.0],"tintindex":0,"rotation":90,"texture":"#0"},"west":{"uv":[11.0,5.5,12.5,9.0],"tintindex":0,"rotation":90,"texture":"#0"},"up":{"uv":[9.5,5.5,11.0,9.0],"tintindex":0,"rotation":0,"texture":"#0"},"down":{"uv":[12.5,5.5,14.0,9.0],"tintindex":0,"rotation":0,"texture":"#0"}}},{"from":[8.3,6.8,11.5],"to":[9.3,7.8,14.5],"faces":{"east":{"uv":[6.5,3.0,7.0,4.5],"tintindex":0,"rotation":90,"texture":"#0"},"south":{"uv":[6.5,3.0,7.0,3.5],"tintindex":0,"rotation":0,"texture":"#0"},"north":{"uv":[6.5,3.0,7.0,3.5],"tintindex":0,"rotation":0,"texture":"#0"},"west":{"uv":[6.5,3.0,7.0,4.5],"tintindex":0,"rotation":90,"texture":"#0"},"up":{"uv":[6.0,3.0,6.5,4.5],"tintindex":0,"rotation":0,"texture":"#0"},"down":{"uv":[7.0,3.0,7.5,4.5],"tintindex":0,"rotation":0,"texture":"#0"}}},{"from":[7.5,7.5,8.0],"to":[8.5,8.5,8.5],"faces":{"east":{"uv":[5.0,1.0,5.25,1.5],"tintindex":0,"rotation":0,"texture":"#0"},"west":{"uv":[5.0,1.0,5.25,1.5],"tintindex":0,"rotation":0,"texture":"#0"},"up":{"uv":[5.0,1.0,5.5,1.25],"tintindex":0,"rotation":0,"texture":"#0"},"down":{"uv":[5.0,1.0,5.5,1.25],"tintindex":0,"rotation":0,"texture":"#0"}}},{"from":[6.8,6.8,11.5],"to":[7.8,7.8,14.5],"faces":{"east":{"uv":[6.5,3.0,7.0,4.5],"tintindex":0,"rotation":90,"texture":"#0"},"south":{"uv":[6.5,3.0,7.0,3.5],"tintindex":0,"rotation":0,"texture":"#0"},"north":{"uv":[6.5,3.0,7.0,3.5],"tintindex":0,"rotation":0,"texture":"#0"},"west":{"uv":[6.5,3.0,7.0,4.5],"tintindex":0,"rotation":90,"texture":"#0"},"up":{"uv":[6.0,3.0,6.5,4.5],"tintindex":0,"rotation":0,"texture":"#0"},"down":{"uv":[7.0,3.0,7.5,4.5],"tintindex":0,"rotation":0,"texture":"#0"}}},{"from":[6.6,6.7,12.5],"to":[7.7,7.9,13.5],"faces":{"east":{"uv":[6.5,3.5,7.0,4.0],"tintindex":0,"rotation":0,"texture":"#0"},"south":{"uv":[6.5,3.5,7.0,4.0],"tintindex":0,"rotation":0,"texture":"#0"},"north":{"uv":[6.5,3.5,7.0,4.0],"tintindex":0,"rotation":0,"texture":"#0"},"west":{"uv":[6.5,3.5,7.0,4.0],"tintindex":0,"rotation":0,"texture":"#0"},"up":{"uv":[6.0,3.5,6.5,4.0],"tintindex":0,"rotation":0,"texture":"#0"},"down":{"uv":[7.0,3.5,7.5,4.0],"tintindex":0,"rotation":0,"texture":"#0"}}},{"from":[7.5,8.2,9.5],"to":[8.5,9.2,13.5],"faces":{"east":{"uv":[5.5,2.5,5.0,0.5],"tintindex":0,"rotation":90,"texture":"#0"},"south":{"uv":[5.0,0.5,5.5,1.0],"tintindex":0,"rotation":0,"texture":"#0"},"north":{"uv":[5.0,0.5,5.5,1.0],"tintindex":0,"rotation":0,"texture":"#0"},"west":{"uv":[5.0,0.5,5.5,2.5],"tintindex":0,"rotation":90,"texture":"#0"},"up":{"uv":[5.5,2.5,5.0,0.5],"tintindex":0,"rotation":0,"texture":"#0"},"down":{"uv":[5.0,0.5,5.5,2.5],"tintindex":0,"rotation":0,"texture":"#0"}}},{"from":[7.5,7.5,8.5],"to":[8.5,9.2,9.5],"faces":{"east":{"uv":[5.0,2.0,5.5,2.85],"tintindex":0,"rotation":0,"texture":"#0"},"south":{"uv":[5.0,2.0,5.5,2.85],"tintindex":0,"rotation":0,"texture":"#0"},"north":{"uv":[5.0,2.0,5.5,2.85],"tintindex":0,"rotation":0,"texture":"#0"},"west":{"uv":[5.0,2.0,5.5,2.85],"tintindex":0,"rotation":0,"texture":"#0"},"up":{"uv":[5.0,2.0,5.5,2.5],"tintindex":0,"rotation":0,"texture":"#0"},"down":{"uv":[5.0,2.0,5.5,2.5],"tintindex":0,"rotation":0,"texture":"#0"}}}],"display":{"gui":{"rotation":[30,225,0]}}}