{"textures":{"0":"modelengine:entity/anchorworm"},"elements":[{"from":[6.5,6.51,8.0],"to":[9.5,8.51,16.0],"faces":{"east":{"uv":[8.0,13.5,12.0,14.5],"tintindex":0,"rotation":0,"texture":"#0"},"south":{"uv":[13.5,13.5,15.0,14.5],"tintindex":0,"rotation":0,"texture":"#0"},"west":{"uv":[12.0,13.5,8.0,14.5],"tintindex":0,"rotation":0,"texture":"#0"},"up":{"uv":[12.0,14.5,16.0,16.0],"tintindex":0,"rotation":90,"texture":"#0"},"down":{"uv":[8.0,14.5,12.0,16.0],"tintindex":0,"rotation":90,"texture":"#0"}}},{"from":[7.5,7.3,8.0],"to":[8.5,8.3,16.0],"faces":{"east":{"uv":[5.0,0.0,5.5,4.0],"tintindex":0,"rotation":90,"texture":"#0"},"west":{"uv":[5.0,0.0,5.5,4.0],"tintindex":0,"rotation":90,"texture":"#0"},"up":{"uv":[5.0,0.0,5.5,4.0],"tintindex":0,"rotation":0,"texture":"#0"},"down":{"uv":[5.0,0.0,5.5,4.0],"tintindex":0,"rotation":0,"texture":"#0"}}},{"from":[7.5,6.7,8.0],"to":[8.5,6.7,15.0],"faces":{"up":{"uv":[5.5,0.0,6.0,3.5],"tintindex":0,"rotation":0,"texture":"#0"},"down":{"uv":[5.5,0.0,6.0,3.5],"tintindex":0,"rotation":0,"texture":"#0"}}}],"display":{"gui":{"rotation":[30,225,0]}}}