{"textures":{"0":"modelengine:entity/grave_golem","1":"modelengine:entity/void","2":"modelengine:entity/misc_decor"},"elements":[{"from":[15.0,8.5,1.0],"to":[26.5,9.0,11.0],"faces":{"up":{"uv":[0.0,1.0,1.0,2.0],"tintindex":0,"rotation":0,"texture":"#1"}}},{"from":[19.5,10.5,14.5],"to":[22.5,13.0,16.0],"faces":{"east":{"uv":[0.0,3.75,0.75,5.0],"tintindex":0,"rotation":0,"texture":"#2"},"south":{"uv":[0.0,3.75,1.5,5.0],"tintindex":0,"rotation":0,"texture":"#2"},"west":{"uv":[0.0,3.75,0.75,5.0],"tintindex":0,"rotation":0,"texture":"#2"},"up":{"uv":[0.0,3.75,1.5,4.5],"tintindex":0,"rotation":0,"texture":"#2"},"down":{"uv":[0.0,3.75,1.5,4.5],"tintindex":0,"rotation":0,"texture":"#2"}},"rotation":{"origin":[19.0,12.0,14.0],"angle":-22.5,"axis":"x"}},{"from":[16.5,10.0,12.5],"to":[21.0,19.0,15.5],"faces":{"east":{"uv":[9.75,8.875,10.5,10.875],"tintindex":0,"rotation":0,"texture":"#0"},"south":{"uv":[8.375,14.0,9.5,16.0],"tintindex":0,"rotation":0,"texture":"#0"},"north":{"uv":[9.75,8.875,10.875,10.875],"tintindex":0,"rotation":0,"texture":"#0"},"west":{"uv":[9.75,8.875,10.5,10.875],"tintindex":0,"rotation":0,"texture":"#0"},"up":{"uv":[8.625,11.5,9.75,12.25],"tintindex":0,"rotation":0,"texture":"#0"}},"rotation":{"origin":[19.0,12.0,14.0],"angle":-22.5,"axis":"x"}},{"from":[18.0,11.5,11.0],"to":[25.0,17.0,14.5],"faces":{"south":{"uv":[11.125,0.5,12.5,2.25],"tintindex":0,"rotation":90,"texture":"#0"},"north":{"uv":[11.125,0.5,12.5,2.25],"tintindex":0,"rotation":90,"texture":"#0"},"up":{"uv":[9.875,7.875,11.625,8.75],"tintindex":0,"rotation":0,"texture":"#0"}},"rotation":{"origin":[19.0,12.0,14.0],"angle":-22.5,"axis":"x"}},{"from":[15.0,6.5,1.0],"to":[26.5,7.0,11.0],"faces":{"up":{"uv":[0.0,0.0,1.0,1.0],"tintindex":0,"rotation":0,"texture":"#1"}}},{"from":[15.0,7.5,1.0],"to":[26.5,8.0,11.0],"faces":{"up":{"uv":[0.0,1.0,1.0,2.0],"tintindex":0,"rotation":0,"texture":"#1"}}},{"from":[15.0,9.0,1.0],"to":[26.5,9.5,11.0],"faces":{"up":{"uv":[0.0,1.0,1.0,2.0],"tintindex":0,"rotation":0,"texture":"#1"}}}],"display":{"gui":{"rotation":[30,225,0]}}}