{"textures":{"0":"modelengine:entity/grave_golem"},"elements":[{"from":[15.333334,4.808187,16.274223],"to":[19.333334,8.1415205,17.274223],"faces":{"east":{"uv":[9.25,7.5,9.625,8.75],"tintindex":0,"rotation":0,"texture":"#0"},"south":{"uv":[11.75,6.375,13.25,7.625],"tintindex":0,"rotation":0,"texture":"#0"},"west":{"uv":[9.625,7.5,10.0,8.75],"tintindex":0,"rotation":0,"texture":"#0"}},"rotation":{"origin":[11.333334,5.1415205,11.607557],"angle":-22.5,"axis":"x"}},{"from":[11.333334,4.808187,-2.9408903],"to":[23.666668,7.808187,0.05910921],"faces":{"north":{"uv":[8.5,11.375,9.625,16.0],"tintindex":0,"rotation":90,"texture":"#0"}},"rotation":{"origin":[11.333334,5.1415205,2.7257757],"angle":22.5,"axis":"x"}},{"from":[18.333334,7.0,1.333333],"to":[22.666668,10.0,2.333333],"faces":{"south":{"uv":[10.0,7.875,11.625,9.0],"tintindex":0,"rotation":0,"texture":"#0"},"up":{"uv":[10.0,7.125,11.625,7.5],"tintindex":0,"rotation":0,"texture":"#0"}},"rotation":{"origin":[15.666667,8.0,-3.0],"angle":-22.5,"axis":"y"}},{"from":[19.0,10.0,4.333333],"to":[23.0,11.0,9.0],"faces":{"east":{"uv":[0.0,0.0,1.75,0.375],"tintindex":0,"rotation":0,"texture":"#0"},"south":{"uv":[0.0,0.0,1.5,0.375],"tintindex":0,"rotation":0,"texture":"#0"},"north":{"uv":[0.0,0.0,1.5,0.375],"tintindex":0,"rotation":0,"texture":"#0"},"west":{"uv":[0.0,0.0,1.75,0.375],"tintindex":0,"rotation":0,"texture":"#0"},"up":{"uv":[12.0,4.125,13.5,5.875],"tintindex":0,"rotation":0,"texture":"#0"}},"rotation":{"origin":[16.666668,8.0,4.333333],"angle":45.0,"axis":"y"}},{"from":[23.890144,4.808187,1.333333],"to":[26.556812,7.808187,12.333334],"faces":{"east":{"uv":[6.125,0.75,10.25,1.875],"tintindex":0,"rotation":0,"texture":"#0"}},"rotation":{"origin":[21.223478,5.1415205,4.0],"angle":22.5,"axis":"z"}},{"from":[20.0,7.0,4.0],"to":[22.666668,10.666667,10.0],"faces":{"west":{"uv":[8.0,7.5,10.25,8.875],"tintindex":0,"rotation":0,"texture":"#0"},"up":{"uv":[11.25,0.75,12.25,2.75],"tintindex":0,"rotation":0,"texture":"#0"}}},{"from":[9.433333,11.333334,9.133333],"to":[13.433333,12.666667,9.133333],"faces":{"south":{"uv":[5.5,9.625,4.0,9.125],"tintindex":0,"rotation":0,"texture":"#0"},"north":{"uv":[4.0,9.625,5.5,9.125],"tintindex":0,"rotation":0,"texture":"#0"}},"rotation":{"origin":[9.766666,10.666667,9.466666],"angle":-45.0,"axis":"y"}},{"from":[6.333333,7.0,5.0],"to":[8.0,9.0,8.666667],"faces":{"south":{"uv":[7.875,15.25,8.5,16.0],"tintindex":0,"rotation":0,"texture":"#0"},"west":{"uv":[7.875,15.25,9.25,16.0],"tintindex":0,"rotation":0,"texture":"#0"},"up":{"uv":[9.0,12.0,9.625,13.375],"tintindex":0,"rotation":0,"texture":"#0"}}},{"from":[23.666668,7.0,5.6666665],"to":[26.666668,10.333334,9.666667],"faces":{"east":{"uv":[9.0,7.75,10.5,9.0],"tintindex":0,"rotation":0,"texture":"#0"},"south":{"uv":[8.75,14.75,9.875,16.0],"tintindex":0,"rotation":0,"texture":"#0"},"north":{"uv":[9.0,14.75,10.125,16.0],"tintindex":0,"rotation":0,"texture":"#0"},"up":{"uv":[9.875,1.625,11.0,3.125],"tintindex":0,"rotation":0,"texture":"#0"}}},{"from":[12.666667,7.0,14.0],"to":[17.0,9.0,16.333334],"faces":{"east":{"uv":[8.875,8.125,9.75,8.875],"tintindex":0,"rotation":0,"texture":"#0"},"south":{"uv":[9.875,8.125,11.5,8.875],"tintindex":0,"rotation":0,"texture":"#0"},"up":{"uv":[13.875,5.125,15.5,6.0],"tintindex":0,"rotation":0,"texture":"#0"}},"rotation":{"origin":[12.666667,7.0,13.0],"angle":-22.5,"axis":"y"}},{"from":[26.0,7.0,10.333334],"to":[28.333334,8.666667,13.0],"faces":{"east":{"uv":[5.875,11.625,6.875,12.25],"tintindex":0,"rotation":0,"texture":"#0"},"south":{"uv":[5.125,5.25,4.25,5.875],"tintindex":0,"rotation":0,"texture":"#0"},"north":{"uv":[6.125,5.25,5.25,5.875],"tintindex":0,"rotation":0,"texture":"#0"},"up":{"uv":[4.25,5.25,3.25,4.375],"tintindex":0,"rotation":90,"texture":"#0"}},"rotation":{"origin":[25.0,7.0,13.0],"angle":22.5,"axis":"y"}},{"from":[6.333333,7.0,4.0],"to":[9.333333,10.0,8.0],"faces":{"south":{"uv":[11.75,9.125,12.875,10.25],"tintindex":0,"rotation":0,"texture":"#0"},"north":{"uv":[8.375,14.875,9.5,16.0],"tintindex":0,"rotation":0,"texture":"#0"},"west":{"uv":[9.375,14.875,10.875,16.0],"tintindex":0,"rotation":0,"texture":"#0"},"up":{"uv":[9.0,6.625,10.125,8.125],"tintindex":0,"rotation":0,"texture":"#0"}},"rotation":{"origin":[6.6666665,7.0,5.0],"angle":22.5,"axis":"y"}},{"from":[20.333334,7.0,16.0],"to":[23.0,8.666667,18.333334],"faces":{"east":{"uv":[4.25,5.25,5.125,5.875],"tintindex":0,"rotation":0,"texture":"#0"},"south":{"uv":[6.875,11.625,5.875,12.25],"tintindex":0,"rotation":0,"texture":"#0"},"west":{"uv":[5.25,5.25,6.125,5.875],"tintindex":0,"rotation":0,"texture":"#0"},"up":{"uv":[3.25,5.25,4.25,4.375],"tintindex":0,"rotation":180,"texture":"#0"}},"rotation":{"origin":[23.0,7.0,15.0],"angle":-22.5,"axis":"y"}},{"from":[25.333334,6.0,4.333333],"to":[27.0,9.0,7.3333335],"faces":{"east":{"uv":[9.375,7.875,10.5,9.0],"tintindex":0,"rotation":0,"texture":"#0"},"south":{"uv":[10.5,8.0,11.125,9.125],"tintindex":0,"rotation":0,"texture":"#0"},"north":{"uv":[8.0,7.75,8.625,8.875],"tintindex":0,"rotation":0,"texture":"#0"},"up":{"uv":[9.0,8.875,9.625,10.0],"tintindex":0,"rotation":0,"texture":"#0"}}},{"from":[9.0,9.333333,3.6666665],"to":[15.0,11.0,8.333333],"faces":{"east":{"uv":[13.75,5.125,15.5,5.75],"tintindex":0,"rotation":0,"texture":"#0"},"south":{"uv":[13.75,5.125,16.0,5.75],"tintindex":0,"rotation":0,"texture":"#0"},"west":{"uv":[13.875,5.125,15.625,5.75],"tintindex":0,"rotation":0,"texture":"#0"},"up":{"uv":[11.625,4.0,13.875,5.75],"tintindex":0,"rotation":0,"texture":"#0"}},"rotation":{"origin":[6.6666665,8.0,4.0],"angle":45.0,"axis":"y"}},{"from":[9.333333,9.0,13.333334],"to":[13.0,11.0,18.333334],"faces":{"east":{"uv":[9.625,15.25,11.5,16.0],"tintindex":0,"rotation":0,"texture":"#0"},"south":{"uv":[8.125,15.25,9.5,16.0],"tintindex":0,"rotation":0,"texture":"#0"},"north":{"uv":[7.875,15.25,9.25,16.0],"tintindex":0,"rotation":0,"texture":"#0"},"up":{"uv":[9.75,0.0,11.125,1.875],"tintindex":0,"rotation":0,"texture":"#0"}},"rotation":{"origin":[7.3333335,8.0,13.666667],"angle":45.0,"axis":"y"}},{"from":[10.333334,7.0,-5.0],"to":[13.0,8.666667,-2.666667],"faces":{"east":{"uv":[5.25,5.25,6.125,5.875],"tintindex":0,"rotation":0,"texture":"#0"},"north":{"uv":[6.875,11.625,5.875,12.25],"tintindex":0,"rotation":0,"texture":"#0"},"west":{"uv":[4.25,5.25,5.125,5.875],"tintindex":0,"rotation":0,"texture":"#0"},"up":{"uv":[3.25,5.25,4.25,4.375],"tintindex":0,"rotation":0,"texture":"#0"}},"rotation":{"origin":[10.333334,7.0,-1.666667],"angle":-22.5,"axis":"y"}},{"from":[21.666668,7.0,5.333333],"to":[23.666668,9.333333,8.666667],"faces":{"west":{"uv":[8.0,8.0,9.25,8.875],"tintindex":0,"rotation":0,"texture":"#0"},"up":{"uv":[0.0,0.0,0.75,1.25],"tintindex":0,"rotation":0,"texture":"#0"}},"rotation":{"origin":[16.666668,8.0,2.0],"angle":-22.5,"axis":"y"}},{"from":[11.666667,7.0,8.0],"to":[13.0,9.333333,13.333334],"faces":{"east":{"uv":[8.0,8.0,10.0,8.875],"tintindex":0,"rotation":0,"texture":"#0"},"up":{"uv":[9.625,9.125,10.125,11.125],"tintindex":0,"rotation":0,"texture":"#0"}},"rotation":{"origin":[8.0,8.0,8.0],"angle":22.5,"axis":"y"}},{"from":[24.833334,9.766666,3.333333],"to":[24.833334,11.766666,7.3333335],"faces":{"east":{"uv":[7.875,5.875,6.375,5.125],"tintindex":0,"rotation":0,"texture":"#0"},"west":{"uv":[6.375,5.875,7.875,5.125],"tintindex":0,"rotation":0,"texture":"#0"}}},{"from":[16.999668,4.8078537,-3.9412231],"to":[21.000334,8.141854,-2.9405575],"faces":{"east":{"uv":[8.0,7.625,8.375,8.875],"tintindex":0,"rotation":0,"texture":"#0"},"north":{"uv":[8.75,7.625,10.25,8.875],"tintindex":0,"rotation":0,"texture":"#0"},"west":{"uv":[8.5,7.625,8.875,8.875],"tintindex":0,"rotation":0,"texture":"#0"}},"rotation":{"origin":[13.0,5.1415205,1.7257757],"angle":22.5,"axis":"x"}},{"from":[12.0,9.333333,6.333333],"to":[12.666667,10.0,9.333333],"faces":{"east":{"uv":[11.625,10.0,12.75,10.25],"tintindex":0,"rotation":0,"texture":"#0"},"up":{"uv":[11.625,9.125,11.875,10.25],"tintindex":0,"rotation":0,"texture":"#0"}}},{"from":[17.0,9.748365,-2.3614912],"to":[21.0,10.081698,-0.3614912],"faces":{"east":{"uv":[12.125,5.875,12.875,6.0],"tintindex":0,"rotation":0,"texture":"#0"},"up":{"uv":[12.125,6.0,13.625,5.25],"tintindex":0,"rotation":0,"texture":"#0"}}},{"from":[11.333334,4.808187,13.274224],"to":[22.333334,7.808187,16.274223],"faces":{"south":{"uv":[8.5,11.875,9.625,16.0],"tintindex":0,"rotation":90,"texture":"#0"}},"rotation":{"origin":[11.333334,5.1415205,10.607557],"angle":-22.5,"axis":"x"}},{"from":[20.666668,10.0,3.333333],"to":[24.0,11.666667,7.0],"faces":{"east":{"uv":[9.875,15.375,11.25,16.0],"tintindex":0,"rotation":0,"texture":"#0"},"south":{"uv":[9.875,15.375,11.125,16.0],"tintindex":0,"rotation":0,"texture":"#0"},"north":{"uv":[9.875,15.375,11.125,16.0],"tintindex":0,"rotation":0,"texture":"#0"},"west":{"uv":[9.875,15.375,11.25,16.0],"tintindex":0,"rotation":0,"texture":"#0"},"up":{"uv":[9.75,0.25,11.0,1.625],"tintindex":0,"rotation":0,"texture":"#0"}}},{"from":[12.666667,9.223477,-0.8491659],"to":[22.666668,11.890144,1.4841676],"faces":{"up":{"uv":[11.375,0.0,12.25,3.75],"tintindex":0,"rotation":90,"texture":"#0"}},"rotation":{"origin":[11.333334,9.223477,4.150834],"angle":-22.5,"axis":"x"}},{"from":[8.666667,9.333333,11.666667],"to":[12.333334,11.333334,17.333334],"faces":{"east":{"uv":[9.5,15.25,11.625,16.0],"tintindex":0,"rotation":0,"texture":"#0"},"south":{"uv":[7.875,15.25,9.25,16.0],"tintindex":0,"rotation":0,"texture":"#0"},"north":{"uv":[8.125,15.25,9.5,16.0],"tintindex":0,"rotation":0,"texture":"#0"},"west":{"uv":[9.5,15.25,11.625,16.0],"tintindex":0,"rotation":0,"texture":"#0"},"up":{"uv":[11.125,0.5,12.5,2.625],"tintindex":0,"rotation":0,"texture":"#0"}},"rotation":{"origin":[6.0,8.0,11.333334],"angle":45.0,"axis":"y"}},{"from":[6.5,9.0,6.333333],"to":[6.5,11.0,8.333333],"faces":{"east":{"uv":[7.75,12.25,7.0,11.5],"tintindex":0,"rotation":0,"texture":"#0"},"west":{"uv":[7.0,12.25,7.75,11.5],"tintindex":0,"rotation":0,"texture":"#0"}}},{"from":[18.333334,8.666667,13.0],"to":[23.666668,11.333334,15.666667],"faces":{"east":{"uv":[8.375,15.0,9.375,16.0],"tintindex":0,"rotation":0,"texture":"#0"},"north":{"uv":[9.5,15.0,11.5,16.0],"tintindex":0,"rotation":0,"texture":"#0"},"west":{"uv":[9.5,15.0,10.5,16.0],"tintindex":0,"rotation":0,"texture":"#0"},"up":{"uv":[9.875,0.375,10.875,2.375],"tintindex":0,"rotation":90,"texture":"#0"}},"rotation":{"origin":[16.666668,8.333333,12.666667],"angle":45.0,"axis":"y"}},{"from":[14.0,6.0,-3.0],"to":[17.0,10.333334,1.0],"faces":{"east":{"uv":[11.625,8.625,13.125,10.25],"tintindex":0,"rotation":0,"texture":"#0"},"north":{"uv":[8.375,0.375,9.5,2.0],"tintindex":0,"rotation":0,"texture":"#0"},"west":{"uv":[14.0,4.125,15.5,5.75],"tintindex":0,"rotation":0,"texture":"#0"},"up":{"uv":[13.125,6.75,14.25,8.25],"tintindex":0,"rotation":0,"texture":"#0"}}},{"from":[12.666667,9.223477,11.849166],"to":[21.666668,11.890144,14.182499],"faces":{"up":{"uv":[11.625,3.375,12.5,0.0],"tintindex":0,"rotation":90,"texture":"#0"}},"rotation":{"origin":[11.333334,9.223477,9.182499],"angle":22.5,"axis":"x"}},{"from":[22.566668,10.3,10.966667],"to":[22.566668,11.633333,14.966667],"faces":{"east":{"uv":[5.5,9.625,4.0,9.125],"tintindex":0,"rotation":0,"texture":"#0"},"west":{"uv":[4.0,9.625,5.5,9.125],"tintindex":0,"rotation":0,"texture":"#0"}},"rotation":{"origin":[22.900002,9.633333,14.633333],"angle":-45.0,"axis":"y"}},{"from":[8.484168,9.890143,1.0],"to":[11.484168,11.55681,14.0],"faces":{"up":{"uv":[14.125,5.5,15.25,10.375],"tintindex":0,"rotation":0,"texture":"#0"}},"rotation":{"origin":[13.484168,8.890143,0.33333302],"angle":22.5,"axis":"z"}},{"from":[12.666667,9.333333,0.6666665],"to":[20.333334,10.666667,3.0],"faces":{"south":{"uv":[9.125,13.125,9.625,16.0],"tintindex":0,"rotation":90,"texture":"#0"},"up":{"uv":[11.375,0.375,12.25,3.25],"tintindex":0,"rotation":90,"texture":"#0"}}},{"from":[11.333334,7.0,4.6666665],"to":[15.666667,9.333333,6.333333],"faces":{"south":{"uv":[10.0,8.125,11.625,9.0],"tintindex":0,"rotation":0,"texture":"#0"},"up":{"uv":[10.0,7.375,11.625,8.125],"tintindex":0,"rotation":0,"texture":"#0"}},"rotation":{"origin":[8.666667,8.0,1.0],"angle":22.5,"axis":"y"}},{"from":[15.333,7.7480316,13.694491],"to":[19.333668,10.082032,15.695158],"faces":{"east":{"uv":[11.75,5.5,12.5,6.375],"tintindex":0,"rotation":0,"texture":"#0"},"west":{"uv":[11.75,5.5,12.5,6.375],"tintindex":0,"rotation":0,"texture":"#0"},"up":{"uv":[12.5,5.0,13.25,6.5],"tintindex":0,"rotation":90,"texture":"#0"}}},{"from":[12.0,7.0,-0.666667],"to":[14.666667,10.666667,8.666667],"faces":{"east":{"uv":[14.5,8.875,15.875,5.375],"tintindex":0,"rotation":90,"texture":"#0"},"west":{"uv":[16.0,5.25,12.5,6.625],"tintindex":0,"rotation":0,"texture":"#0"},"up":{"uv":[10.0,0.5,11.0,4.0],"tintindex":0,"rotation":0,"texture":"#0"}},"rotation":{"origin":[9.333333,8.0,0.6666665],"angle":-22.5,"axis":"y"}},{"from":[15.666667,10.066667,-1.666667],"to":[19.666668,12.066668,-1.666667],"faces":{"south":{"uv":[7.875,5.875,6.375,5.125],"tintindex":0,"rotation":0,"texture":"#0"},"north":{"uv":[6.375,5.875,7.875,5.125],"tintindex":0,"rotation":0,"texture":"#0"}}},{"from":[6.4431896,5.063309,0.6666665],"to":[8.776523,7.729976,14.0],"faces":{"west":{"uv":[14.625,9.875,15.625,4.875],"tintindex":0,"rotation":90,"texture":"#0"}},"rotation":{"origin":[11.44319,5.063309,0.33333302],"angle":-22.5,"axis":"z"}},{"from":[26.0,7.0,0.33333302],"to":[28.333334,8.666667,3.0],"faces":{"east":{"uv":[6.875,11.625,5.875,12.25],"tintindex":0,"rotation":0,"texture":"#0"},"south":{"uv":[5.25,5.25,6.125,5.875],"tintindex":0,"rotation":0,"texture":"#0"},"north":{"uv":[4.25,5.25,5.125,5.875],"tintindex":0,"rotation":0,"texture":"#0"},"up":{"uv":[3.25,5.25,4.25,4.375],"tintindex":0,"rotation":90,"texture":"#0"}},"rotation":{"origin":[25.0,7.0,0.33333302],"angle":-22.5,"axis":"y"}},{"from":[5.0,7.0,10.333334],"to":[7.3333335,8.666667,13.0],"faces":{"south":{"uv":[4.25,5.25,5.125,5.875],"tintindex":0,"rotation":0,"texture":"#0"},"north":{"uv":[5.25,5.25,6.125,5.875],"tintindex":0,"rotation":0,"texture":"#0"},"west":{"uv":[6.875,11.625,5.875,12.25],"tintindex":0,"rotation":0,"texture":"#0"},"up":{"uv":[3.25,5.25,4.25,4.375],"tintindex":0,"rotation":270,"texture":"#0"}},"rotation":{"origin":[8.333333,7.0,13.0],"angle":-22.5,"axis":"y"}},{"from":[21.849167,9.223477,2.333333],"to":[24.515833,11.890144,11.333334],"faces":{"up":{"uv":[11.375,0.0,12.375,3.375],"tintindex":0,"rotation":0,"texture":"#0"}},"rotation":{"origin":[19.182499,9.223477,4.0],"angle":-22.5,"axis":"z"}},{"from":[14.0,10.133333,13.900001],"to":[18.0,12.133333,13.900001],"faces":{"south":{"uv":[7.875,5.875,6.375,5.125],"tintindex":0,"rotation":0,"texture":"#0"},"north":{"uv":[6.375,5.875,7.875,5.125],"tintindex":0,"rotation":0,"texture":"#0"}}},{"from":[13.666667,7.0,10.0],"to":[20.0,10.666667,12.666667],"faces":{"north":{"uv":[8.25,12.625,9.625,15.0],"tintindex":0,"rotation":90,"texture":"#0"},"up":{"uv":[11.0,2.625,12.0,0.25],"tintindex":0,"rotation":90,"texture":"#0"}}}],"display":{"gui":{"rotation":[30,225,0]}}}