{"textures":{"0":"modelengine:entity/grave_golem","2":"modelengine:entity/misc_decor"},"elements":[{"from":[15.0,8.5,3.5],"to":[23.0,12.5,8.5],"faces":{"east":{"uv":[9.625,12.5,10.875,13.5],"tintindex":0,"rotation":0,"texture":"#0"},"south":{"uv":[9.625,12.5,11.625,13.5],"tintindex":0,"rotation":0,"texture":"#0"},"north":{"uv":[9.625,12.5,11.625,13.5],"tintindex":0,"rotation":0,"texture":"#0"},"west":{"uv":[9.625,12.5,10.875,13.5],"tintindex":0,"rotation":0,"texture":"#0"},"up":{"uv":[9.625,12.5,11.625,13.75],"tintindex":0,"rotation":0,"texture":"#0"}},"rotation":{"origin":[15.5,9.5,8.0],"angle":22.5,"axis":"z"}},{"from":[13.0,6.5,0.5],"to":[26.5,11.5,11.0],"faces":{"up":{"uv":[11.625,7.625,15.0,10.25],"tintindex":0,"rotation":0,"texture":"#0"}}},{"from":[15.5,11.5,9.5],"to":[20.0,12.5,14.0],"faces":{"east":{"uv":[0.0,1.5,2.25,2.0],"tintindex":0,"rotation":0,"texture":"#2"},"south":{"uv":[0.0,1.5,2.25,2.0],"tintindex":0,"rotation":0,"texture":"#2"},"north":{"uv":[0.0,1.5,2.25,2.0],"tintindex":0,"rotation":0,"texture":"#2"},"west":{"uv":[0.0,1.5,2.25,2.0],"tintindex":0,"rotation":0,"texture":"#2"},"up":{"uv":[0.0,1.5,2.25,3.75],"tintindex":0,"rotation":0,"texture":"#2"}},"rotation":{"origin":[20.0,11.5,11.5],"angle":-45.0,"axis":"y"}},{"from":[17.0,11.5,0.0],"to":[21.5,14.0,3.5],"faces":{"east":{"uv":[0.0,6.5,1.5,7.75],"tintindex":0,"rotation":0,"texture":"#2"},"south":{"uv":[0.0,6.5,2.0,7.75],"tintindex":0,"rotation":0,"texture":"#2"},"north":{"uv":[0.0,6.5,2.0,7.75],"tintindex":0,"rotation":0,"texture":"#2"},"west":{"uv":[0.0,6.5,1.5,7.75],"tintindex":0,"rotation":0,"texture":"#2"},"up":{"uv":[0.0,6.5,2.0,8.0],"tintindex":0,"rotation":0,"texture":"#2"}}},{"from":[19.5,12.0,8.0],"to":[26.0,14.0,13.0],"faces":{"east":{"uv":[11.625,9.0,12.875,9.5],"tintindex":0,"rotation":0,"texture":"#0"},"south":{"uv":[11.625,9.0,13.25,9.5],"tintindex":0,"rotation":0,"texture":"#0"},"north":{"uv":[11.625,9.0,13.25,9.5],"tintindex":0,"rotation":0,"texture":"#0"},"up":{"uv":[11.625,9.0,13.25,10.25],"tintindex":0,"rotation":0,"texture":"#0"}},"rotation":{"origin":[24.5,11.5,10.0],"angle":-45.0,"axis":"y"}},{"from":[21.0,11.5,2.5],"to":[25.5,14.5,7.0],"faces":{"east":{"uv":[0.0,1.5,2.25,3.0],"tintindex":0,"rotation":0,"texture":"#2"},"south":{"uv":[0.0,1.5,2.25,3.0],"tintindex":0,"rotation":0,"texture":"#2"},"north":{"uv":[0.0,1.5,2.25,3.0],"tintindex":0,"rotation":0,"texture":"#2"},"west":{"uv":[0.0,1.5,2.25,3.0],"tintindex":0,"rotation":0,"texture":"#2"},"up":{"uv":[0.0,1.5,2.25,3.75],"tintindex":0,"rotation":0,"texture":"#2"}},"rotation":{"origin":[25.5,11.5,4.5],"angle":-22.5,"axis":"y"}}],"display":{"gui":{"rotation":[30,225,0]}}}