{"textures":{"0":"modelengine:entity/grave_golem"},"elements":[{"from":[7.515129,9.500334,17.895721],"to":[10.515129,10.500334,17.895721],"faces":{"south":{"uv":[5.75,7.25,6.125,8.375],"tintindex":0,"rotation":90,"texture":"#0"},"north":{"uv":[5.75,8.375,6.125,7.25],"tintindex":0,"rotation":90,"texture":"#0"}},"rotation":{"origin":[4.1817956,7.5003333,17.895721],"angle":22.5,"axis":"y"}},{"from":[19.566668,10.266666,11.333334],"to":[19.566668,11.933333,12.333334],"faces":{"east":{"uv":[6.125,7.75,5.75,8.375],"tintindex":0,"rotation":0,"texture":"#0"},"west":{"uv":[5.75,7.75,6.125,8.375],"tintindex":0,"rotation":0,"texture":"#0"}},"rotation":{"origin":[19.400002,7.9333334,10.666667],"angle":-22.5,"axis":"z"}},{"from":[14.333334,11.333334,4.833333],"to":[14.333334,13.0,5.5],"faces":{"east":{"uv":[6.5,7.5,6.25,8.125],"tintindex":0,"rotation":0,"texture":"#0"},"west":{"uv":[6.25,7.5,6.5,8.125],"tintindex":0,"rotation":0,"texture":"#0"}},"rotation":{"origin":[13.666667,8.333333,5.0],"angle":-22.5,"axis":"x"}},{"from":[14.0,8.0,17.333334],"to":[16.666668,10.0,19.666668],"faces":{"east":{"uv":[4.25,5.125,5.125,5.875],"tintindex":0,"rotation":0,"texture":"#0"},"south":{"uv":[6.875,11.5,5.875,12.25],"tintindex":0,"rotation":0,"texture":"#0"},"north":{"uv":[6.125,5.125,5.125,5.875],"tintindex":0,"rotation":0,"texture":"#0"},"west":{"uv":[5.25,5.125,6.125,5.875],"tintindex":0,"rotation":0,"texture":"#0"},"up":{"uv":[3.25,5.25,4.25,4.375],"tintindex":0,"rotation":180,"texture":"#0"}},"rotation":{"origin":[16.666668,8.0,16.333334],"angle":22.5,"axis":"y"}},{"from":[7.3333335,9.5,17.666668],"to":[11.0,9.5,19.0],"faces":{"up":{"uv":[8.875,2.875,9.375,4.25],"tintindex":0,"rotation":90,"texture":"#0"},"down":{"uv":[8.875,2.875,9.375,4.25],"tintindex":0,"rotation":90,"texture":"#0"}},"rotation":{"origin":[5.0,7.0,19.0],"angle":22.5,"axis":"y"}},{"from":[4.6666665,8.0,10.333334],"to":[7.3333335,9.666667,12.666667],"faces":{"east":{"uv":[2.625,3.125,3.25,4.0],"tintindex":0,"rotation":90,"texture":"#0"},"south":{"uv":[4.25,4.125,5.25,4.75],"tintindex":0,"rotation":0,"texture":"#0"},"north":{"uv":[6.25,3.25,7.25,3.875],"tintindex":0,"rotation":0,"texture":"#0"},"west":{"uv":[3.25,3.125,2.625,4.0],"tintindex":0,"rotation":90,"texture":"#0"},"up":{"uv":[3.125,3.125,4.125,4.0],"tintindex":0,"rotation":0,"texture":"#0"}},"rotation":{"origin":[4.6666665,8.0,11.0],"angle":22.5,"axis":"y"}},{"from":[13.333334,10.0,4.833333],"to":[14.333334,13.0,4.833333],"faces":{"south":{"uv":[6.125,7.25,5.75,8.375],"tintindex":0,"rotation":0,"texture":"#0"},"north":{"uv":[5.75,7.25,6.125,8.375],"tintindex":0,"rotation":0,"texture":"#0"}},"rotation":{"origin":[13.666667,8.333333,5.0],"angle":-22.5,"axis":"x"}},{"from":[9.666667,7.0,19.0],"to":[12.333334,8.666667,21.333334],"faces":{"east":{"uv":[6.125,5.25,5.25,5.875],"tintindex":0,"rotation":0,"texture":"#0"},"south":{"uv":[5.875,11.625,6.875,12.25],"tintindex":0,"rotation":0,"texture":"#0"},"north":{"uv":[5.125,5.25,6.125,5.875],"tintindex":0,"rotation":0,"texture":"#0"},"west":{"uv":[4.25,5.25,5.125,5.875],"tintindex":0,"rotation":0,"texture":"#0"},"up":{"uv":[3.25,4.375,4.25,5.25],"tintindex":0,"rotation":0,"texture":"#0"}}},{"from":[22.333334,6.7,13.0],"to":[24.666668,8.366667,15.666667],"faces":{"east":{"uv":[6.875,11.625,5.875,12.25],"tintindex":0,"rotation":0,"texture":"#0"},"south":{"uv":[5.25,5.25,6.125,5.875],"tintindex":0,"rotation":0,"texture":"#0"},"north":{"uv":[4.25,5.25,5.125,5.875],"tintindex":0,"rotation":0,"texture":"#0"},"west":{"uv":[6.125,5.25,5.125,5.875],"tintindex":0,"rotation":0,"texture":"#0"},"up":{"uv":[3.25,5.25,4.25,4.375],"tintindex":0,"rotation":90,"texture":"#0"}},"rotation":{"origin":[21.333334,6.7,13.0],"angle":-22.5,"axis":"y"}},{"from":[21.333334,6.6666665,7.0],"to":[23.666668,8.333333,9.666667],"faces":{"east":{"uv":[6.875,11.625,5.875,12.25],"tintindex":0,"rotation":0,"texture":"#0"},"south":{"uv":[5.25,5.25,6.125,5.875],"tintindex":0,"rotation":0,"texture":"#0"},"north":{"uv":[4.25,5.25,5.125,5.875],"tintindex":0,"rotation":0,"texture":"#0"},"west":{"uv":[6.125,5.25,5.125,5.875],"tintindex":0,"rotation":0,"texture":"#0"},"up":{"uv":[3.25,5.25,4.25,4.375],"tintindex":0,"rotation":90,"texture":"#0"}}},{"from":[19.566668,10.933333,14.333334],"to":[19.900002,11.933333,14.333334],"faces":{"south":{"uv":[8.875,4.25,9.0,3.875],"tintindex":0,"rotation":0,"texture":"#0"},"north":{"uv":[8.875,4.25,9.0,3.875],"tintindex":0,"rotation":0,"texture":"#0"}},"rotation":{"origin":[19.400002,7.9333334,13.666667],"angle":-22.5,"axis":"z"}},{"from":[19.066668,8.6,12.333334],"to":[20.066668,11.933333,13.333334],"faces":{"east":{"uv":[7.875,10.75,8.25,9.5],"tintindex":0,"rotation":0,"texture":"#0"},"south":{"uv":[7.875,10.75,8.25,9.5],"tintindex":0,"rotation":0,"texture":"#0"},"north":{"uv":[7.875,10.75,8.25,9.5],"tintindex":0,"rotation":0,"texture":"#0"},"west":{"uv":[7.875,10.75,8.25,9.5],"tintindex":0,"rotation":0,"texture":"#0"},"up":{"uv":[5.75,6.75,6.125,7.125],"tintindex":0,"rotation":0,"texture":"#0"}},"rotation":{"origin":[19.400002,7.9333334,12.666667],"angle":-22.5,"axis":"z"}},{"from":[6.0666666,8.333333,10.0],"to":[7.066667,9.333333,11.0],"faces":{"east":{"uv":[7.875,10.375,8.25,10.75],"tintindex":0,"rotation":90,"texture":"#0"},"south":{"uv":[4.25,4.125,4.625,4.5],"tintindex":0,"rotation":0,"texture":"#0"},"north":{"uv":[5.75,6.75,6.125,7.125],"tintindex":0,"rotation":0,"texture":"#0"},"west":{"uv":[8.25,11.125,7.875,11.5],"tintindex":0,"rotation":90,"texture":"#0"},"up":{"uv":[7.875,10.75,8.25,11.125],"tintindex":0,"rotation":0,"texture":"#0"}},"rotation":{"origin":[5.0666666,7.6666665,11.666667],"angle":45.0,"axis":"y"}},{"from":[19.333334,8.066667,5.0],"to":[20.333334,9.4,6.0],"faces":{"east":{"uv":[5.0,5.375,4.625,5.875],"tintindex":0,"rotation":0,"texture":"#0"},"south":{"uv":[5.125,3.25,5.625,2.875],"tintindex":0,"rotation":90,"texture":"#0"},"north":{"uv":[3.75,4.875,4.25,4.5],"tintindex":0,"rotation":90,"texture":"#0"},"west":{"uv":[3.75,4.625,3.375,5.125],"tintindex":0,"rotation":0,"texture":"#0"},"up":{"uv":[2.625,4.75,2.25,5.125],"tintindex":0,"rotation":90,"texture":"#0"}},"rotation":{"origin":[15.333334,8.066667,6.0],"angle":45.0,"axis":"y"}},{"from":[9.515129,9.500334,21.56239],"to":[10.515129,10.500334,21.56239],"faces":{"south":{"uv":[5.75,8.125,6.125,7.75],"tintindex":0,"rotation":90,"texture":"#0"},"north":{"uv":[5.75,7.75,6.125,8.125],"tintindex":0,"rotation":90,"texture":"#0"}},"rotation":{"origin":[4.1817956,7.5003333,17.895721],"angle":22.5,"axis":"y"}},{"from":[7.3333335,9.0,19.0],"to":[11.333334,10.0,20.0],"faces":{"east":{"uv":[5.125,6.75,5.5,7.125],"tintindex":0,"rotation":0,"texture":"#0"},"south":{"uv":[7.875,10.0,8.25,11.5],"tintindex":0,"rotation":90,"texture":"#0"},"north":{"uv":[7.875,11.5,8.25,10.0],"tintindex":0,"rotation":90,"texture":"#0"},"west":{"uv":[5.75,6.75,6.125,7.125],"tintindex":0,"rotation":0,"texture":"#0"},"up":{"uv":[7.875,10.0,8.25,11.5],"tintindex":0,"rotation":90,"texture":"#0"}},"rotation":{"origin":[5.0,7.0,19.0],"angle":22.5,"axis":"y"}},{"from":[15.0,8.066667,5.0],"to":[19.333334,9.066667,6.0],"faces":{"east":{"uv":[0.375,0.0,0.0,0.375],"tintindex":0,"rotation":0,"texture":"#0"},"south":{"uv":[2.25,4.5,2.625,2.875],"tintindex":0,"rotation":90,"texture":"#0"},"north":{"uv":[1.875,4.5,2.25,2.875],"tintindex":0,"rotation":90,"texture":"#0"},"west":{"uv":[4.5,3.625,4.125,4.0],"tintindex":0,"rotation":0,"texture":"#0"},"up":{"uv":[2.625,3.625,2.25,5.25],"tintindex":0,"rotation":90,"texture":"#0"}},"rotation":{"origin":[15.333334,8.066667,6.0],"angle":45.0,"axis":"y"}},{"from":[17.666668,5.0,1.0],"to":[20.333334,6.6666665,3.333333],"faces":{"east":{"uv":[5.25,5.25,6.125,5.875],"tintindex":0,"rotation":0,"texture":"#0"},"south":{"uv":[6.125,5.25,5.125,5.875],"tintindex":0,"rotation":0,"texture":"#0"},"north":{"uv":[6.875,11.625,5.875,12.25],"tintindex":0,"rotation":0,"texture":"#0"},"west":{"uv":[4.25,5.25,5.125,5.875],"tintindex":0,"rotation":0,"texture":"#0"},"up":{"uv":[3.25,5.25,4.25,4.375],"tintindex":0,"rotation":0,"texture":"#0"}}},{"from":[12.333334,8.333333,4.333333],"to":[13.333334,13.0,5.333333],"faces":{"east":{"uv":[7.875,11.25,8.25,9.5],"tintindex":0,"rotation":0,"texture":"#0"},"south":{"uv":[7.875,11.25,8.25,9.5],"tintindex":0,"rotation":0,"texture":"#0"},"north":{"uv":[7.875,11.25,8.25,9.5],"tintindex":0,"rotation":0,"texture":"#0"},"west":{"uv":[7.875,11.25,8.25,9.5],"tintindex":0,"rotation":0,"texture":"#0"},"up":{"uv":[5.125,6.75,5.5,7.125],"tintindex":0,"rotation":270,"texture":"#0"}},"rotation":{"origin":[12.666667,8.333333,5.0],"angle":-22.5,"axis":"x"}},{"from":[15.666667,6.6666665,19.333334],"to":[18.333334,8.333333,21.666668],"faces":{"east":{"uv":[4.25,5.25,5.125,5.875],"tintindex":0,"rotation":0,"texture":"#0"},"south":{"uv":[6.875,11.625,5.875,12.25],"tintindex":0,"rotation":0,"texture":"#0"},"north":{"uv":[6.125,5.25,5.125,5.875],"tintindex":0,"rotation":0,"texture":"#0"},"west":{"uv":[5.25,5.25,6.125,5.875],"tintindex":0,"rotation":0,"texture":"#0"},"up":{"uv":[3.25,5.25,4.25,4.375],"tintindex":0,"rotation":180,"texture":"#0"}}},{"from":[3.6666665,6.6666665,13.666667],"to":[6.0,8.333333,16.333334],"faces":{"east":{"uv":[6.125,5.25,5.125,5.875],"tintindex":0,"rotation":0,"texture":"#0"},"south":{"uv":[4.25,5.25,5.125,5.875],"tintindex":0,"rotation":0,"texture":"#0"},"north":{"uv":[5.25,5.25,6.125,5.875],"tintindex":0,"rotation":0,"texture":"#0"},"west":{"uv":[6.875,11.625,5.875,12.25],"tintindex":0,"rotation":0,"texture":"#0"},"up":{"uv":[3.25,5.25,4.25,4.375],"tintindex":0,"rotation":270,"texture":"#0"}}},{"from":[11.333334,10.666667,4.833333],"to":[12.333334,13.0,4.833333],"faces":{"south":{"uv":[5.75,7.25,6.125,8.125],"tintindex":0,"rotation":0,"texture":"#0"},"north":{"uv":[6.125,7.25,5.75,8.125],"tintindex":0,"rotation":0,"texture":"#0"}},"rotation":{"origin":[11.666667,8.333333,5.0],"angle":-22.5,"axis":"x"}},{"from":[19.566668,10.266666,13.333334],"to":[19.566668,11.933333,14.333334],"faces":{"east":{"uv":[8.875,3.0,9.25,2.375],"tintindex":0,"rotation":0,"texture":"#0"},"west":{"uv":[8.875,3.0,9.25,2.375],"tintindex":0,"rotation":0,"texture":"#0"}},"rotation":{"origin":[19.400002,7.9333334,12.666667],"angle":-22.5,"axis":"z"}},{"from":[11.333334,11.333334,4.833333],"to":[11.333334,13.0,5.5],"faces":{"east":{"uv":[6.5,7.5,6.25,8.125],"tintindex":0,"rotation":0,"texture":"#0"},"west":{"uv":[6.25,7.5,6.5,8.125],"tintindex":0,"rotation":0,"texture":"#0"}},"rotation":{"origin":[10.666667,8.333333,5.0],"angle":-22.5,"axis":"x"}},{"from":[4.6666665,8.4,10.333334],"to":[5.333333,9.4,13.333334],"faces":{"east":{"uv":[1.75,5.5,2.125,4.375],"tintindex":0,"rotation":90,"texture":"#0"},"south":{"uv":[1.75,3.125,2.125,2.875],"tintindex":0,"rotation":90,"texture":"#0"},"north":{"uv":[2.25,3.5,2.625,3.25],"tintindex":0,"rotation":90,"texture":"#0"},"west":{"uv":[3.875,5.25,4.25,4.125],"tintindex":0,"rotation":90,"texture":"#0"},"up":{"uv":[2.5,3.625,2.25,4.75],"tintindex":0,"rotation":90,"texture":"#0"}},"rotation":{"origin":[5.0,8.4,10.333334],"angle":22.5,"axis":"x"}},{"from":[9.333333,9.5,20.0],"to":[11.0,9.5,21.333334],"faces":{"up":{"uv":[8.875,2.875,9.375,3.5],"tintindex":0,"rotation":90,"texture":"#0"},"down":{"uv":[8.875,2.875,9.375,3.5],"tintindex":0,"rotation":90,"texture":"#0"}},"rotation":{"origin":[5.0,7.0,19.0],"angle":22.5,"axis":"y"}}],"display":{"gui":{"rotation":[30,225,0]}}}