{"textures":{"0":"modelengine:entity/grave_golem","2":"modelengine:entity/misc_decor"},"elements":[{"from":[11.0,8.5,26.5],"to":[14.0,8.5,29.5],"faces":{"up":{"uv":[4.0,9.5,5.5,11.0],"tintindex":0,"rotation":0,"texture":"#2"},"down":{"uv":[4.0,11.0,5.5,9.5],"tintindex":0,"rotation":0,"texture":"#2"}},"rotation":{"origin":[12.5,6.5,28.0],"angle":-22.5,"axis":"y"}},{"from":[26.75,10.5,7.75],"to":[26.75,17.5,12.25],"faces":{"east":{"uv":[13.875,0.5,15.0,2.25],"tintindex":0,"rotation":0,"texture":"#0"},"west":{"uv":[15.0,0.5,13.875,2.25],"tintindex":0,"rotation":0,"texture":"#0"}}},{"from":[22.25,16.0,5.25],"to":[24.75,18.5,7.75],"faces":{"east":{"uv":[12.5,3.125,13.125,2.5],"tintindex":0,"rotation":90,"texture":"#0"},"south":{"uv":[12.5,3.125,13.125,2.5],"tintindex":0,"rotation":90,"texture":"#0"},"north":{"uv":[12.5,3.125,13.125,2.5],"tintindex":0,"rotation":90,"texture":"#0"},"west":{"uv":[12.5,3.125,13.125,2.5],"tintindex":0,"rotation":90,"texture":"#0"},"up":{"uv":[13.625,2.625,13.125,3.125],"tintindex":0,"rotation":0,"texture":"#0"},"down":{"uv":[13.125,2.625,13.625,3.125],"tintindex":0,"rotation":0,"texture":"#0"}},"rotation":{"origin":[23.0,8.5,6.0],"angle":-22.5,"axis":"z"}},{"from":[6.0,12.5,6.0],"to":[10.0,13.5,10.0],"faces":{"east":{"uv":[2.5,13.5,3.0,15.5],"tintindex":0,"rotation":90,"texture":"#2"},"south":{"uv":[0.5,15.5,2.5,16.0],"tintindex":0,"rotation":0,"texture":"#2"},"north":{"uv":[0.5,13.0,2.5,13.5],"tintindex":0,"rotation":0,"texture":"#2"},"west":{"uv":[0.0,13.5,0.5,15.5],"tintindex":0,"rotation":90,"texture":"#2"},"up":{"uv":[0.5,13.5,2.5,15.5],"tintindex":0,"rotation":0,"texture":"#2"},"down":{"uv":[4.25,13.75,6.25,15.75],"tintindex":0,"rotation":0,"texture":"#2"}}},{"from":[27.5,11.0,14.0],"to":[31.5,12.0,18.0],"faces":{"east":{"uv":[2.5,13.5,3.0,15.5],"tintindex":0,"rotation":90,"texture":"#2"},"south":{"uv":[0.5,15.5,2.5,16.0],"tintindex":0,"rotation":0,"texture":"#2"},"north":{"uv":[0.5,13.0,2.5,13.5],"tintindex":0,"rotation":0,"texture":"#2"},"west":{"uv":[0.0,13.5,0.5,15.5],"tintindex":0,"rotation":90,"texture":"#2"},"up":{"uv":[0.5,13.5,2.5,15.5],"tintindex":0,"rotation":0,"texture":"#2"},"down":{"uv":[4.25,13.75,6.25,15.75],"tintindex":0,"rotation":0,"texture":"#2"}},"rotation":{"origin":[29.5,11.0,16.0],"angle":-22.5,"axis":"y"}},{"from":[11.0,10.5,26.5],"to":[14.0,11.0,29.5],"faces":{"east":{"uv":[2.5,10.5,2.75,12.0],"tintindex":0,"rotation":90,"texture":"#2"},"south":{"uv":[0.5,12.5,2.0,12.75],"tintindex":0,"rotation":0,"texture":"#2"},"north":{"uv":[0.5,10.0,2.0,10.25],"tintindex":0,"rotation":0,"texture":"#2"},"west":{"uv":[0.0,10.5,0.25,12.0],"tintindex":0,"rotation":90,"texture":"#2"},"up":{"uv":[0.5,10.5,2.0,12.0],"tintindex":0,"rotation":0,"texture":"#2"}},"rotation":{"origin":[12.5,10.0,28.0],"angle":-22.5,"axis":"y"}},{"from":[12.0,6.5,27.5],"to":[13.0,9.5,28.5],"faces":{"east":{"uv":[3.0,10.0,3.5,11.5],"tintindex":0,"rotation":0,"texture":"#2"},"south":{"uv":[3.0,10.0,3.5,11.5],"tintindex":0,"rotation":0,"texture":"#2"},"north":{"uv":[3.0,10.0,3.5,11.5],"tintindex":0,"rotation":0,"texture":"#2"},"west":{"uv":[3.0,10.0,3.5,11.5],"tintindex":0,"rotation":0,"texture":"#2"}},"rotation":{"origin":[12.5,6.5,28.0],"angle":-22.5,"axis":"y"}},{"from":[22.5,9.0,5.5],"to":[24.5,16.0,7.5],"faces":{"east":{"uv":[16.0,2.25,15.5,4.0],"tintindex":0,"rotation":0,"texture":"#0"},"south":{"uv":[16.0,2.25,15.5,4.0],"tintindex":0,"rotation":0,"texture":"#0"},"north":{"uv":[16.0,2.25,15.5,4.0],"tintindex":0,"rotation":0,"texture":"#0"},"west":{"uv":[16.0,2.25,15.5,4.0],"tintindex":0,"rotation":0,"texture":"#0"},"up":{"uv":[16.0,0.0,15.5,0.5],"tintindex":0,"rotation":0,"texture":"#0"}},"rotation":{"origin":[23.0,8.5,6.0],"angle":-22.5,"axis":"z"}},{"from":[7.5,9.5,7.5],"to":[8.5,12.5,8.5],"faces":{"east":{"uv":[3.0,13.5,3.5,15.0],"tintindex":0,"rotation":0,"texture":"#2"},"south":{"uv":[3.0,13.5,3.5,15.0],"tintindex":0,"rotation":0,"texture":"#2"},"north":{"uv":[3.0,13.5,3.5,15.0],"tintindex":0,"rotation":0,"texture":"#2"},"west":{"uv":[3.0,13.5,3.5,15.0],"tintindex":0,"rotation":0,"texture":"#2"}}},{"from":[29.0,8.5,15.5],"to":[30.0,11.0,16.5],"faces":{"east":{"uv":[3.0,13.5,3.5,14.75],"tintindex":0,"rotation":0,"texture":"#2"},"south":{"uv":[3.0,13.5,3.5,14.75],"tintindex":0,"rotation":0,"texture":"#2"},"north":{"uv":[3.0,13.5,3.5,14.75],"tintindex":0,"rotation":0,"texture":"#2"},"west":{"uv":[3.0,13.5,3.5,14.75],"tintindex":0,"rotation":0,"texture":"#2"}},"rotation":{"origin":[29.5,8.0,16.0],"angle":-22.5,"axis":"y"}},{"from":[7.5,8.5,13.5],"to":[9.5,19.0,15.5],"faces":{"east":{"uv":[15.5,1.375,16.0,4.0],"tintindex":0,"rotation":0,"texture":"#0"},"south":{"uv":[15.5,1.375,16.0,4.0],"tintindex":0,"rotation":0,"texture":"#0"},"north":{"uv":[15.5,1.375,16.0,4.0],"tintindex":0,"rotation":0,"texture":"#0"},"west":{"uv":[15.5,1.375,16.0,4.0],"tintindex":0,"rotation":0,"texture":"#0"},"up":{"uv":[15.5,0.0,16.0,0.5],"tintindex":0,"rotation":0,"texture":"#0"}},"rotation":{"origin":[9.0,8.0,14.0],"angle":22.5,"axis":"z"}},{"from":[10.5,9.5,26.0],"to":[14.5,10.5,30.0],"faces":{"east":{"uv":[2.5,10.5,3.0,12.5],"tintindex":0,"rotation":90,"texture":"#2"},"south":{"uv":[0.5,12.5,2.5,13.0],"tintindex":0,"rotation":0,"texture":"#2"},"north":{"uv":[0.5,10.0,2.5,10.5],"tintindex":0,"rotation":0,"texture":"#2"},"west":{"uv":[0.0,10.5,0.5,12.5],"tintindex":0,"rotation":90,"texture":"#2"},"up":{"uv":[0.5,10.5,2.5,12.5],"tintindex":0,"rotation":0,"texture":"#2"},"down":{"uv":[4.25,11.25,6.25,13.25],"tintindex":0,"rotation":0,"texture":"#2"}},"rotation":{"origin":[12.5,9.5,28.0],"angle":-22.5,"axis":"y"}}],"display":{"gui":{"rotation":[30,225,0]}}}