{"textures":{"0":"modelengine:entity/grave_golem"},"elements":[{"from":[6.25,13.5,13.0],"to":[7.25,16.0,13.0],"faces":{"south":{"uv":[6.5,7.5,6.25,8.125],"tintindex":0,"rotation":0,"texture":"#0"},"north":{"uv":[6.25,7.5,6.5,8.125],"tintindex":0,"rotation":0,"texture":"#0"}},"rotation":{"origin":[7.0,9.0,12.0],"angle":22.5,"axis":"z"}},{"from":[3.0,8.0,8.0],"to":[6.5,10.5,12.0],"faces":{"east":{"uv":[5.125,5.25,6.125,5.875],"tintindex":0,"rotation":0,"texture":"#0"},"south":{"uv":[6.125,5.25,5.25,5.875],"tintindex":0,"rotation":0,"texture":"#0"},"north":{"uv":[5.125,5.25,4.25,5.875],"tintindex":0,"rotation":0,"texture":"#0"},"west":{"uv":[5.875,11.625,6.875,12.25],"tintindex":0,"rotation":0,"texture":"#0"},"up":{"uv":[3.25,4.375,4.25,5.25],"tintindex":0,"rotation":90,"texture":"#0"}},"rotation":{"origin":[8.0,8.0,8.0],"angle":22.5,"axis":"y"}},{"from":[20.0,9.0,7.0],"to":[26.0,10.5,8.5],"faces":{"east":{"uv":[5.125,6.75,5.5,7.125],"tintindex":0,"rotation":0,"texture":"#0"},"south":{"uv":[7.875,10.0,8.25,11.5],"tintindex":0,"rotation":90,"texture":"#0"},"north":{"uv":[7.875,11.5,8.25,10.0],"tintindex":0,"rotation":90,"texture":"#0"},"west":{"uv":[5.75,6.75,6.125,7.125],"tintindex":0,"rotation":0,"texture":"#0"},"up":{"uv":[7.875,10.0,8.25,11.5],"tintindex":0,"rotation":90,"texture":"#0"}},"rotation":{"origin":[16.5,6.0,7.0],"angle":22.5,"axis":"y"}},{"from":[7.25,12.5,13.0],"to":[7.25,16.0,14.5],"faces":{"east":{"uv":[6.125,7.25,5.75,8.125],"tintindex":0,"rotation":0,"texture":"#0"},"west":{"uv":[5.75,7.25,6.125,8.125],"tintindex":0,"rotation":0,"texture":"#0"}},"rotation":{"origin":[7.0,9.0,13.5],"angle":22.5,"axis":"z"}},{"from":[23.272694,9.7505,10.843582],"to":[24.772694,11.2505,10.843582],"faces":{"south":{"uv":[5.75,8.125,6.125,7.75],"tintindex":0,"rotation":90,"texture":"#0"},"north":{"uv":[5.75,7.75,6.125,8.125],"tintindex":0,"rotation":90,"texture":"#0"}},"rotation":{"origin":[15.272694,6.7504997,5.343583],"angle":22.5,"axis":"y"}},{"from":[6.5,9.0,14.5],"to":[8.0,16.0,16.0],"faces":{"east":{"uv":[7.875,11.25,8.25,9.5],"tintindex":0,"rotation":0,"texture":"#0"},"south":{"uv":[7.875,11.25,8.25,9.5],"tintindex":0,"rotation":0,"texture":"#0"},"north":{"uv":[7.875,11.25,8.25,9.5],"tintindex":0,"rotation":0,"texture":"#0"},"west":{"uv":[7.875,11.25,8.25,9.5],"tintindex":0,"rotation":0,"texture":"#0"},"up":{"uv":[5.125,6.75,5.5,7.125],"tintindex":0,"rotation":0,"texture":"#0"}},"rotation":{"origin":[7.0,9.0,15.0],"angle":22.5,"axis":"z"}},{"from":[25.35,11.4,16.0],"to":[25.35,13.9,17.5],"faces":{"east":{"uv":[8.875,3.0,9.25,2.375],"tintindex":0,"rotation":0,"texture":"#0"},"west":{"uv":[8.875,3.0,9.25,2.375],"tintindex":0,"rotation":0,"texture":"#0"}},"rotation":{"origin":[25.1,7.9,15.0],"angle":-22.5,"axis":"z"}},{"from":[7.25,11.5,16.0],"to":[7.25,16.0,17.5],"faces":{"east":{"uv":[5.75,7.25,6.125,8.375],"tintindex":0,"rotation":0,"texture":"#0"},"west":{"uv":[6.125,7.25,5.75,8.375],"tintindex":0,"rotation":0,"texture":"#0"}},"rotation":{"origin":[7.0,9.0,16.5],"angle":22.5,"axis":"z"}},{"from":[23.0,7.6,20.5],"to":[24.5,9.6,22.0],"faces":{"east":{"uv":[4.625,5.375,5.0,5.875],"tintindex":0,"rotation":0,"texture":"#0"},"south":{"uv":[3.75,4.5,4.25,4.875],"tintindex":0,"rotation":90,"texture":"#0"},"north":{"uv":[5.125,2.875,5.625,3.25],"tintindex":0,"rotation":90,"texture":"#0"},"west":{"uv":[3.375,4.625,3.75,5.125],"tintindex":0,"rotation":0,"texture":"#0"},"up":{"uv":[2.25,4.75,2.625,5.125],"tintindex":0,"rotation":90,"texture":"#0"}},"rotation":{"origin":[17.0,7.6,20.5],"angle":-45.0,"axis":"y"}},{"from":[25.35,12.4,17.5],"to":[25.85,13.9,17.5],"faces":{"south":{"uv":[8.875,4.25,9.0,3.875],"tintindex":0,"rotation":0,"texture":"#0"},"north":{"uv":[8.875,4.25,9.0,3.875],"tintindex":0,"rotation":0,"texture":"#0"}},"rotation":{"origin":[25.1,7.9,16.5],"angle":-22.5,"axis":"z"}},{"from":[20.272694,9.7505,5.343583],"to":[24.772694,11.2505,5.343583],"faces":{"south":{"uv":[5.75,7.25,6.125,8.375],"tintindex":0,"rotation":90,"texture":"#0"},"north":{"uv":[5.75,8.375,6.125,7.25],"tintindex":0,"rotation":90,"texture":"#0"}},"rotation":{"origin":[15.272694,6.7504997,5.343583],"angle":22.5,"axis":"y"}},{"from":[24.6,8.9,14.5],"to":[26.1,13.9,16.0],"faces":{"east":{"uv":[7.875,10.75,8.25,9.5],"tintindex":0,"rotation":0,"texture":"#0"},"south":{"uv":[7.875,10.75,8.25,9.5],"tintindex":0,"rotation":0,"texture":"#0"},"north":{"uv":[7.875,10.75,8.25,9.5],"tintindex":0,"rotation":0,"texture":"#0"},"west":{"uv":[7.875,10.75,8.25,9.5],"tintindex":0,"rotation":0,"texture":"#0"},"up":{"uv":[5.75,6.75,6.125,7.125],"tintindex":0,"rotation":0,"texture":"#0"}},"rotation":{"origin":[25.1,7.9,15.0],"angle":-22.5,"axis":"z"}},{"from":[25.35,11.4,13.0],"to":[25.35,13.9,14.5],"faces":{"east":{"uv":[6.125,7.75,5.75,8.375],"tintindex":0,"rotation":0,"texture":"#0"},"west":{"uv":[5.75,7.75,6.125,8.375],"tintindex":0,"rotation":0,"texture":"#0"}},"rotation":{"origin":[25.1,7.9,12.0],"angle":-22.5,"axis":"z"}},{"from":[6.25,13.5,17.5],"to":[7.25,16.0,17.5],"faces":{"south":{"uv":[6.5,7.5,6.25,8.125],"tintindex":0,"rotation":0,"texture":"#0"},"north":{"uv":[6.25,7.5,6.5,8.125],"tintindex":0,"rotation":0,"texture":"#0"}},"rotation":{"origin":[7.0,9.0,16.5],"angle":22.5,"axis":"z"}},{"from":[20.0,9.75,5.0],"to":[25.5,9.75,7.0],"faces":{"up":{"uv":[8.875,2.875,9.375,4.25],"tintindex":0,"rotation":90,"texture":"#0"},"down":{"uv":[8.875,2.875,9.375,4.25],"tintindex":0,"rotation":90,"texture":"#0"}},"rotation":{"origin":[16.5,6.0,7.0],"angle":22.5,"axis":"y"}},{"from":[19.0,7.6,20.5],"to":[23.0,9.1,22.0],"faces":{"east":{"uv":[0.0,0.0,0.375,0.375],"tintindex":0,"rotation":0,"texture":"#0"},"south":{"uv":[1.875,2.875,2.25,3.875],"tintindex":0,"rotation":90,"texture":"#0"},"north":{"uv":[2.25,2.875,2.625,3.875],"tintindex":0,"rotation":90,"texture":"#0"},"west":{"uv":[4.125,3.625,4.5,4.0],"tintindex":0,"rotation":0,"texture":"#0"},"up":{"uv":[2.25,3.625,2.625,4.625],"tintindex":0,"rotation":90,"texture":"#0"}},"rotation":{"origin":[17.0,7.6,20.5],"angle":-45.0,"axis":"y"}},{"from":[23.0,9.75,8.5],"to":[25.5,9.75,10.5],"faces":{"up":{"uv":[8.875,2.875,9.375,3.5],"tintindex":0,"rotation":90,"texture":"#0"},"down":{"uv":[8.875,2.875,9.375,3.5],"tintindex":0,"rotation":90,"texture":"#0"}},"rotation":{"origin":[16.5,6.0,7.0],"angle":22.5,"axis":"y"}},{"from":[10.5,6.5,24.5],"to":[14.5,9.0,28.0],"faces":{"east":{"uv":[6.125,5.25,5.25,5.875],"tintindex":0,"rotation":0,"texture":"#0"},"south":{"uv":[5.875,11.625,6.875,12.25],"tintindex":0,"rotation":0,"texture":"#0"},"north":{"uv":[5.125,5.25,6.125,5.875],"tintindex":0,"rotation":0,"texture":"#0"},"west":{"uv":[4.25,5.25,5.125,5.875],"tintindex":0,"rotation":0,"texture":"#0"},"up":{"uv":[3.25,4.375,4.25,5.25],"tintindex":0,"rotation":0,"texture":"#0"}}}],"display":{"gui":{"rotation":[30,225,0]}}}