{"textures":{"0":"modelengine:entity/grave_golem"},"elements":[{"from":[5.5251265,8.161663,-11.243362],"to":[12.525126,12.161663,-8.243362],"faces":{"east":{"uv":[7.125,0.5,7.875,1.5],"tintindex":0,"rotation":0,"texture":"#0"},"north":{"uv":[8.125,0.5,9.875,1.5],"tintindex":0,"rotation":0,"texture":"#0"},"west":{"uv":[6.25,0.5,7.0,1.5],"tintindex":0,"rotation":0,"texture":"#0"}},"rotation":{"origin":[0.025126457,8.661663,-12.243362],"angle":22.5,"axis":"x"}},{"from":[16.56632,10.646509,3.863461],"to":[23.06732,15.64751,11.864462],"faces":{"south":{"uv":[10.0,12.625,11.625,13.875],"tintindex":0,"rotation":0,"texture":"#0"},"north":{"uv":[10.0,12.625,11.625,13.875],"tintindex":0,"rotation":0,"texture":"#0"},"up":{"uv":[11.375,8.375,13.375,6.75],"tintindex":0,"rotation":90,"texture":"#0"}},"rotation":{"origin":[14.832187,9.299251,3.3639612],"angle":-22.5,"axis":"z"}},{"from":[-9.246794,11.636547,3.2781744],"to":[-5.2467947,17.136547,12.278174],"faces":{"south":{"uv":[7.0,0.5,8.0,1.875],"tintindex":0,"rotation":0,"texture":"#0"},"north":{"uv":[6.5,0.5,7.5,1.875],"tintindex":0,"rotation":0,"texture":"#0"},"west":{"uv":[7.5,0.375,9.75,1.75],"tintindex":0,"rotation":0,"texture":"#0"}},"rotation":{"origin":[-19.746794,13.636547,-0.7218256],"angle":-22.5,"axis":"z"}},{"from":[24.925184,4.844494,3.8639612],"to":[27.925184,9.344494,11.863961],"faces":{"east":{"uv":[9.625,14.875,11.625,16.0],"tintindex":0,"rotation":0,"texture":"#0"},"south":{"uv":[8.0,14.875,8.75,16.0],"tintindex":0,"rotation":0,"texture":"#0"},"north":{"uv":[8.875,14.875,9.625,16.0],"tintindex":0,"rotation":0,"texture":"#0"}},"rotation":{"origin":[19.690552,2.996735,3.3639612],"angle":22.5,"axis":"z"}},{"from":[-6.5690107,4.0991955,3.2771745],"to":[-3.5670109,9.101195,12.279175],"faces":{"east":{"uv":[11.625,7.5,13.875,8.75],"tintindex":0,"rotation":0,"texture":"#0"},"south":{"uv":[11.625,7.5,12.375,8.75],"tintindex":0,"rotation":0,"texture":"#0"},"north":{"uv":[11.625,7.5,12.375,8.75],"tintindex":0,"rotation":0,"texture":"#0"},"west":{"uv":[11.625,7.5,13.875,8.75],"tintindex":0,"rotation":0,"texture":"#0"},"up":{"uv":[11.625,5.375,13.875,6.125],"tintindex":0,"rotation":90,"texture":"#0"}},"rotation":{"origin":[-17.06801,5.6001954,-0.7218256],"angle":22.5,"axis":"z"}},{"from":[5.025126,4.429125,24.072922],"to":[12.5251255,10.929125,27.072922],"faces":{"east":{"uv":[6.25,0.375,7.0,2.0],"tintindex":0,"rotation":0,"texture":"#0"},"south":{"uv":[7.75,0.25,9.625,1.875],"tintindex":0,"rotation":0,"texture":"#0"},"west":{"uv":[7.125,0.25,7.875,1.875],"tintindex":0,"rotation":0,"texture":"#0"}},"rotation":{"origin":[3.732233,5.8550997,20.539051],"angle":-22.5,"axis":"x"}},{"from":[5.524126,6.895296,-8.565578],"to":[12.526127,11.397295,-2.0635777],"faces":{"east":{"uv":[8.0,14.875,9.625,16.0],"tintindex":0,"rotation":0,"texture":"#0"},"west":{"uv":[7.875,14.875,9.5,16.0],"tintindex":0,"rotation":0,"texture":"#0"},"up":{"uv":[14.125,6.375,15.875,8.0],"tintindex":0,"rotation":0,"texture":"#0"}},"rotation":{"origin":[0.025126457,7.8962955,-9.564579],"angle":-22.5,"axis":"x"}},{"from":[5.024626,12.046749,20.612812],"to":[12.525625,15.547749,23.113811],"faces":{"east":{"uv":[12.125,8.25,12.75,9.125],"tintindex":0,"rotation":0,"texture":"#0"},"west":{"uv":[12.125,8.25,12.75,9.125],"tintindex":0,"rotation":0,"texture":"#0"},"up":{"uv":[11.625,8.875,13.5,9.5],"tintindex":0,"rotation":0,"texture":"#0"}},"rotation":{"origin":[3.732233,10.473224,17.579441],"angle":22.5,"axis":"x"}}],"display":{"gui":{"rotation":[30,225,0]}}}