{"textures":{"0":"modelengine:entity/grave_golem","2":"modelengine:entity/misc_decor"},"elements":[{"from":[9.0,14.0,2.5],"to":[11.5,17.5,7.5],"faces":{"east":{"uv":[0.25,6.75,2.75,8.5],"tintindex":0,"rotation":0,"texture":"#2"},"south":{"uv":[0.0,6.5,1.25,8.25],"tintindex":0,"rotation":0,"texture":"#2"},"north":{"uv":[2.5,6.5,1.25,8.25],"tintindex":0,"rotation":0,"texture":"#2"},"west":{"uv":[0.0,6.5,2.5,8.25],"tintindex":0,"rotation":0,"texture":"#2"},"up":{"uv":[0.0,6.5,2.5,7.75],"tintindex":0,"rotation":270,"texture":"#2"}},"rotation":{"origin":[12.5,11.0,5.5],"angle":-45.0,"axis":"z"}},{"from":[17.0,11.5,10.5],"to":[23.0,19.5,14.5],"faces":{"east":{"uv":[10.0,2.5,11.0,4.5],"tintindex":0,"rotation":0,"texture":"#0"},"south":{"uv":[11.0,2.0,12.5,4.0],"tintindex":0,"rotation":0,"texture":"#0"},"north":{"uv":[11.0,2.0,12.5,4.0],"tintindex":0,"rotation":0,"texture":"#0"},"west":{"uv":[10.0,2.5,11.0,4.5],"tintindex":0,"rotation":0,"texture":"#0"},"up":{"uv":[11.0,1.75,12.5,2.75],"tintindex":0,"rotation":0,"texture":"#0"}},"rotation":{"origin":[19.0,12.0,14.0],"angle":-22.5,"axis":"x"}},{"from":[10.0,10.0,2.0],"to":[14.0,15.5,7.5],"faces":{"east":{"uv":[8.125,14.625,9.5,16.0],"tintindex":0,"rotation":0,"texture":"#0"},"south":{"uv":[0.0,0.0,1.0,1.375],"tintindex":0,"rotation":0,"texture":"#0"},"north":{"uv":[10.5,12.875,11.5,14.25],"tintindex":0,"rotation":0,"texture":"#0"},"west":{"uv":[8.0,14.625,9.375,16.0],"tintindex":0,"rotation":0,"texture":"#0"},"up":{"uv":[0.0,0.0,1.375,1.0],"tintindex":0,"rotation":270,"texture":"#0"}},"rotation":{"origin":[13.5,10.5,6.0],"angle":-22.5,"axis":"z"}},{"from":[17.5,20.5,10.5],"to":[20.5,24.5,13.0],"faces":{"east":{"uv":[0.0,0.0,0.625,1.0],"tintindex":0,"rotation":0,"texture":"#0"},"south":{"uv":[0.0,0.0,0.75,1.0],"tintindex":0,"rotation":0,"texture":"#0"},"north":{"uv":[8.5,1.625,9.25,0.625],"tintindex":0,"rotation":0,"texture":"#0"},"west":{"uv":[0.0,0.0,0.625,1.0],"tintindex":0,"rotation":0,"texture":"#0"},"up":{"uv":[7.625,1.625,8.375,1.0],"tintindex":0,"rotation":0,"texture":"#0"}},"rotation":{"origin":[19.0,17.0,14.0],"angle":-45.0,"axis":"x"}},{"from":[20.5,17.0,5.5],"to":[22.5,18.5,9.0],"faces":{"east":{"uv":[0.0,0.0,1.75,0.75],"tintindex":0,"rotation":0,"texture":"#2"},"north":{"uv":[2.0,1.75,3.0,2.5],"tintindex":0,"rotation":0,"texture":"#2"},"west":{"uv":[0.0,0.0,1.75,0.75],"tintindex":0,"rotation":0,"texture":"#2"},"up":{"uv":[0.0,0.0,1.0,1.75],"tintindex":0,"rotation":0,"texture":"#2"},"down":{"uv":[0.0,0.0,1.0,1.75],"tintindex":0,"rotation":0,"texture":"#2"}},"rotation":{"origin":[22.0,14.0,10.0],"angle":22.5,"axis":"x"}},{"from":[20.0,10.5897045,7.8962955],"to":[23.0,17.589705,7.8962955],"faces":{"south":{"uv":[7.375,14.0,6.625,15.75],"tintindex":0,"rotation":0,"texture":"#0"},"north":{"uv":[6.625,14.0,7.375,15.75],"tintindex":0,"rotation":0,"texture":"#0"}}},{"from":[7.7,13.0,5.5],"to":[9.7,17.0,8.5],"faces":{"south":{"uv":[0.0,0.0,1.25,1.75],"tintindex":0,"rotation":0,"texture":"#2"},"north":{"uv":[0.0,0.0,1.25,1.75],"tintindex":0,"rotation":0,"texture":"#2"},"west":{"uv":[0.0,0.0,1.5,1.75],"tintindex":0,"rotation":0,"texture":"#2"},"up":{"uv":[0.0,0.0,1.5,1.25],"tintindex":0,"rotation":270,"texture":"#2"},"down":{"uv":[0.0,0.0,1.5,1.25],"tintindex":0,"rotation":90,"texture":"#2"}},"rotation":{"origin":[7.7,12.5,9.0],"angle":-45.0,"axis":"z"}},{"from":[15.874857,8.928056,2.0],"to":[15.874857,14.928056,5.0],"faces":{"east":{"uv":[4.75,8.125,4.0,9.625],"tintindex":0,"rotation":0,"texture":"#0"},"west":{"uv":[4.0,8.125,4.75,9.625],"tintindex":0,"rotation":0,"texture":"#0"}}},{"from":[19.0,13.0,15.5],"to":[22.5,16.5,17.0],"faces":{"east":{"uv":[0.0,1.5,0.75,3.25],"tintindex":0,"rotation":0,"texture":"#2"},"south":{"uv":[0.0,1.5,1.75,3.25],"tintindex":0,"rotation":0,"texture":"#2"},"west":{"uv":[0.0,1.5,0.75,3.25],"tintindex":0,"rotation":0,"texture":"#2"},"up":{"uv":[0.0,1.5,1.75,2.25],"tintindex":0,"rotation":0,"texture":"#2"},"down":{"uv":[0.0,1.5,1.75,2.25],"tintindex":0,"rotation":0,"texture":"#2"}},"rotation":{"origin":[19.0,12.0,15.5],"angle":-45.0,"axis":"x"}},{"from":[17.5,11.828427,6.2218256],"to":[20.5,19.828426,6.2218256],"faces":{"south":{"uv":[7.875,10.25,7.125,12.25],"tintindex":0,"rotation":0,"texture":"#0"},"north":{"uv":[7.125,10.25,7.875,12.25],"tintindex":0,"rotation":0,"texture":"#0"}}}],"display":{"gui":{"rotation":[30,225,0]}}}