{"textures":{"0":"modelengine:entity/chest_ancient_small"},"elements":[{"from":[0.0,13.0,3.0],"to":[6.0,17.0,14.0],"faces":{"south":{"uv":[13.0,7.0,15.0,10.0],"tintindex":0,"rotation":90,"texture":"#0"},"north":{"uv":[13.0,7.0,15.0,10.0],"tintindex":0,"rotation":90,"texture":"#0"},"up":{"uv":[8.0,7.0,13.5,10.0],"tintindex":0,"rotation":90,"texture":"#0"},"down":{"uv":[8.0,7.0,13.5,10.0],"tintindex":0,"rotation":90,"texture":"#0"}},"rotation":{"origin":[-11.0,-2.0,10.0],"angle":-22.5,"axis":"z"}},{"from":[6.0,11.0,1.0],"to":[8.0,18.0,15.0],"faces":{"east":{"uv":[8.0,3.5,15.0,7.0],"tintindex":0,"rotation":0,"texture":"#0"},"south":{"uv":[11.5,11.0,8.0,10.0],"tintindex":0,"rotation":90,"texture":"#0"},"north":{"uv":[11.5,10.0,8.0,11.0],"tintindex":0,"rotation":90,"texture":"#0"},"west":{"uv":[8.0,3.5,15.0,7.0],"tintindex":0,"rotation":0,"texture":"#0"},"up":{"uv":[15.0,10.0,8.0,11.0],"tintindex":0,"rotation":90,"texture":"#0"},"down":{"uv":[15.0,10.0,8.0,11.0],"tintindex":0,"rotation":90,"texture":"#0"}},"rotation":{"origin":[-11.0,-2.0,10.0],"angle":-22.5,"axis":"z"}},{"from":[2.0,11.0,1.0],"to":[6.0,13.0,15.0],"faces":{"east":{"uv":[1.0,0.0,8.0,1.0],"tintindex":0,"rotation":0,"texture":"#0"},"south":{"uv":[0.0,0.0,2.0,1.0],"tintindex":0,"rotation":0,"texture":"#0"},"north":{"uv":[2.0,0.0,4.0,1.0],"tintindex":0,"rotation":0,"texture":"#0"},"west":{"uv":[1.0,0.0,8.0,1.0],"tintindex":0,"rotation":0,"texture":"#0"},"up":{"uv":[0.5,9.5,7.5,11.5],"tintindex":0,"rotation":90,"texture":"#0"},"down":{"uv":[0.5,9.5,7.5,11.5],"tintindex":0,"rotation":90,"texture":"#0"}},"rotation":{"origin":[-11.0,-2.0,10.0],"angle":-22.5,"axis":"z"}}],"display":{"gui":{"rotation":[30,225,0]}}}