{"textures":{"0":"modelengine:entity/banner_parts"},"elements":[{"from":[8.0,24.166668,9.833333],"to":[8.333333,25.166668,10.5],"faces":{"east":{"uv":[15.0,1.0,14.25,0.5],"tintindex":0,"rotation":90,"texture":"#0"},"south":{"uv":[15.0,0.75,14.75,0.0],"tintindex":0,"rotation":0,"texture":"#0"},"north":{"uv":[14.0,1.0,13.75,0.25],"tintindex":0,"rotation":0,"texture":"#0"},"west":{"uv":[15.0,1.0,14.25,0.5],"tintindex":0,"rotation":90,"texture":"#0"},"up":{"uv":[15.0,0.5,14.75,0.0],"tintindex":0,"rotation":0,"texture":"#0"},"down":{"uv":[15.0,0.5,14.75,0.0],"tintindex":0,"rotation":0,"texture":"#0"}}},{"from":[9.333333,8.0,10.333334],"to":[10.0,9.333333,11.0],"faces":{"east":{"uv":[14.25,0.25,14.75,1.25],"tintindex":0,"rotation":0,"texture":"#0"},"south":{"uv":[14.25,0.25,14.75,1.25],"tintindex":0,"rotation":0,"texture":"#0"},"north":{"uv":[13.5,0.25,14.0,1.25],"tintindex":0,"rotation":0,"texture":"#0"},"west":{"uv":[13.75,0.25,14.25,1.25],"tintindex":0,"rotation":0,"texture":"#0"},"up":{"uv":[14.5,0.0,15.0,0.5],"tintindex":0,"rotation":0,"texture":"#0"}}},{"from":[10.333334,8.0,11.333334],"to":[11.0,9.333333,12.0],"faces":{"east":{"uv":[14.25,0.25,14.75,1.25],"tintindex":0,"rotation":0,"texture":"#0"},"south":{"uv":[14.25,0.25,14.75,1.25],"tintindex":0,"rotation":0,"texture":"#0"},"north":{"uv":[13.5,0.25,14.0,1.25],"tintindex":0,"rotation":0,"texture":"#0"},"west":{"uv":[13.75,0.25,14.25,1.25],"tintindex":0,"rotation":0,"texture":"#0"},"up":{"uv":[14.0,1.25,14.5,0.75],"tintindex":0,"rotation":0,"texture":"#0"}}},{"from":[7.8333335,13.833334,10.0],"to":[13.5,24.5,10.0],"faces":{"south":{"uv":[8.5,8.0,4.25,16.0],"tintindex":0,"rotation":0,"texture":"#0"},"north":{"uv":[4.25,8.0,8.5,16.0],"tintindex":0,"rotation":0,"texture":"#0"}}},{"from":[7.3333335,24.333334,10.166667],"to":[14.0,25.0,10.833334],"faces":{"east":{"uv":[15.5,1.0,15.0,0.5],"tintindex":0,"rotation":90,"texture":"#0"},"south":{"uv":[16.0,5.0,15.5,0.0],"tintindex":0,"rotation":90,"texture":"#0"},"north":{"uv":[16.0,5.25,15.5,0.25],"tintindex":0,"rotation":90,"texture":"#0"},"west":{"uv":[15.5,1.0,15.0,0.5],"tintindex":0,"rotation":90,"texture":"#0"},"up":{"uv":[16.0,5.0,15.5,0.0],"tintindex":0,"rotation":90,"texture":"#0"},"down":{"uv":[16.0,5.0,15.5,0.0],"tintindex":0,"rotation":90,"texture":"#0"}}},{"from":[10.333334,8.0,9.333333],"to":[11.0,9.333333,10.0],"faces":{"east":{"uv":[14.25,0.25,14.75,1.25],"tintindex":0,"rotation":0,"texture":"#0"},"south":{"uv":[14.25,0.25,14.75,1.25],"tintindex":0,"rotation":0,"texture":"#0"},"north":{"uv":[13.5,0.25,14.0,1.25],"tintindex":0,"rotation":0,"texture":"#0"},"west":{"uv":[13.75,0.25,14.25,1.25],"tintindex":0,"rotation":0,"texture":"#0"},"up":{"uv":[14.5,1.0,15.0,1.5],"tintindex":0,"rotation":0,"texture":"#0"}}},{"from":[10.5,24.166668,9.833333],"to":[10.833334,25.166668,10.5],"faces":{"east":{"uv":[15.0,1.0,14.25,0.5],"tintindex":0,"rotation":90,"texture":"#0"},"south":{"uv":[15.0,0.75,14.75,0.0],"tintindex":0,"rotation":0,"texture":"#0"},"north":{"uv":[14.5,1.5,14.25,0.75],"tintindex":0,"rotation":0,"texture":"#0"},"west":{"uv":[15.0,1.0,14.25,0.5],"tintindex":0,"rotation":90,"texture":"#0"},"up":{"uv":[15.0,0.5,14.75,0.0],"tintindex":0,"rotation":0,"texture":"#0"},"down":{"uv":[15.0,0.5,14.75,0.0],"tintindex":0,"rotation":0,"texture":"#0"}}},{"from":[9.666667,8.0,9.666667],"to":[11.666667,9.0,11.666667],"faces":{"east":{"uv":[10.5,0.0,12.0,0.75],"tintindex":0,"rotation":0,"texture":"#0"},"south":{"uv":[10.5,0.0,12.0,0.75],"tintindex":0,"rotation":0,"texture":"#0"},"north":{"uv":[12.0,0.0,13.5,0.75],"tintindex":0,"rotation":0,"texture":"#0"},"west":{"uv":[10.5,0.0,12.0,0.75],"tintindex":0,"rotation":0,"texture":"#0"},"up":{"uv":[13.5,1.5,15.0,3.0],"tintindex":0,"rotation":0,"texture":"#0"}}},{"from":[11.333334,8.0,10.333334],"to":[12.0,9.333333,11.0],"faces":{"east":{"uv":[14.25,0.25,14.75,1.25],"tintindex":0,"rotation":0,"texture":"#0"},"south":{"uv":[14.25,0.25,14.75,1.25],"tintindex":0,"rotation":0,"texture":"#0"},"north":{"uv":[13.5,0.25,14.0,1.25],"tintindex":0,"rotation":0,"texture":"#0"},"west":{"uv":[13.75,0.25,14.25,1.25],"tintindex":0,"rotation":0,"texture":"#0"},"up":{"uv":[14.0,1.5,13.5,1.0],"tintindex":0,"rotation":0,"texture":"#0"}}},{"from":[13.0,24.166668,9.833333],"to":[13.333334,25.166668,10.5],"faces":{"east":{"uv":[15.0,1.0,14.25,0.5],"tintindex":0,"rotation":90,"texture":"#0"},"south":{"uv":[15.0,0.75,14.75,0.0],"tintindex":0,"rotation":0,"texture":"#0"},"north":{"uv":[14.0,1.0,13.75,0.25],"tintindex":0,"rotation":0,"texture":"#0"},"west":{"uv":[15.0,1.0,14.25,0.5],"tintindex":0,"rotation":90,"texture":"#0"},"up":{"uv":[15.0,0.5,14.75,0.0],"tintindex":0,"rotation":0,"texture":"#0"},"down":{"uv":[15.0,0.5,14.75,0.0],"tintindex":0,"rotation":0,"texture":"#0"}}},{"from":[10.333334,9.666667,10.333334],"to":[11.0,25.666668,11.0],"faces":{"east":{"uv":[15.75,4.0,15.25,16.0],"tintindex":0,"rotation":0,"texture":"#0"},"south":{"uv":[15.75,4.0,15.25,16.0],"tintindex":0,"rotation":0,"texture":"#0"},"north":{"uv":[16.0,4.0,15.5,16.0],"tintindex":0,"rotation":0,"texture":"#0"},"west":{"uv":[15.5,4.0,15.0,16.0],"tintindex":0,"rotation":0,"texture":"#0"},"up":{"uv":[16.0,0.5,15.5,0.0],"tintindex":0,"rotation":0,"texture":"#0"},"down":{"uv":[16.0,0.5,15.5,0.0],"tintindex":0,"rotation":0,"texture":"#0"}}},{"from":[10.0,9.0,10.0],"to":[11.333334,9.666667,11.333334],"faces":{"east":{"uv":[13.75,0.25,14.75,0.75],"tintindex":0,"rotation":0,"texture":"#0"},"south":{"uv":[13.75,0.25,14.75,0.75],"tintindex":0,"rotation":0,"texture":"#0"},"north":{"uv":[13.75,0.25,14.75,0.75],"tintindex":0,"rotation":0,"texture":"#0"},"west":{"uv":[13.75,0.25,14.75,0.75],"tintindex":0,"rotation":0,"texture":"#0"},"up":{"uv":[13.75,0.25,14.75,1.25],"tintindex":0,"rotation":0,"texture":"#0"}}}],"display":{"gui":{"rotation":[30,225,0]}}}