{
    "ambientocclusion": false,
    "textures": {
        "particle": "block/lily_pad",
        "all": "block/plant/lily_pad_0"
    },
    "elements": [
        {
            "from": [
                0,
                0.25,
                0
            ],
            "to": [
                16,
                0.25,
                16
            ],
            "faces": {
                "down": {
                    "uv": [
                        0,
                        16,
                        16,
                        0
                    ],
                    "texture": "#all",
                    "tintindex": 0
                },
                "up": {
                    "uv": [
                        0,
                        0,
                        16,
                        16
                    ],
                    "texture": "#all",
                    "tintindex": 0
                }
            }
        }
    ]
}