{
    "textures": {
        "2": "block/plant/brown_mushroom_0",
        "3": "block/plant/brown_mushroom_parts",
        "4": "block/block_random/podzol_top_0"
    },
    "elements": [
        {
            "from": [
                7,
                5,
                7
            ],
            "to": [
                9,
                11,
                9
            ],
            "faces": {
                "north": {
                    "uv": [
                        10,
                        0,
                        12,
                        6
                    ],
                    "texture": "#3"
                },
                "east": {
                    "uv": [
                        12,
                        0,
                        14,
                        6
                    ],
                    "texture": "#3"
                },
                "south": {
                    "uv": [
                        10,
                        0,
                        12,
                        6
                    ],
                    "texture": "#3"
                },
                "west": {
                    "uv": [
                        12,
                        0,
                        14,
                        6
                    ],
                    "texture": "#3"
                }
            }
        },
        {
            "from": [
                4,
                11,
                4
            ],
            "to": [
                12,
                13,
                12
            ],
            "faces": {
                "up": {
                    "uv": [
                        2,
                        2,
                        10,
                        10
                    ],
                    "texture": "#2"
                },
                "down": {
                    "uv": [
                        0,
                        0,
                        8,
                        8
                    ],
                    "texture": "#3"
                }
            }
        },
        {
            "from": [
                4,
                11,
                12
            ],
            "to": [
                12,
                13,
                13
            ],
            "faces": {
                "east": {
                    "uv": [
                        9,
                        10,
                        10,
                        12
                    ],
                    "texture": "#2"
                },
                "south": {
                    "uv": [
                        2,
                        10,
                        10,
                        12
                    ],
                    "texture": "#2"
                },
                "west": {
                    "uv": [
                        2,
                        10,
                        3,
                        12
                    ],
                    "texture": "#2"
                },
                "up": {
                    "uv": [
                        2,
                        10,
                        10,
                        11
                    ],
                    "texture": "#2"
                },
                "down": {
                    "uv": [
                        2,
                        11,
                        10,
                        12
                    ],
                    "texture": "#2"
                }
            }
        },
        {
            "from": [
                4,
                11,
                3
            ],
            "to": [
                12,
                13,
                4
            ],
            "faces": {
                "north": {
                    "uv": [
                        10,
                        2,
                        2,
                        0
                    ],
                    "texture": "#2"
                },
                "east": {
                    "uv": [
                        9,
                        2,
                        10,
                        0
                    ],
                    "texture": "#2"
                },
                "west": {
                    "uv": [
                        2,
                        2,
                        3,
                        0
                    ],
                    "texture": "#2"
                },
                "up": {
                    "uv": [
                        2,
                        1,
                        10,
                        2
                    ],
                    "texture": "#2"
                },
                "down": {
                    "uv": [
                        2,
                        0,
                        10,
                        1
                    ],
                    "texture": "#2"
                }
            }
        },
        {
            "from": [
                12,
                11,
                4
            ],
            "to": [
                13,
                13,
                12
            ],
            "faces": {
                "north": {
                    "uv": [
                        10,
                        2,
                        12,
                        3
                    ],
                    "rotation": 90,
                    "texture": "#2"
                },
                "east": {
                    "uv": [
                        10,
                        2,
                        12,
                        10
                    ],
                    "rotation": 90,
                    "texture": "#2"
                },
                "south": {
                    "uv": [
                        10,
                        9,
                        12,
                        10
                    ],
                    "rotation": 90,
                    "texture": "#2"
                },
                "up": {
                    "uv": [
                        10,
                        2,
                        11,
                        10
                    ],
                    "texture": "#2"
                },
                "down": {
                    "uv": [
                        11,
                        10,
                        12,
                        2
                    ],
                    "texture": "#2"
                }
            }
        },
        {
            "from": [
                3,
                11,
                4
            ],
            "to": [
                4,
                13,
                12
            ],
            "faces": {
                "north": {
                    "uv": [
                        2,
                        2,
                        0,
                        3
                    ],
                    "rotation": 90,
                    "texture": "#2"
                },
                "south": {
                    "uv": [
                        2,
                        9,
                        0,
                        10
                    ],
                    "rotation": 90,
                    "texture": "#2"
                },
                "west": {
                    "uv": [
                        2,
                        2,
                        0,
                        10
                    ],
                    "rotation": 90,
                    "texture": "#2"
                },
                "up": {
                    "uv": [
                        1,
                        2,
                        2,
                        10
                    ],
                    "texture": "#2"
                },
                "down": {
                    "uv": [
                        0,
                        2,
                        1,
                        10
                    ],
                    "texture": "#2"
                }
            }
        },
        {
            "from": [
                5,
                5,
                5
            ],
            "to": [
                11,
                5,
                11
            ],
            "faces": {
                "up": {
                    "uv": [
                        0,
                        0,
                        6,
                        6
                    ],
                    "texture": "#4"
                }
            }
        }
    ]
}