{"textures":{"0":"modelengine:entity/acid_bolt"},"elements":[{"from":[7.0,7.0,8.0],"to":[9.0,9.0,14.0],"faces":{"east":{"uv":[5.0,9.0,7.0,15.0],"tintindex":0,"rotation":90,"texture":"#0"},"south":{"uv":[5.0,10.0,7.0,12.0],"tintindex":0,"rotation":0,"texture":"#0"},"north":{"uv":[14.0,14.0,16.0,16.0],"tintindex":0,"rotation":0,"texture":"#0"},"west":{"uv":[1.0,9.0,3.0,15.0],"tintindex":0,"rotation":90,"texture":"#0"},"up":{"uv":[10.0,15.0,12.0,9.0],"tintindex":0,"rotation":0,"texture":"#0"},"down":{"uv":[2.0,15.0,4.0,9.0],"tintindex":0,"rotation":0,"texture":"#0"}}},{"from":[4.0,8.0,7.0],"to":[12.0,8.0,17.0],"faces":{"up":{"uv":[8.0,16.0,0.0,6.0],"tintindex":0,"rotation":0,"texture":"#0"},"down":{"uv":[8.0,6.0,0.0,16.0],"tintindex":0,"rotation":0,"texture":"#0"}}},{"from":[8.0,5.0,7.0],"to":[8.0,11.0,16.0],"faces":{"east":{"uv":[8.0,7.0,14.0,16.0],"tintindex":0,"rotation":270,"texture":"#0"},"west":{"uv":[14.0,7.0,8.0,16.0],"tintindex":0,"rotation":90,"texture":"#0"}}},{"from":[6.0,6.0,9.0],"to":[10.0,10.0,13.0],"faces":{"east":{"uv":[1.0,15.0,5.0,11.0],"tintindex":0,"rotation":90,"texture":"#0"},"south":{"uv":[9.0,9.0,13.0,13.0],"tintindex":0,"rotation":0,"texture":"#0"},"north":{"uv":[2.0,16.0,6.0,12.0],"tintindex":0,"rotation":0,"texture":"#0"},"west":{"uv":[1.0,11.0,5.0,15.0],"tintindex":0,"rotation":90,"texture":"#0"},"up":{"uv":[2.0,16.0,6.0,12.0],"tintindex":0,"rotation":0,"texture":"#0"},"down":{"uv":[2.0,14.0,6.0,10.0],"tintindex":0,"rotation":0,"texture":"#0"}}}],"display":{"gui":{"rotation":[30,225,0]}}}