{"providers":[{"type":"bitmap","file":"happyhud:font/assets/lumentest/no_gun.png","height":16,"ascent":-114500,"chars":[""]},{"type":"bitmap","file":"happyhud:font/assets/lumentest/battery_inner.png","height":16,"ascent":-114500,"chars":[""]},{"type":"bitmap","file":"happyhud:font/assets/lumentest/no_gun.png","height":16,"ascent":-115500,"chars":[""]},{"type":"bitmap","file":"happyhud:font/assets/lumentest/battery_outer.png","height":16,"ascent":-115500,"chars":[""]},{"type":"bitmap","file":"happyhud:font/assets/lumentest/battery_bar.png","height":1,"ascent":-116500,"chars":[""]},{"type":"bitmap","file":"happyhud:font/assets/lumentest/battery_bar_full/horizontal/16/1.png","height":1,"ascent":-117500,"chars":[""]},{"type":"bitmap","file":"happyhud:font/assets/lumentest/battery_bar_full/horizontal/16/2.png","height":1,"ascent":-117500,"chars":[""]},{"type":"bitmap","file":"happyhud:font/assets/lumentest/battery_bar_full/horizontal/16/3.png","height":1,"ascent":-117500,"chars":[""]},{"type":"bitmap","file":"happyhud:font/assets/lumentest/battery_bar_full/horizontal/16/4.png","height":1,"ascent":-117500,"chars":[""]},{"type":"bitmap","file":"happyhud:font/assets/lumentest/battery_bar_full/horizontal/16/5.png","height":1,"ascent":-117500,"chars":[""]},{"type":"bitmap","file":"happyhud:font/assets/lumentest/battery_bar_full/horizontal/16/6.png","height":1,"ascent":-117500,"chars":[""]},{"type":"bitmap","file":"happyhud:font/assets/lumentest/battery_bar_full/horizontal/16/7.png","height":1,"ascent":-117500,"chars":[""]},{"type":"bitmap","file":"happyhud:font/assets/lumentest/battery_bar_full/horizontal/16/8.png","height":1,"ascent":-117500,"chars":[""]},{"type":"bitmap","file":"happyhud:font/assets/lumentest/battery_bar_full/horizontal/16/9.png","height":1,"ascent":-117500,"chars":[""]},{"type":"bitmap","file":"happyhud:font/assets/lumentest/battery_bar_full/horizontal/16/10.png","height":1,"ascent":-117500,"chars":[""]},{"type":"bitmap","file":"happyhud:font/assets/lumentest/battery_bar_full/horizontal/16/11.png","height":1,"ascent":-117500,"chars":[""]},{"type":"bitmap","file":"happyhud:font/assets/lumentest/battery_bar_full/horizontal/16/12.png","height":1,"ascent":-117500,"chars":[""]},{"type":"bitmap","file":"happyhud:font/assets/lumentest/battery_bar_full/horizontal/16/13.png","height":1,"ascent":-117500,"chars":[""]},{"type":"bitmap","file":"happyhud:font/assets/lumentest/battery_bar_full/horizontal/16/14.png","height":1,"ascent":-117500,"chars":[""]},{"type":"bitmap","file":"happyhud:font/assets/lumentest/battery_bar_full/horizontal/16/15.png","height":1,"ascent":-117500,"chars":[""]},{"type":"bitmap","file":"happyhud:font/assets/lumentest/battery_bar_full/horizontal/16/16.png","height":1,"ascent":-117500,"chars":[""]}]}