{"textures":{"0":"modelengine:entity/acid_bolt"},"elements":[{"from":[5.0,11.0,5.0],"to":[11.0,17.0,6.0],"faces":{"east":{"uv":[4.0,5.0,10.0,6.0],"tintindex":0,"rotation":90,"texture":"#0"},"north":{"uv":[3.0,9.0,9.0,15.0],"tintindex":0,"rotation":0,"texture":"#0"},"west":{"uv":[3.0,5.0,9.0,6.0],"tintindex":0,"rotation":90,"texture":"#0"},"up":{"uv":[4.0,6.0,10.0,5.0],"tintindex":0,"rotation":0,"texture":"#0"},"down":{"uv":[4.0,6.0,10.0,5.0],"tintindex":0,"rotation":0,"texture":"#0"}}},{"from":[2.0,14.0,2.0],"to":[14.0,14.0,18.0],"faces":{"up":{"uv":[12.0,16.0,0.0,0.0],"tintindex":0,"rotation":0,"texture":"#0"},"down":{"uv":[12.0,0.0,0.0,16.0],"tintindex":0,"rotation":0,"texture":"#0"}}},{"from":[8.0,8.0,1.0],"to":[8.0,20.0,17.0],"faces":{"east":{"uv":[0.0,0.0,12.0,16.0],"tintindex":0,"rotation":270,"texture":"#0"},"west":{"uv":[12.0,0.0,0.0,16.0],"tintindex":0,"rotation":90,"texture":"#0"}}},{"from":[4.5,10.5,6.0],"to":[11.5,17.5,12.0],"faces":{"east":{"uv":[3.0,10.0,10.0,4.0],"tintindex":0,"rotation":90,"texture":"#0"},"south":{"uv":[2.0,6.0,9.0,13.0],"tintindex":0,"rotation":0,"texture":"#0"},"north":{"uv":[4.0,12.0,11.0,5.0],"tintindex":0,"rotation":0,"texture":"#0"},"west":{"uv":[3.0,4.0,10.0,10.0],"tintindex":0,"rotation":90,"texture":"#0"},"up":{"uv":[4.0,11.0,11.0,5.0],"tintindex":0,"rotation":0,"texture":"#0"},"down":{"uv":[4.0,9.0,11.0,3.0],"tintindex":0,"rotation":0,"texture":"#0"}}},{"from":[5.5,11.5,12.0],"to":[10.5,16.5,15.0],"faces":{"east":{"uv":[5.0,5.0,10.0,8.0],"tintindex":0,"rotation":90,"texture":"#0"},"south":{"uv":[4.0,3.0,9.0,8.0],"tintindex":0,"rotation":0,"texture":"#0"},"west":{"uv":[4.0,5.0,9.0,8.0],"tintindex":0,"rotation":90,"texture":"#0"},"up":{"uv":[5.0,8.0,10.0,5.0],"tintindex":0,"rotation":0,"texture":"#0"},"down":{"uv":[5.0,8.0,10.0,5.0],"tintindex":0,"rotation":0,"texture":"#0"}}},{"from":[6.0,12.0,4.0],"to":[10.0,16.0,5.0],"faces":{"east":{"uv":[8.0,8.0,12.0,9.0],"tintindex":0,"rotation":90,"texture":"#0"},"north":{"uv":[5.0,16.0,9.0,12.0],"tintindex":0,"rotation":0,"texture":"#0"},"west":{"uv":[4.0,8.0,8.0,9.0],"tintindex":0,"rotation":90,"texture":"#0"},"up":{"uv":[5.0,9.0,9.0,8.0],"tintindex":0,"rotation":0,"texture":"#0"},"down":{"uv":[5.0,9.0,9.0,8.0],"tintindex":0,"rotation":0,"texture":"#0"}}}],"display":{"gui":{"rotation":[30,225,0]}}}