{
	"credit": "Made with Blockbench",
	"textures": {
		"0": "block/plant/dandelion_test1",
		"particle": "block/plant/dandelion_test1"
	},
	"elements": [
		{
			"from": [2, 0, 7],
			"to": [8, 0, 9],
			"rotation": {"angle": -22.5, "axis": "z", "origin": [8, 0, 0]},
			"faces": {
				"up": {"uv": [0, 11, 4, 5], "rotation": 90, "texture": "#0"},
				"down": {"uv": [4, 11, 0, 5], "rotation": 90, "texture": "#0"}
			}
		},
		{
			"from": [-2.54289, 2.29602, 7],
			"to": [2.45711, 2.29602, 9],
			"rotation": {"angle": 22.5, "axis": "z", "origin": [2.45711, 2.29702, 7]},
			"faces": {
				"up": {"uv": [0, 5, 4, 0], "rotation": 90, "texture": "#0"},
				"down": {"uv": [4, 5, 0, 0], "rotation": 90, "texture": "#0"}
			}
		},
		{
			"from": [8, 0, 5],
			"to": [8, 7, 12],
			"rotation": {"angle": -45, "axis": "y", "origin": [8, 0, 8]},
			"faces": {
				"east": {"uv": [9, 9, 16, 16], "texture": "#0"},
				"west": {"uv": [16, 9, 9, 16], "texture": "#0"}
			}
		},
		{
			"from": [8, 0, 4],
			"to": [8, 9, 11],
			"rotation": {"angle": 45, "axis": "y", "origin": [8, 0, 8]},
			"faces": {
				"east": {"uv": [16, 7, 9, 16], "texture": "#0"},
				"west": {"uv": [9, 7, 16, 16], "texture": "#0"}
			}
		},
		{
			"from": [3, 9, 3],
			"to": [8, 9, 8],
			"shade": false,
			"rotation": {"angle": 45, "axis": "y", "origin": [5.5, 9, 5.5]},
			"faces": {
				"up": {"uv": [8, 0, 13, 5], "texture": "#0"},
				"down": {"uv": [8, 0, 13, 5], "texture": "#0"}
			}
		},
		{
			"from": [8.5, 6.25, 8.5],
			"to": [11.5, 6.25, 11.5],
			"shade": false,
			"rotation": {"angle": 22.5, "axis": "x", "origin": [10, 6, 10]},
			"faces": {
				"up": {"uv": [13, 3, 16, 6], "texture": "#0"},
				"down": {"uv": [13, 3, 16, 6], "texture": "#0"}
			}
		},
		{
			"from": [8, 6, 4.25],
			"to": [11, 6, 7.25],
			"shade": false,
			"rotation": {"angle": 22.5, "axis": "y", "origin": [10.5, 7, 5.5]},
			"faces": {
				"up": {"uv": [13, 0, 16, 3], "texture": "#0"},
				"down": {"uv": [13, 0, 16, 3], "texture": "#0"}
			}
		},
		{
			"from": [10, 5.75, 8.5],
			"to": [10, 7.75, 11.5],
			"shade": false,
			"rotation": {"angle": 22.5, "axis": "x", "origin": [10, 6, 10]},
			"faces": {
				"east": {"uv": [9, 0, 12, 2], "texture": "#0"},
				"west": {"uv": [9, 0, 12, 2], "texture": "#0"}
			}
		},
		{
			"from": [8.5, 5.75, 10],
			"to": [11.5, 7.75, 10],
			"shade": false,
			"rotation": {"angle": 22.5, "axis": "x", "origin": [10, 6, 10]},
			"faces": {
				"north": {"uv": [9, 0, 12, 2], "texture": "#0"},
				"south": {"uv": [9, 0, 12, 2], "texture": "#0"}
			}
		},
		{
			"from": [5.5, 9, 3],
			"to": [5.5, 11, 8],
			"shade": false,
			"rotation": {"angle": 45, "axis": "y", "origin": [5.5, 10, 5.5]},
			"faces": {
				"east": {"uv": [8, 5, 13, 7], "texture": "#0"},
				"west": {"uv": [8, 5, 13, 7], "texture": "#0"}
			}
		},
		{
			"from": [5.5, 9, 3],
			"to": [5.5, 11, 8],
			"shade": false,
			"rotation": {"angle": -45, "axis": "y", "origin": [5.5, 10, 5.5]},
			"faces": {
				"east": {"uv": [8, 5, 13, 7], "texture": "#0"},
				"west": {"uv": [8, 5, 13, 7], "texture": "#0"}
			}
		},
		{
			"from": [5.5, 9, 3],
			"to": [5.5, 11, 8],
			"shade": false,
			"rotation": {"angle": 0, "axis": "y", "origin": [5.5, 10, 5.5]},
			"faces": {
				"east": {"uv": [8, 0, 13, 2], "texture": "#0"},
				"west": {"uv": [8, 0, 13, 2], "texture": "#0"}
			}
		},
		{
			"from": [3, 9, 5.5],
			"to": [8, 11, 5.5],
			"shade": false,
			"rotation": {"angle": 0, "axis": "y", "origin": [5.5, 10, 5.5]},
			"faces": {
				"north": {"uv": [8, 0, 13, 2], "texture": "#0"},
				"south": {"uv": [8, 0, 13, 2], "texture": "#0"}
			}
		},
		{
			"from": [7, 0.25, 0],
			"to": [9, 0.25, 8],
			"rotation": {"angle": -45, "axis": "y", "origin": [8, 0, 8]},
			"faces": {
				"up": {"uv": [0, 2, 4, 10], "texture": "#0"},
				"down": {"uv": [0, 2, 4, 10], "texture": "#0"}
			}
		},
		{
			"from": [7, 1, 1],
			"to": [9, 1, 8],
			"rotation": {"angle": 22.5, "axis": "x", "origin": [8, 1, 8]},
			"faces": {
				"up": {"uv": [0, 4, 4, 11], "texture": "#0"},
				"down": {"uv": [0, 4, 4, 11], "texture": "#0"}
			}
		},
		{
			"from": [9, 6, 9],
			"to": [11, 6, 11],
			"shade": false,
			"rotation": {"angle": 22.5, "axis": "x", "origin": [10, 6, 10]},
			"faces": {
				"up": {"uv": [6, 0, 8, 2], "texture": "#0"},
				"down": {"uv": [6, 0, 8, 2], "texture": "#0"}
			}
		}
	]
}