{"textures":{"0":"modelengine:entity/anchorworm"},"elements":[{"from":[6.5,6.5,8.0],"to":[9.5,9.5,15.0],"faces":{"east":{"uv":[11.0,5.5,12.5,9.0],"tintindex":0,"rotation":90,"texture":"#0"},"west":{"uv":[11.0,5.5,12.5,9.0],"tintindex":0,"rotation":90,"texture":"#0"},"up":{"uv":[9.5,5.5,11.0,9.0],"tintindex":0,"rotation":0,"texture":"#0"},"down":{"uv":[12.5,5.5,14.0,9.0],"tintindex":0,"rotation":0,"texture":"#0"}}},{"from":[7.0,7.5,11.0],"to":[9.0,8.5,12.0],"faces":{"east":{"uv":[5.0,2.0,5.5,2.5],"tintindex":0,"rotation":0,"texture":"#0"},"south":{"uv":[5.0,2.0,5.5,3.0],"tintindex":0,"rotation":90,"texture":"#0"},"north":{"uv":[5.0,2.0,5.5,3.0],"tintindex":0,"rotation":90,"texture":"#0"},"west":{"uv":[5.0,2.0,5.5,2.5],"tintindex":0,"rotation":0,"texture":"#0"},"up":{"uv":[5.0,2.0,5.5,3.0],"tintindex":0,"rotation":90,"texture":"#0"},"down":{"uv":[5.0,2.0,5.5,3.0],"tintindex":0,"rotation":90,"texture":"#0"}}},{"from":[7.0,7.5,9.0],"to":[8.5,8.5,10.0],"faces":{"east":{"uv":[5.0,3.0,5.5,3.5],"tintindex":0,"rotation":0,"texture":"#0"},"south":{"uv":[5.0,3.0,5.5,3.75],"tintindex":0,"rotation":90,"texture":"#0"},"north":{"uv":[5.0,3.0,5.5,3.75],"tintindex":0,"rotation":90,"texture":"#0"},"west":{"uv":[5.0,3.0,5.5,3.5],"tintindex":0,"rotation":0,"texture":"#0"},"up":{"uv":[5.0,3.0,5.5,3.75],"tintindex":0,"rotation":90,"texture":"#0"},"down":{"uv":[5.0,3.0,5.5,3.75],"tintindex":0,"rotation":90,"texture":"#0"}}},{"from":[8.0,6.6,9.4],"to":[10.0,7.5,11.4],"faces":{"north":{"uv":[6.0,0.0,7.0,0.45],"tintindex":0,"rotation":0,"texture":"#0"},"west":{"uv":[6.0,0.0,7.0,0.45],"tintindex":0,"rotation":0,"texture":"#0"}},"rotation":{"origin":[8.0,8.0,9.4],"angle":-45.0,"axis":"y"}},{"from":[6.99,6.5899997,11.99],"to":[9.01,7.61,14.01],"faces":{"east":{"uv":[7.0,1.0,6.0,1.5],"tintindex":0,"rotation":0,"texture":"#0"},"south":{"uv":[6.0,1.0,7.0,1.5],"tintindex":0,"rotation":0,"texture":"#0"},"north":{"uv":[6.0,1.5,7.0,2.0],"tintindex":0,"rotation":0,"texture":"#0"},"west":{"uv":[6.0,1.5,7.0,2.0],"tintindex":0,"rotation":0,"texture":"#0"},"up":{"uv":[6.0,1.0,7.0,2.0],"tintindex":0,"rotation":90,"texture":"#0"},"down":{"uv":[6.0,2.0,7.0,3.0],"tintindex":0,"rotation":0,"texture":"#0"}}},{"from":[8.0,6.6,10.3],"to":[10.0,7.5,12.3],"faces":{"north":{"uv":[6.0,0.0,7.0,0.45],"tintindex":0,"rotation":0,"texture":"#0"},"west":{"uv":[6.0,0.0,7.0,0.45],"tintindex":0,"rotation":0,"texture":"#0"}},"rotation":{"origin":[8.0,8.0,10.3],"angle":-45.0,"axis":"y"}},{"from":[7.5,6.7,8.0],"to":[8.5,6.7,15.0],"faces":{"up":{"uv":[5.5,0.0,6.0,3.5],"tintindex":0,"rotation":0,"texture":"#0"},"down":{"uv":[5.5,0.0,6.0,3.5],"tintindex":0,"rotation":0,"texture":"#0"}}},{"from":[8.0,7.5,12.0],"to":[9.0,8.5,13.0],"faces":{"east":{"uv":[5.0,3.0,5.5,3.5],"tintindex":0,"rotation":0,"texture":"#0"},"west":{"uv":[5.0,3.0,5.5,3.5],"tintindex":0,"rotation":0,"texture":"#0"},"up":{"uv":[5.0,3.0,5.5,3.5],"tintindex":0,"rotation":0,"texture":"#0"},"down":{"uv":[5.0,3.0,5.5,3.5],"tintindex":0,"rotation":0,"texture":"#0"}}},{"from":[7.0,7.5,10.0],"to":[8.0,8.5,11.0],"faces":{"east":{"uv":[5.0,0.0,5.5,0.5],"tintindex":0,"rotation":0,"texture":"#0"},"west":{"uv":[5.0,0.0,5.5,0.5],"tintindex":0,"rotation":0,"texture":"#0"},"up":{"uv":[5.0,0.0,5.5,0.5],"tintindex":0,"rotation":0,"texture":"#0"},"down":{"uv":[5.0,0.0,5.5,0.5],"tintindex":0,"rotation":0,"texture":"#0"}}},{"from":[8.0,6.6,9.0],"to":[10.0,7.5,11.0],"faces":{"north":{"uv":[6.0,0.0,7.0,0.45],"tintindex":0,"rotation":0,"texture":"#0"},"west":{"uv":[6.0,0.0,7.0,0.45],"tintindex":0,"rotation":0,"texture":"#0"}},"rotation":{"origin":[8.0,8.0,9.0],"angle":-45.0,"axis":"y"}},{"from":[8.0,6.6,9.9],"to":[10.0,7.5,11.9],"faces":{"north":{"uv":[6.0,0.0,7.0,0.45],"tintindex":0,"rotation":0,"texture":"#0"},"west":{"uv":[6.0,0.0,7.0,0.45],"tintindex":0,"rotation":0,"texture":"#0"}},"rotation":{"origin":[8.0,8.0,9.9],"angle":-45.0,"axis":"y"}},{"from":[8.0,6.6,11.1],"to":[10.0,7.5,13.1],"faces":{"north":{"uv":[6.0,0.0,7.0,0.45],"tintindex":0,"rotation":0,"texture":"#0"},"west":{"uv":[6.0,0.0,7.0,0.45],"tintindex":0,"rotation":0,"texture":"#0"}},"rotation":{"origin":[8.0,8.0,11.1],"angle":-45.0,"axis":"y"}},{"from":[7.5,7.5,14.0],"to":[8.5,8.5,15.0],"faces":{"east":{"uv":[5.0,3.0,5.5,3.5],"tintindex":0,"rotation":0,"texture":"#0"},"north":{"uv":[5.0,3.0,5.5,3.5],"tintindex":0,"rotation":0,"texture":"#0"},"west":{"uv":[5.0,3.0,5.5,3.5],"tintindex":0,"rotation":0,"texture":"#0"},"up":{"uv":[5.0,3.0,5.5,3.5],"tintindex":0,"rotation":0,"texture":"#0"},"down":{"uv":[5.0,3.0,5.5,3.5],"tintindex":0,"rotation":0,"texture":"#0"}}},{"from":[7.5,7.5,8.0],"to":[8.5,8.5,9.0],"faces":{"east":{"uv":[5.0,1.0,5.5,1.5],"tintindex":0,"rotation":0,"texture":"#0"},"south":{"uv":[5.0,1.0,5.5,1.5],"tintindex":0,"rotation":0,"texture":"#0"},"north":{"uv":[5.0,1.0,5.5,1.5],"tintindex":0,"rotation":0,"texture":"#0"},"west":{"uv":[5.0,1.0,5.5,1.5],"tintindex":0,"rotation":0,"texture":"#0"},"up":{"uv":[5.0,1.0,5.5,1.5],"tintindex":0,"rotation":0,"texture":"#0"},"down":{"uv":[5.0,1.0,5.5,1.5],"tintindex":0,"rotation":0,"texture":"#0"}}},{"from":[7.5,7.5,13.0],"to":[9.0,8.5,14.0],"faces":{"east":{"uv":[5.0,0.0,5.5,0.5],"tintindex":0,"rotation":0,"texture":"#0"},"south":{"uv":[5.0,0.0,5.5,0.75],"tintindex":0,"rotation":90,"texture":"#0"},"north":{"uv":[5.0,0.0,5.5,0.75],"tintindex":0,"rotation":90,"texture":"#0"},"west":{"uv":[5.0,0.0,5.5,0.5],"tintindex":0,"rotation":0,"texture":"#0"},"up":{"uv":[5.0,0.0,5.5,0.75],"tintindex":0,"rotation":90,"texture":"#0"},"down":{"uv":[5.0,0.0,5.5,0.75],"tintindex":0,"rotation":90,"texture":"#0"}}},{"from":[8.0,6.6,10.7],"to":[10.0,7.5,12.7],"faces":{"north":{"uv":[6.0,0.0,7.0,0.45],"tintindex":0,"rotation":0,"texture":"#0"},"west":{"uv":[6.0,0.0,7.0,0.45],"tintindex":0,"rotation":0,"texture":"#0"}},"rotation":{"origin":[8.0,8.0,10.7],"angle":-45.0,"axis":"y"}}],"display":{"gui":{"rotation":[30,225,0]}}}