{
"lumen.gravegolem_bonecrunch":{
	"category":"hostile",
	"sounds":["gravegolem/bonecrunch"]
	},
"lumen.gravegolem_boulderstrike_1":{
	"category":"hostile",
	"sounds":["gravegolem/boulderstrike_1"]
	},
"lumen.gravegolem_footstep":{
	"category":"hostile",
	"sounds":["gravegolem/footstep"]
	},
"lumen.gravegolem_heavyfootstep_1":{
	"category":"hostile",
	"sounds":["gravegolem/heavyfootstep_1"]
	},
"lumen.gravegolem_heavyfootstep_2":{
	"category":"hostile",
	"sounds":["gravegolem/heavyfootstep_2"]
	},
"lumen.gravegolem_stomp":{
	"category":"hostile",
	"sounds":["gravegolem/stomp"]
	},
"lumen.gravegolem_rockdrop":{
	"category":"hostile",
	"sounds":["gravegolem/rockdrop"]
	},
"lumen.gravegolem_2handslam":{
	"category":"hostile",
	"sounds":["gravegolem/2handslam"]
	},
"lumen.insect_bug_fluttering_1":{
	"category":"hostile",
	"sounds":["insect/bug_fluttering_1"]
	},
"lumen.insect_bug_fluttering_2":{
	"category":"hostile",
	"sounds":["insect/bug_fluttering_2"]
	},
"lumen.insect_bug_fluttering_3":{
	"category":"hostile",
	"sounds":["insect/bug_fluttering_3"]
	},
"lumen.insect_hurt_1":{
	"category":"hostile",
	"sounds":["insect/hurt_1"]
	},
"lumen.anchorworm_death_1":{
	"category":"hostile",
	"sounds":["anchorworm/death_1"]
	},
"lumen.anchorworm_hurt_1":{
	"category":"hostile",
	"sounds":["anchorworm/hurt_1"]
	},
"lumen.anchorworm_hurt_2":{
	"category":"hostile",
	"sounds":["anchorworm/hurt_2"]
	},
"lumen.biscken_hurt_1":{
	"category":"hostile",
	"sounds":["biscken/hurt_1"]
	},
"lumen.biscken_hurt_2":{
	"category":"hostile",
	"sounds":["biscken/hurt_2"]
	},
"lumen.kanqanmouse_death_1":{
	"category":"hostile",
	"sounds":["kanqanmouse/death_1"]
	},
"lumen.kanqanmouse_squeak_1":{
	"category":"hostile",
	"sounds":["kanqanmouse/squeak_1"]
	},
"lumen.kanqanmouse_squeak_2":{
	"category":"hostile",
	"sounds":["kanqanmouse/squeak_2"]
	},
"lumen.kanqanmouse_stagger_1":{
	"category":"hostile",
	"sounds":["kanqanmouse/stagger_1"]
	},
"lumen.kohroc_breath_1":{
	"category":"hostile",
	"sounds":["kohroc/breath_1"]
	},
"lumen.kohroc_howl_1":{
	"category":"hostile",
	"sounds":["kohroc/howl_1"]
	},
"lumen.kohroc_hurt_1":{
	"category":"hostile",
	"sounds":["kohroc/hurt_1"]
	},
"lumen.kukubao_hurt_1":{
	"category":"hostile",
	"sounds":["kukubao/hurt_1"]
	},
"lumen.kukubao_shell_break_1":{
	"category":"hostile",
	"sounds":["kukubao/shell_break_1"]
	},
"lumen.kukubao_shell_damage_1":{
	"category":"hostile",
	"sounds":["kukubao/shell_damage_1"]
	},
"lumen.kybil_growl_1":{
	"category":"hostile",
	"sounds":["kybil/growl_1"]
	},
"lumen.kybil_growl_2":{
	"category":"hostile",
	"sounds":["kybil/growl_2"]
	},
"lumen.lieqo_bark_1":{
	"category":"hostile",
	"sounds":["lieqo/bark_1"]
	},
"lumen.lieqo_growl_1":{
	"category":"hostile",
	"sounds":["lieqo/growl_1"]
	},
"lumen.lieqo_howl_1":{
	"category":"hostile",
	"sounds":["lieqo/howl_1"]
	},
"lumen.lieqo_howl_2":{
	"category":"hostile",
	"sounds":["lieqo/howl_2"]
	},
"lumen.lieqo_hurt_1":{
	"category":"hostile",
	"sounds":["lieqo/hurt_1"]
	},
"lumen.lieqo_whine_1":{
	"category":"hostile",
	"sounds":["lieqo/whine_1"]
	},
"lumen.skeleton_death_1":{
	"category":"hostile",
	"sounds":["skeleton/death_1"]
	},
"lumen.skeleton_death_2":{
	"category":"hostile",
	"sounds":["skeleton/death_2"]
	},
"lumen.skeleton_hit_1":{
	"category":"hostile",
	"sounds":["skeleton/hit_1"]
	},
"lumen.skeleton_hit_2":{
	"category":"hostile",
	"sounds":["skeleton/hit_2"]
	},
"lumen.skeleton_hit_3":{
	"category":"hostile",
	"sounds":["skeleton/hit_3"]
	},
"lumen.skeleton_spotted":{
	"category":"hostile",
	"sounds":["skeleton/spotted"]
	},
"lumen.tectuaboar_hurt_1":{
	"category":"hostile",
	"sounds":["tectuaboar/hurt_1"]
	},
"lumen.tectuaboar_snort_1":{
	"category":"hostile",
	"sounds":["tectuaboar/snort_1"]
	},
"lumen.custom_acid_splash_1":{
	"category":"hostile",
	"sounds":["custom/acid_splash_1"]
	},
"lumen.custom_beast_snarl":{
	"category":"hostile",
	"sounds":["custom/beast_snarl"]
	},
"lumen.custom_blast_1":{
	"category":"hostile",
	"sounds":["custom/blast_1"]
	},
"lumen.custom_chargeup_1":{
	"category":"hostile",
	"sounds":["custom/chargeup_1"]
	},
"lumen.custom_crystal_smash_1":{
	"category":"hostile",
	"sounds":["custom/crystal_smash_1"]
	},
"lumen.custom_fight_swish_1":{
	"category":"player",
	"sounds":["custom/fight_swish_1"]
	},
"lumen.custom_fight_swish_2":{
	"category":"player",
	"sounds":["custom/fight_swish_2"]
	},
"lumen.custom_magic_1":{
	"category":"player",
	"sounds":["custom/magic_1"]
	},
"lumen.custom_magic_2":{
	"category":"player",
	"sounds":["custom/magic_2"]
	},
"lumen.custom_magic_3":{
	"category":"player",
	"sounds":["custom/magic_3"]
	},
"lumen.custom_magic_4":{
	"category":"player",
	"sounds":["custom/magic_4"]
	},
"lumen.custom_magic_5":{
	"category":"player",
	"sounds":["custom/magic_5"]
	},
"lumen.custom_magic_6":{
	"category":"player",
	"sounds":["custom/magic_6"]
	},
"lumen.custom_magic_aura_1":{
	"category":"player",
	"sounds":["custom/magic_aura_1"]
	},
"lumen.custom_magic_explosion_1":{
	"category":"player",
	"sounds":["custom/magic_explosion_1"]
	},
"lumen.custom_magic_notification_1":{
	"category":"player",
	"sounds":["custom/magic_notification_1"]
	},
"lumen.custom_magic_notification_2":{
	"category":"player",
	"sounds":["custom/magic_notification_2"]
	},
"lumen.custom_magic_notification_3":{
	"category":"player",
	"sounds":["custom/magic_notification_3"]
	},
"lumen.custom_magic_sphere_1":{
	"category":"player",
	"sounds":["custom/magic_sphere_1"]
	},
"lumen.custom_parry_metal_1":{
	"category":"hostile",
	"sounds":["custom/parry_metal_1"]
	},
"lumen.custom_parry_metal_2":{
	"category":"hostile",
	"sounds":["custom/parry_metal_2"]
	},
"lumen.custom_parry_metal_3":{
	"category":"hostile",
	"sounds":["custom/parry_metal_3"]
	},
"lumen.custom_parry_metal_4":{
	"category":"hostile",
	"sounds":["custom/parry_metal_4"]
	},
"lumen.custom_projectile_1":{
	"category":"player",
	"sounds":["custom/projectile_1"]
	},
"lumen.custom_projectile_2":{
	"category":"player",
	"sounds":["custom/projectile_2"]
	},
"lumen.custom_projectile_3":{
	"category":"player",
	"sounds":["custom/projectile_3"]
	},
"lumen.custom_projectile_4":{
	"category":"player",
	"sounds":["custom/projectile_4"]
	},
"lumen.custom_shield_block_1":{
	"category":"hostile",
	"sounds":["custom/shield_block_1"]
	},
"lumen.custom_shield_block_2":{
	"category":"hostile",
	"sounds":["custom/shield_block_2"]
	},
"lumen.custom_shield_block_3":{
	"category":"hostile",
	"sounds":["custom/shield_block_3"]
	},
"lumen.custom_spawn_ground_cobble":{
	"category":"hostile",
	"sounds":["custom/spawn_ground_cobble"]
	},
"lumen.custom_successful_1":{
	"category":"player",
	"sounds":["custom/successful_1"]
	},
"lumen.custom_victory_1":{
	"category":"player",
	"sounds":["custom/victory_1"]
	},
"lumen.custom_whoosh_1":{
	"category":"hostile",
	"sounds":["custom/whoosh_1"]
	},
"lumen.custom_whoosh_2":{
	"category":"hostile",
	"sounds":["custom/whoosh_2"]
	},
"lumen.custom_whoosh_3":{
	"category":"hostile",
	"sounds":["custom/whoosh_3"]
	},
"lumen.custom_whoosh_4":{
	"category":"hostile",
	"sounds":["custom/whoosh_4"]
	},
"lumen.custom_whoosh_5":{
	"category":"hostile",
	"sounds":["custom/whoosh_5"]
	},
"lumen.custom_whoosh_6":{
	"category":"hostile",
	"sounds":["custom/whoosh_6"]
	},
"lumen.custom_oscillate_1":{
	"category":"hostile",
	"sounds":["custom/oscillate_1"]
	},
"lumen.custom_oscillate_2":{
	"category":"hostile",
	"sounds":["custom/oscillate_2"]
	},
"lumen.custom_wind_1":{
	"category":"player",
	"sounds":["custom/wind_1"]
	},
"lumen.custom_rumble_1":{
	"category":"player",
	"sounds":["custom/rumble_1"]
	},
"hum_1tickloop":{
	"category":"player",
	"sounds":["custom/hum_1tickloop"]
	}
}