{
    "textures": {
        "0": "block/plant/fern_small"
    },
    "elements": [
        {
            "from": [
                5,
                6,
                2
            ],
            "to": [
                10,
                6,
                7
            ],
            "rotation": {
                "angle": 22.5,
                "axis": "x",
                "origin": [
                    0,
                    6,
                    7
                ]
            },
            "faces": {
                "up": {
                    "uv": [
                        0,
                        9,
                        5,
                        14
                    ],
                    "texture": "#0",
                    "tintindex": 0
                },
                "down": {
                    "uv": [
                        5,
                        9,
                        0,
                        14
                    ],
                    "rotation": 180,
                    "texture": "#0",
                    "tintindex": 0
                }
            }
        },
        {
            "from": [
                5,
                7.91334,
                -2.61901
            ],
            "to": [
                10,
                7.91334,
                2.38099
            ],
            "rotation": {
                "angle": -22.5,
                "axis": "x",
                "origin": [
                    0,
                    7.91434,
                    2.38099
                ]
            },
            "faces": {
                "up": {
                    "uv": [
                        0,
                        4,
                        5,
                        9
                    ],
                    "texture": "#0",
                    "tintindex": 0
                },
                "down": {
                    "uv": [
                        5,
                        4,
                        0,
                        9
                    ],
                    "rotation": 180,
                    "texture": "#0",
                    "tintindex": 0
                }
            }
        },
        {
            "from": [
                9,
                7,
                6
            ],
            "to": [
                14,
                7,
                11
            ],
            "rotation": {
                "angle": 22.5,
                "axis": "z",
                "origin": [
                    9,
                    7,
                    0
                ]
            },
            "faces": {
                "up": {
                    "uv": [
                        0,
                        9,
                        5,
                        14
                    ],
                    "rotation": 90,
                    "texture": "#0",
                    "tintindex": 0
                },
                "down": {
                    "uv": [
                        5,
                        9,
                        0,
                        14
                    ],
                    "rotation": 90,
                    "texture": "#0",
                    "tintindex": 0
                }
            }
        },
        {
            "from": [
                13.61901,
                8.91334,
                6
            ],
            "to": [
                18.61901,
                8.91334,
                11
            ],
            "rotation": {
                "angle": 0,
                "axis": "y",
                "origin": [
                    5,
                    8.41434,
                    0
                ]
            },
            "faces": {
                "up": {
                    "uv": [
                        0,
                        4,
                        5,
                        9
                    ],
                    "rotation": 90,
                    "texture": "#0",
                    "tintindex": 0
                },
                "down": {
                    "uv": [
                        5,
                        4,
                        0,
                        9
                    ],
                    "rotation": 90,
                    "texture": "#0",
                    "tintindex": 0
                }
            }
        },
        {
            "from": [
                6,
                6,
                6
            ],
            "to": [
                6,
                11,
                11
            ],
            "rotation": {
                "angle": 45,
                "axis": "z",
                "origin": [
                    6,
                    6,
                    0
                ]
            },
            "faces": {
                "east": {
                    "uv": [
                        0,
                        9,
                        5,
                        14
                    ],
                    "texture": "#0",
                    "tintindex": 0
                },
                "west": {
                    "uv": [
                        5,
                        9,
                        0,
                        14
                    ],
                    "texture": "#0",
                    "tintindex": 0
                }
            }
        },
        {
            "from": [
                -3.41029,
                5.73113,
                6
            ],
            "to": [
                1.58971,
                5.73113,
                11
            ],
            "rotation": {
                "angle": -22.5,
                "axis": "z",
                "origin": [
                    11.58971,
                    5.43355,
                    0
                ]
            },
            "faces": {
                "up": {
                    "uv": [
                        0,
                        4,
                        5,
                        9
                    ],
                    "rotation": 270,
                    "texture": "#0",
                    "tintindex": 0
                },
                "down": {
                    "uv": [
                        5,
                        4,
                        0,
                        9
                    ],
                    "rotation": 270,
                    "texture": "#0",
                    "tintindex": 0
                }
            }
        },
        {
            "from": [
                5,
                6,
                10
            ],
            "to": [
                10,
                11,
                10
            ],
            "rotation": {
                "angle": 22.5,
                "axis": "x",
                "origin": [
                    0,
                    6,
                    10
                ]
            },
            "faces": {
                "north": {
                    "uv": [
                        0,
                        9,
                        5,
                        14
                    ],
                    "texture": "#0",
                    "tintindex": 0
                },
                "south": {
                    "uv": [
                        5,
                        9,
                        0,
                        14
                    ],
                    "texture": "#0",
                    "tintindex": 0
                }
            }
        },
        {
            "from": [
                5,
                2.98996,
                18.51332
            ],
            "to": [
                10,
                2.98996,
                23.51332
            ],
            "rotation": {
                "angle": -45,
                "axis": "x",
                "origin": [
                    0,
                    -1.16161,
                    6.00503
                ]
            },
            "faces": {
                "up": {
                    "uv": [
                        0,
                        4,
                        5,
                        9
                    ],
                    "rotation": 180,
                    "texture": "#0",
                    "tintindex": 0
                },
                "down": {
                    "uv": [
                        5,
                        4,
                        0,
                        9
                    ],
                    "texture": "#0",
                    "tintindex": 0
                }
            }
        },
        {
            "from": [
                6,
                3,
                7
            ],
            "to": [
                9,
                6,
                10
            ],
            "faces": {
                "north": {
                    "uv": [
                        1,
                        13,
                        4,
                        16
                    ],
                    "texture": "#0",
                    "tintindex": 0
                },
                "east": {
                    "uv": [
                        1,
                        13,
                        4,
                        16
                    ],
                    "texture": "#0",
                    "tintindex": 0
                },
                "south": {
                    "uv": [
                        1,
                        13,
                        4,
                        16
                    ],
                    "texture": "#0",
                    "tintindex": 0
                },
                "west": {
                    "uv": [
                        1,
                        13,
                        4,
                        16
                    ],
                    "texture": "#0",
                    "tintindex": 0
                }
            }
        },
        {
            "from": [
                9,
                6,
                10
            ],
            "to": [
                6,
                3,
                7
            ],
            "faces": {
                "north": {
                    "uv": [
                        1,
                        16,
                        4,
                        13
                    ],
                    "texture": "#0",
                    "tintindex": 0
                },
                "east": {
                    "uv": [
                        1,
                        16,
                        4,
                        13
                    ],
                    "texture": "#0",
                    "tintindex": 0
                },
                "south": {
                    "uv": [
                        1,
                        16,
                        4,
                        13
                    ],
                    "texture": "#0",
                    "tintindex": 0
                },
                "west": {
                    "uv": [
                        1,
                        16,
                        4,
                        13
                    ],
                    "texture": "#0",
                    "tintindex": 0
                }
            }
        },
        {
            "from": [
                8.99962,
                6.00092,
                8
            ],
            "to": [
                8.99962,
                7.00092,
                9
            ],
            "faces": {
                "east": {
                    "uv": [
                        7,
                        14,
                        8,
                        15
                    ],
                    "texture": "#0",
                    "tintindex": 0
                },
                "west": {
                    "uv": [
                        7,
                        14,
                        8,
                        15
                    ],
                    "texture": "#0",
                    "tintindex": 0
                }
            }
        }
    ]
}