{
    "elements": [
        {
            "from": [
                10,
                8,
                4
            ],
            "to": [
                13,
                12,
                7
            ],
            "faces": {
                "north": {
                    "uv": [
                        3,
                        0,
                        0,
                        4
                    ],
                    "texture": "#0"
                },
                "east": {
                    "uv": [
                        0,
                        0,
                        3,
                        4
                    ],
                    "texture": "#0"
                },
                "south": {
                    "uv": [
                        3,
                        0,
                        0,
                        4
                    ],
                    "texture": "#0"
                },
                "west": {
                    "uv": [
                        0,
                        0,
                        3,
                        4
                    ],
                    "texture": "#0"
                },
                "down": {
                    "uv": [
                        6,
                        0,
                        9,
                        3
                    ],
                    "texture": "#0"
                }
            }
        },
        {
            "from": [
                13,
                12,
                7
            ],
            "to": [
                10,
                8,
                4
            ],
            "faces": {
                "north": {
                    "uv": [
                        3,
                        4,
                        0,
                        0
                    ],
                    "texture": "#0"
                },
                "east": {
                    "uv": [
                        0,
                        4,
                        3,
                        0
                    ],
                    "texture": "#0"
                },
                "south": {
                    "uv": [
                        3,
                        4,
                        0,
                        0
                    ],
                    "texture": "#0"
                },
                "west": {
                    "uv": [
                        0,
                        4,
                        3,
                        0
                    ],
                    "texture": "#0"
                },
                "up": {
                    "uv": [
                        3,
                        3,
                        6,
                        0
                    ],
                    "texture": "#0"
                }
            }
        },
        {
            "from": [
                11,
                0,
                5.5
            ],
            "to": [
                12,
                8,
                5.5
            ],
            "rotation": {
                "angle": 45,
                "axis": "y",
                "origin": [
                    11.5,
                    0,
                    5.5
                ]
            },
            "faces": {
                "north": {
                    "uv": [
                        8,
                        8,
                        9,
                        16
                    ],
                    "texture": "#0"
                },
                "south": {
                    "uv": [
                        8,
                        8,
                        9,
                        16
                    ],
                    "texture": "#0"
                }
            }
        },
        {
            "from": [
                10,
                0,
                5.5
            ],
            "to": [
                13,
                6,
                5.5
            ],
            "rotation": {
                "angle": -22.5,
                "axis": "x",
                "origin": [
                    0,
                    0,
                    5.5
                ]
            },
            "faces": {
                "north": {
                    "uv": [
                        13,
                        10,
                        10,
                        16
                    ],
                    "texture": "#0"
                },
                "south": {
                    "uv": [
                        10,
                        10,
                        13,
                        16
                    ],
                    "texture": "#0"
                }
            }
        },
        {
            "from": [
                10,
                5.54328,
                3.2039
            ],
            "to": [
                13,
                9.54328,
                3.2039
            ],
            "rotation": {
                "angle": -45,
                "axis": "x",
                "origin": [
                    0,
                    5.54328,
                    3.2039
                ]
            },
            "faces": {
                "north": {
                    "uv": [
                        13,
                        6,
                        10,
                        10
                    ],
                    "texture": "#0"
                },
                "south": {
                    "uv": [
                        10,
                        6,
                        13,
                        10
                    ],
                    "texture": "#0"
                }
            }
        },
        {
            "from": [
                9,
                7,
                9
            ],
            "to": [
                12,
                11,
                12
            ],
            "rotation": {
                "angle": 45,
                "axis": "y",
                "origin": [
                    10.5,
                    0,
                    10.5
                ]
            },
            "faces": {
                "north": {
                    "uv": [
                        3,
                        0,
                        0,
                        4
                    ],
                    "texture": "#0"
                },
                "east": {
                    "uv": [
                        0,
                        0,
                        3,
                        4
                    ],
                    "texture": "#0"
                },
                "south": {
                    "uv": [
                        3,
                        0,
                        0,
                        4
                    ],
                    "texture": "#0"
                },
                "west": {
                    "uv": [
                        0,
                        0,
                        3,
                        4
                    ],
                    "texture": "#0"
                },
                "down": {
                    "uv": [
                        6,
                        0,
                        9,
                        3
                    ],
                    "texture": "#0"
                }
            }
        },
        {
            "from": [
                12,
                11,
                12
            ],
            "to": [
                9,
                7,
                9
            ],
            "rotation": {
                "angle": 45,
                "axis": "y",
                "origin": [
                    10.5,
                    0,
                    10.5
                ]
            },
            "faces": {
                "north": {
                    "uv": [
                        3,
                        4,
                        0,
                        0
                    ],
                    "texture": "#0"
                },
                "east": {
                    "uv": [
                        0,
                        4,
                        3,
                        0
                    ],
                    "texture": "#0"
                },
                "south": {
                    "uv": [
                        3,
                        4,
                        0,
                        0
                    ],
                    "texture": "#0"
                },
                "west": {
                    "uv": [
                        0,
                        4,
                        3,
                        0
                    ],
                    "texture": "#0"
                },
                "up": {
                    "uv": [
                        3,
                        3,
                        6,
                        0
                    ],
                    "texture": "#0"
                }
            }
        },
        {
            "from": [
                10.5,
                0,
                10
            ],
            "to": [
                10.5,
                7,
                13
            ],
            "faces": {
                "east": {
                    "uv": [
                        7,
                        9,
                        4,
                        16
                    ],
                    "texture": "#0"
                },
                "west": {
                    "uv": [
                        4,
                        9,
                        7,
                        16
                    ],
                    "texture": "#0"
                }
            }
        },
        {
            "from": [
                6,
                0,
                10.5
            ],
            "to": [
                7,
                6,
                10.5
            ],
            "rotation": {
                "angle": -45,
                "axis": "y",
                "origin": [
                    6.5,
                    0,
                    10.5
                ]
            },
            "faces": {
                "north": {
                    "uv": [
                        9,
                        9,
                        8,
                        15
                    ],
                    "texture": "#0"
                },
                "south": {
                    "uv": [
                        9,
                        9,
                        8,
                        15
                    ],
                    "texture": "#0"
                }
            }
        },
        {
            "from": [
                5,
                6,
                9
            ],
            "to": [
                8,
                10,
                12
            ],
            "faces": {
                "north": {
                    "uv": [
                        0,
                        0,
                        3,
                        4
                    ],
                    "texture": "#0"
                },
                "east": {
                    "uv": [
                        3,
                        0,
                        0,
                        4
                    ],
                    "texture": "#0"
                },
                "south": {
                    "uv": [
                        0,
                        0,
                        3,
                        4
                    ],
                    "texture": "#0"
                },
                "west": {
                    "uv": [
                        3,
                        0,
                        0,
                        4
                    ],
                    "texture": "#0"
                },
                "down": {
                    "uv": [
                        9,
                        0,
                        6,
                        3
                    ],
                    "texture": "#0"
                }
            }
        },
        {
            "from": [
                8,
                10,
                12
            ],
            "to": [
                5,
                6,
                9
            ],
            "faces": {
                "north": {
                    "uv": [
                        0,
                        4,
                        3,
                        0
                    ],
                    "texture": "#0"
                },
                "east": {
                    "uv": [
                        3,
                        4,
                        0,
                        0
                    ],
                    "texture": "#0"
                },
                "south": {
                    "uv": [
                        0,
                        4,
                        3,
                        0
                    ],
                    "texture": "#0"
                },
                "west": {
                    "uv": [
                        3,
                        4,
                        0,
                        0
                    ],
                    "texture": "#0"
                },
                "up": {
                    "uv": [
                        6,
                        3,
                        3,
                        0
                    ],
                    "texture": "#0"
                }
            }
        },
        {
            "from": [
                2.75,
                0,
                3.75
            ],
            "to": [
                6.75,
                7,
                3.75
            ],
            "rotation": {
                "angle": -22.5,
                "axis": "y",
                "origin": [
                    4.25,
                    0,
                    3.75
                ]
            },
            "faces": {
                "north": {
                    "uv": [
                        6,
                        9,
                        10,
                        16
                    ],
                    "texture": "#0"
                },
                "south": {
                    "uv": [
                        10,
                        9,
                        6,
                        16
                    ],
                    "texture": "#0"
                }
            }
        },
        {
            "from": [
                2.75,
                7,
                2.25
            ],
            "to": [
                5.75,
                11,
                5.25
            ],
            "rotation": {
                "angle": 45,
                "axis": "y",
                "origin": [
                    4.25,
                    0,
                    3.75
                ]
            },
            "faces": {
                "north": {
                    "uv": [
                        3,
                        0,
                        0,
                        4
                    ],
                    "texture": "#0"
                },
                "east": {
                    "uv": [
                        0,
                        0,
                        3,
                        4
                    ],
                    "texture": "#0"
                },
                "south": {
                    "uv": [
                        3,
                        0,
                        0,
                        4
                    ],
                    "texture": "#0"
                },
                "west": {
                    "uv": [
                        0,
                        0,
                        3,
                        4
                    ],
                    "texture": "#0"
                },
                "down": {
                    "uv": [
                        6,
                        0,
                        9,
                        3
                    ],
                    "texture": "#0"
                }
            }
        },
        {
            "from": [
                5.75,
                11,
                5.25
            ],
            "to": [
                2.75,
                7,
                2.25
            ],
            "rotation": {
                "angle": 45,
                "axis": "y",
                "origin": [
                    4.25,
                    0,
                    3.75
                ]
            },
            "faces": {
                "north": {
                    "uv": [
                        3,
                        4,
                        0,
                        0
                    ],
                    "texture": "#0"
                },
                "east": {
                    "uv": [
                        0,
                        4,
                        3,
                        0
                    ],
                    "texture": "#0"
                },
                "south": {
                    "uv": [
                        3,
                        4,
                        0,
                        0
                    ],
                    "texture": "#0"
                },
                "west": {
                    "uv": [
                        0,
                        4,
                        3,
                        0
                    ],
                    "texture": "#0"
                },
                "up": {
                    "uv": [
                        3,
                        3,
                        6,
                        0
                    ],
                    "texture": "#0"
                }
            }
        },
        {
            "from": [
                6.5,
                0,
                9
            ],
            "to": [
                6.5,
                5,
                12
            ],
            "rotation": {
                "angle": 22.5,
                "axis": "z",
                "origin": [
                    6.5,
                    0,
                    0
                ]
            },
            "faces": {
                "east": {
                    "uv": [
                        16,
                        11,
                        13,
                        16
                    ],
                    "texture": "#0"
                },
                "west": {
                    "uv": [
                        13,
                        11,
                        16,
                        16
                    ],
                    "texture": "#0"
                }
            }
        },
        {
            "from": [
                4.58658,
                4.6194,
                9
            ],
            "to": [
                4.58658,
                7.6194,
                12
            ],
            "rotation": {
                "angle": 45,
                "axis": "z",
                "origin": [
                    4.58658,
                    4.6194,
                    0
                ]
            },
            "faces": {
                "east": {
                    "uv": [
                        16,
                        8,
                        13,
                        11
                    ],
                    "texture": "#0"
                },
                "west": {
                    "uv": [
                        13,
                        8,
                        16,
                        11
                    ],
                    "texture": "#0"
                }
            }
        },
        {
            "from": [
                3.5,
                0,
                2
            ],
            "to": [
                3.5,
                7,
                4
            ],
            "rotation": {
                "angle": 22.5,
                "axis": "z",
                "origin": [
                    3.5,
                    0,
                    0
                ]
            },
            "faces": {
                "north": {
                    "uv": [
                        0,
                        0,
                        0,
                        7
                    ],
                    "texture": "#0"
                },
                "east": {
                    "uv": [
                        0,
                        9,
                        2,
                        16
                    ],
                    "texture": "#0"
                },
                "south": {
                    "uv": [
                        0,
                        0,
                        0,
                        7
                    ],
                    "texture": "#0"
                },
                "west": {
                    "uv": [
                        2,
                        9,
                        0,
                        16
                    ],
                    "texture": "#0"
                },
                "up": {
                    "uv": [
                        0,
                        0,
                        0,
                        2
                    ],
                    "texture": "#0"
                },
                "down": {
                    "uv": [
                        0,
                        0,
                        0,
                        2
                    ],
                    "texture": "#0"
                }
            }
        }
    ]
}