{
    "parent": "item/generated",
    "textures": {
        "layer0": "item/leather_chestplate",
        "layer1": "item/leather_chestplate_overlay"
    },
    "overrides": [
        {"predicate":{"trim_type":0.1},"model":"item/leather_chestplate_quartz_trim"},
        {"predicate":{"trim_type":0.2},"model":"item/leather_chestplate_iron_trim"},
        {"predicate":{"trim_type":0.3},"model":"item/leather_chestplate_netherite_trim"},
        {"predicate":{"trim_type":0.4},"model":"item/leather_chestplate_redstone_trim"},
        {"predicate":{"trim_type":0.5},"model":"item/leather_chestplate_copper_trim"},
        {"predicate":{"trim_type":0.6},"model":"item/leather_chestplate_gold_trim"},
        {"predicate":{"trim_type":0.7},"model":"item/leather_chestplate_emerald_trim"},
        {"predicate":{"trim_type":0.8},"model":"item/leather_chestplate_diamond_trim"},
        {"predicate":{"trim_type":0.9},"model":"item/leather_chestplate_lapis_trim"},
        {"predicate":{"trim_type":1},"model":"item/leather_chestplate_amethyst_trim"},
        {"predicate":{"custom_model_data":50000},"model":"skill_assets/particle_flash_a"},
        {"predicate":{"custom_model_data":50001},"model":"skill_assets/projectile_cube"},
        {"predicate":{"custom_model_data":50010},"model":"particle/sparkle_0"},
        {"predicate":{"custom_model_data":50011},"model":"particle/sparkle_0_a"},
        {"predicate":{"custom_model_data":50012},"model":"particle/sparkle_0_b"},
        {"predicate":{"custom_model_data":50013},"model":"particle/sparkle_3_a"},
        {"predicate":{"custom_model_data":50014},"model":"particle/sparkle_3_b"},
        {"predicate":{"custom_model_data":50015},"model":"particle/sparkle_3_c"},
        {"predicate":{"custom_model_data":50016},"model":"particle/sparkle_4_a"},
        {"predicate":{"custom_model_data":50017},"model":"particle/sparkle_4_b"},
        {"predicate":{"custom_model_data":50018},"model":"particle/ember_0_a"},
        {"predicate":{"custom_model_data":50019},"model":"particle/ember_0_b"},
        {"predicate":{"custom_model_data":50020},"model":"particle/ember_0_c"},
        {"predicate":{"custom_model_data":50021},"model":"particle/ember_1_a"},
        {"predicate":{"custom_model_data":50022},"model":"particle/ember_1_b"},
        {"predicate":{"custom_model_data":50023},"model":"particle/ember_1_c"},
        {"predicate":{"custom_model_data":51000},"model":"item/helmets/copper_chainmail_coif"},
        {"predicate":{"custom_model_data":51001},"model":"item/helmets/copper_guard_helmet"},
        {"predicate":{"custom_model_data":51002},"model":"item/helmets/copper_bowl_helmet"},
        {"predicate":{"custom_model_data":51003},"model":"item/helmets/copper_bowlchain_helmet"},
        {"predicate":{"custom_model_data":51100},"model":"item/helmets/iron_chainmail_coif"},
        {"predicate":{"custom_model_data":51101},"model":"item/helmets/iron_kettle_helmet"},
        {"predicate":{"custom_model_data":51102},"model":"item/helmets/iron_kettlefull_helmet"},
        {"predicate":{"custom_model_data":51103},"model":"item/helmets/iron_kettlechain_helmet"},
        {"predicate":{"custom_model_data":51200},"model":"item/helmets/steel_chainmail_coif"},
        {"predicate":{"custom_model_data":51201},"model":"item/helmets/steel_conefull_helmet"},
        {"predicate":{"custom_model_data":51202},"model":"item/helmets/steel_cone_helmet"},
        {"predicate":{"custom_model_data":51203},"model":"item/helmets/steel_conechain_helmet"},
        {"predicate":{"custom_model_data":51300},"model":"item/helmets/myrsteel_chainmail_coif"},
        {"predicate":{"custom_model_data":51301},"model":"item/helmets/myrsteel_fullhelm"},
        {"predicate":{"custom_model_data":51302},"model":"item/helmets/myrsteel_cone_helmet"},
        {"predicate":{"custom_model_data":51303},"model":"item/helmets/myrsteel_conechain_helmet"},
        {"predicate":{"custom_model_data":51304},"model":"item/helmets/myrsteel_platehelm"},
        {"predicate":{"custom_model_data":51400},"model":"item/helmets/rensteel_chainmail_coif"},
        {"predicate":{"custom_model_data":51401},"model":"item/helmets/rensteel_fullhelm"},
        {"predicate":{"custom_model_data":51402},"model":"item/helmets/rensteel_cone_helmet"},
        {"predicate":{"custom_model_data":51403},"model":"item/helmets/rensteel_conechain_helmet"},
        {"predicate":{"custom_model_data":51500},"model":"item/helmets/onuviz_chainmail_coif"},
        {"predicate":{"custom_model_data":51501},"model":"item/helmets/onuviz_helmet"},
        {"predicate":{"custom_model_data":51502},"model":"item/helmets/onuviz_chainmail_helmet"},
        {"predicate":{"custom_model_data":51503},"model":"item/helmets/onuviz_fullhelm"},
        {"predicate":{"custom_model_data":51600},"model":"item/helmets/onukesh_celumbral_cap"},
        {"predicate":{"custom_model_data":51601},"model":"item/helmets/onukesh_celumbral_headdress"},
        {"predicate":{"custom_model_data":51602},"model":"item/helmets/onukesh_celumbral_chainmail_helm"},
        {"predicate":{"custom_model_data":51603},"model":"item/helmets/onukesh_celumbral_platehelm"},
        {"predicate":{"custom_model_data":51900},"model":"item/helmets/kiricair_cap"},
        {"predicate":{"custom_model_data":51901},"model":"item/helmets/kiricair_helmet"},
        {"predicate":{"custom_model_data":51902},"model":"item/helmets/kiricair_chainmail_helm"},
        {"predicate":{"custom_model_data":51903},"model":"item/helmets/kiricair_platehelm"},
        {"predicate":{"custom_model_data":54000},"model":"item/helmets/cloth_robe_hood"},
        {"predicate":{"custom_model_data":55000},"model":"item/armor_clothing/head_hat_ithero_1"},
        {"predicate":{"custom_model_data":55001},"model":"item/armor_clothing/head_hat_ithero_2"},
        {"predicate":{"custom_model_data":55002},"model":"item/armor_clothing/head_hat_ithero_3"},
        {"predicate":{"custom_model_data":55003},"model":"item/armor_clothing/head_hat_ithero_4_a"},
        {"predicate":{"custom_model_data":55004},"model":"item/armor_clothing/head_hat_ithero_4_b"},
        {"predicate":{"custom_model_data":55005},"model":"item/armor_clothing/head_hat_ithero_5"},
        {"predicate":{"custom_model_data":55006},"model":"item/armor_clothing/head_hat_ithero_6"},
        {"predicate":{"custom_model_data":55007},"model":"item/armor_clothing/head_hat_ithero_7"},
        {"predicate":{"custom_model_data":55008},"model":"item/armor_clothing/head_hat_straw"},
        {"predicate":{"custom_model_data":55009},"model":"item/armor_clothing/head_hat_001"},
        {"predicate":{"custom_model_data":55010},"model":"item/armor_clothing/head_chef_hat"},
        {"predicate":{"custom_model_data":56000},"model":"item/armor_unique/penumbral_helmet"},
        {"predicate":{"custom_model_data":56001},"model":"item/armor_unique/shadowmantle_hood"},
        {"predicate":{"custom_model_data":56002},"model":"item/armor_clothing/head_selukkite_hood_cloth"},
        {"predicate":{"custom_model_data":60000},"model":"item/cosmetic/santa_hat_1"},
        {"predicate":{"custom_model_data":60001},"model":"item/cosmetic/creatures/cosmetic_hat_kybil"},
        {"predicate":{"custom_model_data":60002},"model":"item/cosmetic/creatures/cosmetic_hat_odikinbeetle"},
        {"predicate":{"custom_model_data":60003},"model":"item/cosmetic/creatures/cosmetic_hat_kukubao"},
        {"predicate":{"custom_model_data":60004},"model":"item/cosmetic/creatures/cosmetic_hat_bone_skull_crown"},
        {"predicate":{"custom_model_data":65000},"model":"item/battery/battery_double_a"},
        {"predicate":{"custom_model_data":65001},"model":"item/battery/battery_nine_volt"},
        {"predicate":{"custom_model_data":65002},"model":"item/battery/battery_twelve_volt"},
        {"predicate":{"custom_model_data":65005},"model":"item/battery/battery_eldranith_cube"},
        {"predicate":{"custom_model_data":300000},"model":"lumenshard/valor_dashing_strike_dash_1"},
        {"predicate":{"custom_model_data":300001},"model":"lumenshard/valor_dashing_strike_dash_2"},
        {"predicate":{"custom_model_data":300002},"model":"lumenshard/valor_dashing_strike_dash_3"},
        {"predicate":{"custom_model_data":300003},"model":"lumenshard/valor_dashing_strike_dash_4"},
        {"predicate":{"custom_model_data":300004},"model":"lumenshard/valor_dashing_strike_dash_5"},
        {"predicate":{"custom_model_data":300005},"model":"lumenshard/valor_dashing_strike_dash_6"},
        {"predicate":{"custom_model_data":300006},"model":"lumenshard/valor_dashing_strike_dash_7"},
        {"predicate":{"custom_model_data":300007},"model":"lumenshard/valor_dashing_strike_dash_8"},
        {"predicate":{"custom_model_data":300008},"model":"lumenshard/valor_dashing_strike_dash_9"},
        {"predicate":{"custom_model_data":300009},"model":"lumenshard/valor_dashing_strike_dash_10"},
        {"predicate":{"custom_model_data":300060},"model":"lumenshard/valor_riposte_activation_1"},
        {"predicate":{"custom_model_data":300061},"model":"lumenshard/valor_riposte_activation_2"},
        {"predicate":{"custom_model_data":300062},"model":"lumenshard/valor_riposte_activation_3"},
        {"predicate":{"custom_model_data":300063},"model":"lumenshard/valor_riposte_activation_4"},
        {"predicate":{"custom_model_data":300064},"model":"lumenshard/valor_riposte_activation_5"},
        {"predicate":{"custom_model_data":300065},"model":"lumenshard/valor_riposte_activation_6"},
        {"predicate":{"custom_model_data":300066},"model":"lumenshard/valor_riposte_activation_7"},
        {"predicate":{"custom_model_data":300067},"model":"lumenshard/valor_riposte_activation_8"},
        {"predicate":{"custom_model_data":300068},"model":"lumenshard/valor_riposte_activation_9"},
        {"predicate":{"custom_model_data":300069},"model":"lumenshard/valor_riposte_activation_10"},
        {"predicate":{"custom_model_data":300070},"model":"lumenshard/valor_riposte_activation_11"},
        {"predicate":{"custom_model_data":300080},"model":"lumenshard/valor_riposte_flourish_1"},
        {"predicate":{"custom_model_data":300081},"model":"lumenshard/valor_riposte_flourish_2"},
        {"predicate":{"custom_model_data":300082},"model":"lumenshard/valor_riposte_flourish_3"},
        {"predicate":{"custom_model_data":300083},"model":"lumenshard/valor_riposte_flourish_4"},
        {"predicate":{"custom_model_data":300084},"model":"lumenshard/valor_riposte_flourish_5"},
        {"predicate":{"custom_model_data":300085},"model":"lumenshard/valor_riposte_flourish_6"},
        {"predicate":{"custom_model_data":300086},"model":"lumenshard/valor_riposte_flourish_7"},
        {"predicate":{"custom_model_data":300087},"model":"lumenshard/valor_riposte_flourish_8"},
        {"predicate":{"custom_model_data":300120},"model":"lumenshard/valor_blade_work_activation_1"},
        {"predicate":{"custom_model_data":300121},"model":"lumenshard/valor_blade_work_activation_2"},
        {"predicate":{"custom_model_data":300122},"model":"lumenshard/valor_blade_work_activation_3"},
        {"predicate":{"custom_model_data":300123},"model":"lumenshard/valor_blade_work_activation_4"},
        {"predicate":{"custom_model_data":300124},"model":"lumenshard/valor_blade_work_activation_5"},
        {"predicate":{"custom_model_data":300125},"model":"lumenshard/valor_blade_work_activation_6"},
        {"predicate":{"custom_model_data":300126},"model":"lumenshard/valor_blade_work_activation_7"},
        {"predicate":{"custom_model_data":300127},"model":"lumenshard/valor_blade_work_activation_8"},
        {"predicate":{"custom_model_data":300128},"model":"lumenshard/valor_blade_work_activation_9"},
        {"predicate":{"custom_model_data":300130},"model":"lumenshard/valor_utmost_attention_activation_1"},
        {"predicate":{"custom_model_data":300131},"model":"lumenshard/valor_utmost_attention_activation_2"},
        {"predicate":{"custom_model_data":300132},"model":"lumenshard/valor_utmost_attention_activation_3"},
        {"predicate":{"custom_model_data":300133},"model":"lumenshard/valor_utmost_attention_activation_4"},
        {"predicate":{"custom_model_data":300134},"model":"lumenshard/valor_utmost_attention_activation_5"},
        {"predicate":{"custom_model_data":300135},"model":"lumenshard/valor_utmost_attention_activation_6"},
        {"predicate":{"custom_model_data":300136},"model":"lumenshard/valor_utmost_attention_activation_7"},
        {"predicate":{"custom_model_data":300150},"model":"lumenshard/valor_piercing_strike_stab_1"},
        {"predicate":{"custom_model_data":300151},"model":"lumenshard/valor_piercing_strike_stab_2"},
        {"predicate":{"custom_model_data":300152},"model":"lumenshard/valor_piercing_strike_stab_3"},
        {"predicate":{"custom_model_data":300153},"model":"lumenshard/valor_piercing_strike_stab_4"},
        {"predicate":{"custom_model_data":300220},"model":"lumenshard/valor_divide_and_conquer_shockwave_1"},
        {"predicate":{"custom_model_data":300221},"model":"lumenshard/valor_divide_and_conquer_shockwave_2"},
        {"predicate":{"custom_model_data":300222},"model":"lumenshard/valor_divide_and_conquer_shockwave_3"},
        {"predicate":{"custom_model_data":300223},"model":"lumenshard/valor_divide_and_conquer_shockwave_4"},
        {"predicate":{"custom_model_data":300224},"model":"lumenshard/valor_divide_and_conquer_shockwave_5"},
        {"predicate":{"custom_model_data":300225},"model":"lumenshard/valor_divide_and_conquer_shockwave_6"},
        {"predicate":{"custom_model_data":300226},"model":"lumenshard/valor_divide_and_conquer_shockwave_7"},
        {"predicate":{"custom_model_data":300227},"model":"lumenshard/valor_divide_and_conquer_shockwave_8"},
        {"predicate":{"custom_model_data":300228},"model":"lumenshard/valor_divide_and_conquer_shockwave_9"},
        {"predicate":{"custom_model_data":301000},"model":"lumenshard/resonance_shared_devotion_ring_1"},
        {"predicate":{"custom_model_data":301001},"model":"lumenshard/resonance_shared_devotion_ring_2"},
        {"predicate":{"custom_model_data":301002},"model":"lumenshard/resonance_shared_devotion_ring_3"},
        {"predicate":{"custom_model_data":301003},"model":"lumenshard/resonance_shared_devotion_ring_4"},
        {"predicate":{"custom_model_data":301004},"model":"lumenshard/resonance_shared_devotion_ring_5"},
        {"predicate":{"custom_model_data":301005},"model":"lumenshard/resonance_shared_devotion_ring_6"},
        {"predicate":{"custom_model_data":301006},"model":"lumenshard/resonance_shared_devotion_ring_7"},
        {"predicate":{"custom_model_data":301007},"model":"lumenshard/resonance_shared_devotion_ring_8"},
        {"predicate":{"custom_model_data":301008},"model":"lumenshard/resonance_shared_devotion_ring_9"},
        {"predicate":{"custom_model_data":301009},"model":"lumenshard/resonance_shared_devotion_ring_10"},
        {"predicate":{"custom_model_data":301010},"model":"lumenshard/resonance_shared_devotion_ring_11"},
        {"predicate":{"custom_model_data":301011},"model":"lumenshard/resonance_shared_devotion_ring_12"},
        {"predicate":{"custom_model_data":301012},"model":"lumenshard/resonance_shared_devotion_ring_13"},
        {"predicate":{"custom_model_data":301013},"model":"lumenshard/resonance_shared_devotion_ring_14"},
        {"predicate":{"custom_model_data":301014},"model":"lumenshard/resonance_shared_devotion_ring_15"},
        {"predicate":{"custom_model_data":301015},"model":"lumenshard/resonance_shared_devotion_ring_16"},
        {"predicate":{"custom_model_data":301016},"model":"lumenshard/resonance_shared_devotion_ring_17"},
        {"predicate":{"custom_model_data":301017},"model":"lumenshard/resonance_shared_devotion_ring_18"},
        {"predicate":{"custom_model_data":301018},"model":"lumenshard/resonance_shared_devotion_ring_19"},
        {"predicate":{"custom_model_data":301019},"model":"lumenshard/resonance_shared_devotion_ring_20"},
        {"predicate":{"custom_model_data":301020},"model":"lumenshard/resonance_shared_devotion_ring_21"},
        {"predicate":{"custom_model_data":301021},"model":"lumenshard/resonance_shared_devotion_ring_22"},
        {"predicate":{"custom_model_data":301040},"model":"lumenshard/resonance_piercing_tone_shout_1"},
        {"predicate":{"custom_model_data":301041},"model":"lumenshard/resonance_piercing_tone_shout_2"},
        {"predicate":{"custom_model_data":301042},"model":"lumenshard/resonance_piercing_tone_shout_3"},
        {"predicate":{"custom_model_data":301043},"model":"lumenshard/resonance_piercing_tone_shout_4"},
        {"predicate":{"custom_model_data":301044},"model":"lumenshard/resonance_piercing_tone_shout_5"},
        {"predicate":{"custom_model_data":301045},"model":"lumenshard/resonance_piercing_tone_shout_6"},
        {"predicate":{"custom_model_data":301046},"model":"lumenshard/resonance_piercing_tone_shout_7"},
        {"predicate":{"custom_model_data":301047},"model":"lumenshard/resonance_piercing_tone_shout_8"},
        {"predicate":{"custom_model_data":301048},"model":"lumenshard/resonance_piercing_tone_shout_9"},
        {"predicate":{"custom_model_data":301049},"model":"lumenshard/resonance_piercing_tone_shout_10"},
        {"predicate":{"custom_model_data":301080},"model":"lumenshard/resonance_war_cant_rings_1"},
        {"predicate":{"custom_model_data":301081},"model":"lumenshard/resonance_war_cant_rings_2"},
        {"predicate":{"custom_model_data":301082},"model":"lumenshard/resonance_war_cant_rings_3"},
        {"predicate":{"custom_model_data":301083},"model":"lumenshard/resonance_war_cant_rings_4"},
        {"predicate":{"custom_model_data":301140},"model":"lumenshard/resonance_helpful_hymn_magic_circle_1"},
        {"predicate":{"custom_model_data":301141},"model":"lumenshard/resonance_helpful_hymn_magic_circle_2"},
        {"predicate":{"custom_model_data":301142},"model":"lumenshard/resonance_helpful_hymn_magic_circle_3"},
        {"predicate":{"custom_model_data":301143},"model":"lumenshard/resonance_helpful_hymn_magic_circle_4"},
        {"predicate":{"custom_model_data":301144},"model":"lumenshard/resonance_helpful_hymn_magic_circle_5"},
        {"predicate":{"custom_model_data":301145},"model":"lumenshard/resonance_helpful_hymn_magic_circle_6"},
        {"predicate":{"custom_model_data":301160},"model":"lumenshard/resonance_helpful_hymn_rings_1"},
        {"predicate":{"custom_model_data":301161},"model":"lumenshard/resonance_helpful_hymn_rings_2"},
        {"predicate":{"custom_model_data":301162},"model":"lumenshard/resonance_helpful_hymn_rings_3"},
        {"predicate":{"custom_model_data":301163},"model":"lumenshard/resonance_helpful_hymn_rings_4"},
        {"predicate":{"custom_model_data":301164},"model":"lumenshard/resonance_helpful_hymn_rings_5"},
        {"predicate":{"custom_model_data":301165},"model":"lumenshard/resonance_helpful_hymn_rings_6"},
        {"predicate":{"custom_model_data":301170},"model":"lumenshard/resonance_booming_bellow_activation_1"},
        {"predicate":{"custom_model_data":301171},"model":"lumenshard/resonance_booming_bellow_activation_2"},
        {"predicate":{"custom_model_data":301172},"model":"lumenshard/resonance_booming_bellow_activation_3"},
        {"predicate":{"custom_model_data":301173},"model":"lumenshard/resonance_booming_bellow_activation_4"},
        {"predicate":{"custom_model_data":301174},"model":"lumenshard/resonance_booming_bellow_activation_5"},
        {"predicate":{"custom_model_data":301175},"model":"lumenshard/resonance_booming_bellow_activation_6"},
        {"predicate":{"custom_model_data":301176},"model":"lumenshard/resonance_booming_bellow_activation_7"},
        {"predicate":{"custom_model_data":301177},"model":"lumenshard/resonance_booming_bellow_activation_8"},
        {"predicate":{"custom_model_data":301178},"model":"lumenshard/resonance_booming_bellow_activation_9"},
        {"predicate":{"custom_model_data":301179},"model":"lumenshard/resonance_booming_bellow_activation_10"},
        {"predicate":{"custom_model_data":301230},"model":"lumenshard/resonance_lullaby_activation_1"},
        {"predicate":{"custom_model_data":301231},"model":"lumenshard/resonance_lullaby_activation_2"},
        {"predicate":{"custom_model_data":301232},"model":"lumenshard/resonance_lullaby_activation_3"},
        {"predicate":{"custom_model_data":301233},"model":"lumenshard/resonance_lullaby_activation_4"},
        {"predicate":{"custom_model_data":301234},"model":"lumenshard/resonance_lullaby_activation_5"},
        {"predicate":{"custom_model_data":301235},"model":"lumenshard/resonance_lullaby_activation_6"},
        {"predicate":{"custom_model_data":301236},"model":"lumenshard/resonance_lullaby_activation_7"},
        {"predicate":{"custom_model_data":301237},"model":"lumenshard/resonance_lullaby_activation_8"},
        {"predicate":{"custom_model_data":301238},"model":"lumenshard/resonance_lullaby_activation_9"},
        {"predicate":{"custom_model_data":301239},"model":"lumenshard/resonance_lullaby_activation_10"},
        {"predicate":{"custom_model_data":301240},"model":"lumenshard/resonance_lullaby_activation_11"},
        {"predicate":{"custom_model_data":301241},"model":"lumenshard/resonance_lullaby_activation_12"},
        {"predicate":{"custom_model_data":301242},"model":"lumenshard/resonance_lullaby_activation_13"},
        {"predicate":{"custom_model_data":301243},"model":"lumenshard/resonance_lullaby_activation_14"},
        {"predicate":{"custom_model_data":301244},"model":"lumenshard/resonance_lullaby_activation_15"},
        {"predicate":{"custom_model_data":301245},"model":"lumenshard/resonance_lullaby_activation_16"},
        {"predicate":{"custom_model_data":301246},"model":"lumenshard/resonance_lullaby_activation_17"},
        {"predicate":{"custom_model_data":301247},"model":"lumenshard/resonance_lullaby_activation_18"},
        {"predicate":{"custom_model_data":301248},"model":"lumenshard/resonance_lullaby_activation_19"},
        {"predicate":{"custom_model_data":301249},"model":"lumenshard/resonance_lullaby_activation_20"},
        {"predicate":{"custom_model_data":301280},"model":"lumenshard/resonance_boundless_ballad_charge_1"},
        {"predicate":{"custom_model_data":301281},"model":"lumenshard/resonance_boundless_ballad_charge_2"},
        {"predicate":{"custom_model_data":301282},"model":"lumenshard/resonance_boundless_ballad_charge_3"},
        {"predicate":{"custom_model_data":301283},"model":"lumenshard/resonance_boundless_ballad_charge_4"},
        {"predicate":{"custom_model_data":301284},"model":"lumenshard/resonance_boundless_ballad_charge_5"},
        {"predicate":{"custom_model_data":301285},"model":"lumenshard/resonance_boundless_ballad_charge_6"},
        {"predicate":{"custom_model_data":301286},"model":"lumenshard/resonance_boundless_ballad_charge_7"},
        {"predicate":{"custom_model_data":301287},"model":"lumenshard/resonance_boundless_ballad_charge_8"},
        {"predicate":{"custom_model_data":301288},"model":"lumenshard/resonance_boundless_ballad_charge_9"},
        {"predicate":{"custom_model_data":301289},"model":"lumenshard/resonance_boundless_ballad_charge_10"},
        {"predicate":{"custom_model_data":301290},"model":"lumenshard/resonance_boundless_ballad_charge_11"},
        {"predicate":{"custom_model_data":301291},"model":"lumenshard/resonance_boundless_ballad_charge_12"},
        {"predicate":{"custom_model_data":301292},"model":"lumenshard/resonance_boundless_ballad_charge_13"},
        {"predicate":{"custom_model_data":301293},"model":"lumenshard/resonance_boundless_ballad_charge_14"},
        {"predicate":{"custom_model_data":301294},"model":"lumenshard/resonance_boundless_ballad_charge_15"},
        {"predicate":{"custom_model_data":301295},"model":"lumenshard/resonance_boundless_ballad_charge_16"},
        {"predicate":{"custom_model_data":301296},"model":"lumenshard/resonance_boundless_ballad_charge_17"},
        {"predicate":{"custom_model_data":301297},"model":"lumenshard/resonance_boundless_ballad_charge_18"},
        {"predicate":{"custom_model_data":301300},"model":"lumenshard/resonance_boundless_ballad_impact_1"},
        {"predicate":{"custom_model_data":301301},"model":"lumenshard/resonance_boundless_ballad_impact_2"},
        {"predicate":{"custom_model_data":301302},"model":"lumenshard/resonance_boundless_ballad_impact_3"},
        {"predicate":{"custom_model_data":301303},"model":"lumenshard/resonance_boundless_ballad_impact_4"},
        {"predicate":{"custom_model_data":301304},"model":"lumenshard/resonance_boundless_ballad_impact_5"},
        {"predicate":{"custom_model_data":301305},"model":"lumenshard/resonance_boundless_ballad_impact_6"},
        {"predicate":{"custom_model_data":301306},"model":"lumenshard/resonance_boundless_ballad_impact_7"},
        {"predicate":{"custom_model_data":301307},"model":"lumenshard/resonance_boundless_ballad_impact_8"},
        {"predicate":{"custom_model_data":301308},"model":"lumenshard/resonance_boundless_ballad_impact_9"},
        {"predicate":{"custom_model_data":301309},"model":"lumenshard/resonance_boundless_ballad_impact_10"},
        {"predicate":{"custom_model_data":301310},"model":"lumenshard/resonance_boundless_ballad_impact_11"},
        {"predicate":{"custom_model_data":301311},"model":"lumenshard/resonance_boundless_ballad_impact_12"},
        {"predicate":{"custom_model_data":301320},"model":"lumenshard/resonance_boundless_ballad_persistent_1"},
        {"predicate":{"custom_model_data":301321},"model":"lumenshard/resonance_boundless_ballad_persistent_2"},
        {"predicate":{"custom_model_data":301322},"model":"lumenshard/resonance_boundless_ballad_persistent_3"},
        {"predicate":{"custom_model_data":301323},"model":"lumenshard/resonance_boundless_ballad_persistent_4"},
        {"predicate":{"custom_model_data":301324},"model":"lumenshard/resonance_boundless_ballad_persistent_5"},
        {"predicate":{"custom_model_data":301325},"model":"lumenshard/resonance_boundless_ballad_persistent_6"},
        {"predicate":{"custom_model_data":301326},"model":"lumenshard/resonance_boundless_ballad_persistent_7"},
        {"predicate":{"custom_model_data":301327},"model":"lumenshard/resonance_boundless_ballad_persistent_8"},
        {"predicate":{"custom_model_data":301328},"model":"lumenshard/resonance_boundless_ballad_persistent_9"},
        {"predicate":{"custom_model_data":301329},"model":"lumenshard/resonance_boundless_ballad_persistent_10"},
        {"predicate":{"custom_model_data":301330},"model":"lumenshard/resonance_boundless_ballad_persistent_11"},
        {"predicate":{"custom_model_data":301331},"model":"lumenshard/resonance_boundless_ballad_persistent_12"},
        {"predicate":{"custom_model_data":301332},"model":"lumenshard/resonance_boundless_ballad_persistent_13"},
        {"predicate":{"custom_model_data":301333},"model":"lumenshard/resonance_boundless_ballad_persistent_14"},
        {"predicate":{"custom_model_data":301335},"model":"lumenshard/resonance_glimmer_star_blue_1"},
        {"predicate":{"custom_model_data":301336},"model":"lumenshard/resonance_glimmer_star_blue_2"},
        {"predicate":{"custom_model_data":301337},"model":"lumenshard/resonance_glimmer_star_blue_3"},
        {"predicate":{"custom_model_data":302000},"model":"lumenshard/daring_one_man_army_proc_1"},
        {"predicate":{"custom_model_data":302001},"model":"lumenshard/daring_one_man_army_proc_2"},
        {"predicate":{"custom_model_data":302002},"model":"lumenshard/daring_one_man_army_proc_3"},
        {"predicate":{"custom_model_data":302003},"model":"lumenshard/daring_one_man_army_proc_4"},
        {"predicate":{"custom_model_data":302004},"model":"lumenshard/daring_one_man_army_proc_5"},
        {"predicate":{"custom_model_data":302005},"model":"lumenshard/daring_one_man_army_proc_6"},
        {"predicate":{"custom_model_data":302006},"model":"lumenshard/daring_one_man_army_proc_7"},
        {"predicate":{"custom_model_data":302007},"model":"lumenshard/daring_one_man_army_proc_8"},
        {"predicate":{"custom_model_data":302008},"model":"lumenshard/daring_one_man_army_proc_9"},
        {"predicate":{"custom_model_data":302009},"model":"lumenshard/daring_one_man_army_proc_10"},
        {"predicate":{"custom_model_data":302010},"model":"lumenshard/daring_one_man_army_proc_11"},
        {"predicate":{"custom_model_data":302011},"model":"lumenshard/daring_one_man_army_proc_12"},
        {"predicate":{"custom_model_data":302012},"model":"lumenshard/daring_one_man_army_proc_13"},
        {"predicate":{"custom_model_data":302013},"model":"lumenshard/daring_one_man_army_proc_14"},
        {"predicate":{"custom_model_data":302014},"model":"lumenshard/daring_one_man_army_proc_15"},
        {"predicate":{"custom_model_data":302015},"model":"lumenshard/daring_one_man_army_proc_16"},
        {"predicate":{"custom_model_data":302016},"model":"lumenshard/daring_one_man_army_proc_17"},
        {"predicate":{"custom_model_data":302017},"model":"lumenshard/daring_one_man_army_proc_18"},
        {"predicate":{"custom_model_data":302080},"model":"lumenshard/daring_sinful_shadow_vanish_1"},
        {"predicate":{"custom_model_data":302081},"model":"lumenshard/daring_sinful_shadow_vanish_2"},
        {"predicate":{"custom_model_data":302082},"model":"lumenshard/daring_sinful_shadow_vanish_3"},
        {"predicate":{"custom_model_data":302083},"model":"lumenshard/daring_sinful_shadow_vanish_4"},
        {"predicate":{"custom_model_data":302084},"model":"lumenshard/daring_sinful_shadow_vanish_5"},
        {"predicate":{"custom_model_data":302085},"model":"lumenshard/daring_sinful_shadow_vanish_6"},
        {"predicate":{"custom_model_data":302086},"model":"lumenshard/daring_sinful_shadow_vanish_7"},
        {"predicate":{"custom_model_data":302087},"model":"lumenshard/daring_sinful_shadow_vanish_8"},
        {"predicate":{"custom_model_data":302100},"model":"lumenshard/daring_sliding_slash_wind_1"},
        {"predicate":{"custom_model_data":302101},"model":"lumenshard/daring_sliding_slash_wind_2"},
        {"predicate":{"custom_model_data":302102},"model":"lumenshard/daring_sliding_slash_wind_3"},
        {"predicate":{"custom_model_data":302103},"model":"lumenshard/daring_sliding_slash_wind_4"},
        {"predicate":{"custom_model_data":302104},"model":"lumenshard/daring_sliding_slash_wind_5"},
        {"predicate":{"custom_model_data":302105},"model":"lumenshard/daring_sliding_slash_wind_6"},
        {"predicate":{"custom_model_data":302106},"model":"lumenshard/daring_sliding_slash_wind_7"},
        {"predicate":{"custom_model_data":302107},"model":"lumenshard/daring_sliding_slash_wind_8"},
        {"predicate":{"custom_model_data":302108},"model":"lumenshard/daring_sliding_slash_wind_9"},
        {"predicate":{"custom_model_data":302109},"model":"lumenshard/daring_sliding_slash_wind_10"},
        {"predicate":{"custom_model_data":302110},"model":"lumenshard/daring_sliding_slash_wind_11"},
        {"predicate":{"custom_model_data":302111},"model":"lumenshard/daring_sliding_slash_wind_12"},
        {"predicate":{"custom_model_data":302112},"model":"lumenshard/daring_sliding_slash_wind_13"},
        {"predicate":{"custom_model_data":302113},"model":"lumenshard/daring_sliding_slash_wind_14"},
        {"predicate":{"custom_model_data":302114},"model":"lumenshard/daring_sliding_slash_wind_15"},
        {"predicate":{"custom_model_data":302160},"model":"lumenshard/daring_death_from_above_blast_1"},
        {"predicate":{"custom_model_data":302161},"model":"lumenshard/daring_death_from_above_blast_2"},
        {"predicate":{"custom_model_data":302162},"model":"lumenshard/daring_death_from_above_blast_3"},
        {"predicate":{"custom_model_data":302163},"model":"lumenshard/daring_death_from_above_blast_4"},
        {"predicate":{"custom_model_data":302164},"model":"lumenshard/daring_death_from_above_blast_5"},
        {"predicate":{"custom_model_data":302165},"model":"lumenshard/daring_death_from_above_blast_6"},
        {"predicate":{"custom_model_data":302166},"model":"lumenshard/daring_death_from_above_blast_7"},
        {"predicate":{"custom_model_data":302167},"model":"lumenshard/daring_death_from_above_blast_8"},
        {"predicate":{"custom_model_data":302168},"model":"lumenshard/daring_death_from_above_blast_9"},
        {"predicate":{"custom_model_data":302169},"model":"lumenshard/daring_death_from_above_blast_10"},
        {"predicate":{"custom_model_data":302170},"model":"lumenshard/daring_death_from_above_blast_11"},
        {"predicate":{"custom_model_data":302171},"model":"lumenshard/daring_death_from_above_blast_12"},
        {"predicate":{"custom_model_data":302172},"model":"lumenshard/daring_death_from_above_blast_13"},
        {"predicate":{"custom_model_data":302173},"model":"lumenshard/daring_death_from_above_blast_14"},
        {"predicate":{"custom_model_data":302180},"model":"lumenshard/daring_death_from_above_shockwave_1"},
        {"predicate":{"custom_model_data":302181},"model":"lumenshard/daring_death_from_above_shockwave_2"},
        {"predicate":{"custom_model_data":302182},"model":"lumenshard/daring_death_from_above_shockwave_3"},
        {"predicate":{"custom_model_data":302183},"model":"lumenshard/daring_death_from_above_shockwave_4"},
        {"predicate":{"custom_model_data":302184},"model":"lumenshard/daring_death_from_above_shockwave_5"},
        {"predicate":{"custom_model_data":302185},"model":"lumenshard/daring_death_from_above_shockwave_6"},
        {"predicate":{"custom_model_data":302186},"model":"lumenshard/daring_death_from_above_shockwave_7"},
        {"predicate":{"custom_model_data":302187},"model":"lumenshard/daring_death_from_above_shockwave_8"},
        {"predicate":{"custom_model_data":302188},"model":"lumenshard/daring_death_from_above_shockwave_9"},
        {"predicate":{"custom_model_data":302189},"model":"lumenshard/daring_death_from_above_shockwave_10"},
        {"predicate":{"custom_model_data":302190},"model":"lumenshard/daring_death_from_above_shockwave_11"},
        {"predicate":{"custom_model_data":302191},"model":"lumenshard/daring_death_from_above_shockwave_12"},
        {"predicate":{"custom_model_data":302192},"model":"lumenshard/daring_death_from_above_shockwave_13"},
        {"predicate":{"custom_model_data":302193},"model":"lumenshard/daring_death_from_above_shockwave_14"},
        {"predicate":{"custom_model_data":302194},"model":"lumenshard/daring_death_from_above_shockwave_15"},
        {"predicate":{"custom_model_data":302195},"model":"lumenshard/daring_death_from_above_shockwave_16"},
        {"predicate":{"custom_model_data":302196},"model":"lumenshard/daring_death_from_above_shockwave_17"},
        {"predicate":{"custom_model_data":302197},"model":"lumenshard/daring_death_from_above_shockwave_18"},
        {"predicate":{"custom_model_data":302198},"model":"lumenshard/daring_death_from_above_shockwave_19"},
        {"predicate":{"custom_model_data":302199},"model":"lumenshard/daring_death_from_above_shockwave_20"},
        {"predicate":{"custom_model_data":302300},"model":"lumenshard/daring_lock_and_load_activation_1"},
        {"predicate":{"custom_model_data":302301},"model":"lumenshard/daring_lock_and_load_activation_2"},
        {"predicate":{"custom_model_data":302302},"model":"lumenshard/daring_lock_and_load_activation_3"},
        {"predicate":{"custom_model_data":302303},"model":"lumenshard/daring_lock_and_load_activation_4"},
        {"predicate":{"custom_model_data":302304},"model":"lumenshard/daring_lock_and_load_activation_5"},
        {"predicate":{"custom_model_data":302305},"model":"lumenshard/daring_lock_and_load_activation_6"},
        {"predicate":{"custom_model_data":302306},"model":"lumenshard/daring_lock_and_load_activation_7"},
        {"predicate":{"custom_model_data":302307},"model":"lumenshard/daring_lock_and_load_activation_8"},
        {"predicate":{"custom_model_data":302308},"model":"lumenshard/daring_lock_and_load_activation_9"},
        {"predicate":{"custom_model_data":302309},"model":"lumenshard/daring_lock_and_load_activation_10"},
        {"predicate":{"custom_model_data":302310},"model":"lumenshard/daring_lock_and_load_activation_11"},
        {"predicate":{"custom_model_data":302315},"model":"lumenshard/daring_lock_and_load_muzzle_flash_1"},
        {"predicate":{"custom_model_data":302316},"model":"lumenshard/daring_lock_and_load_muzzle_flash_2"},
        {"predicate":{"custom_model_data":302317},"model":"lumenshard/daring_lock_and_load_muzzle_flash_3"},
        {"predicate":{"custom_model_data":302318},"model":"lumenshard/daring_lock_and_load_muzzle_flash_4"},
        {"predicate":{"custom_model_data":302319},"model":"lumenshard/daring_lock_and_load_muzzle_flash_5"},
        {"predicate":{"custom_model_data":302320},"model":"lumenshard/daring_lock_and_load_muzzle_flash_6"},
        {"predicate":{"custom_model_data":302321},"model":"lumenshard/daring_lock_and_load_muzzle_flash_7"},
        {"predicate":{"custom_model_data":302322},"model":"lumenshard/daring_lock_and_load_muzzle_flash_8"},
        {"predicate":{"custom_model_data":302323},"model":"lumenshard/daring_lock_and_load_muzzle_flash_9"},
        {"predicate":{"custom_model_data":302324},"model":"lumenshard/daring_lock_and_load_muzzle_flash_10"},
        {"predicate":{"custom_model_data":303160},"model":"lumenshard/command_mountain_heart_bonus_armor_1"},
        {"predicate":{"custom_model_data":303161},"model":"lumenshard/command_mountain_heart_bonus_armor_2"},
        {"predicate":{"custom_model_data":303162},"model":"lumenshard/command_mountain_heart_bonus_armor_3"},
        {"predicate":{"custom_model_data":303163},"model":"lumenshard/command_mountain_heart_bonus_armor_4"},
        {"predicate":{"custom_model_data":303164},"model":"lumenshard/command_mountain_heart_bonus_armor_5"},
        {"predicate":{"custom_model_data":303165},"model":"lumenshard/command_mountain_heart_bonus_armor_6"},
        {"predicate":{"custom_model_data":303166},"model":"lumenshard/command_mountain_heart_bonus_armor_7"},
        {"predicate":{"custom_model_data":303167},"model":"lumenshard/command_mountain_heart_bonus_armor_8"},
        {"predicate":{"custom_model_data":303168},"model":"lumenshard/command_mountain_heart_bonus_armor_9"},
        {"predicate":{"custom_model_data":303169},"model":"lumenshard/command_mountain_heart_bonus_armor_10"},
        {"predicate":{"custom_model_data":303170},"model":"lumenshard/command_mountain_heart_bonus_armor_11"},
        {"predicate":{"custom_model_data":303171},"model":"lumenshard/command_mountain_heart_bonus_armor_12"},
        {"predicate":{"custom_model_data":303180},"model":"lumenshard/command_hammer_down_impact_1"},
        {"predicate":{"custom_model_data":303181},"model":"lumenshard/command_hammer_down_impact_2"},
        {"predicate":{"custom_model_data":303182},"model":"lumenshard/command_hammer_down_impact_3"},
        {"predicate":{"custom_model_data":303183},"model":"lumenshard/command_hammer_down_impact_4"},
        {"predicate":{"custom_model_data":303184},"model":"lumenshard/command_hammer_down_impact_5"},
        {"predicate":{"custom_model_data":303185},"model":"lumenshard/command_hammer_down_impact_6"},
        {"predicate":{"custom_model_data":303186},"model":"lumenshard/command_hammer_down_impact_7"},
        {"predicate":{"custom_model_data":303187},"model":"lumenshard/command_hammer_down_impact_8"},
        {"predicate":{"custom_model_data":303188},"model":"lumenshard/command_hammer_down_impact_9"},
        {"predicate":{"custom_model_data":303189},"model":"lumenshard/command_hammer_down_impact_10"},
        {"predicate":{"custom_model_data":303190},"model":"lumenshard/command_hammer_down_impact_11"},
        {"predicate":{"custom_model_data":303191},"model":"lumenshard/command_hammer_down_impact_12"},
        {"predicate":{"custom_model_data":303192},"model":"lumenshard/command_hammer_down_impact_13"},
        {"predicate":{"custom_model_data":303200},"model":"lumenshard/command_rescue_flourish_1"},
        {"predicate":{"custom_model_data":303201},"model":"lumenshard/command_rescue_flourish_2"},
        {"predicate":{"custom_model_data":303202},"model":"lumenshard/command_rescue_flourish_3"},
        {"predicate":{"custom_model_data":303203},"model":"lumenshard/command_rescue_flourish_4"},
        {"predicate":{"custom_model_data":303204},"model":"lumenshard/command_rescue_flourish_5"},
        {"predicate":{"custom_model_data":303205},"model":"lumenshard/command_rescue_flourish_6"},
        {"predicate":{"custom_model_data":303206},"model":"lumenshard/command_rescue_flourish_7"},
        {"predicate":{"custom_model_data":303207},"model":"lumenshard/command_rescue_flourish_8"},
        {"predicate":{"custom_model_data":303208},"model":"lumenshard/command_rescue_flourish_9"},
        {"predicate":{"custom_model_data":303209},"model":"lumenshard/command_rescue_flourish_10"},
        {"predicate":{"custom_model_data":303210},"model":"lumenshard/command_rescue_flourish_11"},
        {"predicate":{"custom_model_data":303211},"model":"lumenshard/command_rescue_flourish_12"},
        {"predicate":{"custom_model_data":304040},"model":"lumenshard/fury_punch_impact_1"},
        {"predicate":{"custom_model_data":304041},"model":"lumenshard/fury_punch_impact_2"},
        {"predicate":{"custom_model_data":304042},"model":"lumenshard/fury_punch_impact_3"},
        {"predicate":{"custom_model_data":304043},"model":"lumenshard/fury_punch_impact_4"},
        {"predicate":{"custom_model_data":304045},"model":"lumenshard/fury_flame_trail_1"},
        {"predicate":{"custom_model_data":304046},"model":"lumenshard/fury_flame_trail_2"},
        {"predicate":{"custom_model_data":304047},"model":"lumenshard/fury_flame_trail_3"},
        {"predicate":{"custom_model_data":304048},"model":"lumenshard/fury_flame_trail_4"},
        {"predicate":{"custom_model_data":304049},"model":"lumenshard/fury_flame_trail_5"},
        {"predicate":{"custom_model_data":304050},"model":"lumenshard/fury_flame_trail_6"},
        {"predicate":{"custom_model_data":304051},"model":"lumenshard/fury_flame_trail_7"},
        {"predicate":{"custom_model_data":304052},"model":"lumenshard/fury_flame_trail_8"},
        {"predicate":{"custom_model_data":304053},"model":"lumenshard/fury_flame_trail_9"},
        {"predicate":{"custom_model_data":304054},"model":"lumenshard/fury_flame_trail_10"},
        {"predicate":{"custom_model_data":304055},"model":"lumenshard/fury_flame_trail_11"},
        {"predicate":{"custom_model_data":304056},"model":"lumenshard/fury_flame_trail_12"},
        {"predicate":{"custom_model_data":304100},"model":"lumenshard/fury_power_surge_flames_1"},
        {"predicate":{"custom_model_data":304101},"model":"lumenshard/fury_power_surge_flames_2"},
        {"predicate":{"custom_model_data":304102},"model":"lumenshard/fury_power_surge_flames_3"},
        {"predicate":{"custom_model_data":304103},"model":"lumenshard/fury_power_surge_flames_4"},
        {"predicate":{"custom_model_data":304104},"model":"lumenshard/fury_power_surge_flames_5"},
        {"predicate":{"custom_model_data":304105},"model":"lumenshard/fury_power_surge_flames_6"},
        {"predicate":{"custom_model_data":304106},"model":"lumenshard/fury_power_surge_flames_7"},
        {"predicate":{"custom_model_data":304107},"model":"lumenshard/fury_power_surge_flames_8"},
        {"predicate":{"custom_model_data":304108},"model":"lumenshard/fury_power_surge_flames_9"},
        {"predicate":{"custom_model_data":304109},"model":"lumenshard/fury_power_surge_flames_10"},
        {"predicate":{"custom_model_data":304110},"model":"lumenshard/fury_power_surge_flames_11"},
        {"predicate":{"custom_model_data":304111},"model":"lumenshard/fury_power_surge_flames_12"},
        {"predicate":{"custom_model_data":304112},"model":"lumenshard/fury_power_surge_flames_13"},
        {"predicate":{"custom_model_data":304113},"model":"lumenshard/fury_power_surge_flames_14"},
        {"predicate":{"custom_model_data":304114},"model":"lumenshard/fury_power_surge_flames_15"},
        {"predicate":{"custom_model_data":304115},"model":"lumenshard/fury_power_surge_flames_16"},
        {"predicate":{"custom_model_data":304120},"model":"lumenshard/fury_kohroc_punch_impact_1"},
        {"predicate":{"custom_model_data":304121},"model":"lumenshard/fury_kohroc_punch_impact_2"},
        {"predicate":{"custom_model_data":304122},"model":"lumenshard/fury_kohroc_punch_impact_3"},
        {"predicate":{"custom_model_data":304123},"model":"lumenshard/fury_kohroc_punch_impact_4"},
        {"predicate":{"custom_model_data":304124},"model":"lumenshard/fury_kohroc_punch_impact_5"},
        {"predicate":{"custom_model_data":304125},"model":"lumenshard/fury_kohroc_punch_impact_6"},
        {"predicate":{"custom_model_data":304126},"model":"lumenshard/fury_kohroc_punch_impact_7"},
        {"predicate":{"custom_model_data":304127},"model":"lumenshard/fury_kohroc_punch_impact_8"},
        {"predicate":{"custom_model_data":304128},"model":"lumenshard/fury_kohroc_punch_impact_9"},
        {"predicate":{"custom_model_data":305050},"model":"lumenshard/enigma_casting_ring_1"},
        {"predicate":{"custom_model_data":305051},"model":"lumenshard/enigma_casting_ring_2"},
        {"predicate":{"custom_model_data":305052},"model":"lumenshard/enigma_casting_ring_3"},
        {"predicate":{"custom_model_data":305053},"model":"lumenshard/enigma_casting_ring_4"},
        {"predicate":{"custom_model_data":305060},"model":"lumenshard/enigma_runestorm_winds_1"},
        {"predicate":{"custom_model_data":305061},"model":"lumenshard/enigma_runestorm_winds_2"},
        {"predicate":{"custom_model_data":305062},"model":"lumenshard/enigma_runestorm_winds_3"},
        {"predicate":{"custom_model_data":305063},"model":"lumenshard/enigma_runestorm_winds_4"},
        {"predicate":{"custom_model_data":305064},"model":"lumenshard/enigma_runestorm_winds_5"},
        {"predicate":{"custom_model_data":305065},"model":"lumenshard/enigma_runestorm_winds_6"},
        {"predicate":{"custom_model_data":305066},"model":"lumenshard/enigma_runestorm_winds_7"},
        {"predicate":{"custom_model_data":305200},"model":"lumenshard/enigma_blinkshift_tear_1"},
        {"predicate":{"custom_model_data":305201},"model":"lumenshard/enigma_blinkshift_tear_2"},
        {"predicate":{"custom_model_data":305202},"model":"lumenshard/enigma_blinkshift_tear_3"},
        {"predicate":{"custom_model_data":305203},"model":"lumenshard/enigma_blinkshift_tear_4"},
        {"predicate":{"custom_model_data":305300},"model":"lumenshard/enigma_rune_rupture_ring_1"},
        {"predicate":{"custom_model_data":305301},"model":"lumenshard/enigma_rune_rupture_ring_2"},
        {"predicate":{"custom_model_data":305302},"model":"lumenshard/enigma_rune_rupture_ring_3"},
        {"predicate":{"custom_model_data":310000},"model":"lumenshard/generic_vanishing_ring_1"},
        {"predicate":{"custom_model_data":310001},"model":"lumenshard/generic_vanishing_ring_2"},
        {"predicate":{"custom_model_data":310002},"model":"lumenshard/generic_vanishing_ring_3"},
        {"predicate":{"custom_model_data":310003},"model":"lumenshard/generic_vanishing_ring_4"},
        {"predicate":{"custom_model_data":310004},"model":"lumenshard/generic_vanishing_ring_5"},
        {"predicate":{"custom_model_data":310005},"model":"lumenshard/generic_vanishing_ring_6"},
        {"predicate":{"custom_model_data":310006},"model":"lumenshard/generic_vanishing_ring_7"},
        {"predicate":{"custom_model_data":310007},"model":"lumenshard/generic_vanishing_ring_8"},
        {"predicate":{"custom_model_data":310008},"model":"lumenshard/generic_vanishing_ring_9"},
        {"predicate":{"custom_model_data":310009},"model":"lumenshard/generic_vanishing_ring_10"},
        {"predicate":{"custom_model_data":310010},"model":"lumenshard/generic_vanishing_ring_11"},
        {"predicate":{"custom_model_data":310011},"model":"lumenshard/generic_vanishing_ring_12"},
        {"predicate":{"custom_model_data":310012},"model":"lumenshard/generic_vanishing_ring_13"},
        {"predicate":{"custom_model_data":310013},"model":"lumenshard/generic_vanishing_ring_14"},
        {"predicate":{"custom_model_data":310014},"model":"lumenshard/generic_vanishing_ring_15"},
        {"predicate":{"custom_model_data":310015},"model":"lumenshard/generic_vanishing_ring_16"},
        {"predicate":{"custom_model_data":310016},"model":"lumenshard/generic_vanishing_ring_17"},
        {"predicate":{"custom_model_data":310017},"model":"lumenshard/generic_vanishing_ring_18"},
        {"predicate":{"custom_model_data":310018},"model":"lumenshard/generic_vanishing_ring_19"},
        {"predicate":{"custom_model_data":310019},"model":"lumenshard/generic_vanishing_ring_20"},
        {"predicate":{"custom_model_data":310020},"model":"lumenshard/generic_vanishing_ring_21"},
        {"predicate":{"custom_model_data":310021},"model":"lumenshard/generic_vanishing_ring_22"},
        {"predicate":{"custom_model_data":310022},"model":"lumenshard/generic_vanishing_ring_23"},
        {"predicate":{"custom_model_data":310023},"model":"lumenshard/generic_vanishing_ring_24"},
        {"predicate":{"custom_model_data":310024},"model":"lumenshard/generic_vanishing_ring_25"},
        {"predicate":{"custom_model_data":310025},"model":"lumenshard/generic_vanishing_ring_26"},
        {"predicate":{"custom_model_data":310026},"model":"lumenshard/generic_vanishing_ring_27"},
        {"predicate":{"custom_model_data":310027},"model":"lumenshard/generic_vanishing_ring_28"},
        {"predicate":{"custom_model_data":310028},"model":"lumenshard/generic_vanishing_ring_29"},
        {"predicate":{"custom_model_data":310029},"model":"lumenshard/generic_vanishing_ring_30"},
        {"predicate":{"custom_model_data":310030},"model":"lumenshard/generic_vanishing_ring_31"},
        {"predicate":{"custom_model_data":310031},"model":"lumenshard/generic_vanishing_ring_32"},
        {"predicate":{"custom_model_data":310032},"model":"lumenshard/generic_vanishing_ring_33"},
        {"predicate":{"custom_model_data":310035},"model":"lumenshard/generic_small_slash_1"},
        {"predicate":{"custom_model_data":310036},"model":"lumenshard/generic_small_slash_2"},
        {"predicate":{"custom_model_data":310037},"model":"lumenshard/generic_small_slash_3"},
        {"predicate":{"custom_model_data":310038},"model":"lumenshard/generic_small_slash_4"},
        {"predicate":{"custom_model_data":310039},"model":"lumenshard/generic_small_slash_5"},
        {"predicate":{"custom_model_data":310040},"model":"lumenshard/generic_small_slash_6"},
        {"predicate":{"custom_model_data":310041},"model":"lumenshard/generic_small_slash_7"},
        {"predicate":{"custom_model_data":310042},"model":"lumenshard/generic_small_slash_8"},
        {"predicate":{"custom_model_data":310043},"model":"lumenshard/generic_small_slash_9"},
        {"predicate":{"custom_model_data":310044},"model":"lumenshard/generic_small_slash_10"},
        {"predicate":{"custom_model_data":310045},"model":"lumenshard/generic_small_slash_11"},
        {"predicate":{"custom_model_data":310046},"model":"lumenshard/generic_small_slash_12"},
        {"predicate":{"custom_model_data":310047},"model":"lumenshard/generic_small_slash_13"},
        {"predicate":{"custom_model_data":310048},"model":"lumenshard/generic_small_slash_14"},
        {"predicate":{"custom_model_data":310049},"model":"lumenshard/generic_small_slash_15"},
        {"predicate":{"custom_model_data":310050},"model":"lumenshard/generic_small_slash_16"},
        {"predicate":{"custom_model_data":310051},"model":"lumenshard/generic_small_slash_17"},
        {"predicate":{"custom_model_data":310052},"model":"lumenshard/generic_small_slash_18"},
        {"predicate":{"custom_model_data":310053},"model":"lumenshard/generic_small_slash_19"},
        {"predicate":{"custom_model_data":310054},"model":"lumenshard/generic_small_slash_20"},
        {"predicate":{"custom_model_data":310055},"model":"lumenshard/generic_small_slash_21"},
        {"predicate":{"custom_model_data":310060},"model":"lumenshard/generic_sparks_out_1"},
        {"predicate":{"custom_model_data":310060},"model":"lumenshard/generic_sparks_out_1"},
        {"predicate":{"custom_model_data":310061},"model":"lumenshard/generic_sparks_out_2"},
        {"predicate":{"custom_model_data":310061},"model":"lumenshard/generic_sparks_out_2"},
        {"predicate":{"custom_model_data":310062},"model":"lumenshard/generic_sparks_out_3"},
        {"predicate":{"custom_model_data":310062},"model":"lumenshard/generic_sparks_out_3"},
        {"predicate":{"custom_model_data":310063},"model":"lumenshard/generic_sparks_out_4"},
        {"predicate":{"custom_model_data":310063},"model":"lumenshard/generic_sparks_out_4"},
        {"predicate":{"custom_model_data":310064},"model":"lumenshard/generic_sparks_out_5"},
        {"predicate":{"custom_model_data":310064},"model":"lumenshard/generic_sparks_out_5"},
        {"predicate":{"custom_model_data":310065},"model":"lumenshard/generic_sparks_out_6"},
        {"predicate":{"custom_model_data":310065},"model":"lumenshard/generic_sparks_out_6"},
        {"predicate":{"custom_model_data":310066},"model":"lumenshard/generic_sparks_out_7"},
        {"predicate":{"custom_model_data":310066},"model":"lumenshard/generic_sparks_out_7"},
        {"predicate":{"custom_model_data":310067},"model":"lumenshard/generic_sparks_out_8"},
        {"predicate":{"custom_model_data":310067},"model":"lumenshard/generic_sparks_out_8"},
        {"predicate":{"custom_model_data":310068},"model":"lumenshard/generic_sparks_out_9"},
        {"predicate":{"custom_model_data":310068},"model":"lumenshard/generic_sparks_out_9"},
        {"predicate":{"custom_model_data":310069},"model":"lumenshard/generic_sparks_out_10"},
        {"predicate":{"custom_model_data":310069},"model":"lumenshard/generic_sparks_out_10"},
        {"predicate":{"custom_model_data":310070},"model":"lumenshard/generic_sparks_out_11"},
        {"predicate":{"custom_model_data":310070},"model":"lumenshard/generic_sparks_out_11"},
        {"predicate":{"custom_model_data":310071},"model":"lumenshard/generic_sparks_out_12"},
        {"predicate":{"custom_model_data":310071},"model":"lumenshard/generic_sparks_out_12"},
        {"predicate":{"custom_model_data":310072},"model":"lumenshard/generic_sparks_out_13"},
        {"predicate":{"custom_model_data":310072},"model":"lumenshard/generic_sparks_out_13"},
        {"predicate":{"custom_model_data":310073},"model":"lumenshard/generic_sparks_out_14"},
        {"predicate":{"custom_model_data":310073},"model":"lumenshard/generic_sparks_out_14"},
        {"predicate":{"custom_model_data":310074},"model":"lumenshard/generic_sparks_out_15"},
        {"predicate":{"custom_model_data":310074},"model":"lumenshard/generic_sparks_out_15"},
        {"predicate":{"custom_model_data":310075},"model":"lumenshard/generic_sparks_out_16"},
        {"predicate":{"custom_model_data":310075},"model":"lumenshard/generic_sparks_out_16"},
        {"predicate":{"custom_model_data":310076},"model":"lumenshard/generic_sparks_out_17"},
        {"predicate":{"custom_model_data":310076},"model":"lumenshard/generic_sparks_out_17"},
        {"predicate":{"custom_model_data":310077},"model":"lumenshard/generic_sparks_out_18"},
        {"predicate":{"custom_model_data":310077},"model":"lumenshard/generic_sparks_out_18"},
        {"predicate":{"custom_model_data":310078},"model":"lumenshard/generic_sparks_out_19"},
        {"predicate":{"custom_model_data":310078},"model":"lumenshard/generic_sparks_out_19"},
        {"predicate":{"custom_model_data":310079},"model":"lumenshard/generic_sparks_out_20"},
        {"predicate":{"custom_model_data":310079},"model":"lumenshard/generic_sparks_out_20"},
        {"predicate":{"custom_model_data":310080},"model":"lumenshard/generic_sparks_out_21"},
        {"predicate":{"custom_model_data":310080},"model":"lumenshard/generic_sparks_out_21"},
        {"predicate":{"custom_model_data":310081},"model":"lumenshard/generic_sparks_out_22"},
        {"predicate":{"custom_model_data":310081},"model":"lumenshard/generic_sparks_out_22"},
        {"predicate":{"custom_model_data":310082},"model":"lumenshard/generic_sparks_out_23"},
        {"predicate":{"custom_model_data":310082},"model":"lumenshard/generic_sparks_out_23"},
        {"predicate":{"custom_model_data":310083},"model":"lumenshard/generic_sparks_out_24"},
        {"predicate":{"custom_model_data":310083},"model":"lumenshard/generic_sparks_out_24"},
        {"predicate":{"custom_model_data":310084},"model":"lumenshard/generic_sparks_out_25"},
        {"predicate":{"custom_model_data":310084},"model":"lumenshard/generic_sparks_out_25"},
        {"predicate":{"custom_model_data":310085},"model":"lumenshard/generic_sparks_out_26"},
        {"predicate":{"custom_model_data":310085},"model":"lumenshard/generic_sparks_out_26"},
        {"predicate":{"custom_model_data":310086},"model":"lumenshard/generic_sparks_out_27"},
        {"predicate":{"custom_model_data":310086},"model":"lumenshard/generic_sparks_out_27"},
        {"predicate":{"custom_model_data":310087},"model":"lumenshard/generic_sparks_out_28"},
        {"predicate":{"custom_model_data":310087},"model":"lumenshard/generic_sparks_out_28"},
        {"predicate":{"custom_model_data":310088},"model":"lumenshard/generic_sparks_out_29"},
        {"predicate":{"custom_model_data":310088},"model":"lumenshard/generic_sparks_out_29"},
        {"predicate":{"custom_model_data":310089},"model":"lumenshard/generic_sparks_out_30"},
        {"predicate":{"custom_model_data":310089},"model":"lumenshard/generic_sparks_out_30"},
        {"predicate":{"custom_model_data":310090},"model":"lumenshard/generic_sparks_out_31"},
        {"predicate":{"custom_model_data":310090},"model":"lumenshard/generic_sparks_out_31"},
        {"predicate":{"custom_model_data":310091},"model":"lumenshard/generic_sparks_out_32"},
        {"predicate":{"custom_model_data":310091},"model":"lumenshard/generic_sparks_out_32"},
        {"predicate":{"custom_model_data":310092},"model":"lumenshard/generic_sparks_out_33"},
        {"predicate":{"custom_model_data":310092},"model":"lumenshard/generic_sparks_out_33"},
        {"predicate":{"custom_model_data":310093},"model":"lumenshard/generic_sparks_out_34"},
        {"predicate":{"custom_model_data":310093},"model":"lumenshard/generic_sparks_out_34"},
        {"predicate":{"custom_model_data":310094},"model":"lumenshard/generic_sparks_out_35"},
        {"predicate":{"custom_model_data":310094},"model":"lumenshard/generic_sparks_out_35"},
        {"predicate":{"custom_model_data":310095},"model":"lumenshard/generic_sparks_out_36"},
        {"predicate":{"custom_model_data":310095},"model":"lumenshard/generic_sparks_out_36"},
        {"predicate":{"custom_model_data":310100},"model":"lumenshard/generic_sparks_out_1"},
        {"predicate":{"custom_model_data":310100},"model":"lumenshard/generic_smoke_pulse_cross_1"},
        {"predicate":{"custom_model_data":310101},"model":"lumenshard/generic_sparks_out_2"},
        {"predicate":{"custom_model_data":310101},"model":"lumenshard/generic_smoke_pulse_cross_2"},
        {"predicate":{"custom_model_data":310102},"model":"lumenshard/generic_sparks_out_3"},
        {"predicate":{"custom_model_data":310102},"model":"lumenshard/generic_smoke_pulse_cross_3"},
        {"predicate":{"custom_model_data":310103},"model":"lumenshard/generic_sparks_out_4"},
        {"predicate":{"custom_model_data":310103},"model":"lumenshard/generic_smoke_pulse_cross_4"},
        {"predicate":{"custom_model_data":310104},"model":"lumenshard/generic_sparks_out_5"},
        {"predicate":{"custom_model_data":310104},"model":"lumenshard/generic_smoke_pulse_cross_5"},
        {"predicate":{"custom_model_data":310105},"model":"lumenshard/generic_sparks_out_6"},
        {"predicate":{"custom_model_data":310105},"model":"lumenshard/generic_smoke_pulse_cross_6"},
        {"predicate":{"custom_model_data":310106},"model":"lumenshard/generic_sparks_out_7"},
        {"predicate":{"custom_model_data":310106},"model":"lumenshard/generic_smoke_pulse_cross_7"},
        {"predicate":{"custom_model_data":310107},"model":"lumenshard/generic_sparks_out_8"},
        {"predicate":{"custom_model_data":310107},"model":"lumenshard/generic_smoke_pulse_cross_8"},
        {"predicate":{"custom_model_data":310108},"model":"lumenshard/generic_sparks_out_9"},
        {"predicate":{"custom_model_data":310108},"model":"lumenshard/generic_smoke_pulse_cross_9"},
        {"predicate":{"custom_model_data":310109},"model":"lumenshard/generic_sparks_out_10"},
        {"predicate":{"custom_model_data":310109},"model":"lumenshard/generic_smoke_pulse_cross_10"},
        {"predicate":{"custom_model_data":310110},"model":"lumenshard/generic_sparks_out_11"},
        {"predicate":{"custom_model_data":310110},"model":"lumenshard/generic_smoke_pulse_cross_11"},
        {"predicate":{"custom_model_data":310111},"model":"lumenshard/generic_sparks_out_12"},
        {"predicate":{"custom_model_data":310111},"model":"lumenshard/generic_smoke_pulse_cross_12"},
        {"predicate":{"custom_model_data":310115},"model":"lumenshard/generic_smoke_radial_1"},
        {"predicate":{"custom_model_data":310116},"model":"lumenshard/generic_smoke_radial_2"},
        {"predicate":{"custom_model_data":310117},"model":"lumenshard/generic_smoke_radial_3"},
        {"predicate":{"custom_model_data":310118},"model":"lumenshard/generic_smoke_radial_4"},
        {"predicate":{"custom_model_data":310119},"model":"lumenshard/generic_smoke_radial_5"},
        {"predicate":{"custom_model_data":310120},"model":"lumenshard/generic_smoke_radial_6"},
        {"predicate":{"custom_model_data":310121},"model":"lumenshard/generic_smoke_radial_7"},
        {"predicate":{"custom_model_data":310122},"model":"lumenshard/generic_smoke_radial_8"},
        {"predicate":{"custom_model_data":310123},"model":"lumenshard/generic_smoke_radial_9"},
        {"predicate":{"custom_model_data":310124},"model":"lumenshard/generic_smoke_radial_10"},
        {"predicate":{"custom_model_data":310125},"model":"lumenshard/generic_smoke_radial_11"},
        {"predicate":{"custom_model_data":310130},"model":"lumenshard/generic_gold_rising_effect_1"},
        {"predicate":{"custom_model_data":310131},"model":"lumenshard/generic_gold_rising_effect_2"},
        {"predicate":{"custom_model_data":310132},"model":"lumenshard/generic_gold_rising_effect_3"},
        {"predicate":{"custom_model_data":310133},"model":"lumenshard/generic_gold_rising_effect_4"},
        {"predicate":{"custom_model_data":310134},"model":"lumenshard/generic_gold_rising_effect_5"},
        {"predicate":{"custom_model_data":310135},"model":"lumenshard/generic_gold_rising_effect_6"},
        {"predicate":{"custom_model_data":310136},"model":"lumenshard/generic_gold_rising_effect_7"},
        {"predicate":{"custom_model_data":310137},"model":"lumenshard/generic_gold_rising_effect_8"},
        {"predicate":{"custom_model_data":310138},"model":"lumenshard/generic_gold_rising_effect_9"},
        {"predicate":{"custom_model_data":310139},"model":"lumenshard/generic_gold_rising_effect_10"},
        {"predicate":{"custom_model_data":310140},"model":"lumenshard/generic_gold_rising_effect_11"},
        {"predicate":{"custom_model_data":310141},"model":"lumenshard/generic_gold_rising_effect_12"},
        {"predicate":{"custom_model_data":310142},"model":"lumenshard/generic_gold_rising_effect_13"},
        {"predicate":{"custom_model_data":310165},"model":"lumenshard/generic_healing_stars_1"},
        {"predicate":{"custom_model_data":310166},"model":"lumenshard/generic_healing_stars_2"},
        {"predicate":{"custom_model_data":310167},"model":"lumenshard/generic_healing_stars_3"},
        {"predicate":{"custom_model_data":310168},"model":"lumenshard/generic_healing_stars_4"},
        {"predicate":{"custom_model_data":310169},"model":"lumenshard/generic_healing_stars_5"},
        {"predicate":{"custom_model_data":310170},"model":"lumenshard/generic_healing_stars_6"},
        {"predicate":{"custom_model_data":310171},"model":"lumenshard/generic_healing_stars_7"},
        {"predicate":{"custom_model_data":310172},"model":"lumenshard/generic_healing_stars_8"},
        {"predicate":{"custom_model_data":310173},"model":"lumenshard/generic_healing_stars_9"},
        {"predicate":{"custom_model_data":310174},"model":"lumenshard/generic_healing_stars_10"},
        {"predicate":{"custom_model_data":310175},"model":"lumenshard/generic_healing_stars_11"},
        {"predicate":{"custom_model_data":310176},"model":"lumenshard/generic_healing_stars_12"},
        {"predicate":{"custom_model_data":310180},"model":"lumenshard/generic_note_particle_1"},
        {"predicate":{"custom_model_data":310185},"model":"lumenshard/generic_heavy_indicator_1"},
        {"predicate":{"custom_model_data":310185},"model":"lumenshard/generic_heavy_indicator_1"},
        {"predicate":{"custom_model_data":310185},"model":"lumenshard/generic_heavy_indicator_1"},
        {"predicate":{"custom_model_data":310185},"model":"lumenshard/generic_heavy_indicator_1"},
        {"predicate":{"custom_model_data":310186},"model":"lumenshard/generic_heavy_indicator_2"},
        {"predicate":{"custom_model_data":310186},"model":"lumenshard/generic_heavy_indicator_2"},
        {"predicate":{"custom_model_data":310186},"model":"lumenshard/generic_heavy_indicator_2"},
        {"predicate":{"custom_model_data":310186},"model":"lumenshard/generic_heavy_indicator_2"},
        {"predicate":{"custom_model_data":310187},"model":"lumenshard/generic_heavy_indicator_3"},
        {"predicate":{"custom_model_data":310187},"model":"lumenshard/generic_heavy_indicator_3"},
        {"predicate":{"custom_model_data":310187},"model":"lumenshard/generic_heavy_indicator_3"},
        {"predicate":{"custom_model_data":310187},"model":"lumenshard/generic_heavy_indicator_3"},
        {"predicate":{"custom_model_data":310188},"model":"lumenshard/generic_heavy_indicator_4"},
        {"predicate":{"custom_model_data":310188},"model":"lumenshard/generic_heavy_indicator_4"},
        {"predicate":{"custom_model_data":310188},"model":"lumenshard/generic_heavy_indicator_4"},
        {"predicate":{"custom_model_data":310188},"model":"lumenshard/generic_heavy_indicator_4"},
        {"predicate":{"custom_model_data":310189},"model":"lumenshard/generic_heavy_indicator_5"},
        {"predicate":{"custom_model_data":310189},"model":"lumenshard/generic_heavy_indicator_5"},
        {"predicate":{"custom_model_data":310189},"model":"lumenshard/generic_heavy_indicator_5"},
        {"predicate":{"custom_model_data":310189},"model":"lumenshard/generic_heavy_indicator_5"},
        {"predicate":{"custom_model_data":310190},"model":"lumenshard/generic_heavy_indicator_6"},
        {"predicate":{"custom_model_data":310190},"model":"lumenshard/generic_heavy_indicator_6"},
        {"predicate":{"custom_model_data":310191},"model":"lumenshard/generic_heavy_indicator_7"},
        {"predicate":{"custom_model_data":310191},"model":"lumenshard/generic_heavy_indicator_7"},
        {"predicate":{"custom_model_data":310192},"model":"lumenshard/generic_heavy_indicator_8"},
        {"predicate":{"custom_model_data":310192},"model":"lumenshard/generic_heavy_indicator_8"},
        {"predicate":{"custom_model_data":310193},"model":"lumenshard/generic_heavy_indicator_9"},
        {"predicate":{"custom_model_data":310193},"model":"lumenshard/generic_heavy_indicator_9"},
        {"predicate":{"custom_model_data":310194},"model":"lumenshard/generic_heavy_indicator_10"},
        {"predicate":{"custom_model_data":310194},"model":"lumenshard/generic_heavy_indicator_10"},
        {"predicate":{"custom_model_data":310195},"model":"lumenshard/generic_heavy_indicator_11"},
        {"predicate":{"custom_model_data":310195},"model":"lumenshard/generic_heavy_indicator_11"},
        {"predicate":{"custom_model_data":310195},"model":"lumenshard/generic_smoke_wisps_1"},
        {"predicate":{"custom_model_data":310196},"model":"lumenshard/generic_smoke_wisps_2"},
        {"predicate":{"custom_model_data":310197},"model":"lumenshard/generic_smoke_wisps_3"},
        {"predicate":{"custom_model_data":310198},"model":"lumenshard/generic_smoke_wisps_4"},
        {"predicate":{"custom_model_data":310199},"model":"lumenshard/generic_smoke_wisps_5"},
        {"predicate":{"custom_model_data":310200},"model":"lumenshard/generic_smoke_wisps_6"},
        {"predicate":{"custom_model_data":310201},"model":"lumenshard/generic_smoke_wisps_7"},
        {"predicate":{"custom_model_data":310202},"model":"lumenshard/generic_smoke_wisps_8"},
        {"predicate":{"custom_model_data":310203},"model":"lumenshard/generic_smoke_wisps_9"},
        {"predicate":{"custom_model_data":310204},"model":"lumenshard/generic_smoke_wisps_10"},
        {"predicate":{"custom_model_data":310205},"model":"lumenshard/generic_smoke_wisps_11"},
        {"predicate":{"custom_model_data":310210},"model":"lumenshard/generic_spark_burst_1"},
        {"predicate":{"custom_model_data":310211},"model":"lumenshard/generic_spark_burst_2"},
        {"predicate":{"custom_model_data":310212},"model":"lumenshard/generic_spark_burst_3"},
        {"predicate":{"custom_model_data":310213},"model":"lumenshard/generic_spark_burst_4"},
        {"predicate":{"custom_model_data":310214},"model":"lumenshard/generic_spark_burst_5"},
        {"predicate":{"custom_model_data":310215},"model":"lumenshard/generic_spark_burst_6"},
        {"predicate":{"custom_model_data":310216},"model":"lumenshard/generic_spark_burst_7"},
        {"predicate":{"custom_model_data":310217},"model":"lumenshard/generic_spark_burst_8"},
        {"predicate":{"custom_model_data":310220},"model":"lumenshard/generic_rising_sparks_1"},
        {"predicate":{"custom_model_data":310221},"model":"lumenshard/generic_rising_sparks_2"},
        {"predicate":{"custom_model_data":310222},"model":"lumenshard/generic_rising_sparks_3"},
        {"predicate":{"custom_model_data":310223},"model":"lumenshard/generic_rising_sparks_4"},
        {"predicate":{"custom_model_data":310224},"model":"lumenshard/generic_rising_sparks_5"},
        {"predicate":{"custom_model_data":310225},"model":"lumenshard/generic_rising_sparks_6"},
        {"predicate":{"custom_model_data":310226},"model":"lumenshard/generic_rising_sparks_7"},
        {"predicate":{"custom_model_data":310227},"model":"lumenshard/generic_rising_sparks_8"},
        {"predicate":{"custom_model_data":310228},"model":"lumenshard/generic_rising_sparks_9"},
        {"predicate":{"custom_model_data":310229},"model":"lumenshard/generic_rising_sparks_10"},
        {"predicate":{"custom_model_data":310230},"model":"lumenshard/generic_rising_sparks_11"},
        {"predicate":{"custom_model_data":310231},"model":"lumenshard/generic_rising_sparks_12"},
        {"predicate":{"custom_model_data":310232},"model":"lumenshard/generic_rising_sparks_13"},
        {"predicate":{"custom_model_data":310233},"model":"lumenshard/generic_rising_sparks_14"},
        {"predicate":{"custom_model_data":310234},"model":"lumenshard/generic_rising_sparks_15"},
        {"predicate":{"custom_model_data":310235},"model":"lumenshard/generic_rising_sparks_16"},
        {"predicate":{"custom_model_data":310236},"model":"lumenshard/generic_rising_sparks_17"},
        {"predicate":{"custom_model_data":310237},"model":"lumenshard/generic_rising_sparks_18"},
        {"predicate":{"custom_model_data":310238},"model":"lumenshard/generic_rising_sparks_19"},
        {"predicate":{"custom_model_data":310239},"model":"lumenshard/generic_rising_sparks_20"},
        {"predicate":{"custom_model_data":310240},"model":"lumenshard/generic_flame_projectile_1"},
        {"predicate":{"custom_model_data":310241},"model":"lumenshard/generic_flame_projectile_2"},
        {"predicate":{"custom_model_data":310242},"model":"lumenshard/generic_flame_projectile_3"},
        {"predicate":{"custom_model_data":310243},"model":"lumenshard/generic_flame_projectile_4"},
        {"predicate":{"custom_model_data":310244},"model":"lumenshard/generic_flame_projectile_5"},
        {"predicate":{"custom_model_data":310245},"model":"lumenshard/generic_flame_projectile_6"},
        {"predicate":{"custom_model_data":310246},"model":"lumenshard/generic_flame_projectile_7"},
        {"predicate":{"custom_model_data":310247},"model":"lumenshard/generic_flame_projectile_8"},
        {"predicate":{"custom_model_data":310248},"model":"lumenshard/generic_flame_projectile_9"},
        {"predicate":{"custom_model_data":310249},"model":"lumenshard/generic_flame_projectile_10"},
        {"predicate":{"custom_model_data":310255},"model":"lumenshard/generic_explosion_double_1"},
        {"predicate":{"custom_model_data":310256},"model":"lumenshard/generic_explosion_double_2"},
        {"predicate":{"custom_model_data":310257},"model":"lumenshard/generic_explosion_double_3"},
        {"predicate":{"custom_model_data":310258},"model":"lumenshard/generic_explosion_double_4"},
        {"predicate":{"custom_model_data":310259},"model":"lumenshard/generic_explosion_double_5"},
        {"predicate":{"custom_model_data":310260},"model":"lumenshard/generic_explosion_double_6"},
        {"predicate":{"custom_model_data":310261},"model":"lumenshard/generic_explosion_double_7"},
        {"predicate":{"custom_model_data":310262},"model":"lumenshard/generic_explosion_double_8"},
        {"predicate":{"custom_model_data":310263},"model":"lumenshard/generic_explosion_double_9"},
        {"predicate":{"custom_model_data":310264},"model":"lumenshard/generic_explosion_double_10"},
        {"predicate":{"custom_model_data":310270},"model":"lumenshard/generic_radial_out_gray_1"},
        {"predicate":{"custom_model_data":310271},"model":"lumenshard/generic_radial_out_gray_2"},
        {"predicate":{"custom_model_data":310272},"model":"lumenshard/generic_radial_out_gray_3"},
        {"predicate":{"custom_model_data":310273},"model":"lumenshard/generic_radial_out_gray_4"},
        {"predicate":{"custom_model_data":310274},"model":"lumenshard/generic_radial_out_gray_5"},
        {"predicate":{"custom_model_data":310275},"model":"lumenshard/generic_radial_out_gray_6"},
        {"predicate":{"custom_model_data":310276},"model":"lumenshard/generic_radial_out_gray_7"},
        {"predicate":{"custom_model_data":310277},"model":"lumenshard/generic_radial_out_gray_8"},
        {"predicate":{"custom_model_data":310278},"model":"lumenshard/generic_radial_out_gray_9"},
        {"predicate":{"custom_model_data":310279},"model":"lumenshard/generic_radial_out_gray_10"},
        {"predicate":{"custom_model_data":310285},"model":"lumenshard/generic_translucent_circle_1"}
    ]
}