{
    "textures": {
        "1": "block/iron_block",
        "particle": "block/iron_bars",
        "edge": "block/iron_bars"
    },
    "elements": [
        {
            "from": [
                7.5,
                0,
                12
            ],
            "to": [
                8.5,
                14,
                14
            ],
            "faces": {
                "north": {
                    "uv": [
                        12,
                        2,
                        13,
                        16
                    ],
                    "texture": "#edge"
                },
                "east": {
                    "uv": [
                        14,
                        2,
                        12,
                        16
                    ],
                    "texture": "#edge"
                },
                "south": {
                    "uv": [
                        13,
                        2,
                        14,
                        16
                    ],
                    "texture": "#edge"
                },
                "west": {
                    "uv": [
                        12,
                        2,
                        14,
                        16
                    ],
                    "texture": "#edge"
                },
                "down": {
                    "uv": [
                        14,
                        15,
                        12,
                        16
                    ],
                    "rotation": 90,
                    "texture": "#edge"
                }
            }
        },
        {
            "from": [
                7,
                15,
                9
            ],
            "to": [
                9,
                16,
                16
            ],
            "faces": {
                "east": {
                    "uv": [
                        16,
                        0,
                        9,
                        1
                    ],
                    "texture": "#edge"
                },
                "south": {
                    "uv": [
                        14,
                        13,
                        16,
                        14
                    ],
                    "texture": "#edge"
                },
                "west": {
                    "uv": [
                        9,
                        0,
                        16,
                        1
                    ],
                    "texture": "#edge"
                },
                "up": {
                    "uv": [
                        8,
                        0,
                        15,
                        2
                    ],
                    "rotation": 90,
                    "texture": "#1"
                },
                "down": {
                    "uv": [
                        14,
                        8,
                        16,
                        15
                    ],
                    "texture": "#1"
                }
            }
        },
        {
            "from": [
                7.5,
                14,
                9
            ],
            "to": [
                8.5,
                15,
                16
            ],
            "faces": {
                "east": {
                    "uv": [
                        16,
                        1,
                        9,
                        2
                    ],
                    "texture": "#edge"
                },
                "south": {
                    "uv": [
                        15,
                        1,
                        16,
                        2
                    ],
                    "texture": "#edge"
                },
                "west": {
                    "uv": [
                        9,
                        1,
                        16,
                        2
                    ],
                    "texture": "#edge"
                },
                "down": {
                    "uv": [
                        9,
                        1,
                        16,
                        2
                    ],
                    "rotation": 270,
                    "texture": "#edge"
                }
            }
        },
        {
            "from": [
                7.5,
                2,
                9
            ],
            "to": [
                8.5,
                3,
                12
            ],
            "faces": {
                "east": {
                    "uv": [
                        12,
                        13,
                        9,
                        14
                    ],
                    "texture": "#edge"
                },
                "west": {
                    "uv": [
                        9,
                        13,
                        12,
                        14
                    ],
                    "texture": "#edge"
                },
                "up": {
                    "uv": [
                        9,
                        13,
                        12,
                        14
                    ],
                    "rotation": 90,
                    "texture": "#edge"
                },
                "down": {
                    "uv": [
                        9,
                        13,
                        12,
                        14
                    ],
                    "rotation": 270,
                    "texture": "#edge"
                }
            }
        },
        {
            "from": [
                7.5,
                2,
                14
            ],
            "to": [
                8.5,
                3,
                16
            ],
            "faces": {
                "east": {
                    "uv": [
                        16,
                        13,
                        14,
                        14
                    ],
                    "texture": "#edge"
                },
                "south": {
                    "uv": [
                        15,
                        13,
                        16,
                        14
                    ],
                    "texture": "#edge"
                },
                "west": {
                    "uv": [
                        14,
                        13,
                        16,
                        14
                    ],
                    "texture": "#edge"
                },
                "up": {
                    "uv": [
                        14,
                        13,
                        16,
                        14
                    ],
                    "rotation": 90,
                    "texture": "#edge"
                },
                "down": {
                    "uv": [
                        14,
                        13,
                        16,
                        14
                    ],
                    "rotation": 270,
                    "texture": "#edge"
                }
            }
        }
    ]
}