{
    "credit": "Made with Blockbench",
    "textures": {
        "0": "block/iron_door_bottom_right",
        "1": "block/iron_door_bottom_side",
        "2": "block/iron_door_bottom_left",
        "particle": "block/iron_door_bottom_right"
    },
    "elements": [
        {
            "from": [
                0,
                0,
                0
            ],
            "to": [
                3,
                2,
                16
            ],
            "faces": {
                "north": {
                    "uv": [
                        9,
                        14,
                        6,
                        16
                    ],
                    "texture": "#1"
                },
                "east": {
                    "uv": [
                        16,
                        14,
                        0,
                        16
                    ],
                    "texture": "#0"
                },
                "south": {
                    "uv": [
                        0,
                        14,
                        3,
                        16
                    ],
                    "texture": "#1"
                },
                "west": {
                    "uv": [
                        0,
                        14,
                        16,
                        16
                    ],
                    "texture": "#2"
                },
                "up": {
                    "uv": [
                        3,
                        16,
                        6,
                        0
                    ],
                    "texture": "#1"
                },
                "down": {
                    "uv": [
                        3,
                        16,
                        6,
                        0
                    ],
                    "texture": "#1"
                }
            }
        },
        {
            "from": [
                0,
                2,
                0
            ],
            "to": [
                3,
                16,
                2
            ],
            "faces": {
                "north": {
                    "uv": [
                        9,
                        0,
                        6,
                        14
                    ],
                    "texture": "#1"
                },
                "east": {
                    "uv": [
                        2,
                        0,
                        0,
                        14
                    ],
                    "texture": "#0"
                },
                "south": {
                    "uv": [
                        0,
                        0,
                        3,
                        14
                    ],
                    "texture": "#1"
                },
                "west": {
                    "uv": [
                        0,
                        0,
                        2,
                        14
                    ],
                    "texture": "#2"
                }
            }
        },
        {
            "from": [
                0,
                2,
                14
            ],
            "to": [
                3,
                16,
                16
            ],
            "faces": {
                "north": {
                    "uv": [
                        3,
                        0,
                        6,
                        14
                    ],
                    "texture": "#1"
                },
                "east": {
                    "uv": [
                        16,
                        0,
                        14,
                        14
                    ],
                    "texture": "#0"
                },
                "south": {
                    "uv": [
                        0,
                        0,
                        3,
                        14
                    ],
                    "texture": "#1"
                },
                "west": {
                    "uv": [
                        14,
                        0,
                        16,
                        14
                    ],
                    "texture": "#2"
                }
            }
        },
        {
            "from": [
                0.5,
                2,
                2
            ],
            "to": [
                2.5,
                16,
                14
            ],
            "faces": {
                "east": {
                    "uv": [
                        14,
                        0,
                        2,
                        14
                    ],
                    "texture": "#0"
                },
                "west": {
                    "uv": [
                        2,
                        0,
                        14,
                        14
                    ],
                    "texture": "#2"
                }
            }
        }
    ]
}