{
    "credit": "Made with Blockbench",
    "parent": "minecraft:block/cube_top",
    "textures": {
        "0": "block/jukebox_parts",
        "1": "block/jukebox_side_test",
        "2": "block/jukebox_top_test",
        "3": "block/jukebox_bottom",
        "4": "block/jukebox_horn_front",
        "5": "block/jukebox_horn_back",
        "6": "block/iron_block",
        "particle": "block/jukebox_parts"
    },
    "elements": [
        {
            "from": [
                0,
                0,
                0
            ],
            "to": [
                16,
                12,
                16
            ],
            "rotation": {
                "angle": 0,
                "axis": "y",
                "origin": [
                    16,
                    0,
                    16
                ]
            },
            "faces": {
                "north": {
                    "uv": [
                        0,
                        4,
                        16,
                        16
                    ],
                    "texture": "#1"
                },
                "east": {
                    "uv": [
                        0,
                        4,
                        16,
                        16
                    ],
                    "texture": "#1"
                },
                "south": {
                    "uv": [
                        0,
                        4,
                        16,
                        16
                    ],
                    "texture": "#1"
                },
                "west": {
                    "uv": [
                        0,
                        4,
                        16,
                        16
                    ],
                    "texture": "#1"
                },
                "up": {
                    "uv": [
                        0,
                        0,
                        16,
                        16
                    ],
                    "rotation": 180,
                    "texture": "#3"
                },
                "down": {
                    "uv": [
                        0,
                        0,
                        16,
                        16
                    ],
                    "rotation": 180,
                    "texture": "#3"
                }
            }
        },
        {
            "from": [
                9.5,
                15,
                13
            ],
            "to": [
                10.5,
                22,
                15
            ],
            "rotation": {
                "angle": 22.5,
                "axis": "z",
                "origin": [
                    10.5,
                    19,
                    14.5
                ]
            },
            "faces": {
                "north": {
                    "uv": [
                        7,
                        4,
                        9,
                        10
                    ],
                    "texture": "#6"
                },
                "east": {
                    "uv": [
                        7,
                        4,
                        8,
                        10
                    ],
                    "texture": "#6"
                },
                "south": {
                    "uv": [
                        7,
                        4,
                        9,
                        10
                    ],
                    "texture": "#6"
                },
                "west": {
                    "uv": [
                        7,
                        4,
                        8,
                        10
                    ],
                    "texture": "#6"
                },
                "up": {
                    "uv": [
                        7,
                        4,
                        9,
                        5
                    ],
                    "rotation": 180,
                    "texture": "#6"
                },
                "down": {
                    "uv": [
                        7,
                        4,
                        9,
                        5
                    ],
                    "rotation": 180,
                    "texture": "#6"
                }
            }
        },
        {
            "from": [
                7.5,
                19,
                7.5
            ],
            "to": [
                8.5,
                20,
                8
            ],
            "rotation": {
                "angle": -22.5,
                "axis": "x",
                "origin": [
                    5,
                    20,
                    13
                ]
            },
            "faces": {
                "north": {
                    "uv": [
                        0,
                        0,
                        1,
                        1
                    ],
                    "texture": "#6"
                },
                "east": {
                    "uv": [
                        0,
                        0,
                        1,
                        1
                    ],
                    "texture": "#6"
                },
                "south": {
                    "uv": [
                        0,
                        0,
                        1,
                        1
                    ],
                    "texture": "#6"
                },
                "west": {
                    "uv": [
                        0,
                        0,
                        1,
                        1
                    ],
                    "texture": "#6"
                },
                "up": {
                    "uv": [
                        0,
                        0,
                        1,
                        1
                    ],
                    "rotation": 180,
                    "texture": "#6"
                },
                "down": {
                    "uv": [
                        0,
                        0,
                        1,
                        1
                    ],
                    "rotation": 180,
                    "texture": "#6"
                }
            }
        },
        {
            "from": [
                7.5,
                19,
                8
            ],
            "to": [
                8.5,
                20,
                14
            ],
            "rotation": {
                "angle": -22.5,
                "axis": "x",
                "origin": [
                    5,
                    20,
                    13
                ]
            },
            "faces": {
                "east": {
                    "uv": [
                        0,
                        13,
                        6,
                        14
                    ],
                    "texture": "#4"
                },
                "west": {
                    "uv": [
                        0,
                        13,
                        6,
                        14
                    ],
                    "texture": "#4"
                },
                "up": {
                    "uv": [
                        0,
                        0,
                        1,
                        4
                    ],
                    "rotation": 180,
                    "texture": "#4"
                },
                "down": {
                    "uv": [
                        0,
                        0,
                        1,
                        4
                    ],
                    "rotation": 180,
                    "texture": "#4"
                }
            }
        },
        {
            "from": [
                6.5,
                20,
                12.5
            ],
            "to": [
                9.5,
                22,
                15.5
            ],
            "rotation": {
                "angle": 0,
                "axis": "x",
                "origin": [
                    5,
                    21.14177,
                    13.97575
                ]
            },
            "faces": {
                "north": {
                    "uv": [
                        4,
                        5,
                        7,
                        7
                    ],
                    "texture": "#6"
                },
                "east": {
                    "uv": [
                        4,
                        5,
                        7,
                        7
                    ],
                    "texture": "#6"
                },
                "south": {
                    "uv": [
                        4,
                        5,
                        7,
                        7
                    ],
                    "texture": "#6"
                },
                "west": {
                    "uv": [
                        4,
                        5,
                        7,
                        7
                    ],
                    "texture": "#6"
                },
                "up": {
                    "uv": [
                        4,
                        5,
                        7,
                        8
                    ],
                    "rotation": 180,
                    "texture": "#6"
                },
                "down": {
                    "uv": [
                        4,
                        5,
                        7,
                        8
                    ],
                    "rotation": 180,
                    "texture": "#6"
                }
            }
        },
        {
            "from": [
                7.05,
                19,
                13
            ],
            "to": [
                8.95,
                23,
                15
            ],
            "rotation": {
                "angle": 0,
                "axis": "x",
                "origin": [
                    5,
                    21.14177,
                    13.97575
                ]
            },
            "faces": {
                "north": {
                    "uv": [
                        14,
                        6,
                        16,
                        10
                    ],
                    "texture": "#4"
                },
                "east": {
                    "uv": [
                        14,
                        6,
                        16,
                        10
                    ],
                    "texture": "#4"
                },
                "south": {
                    "uv": [
                        14,
                        6,
                        16,
                        10
                    ],
                    "texture": "#4"
                },
                "west": {
                    "uv": [
                        14,
                        6,
                        16,
                        10
                    ],
                    "texture": "#4"
                },
                "down": {
                    "uv": [
                        14,
                        3,
                        16,
                        5
                    ],
                    "rotation": 180,
                    "texture": "#4"
                }
            }
        },
        {
            "from": [
                7,
                21.25051,
                11.21092
            ],
            "to": [
                9,
                23.25051,
                14.21092
            ],
            "rotation": {
                "angle": 22.5,
                "axis": "x",
                "origin": [
                    5,
                    21.14177,
                    13.97575
                ]
            },
            "faces": {
                "east": {
                    "uv": [
                        14,
                        16,
                        16,
                        13
                    ],
                    "rotation": 90,
                    "texture": "#4"
                },
                "south": {
                    "uv": [
                        5,
                        5,
                        7,
                        7
                    ],
                    "texture": "#5"
                },
                "west": {
                    "uv": [
                        14,
                        13,
                        16,
                        16
                    ],
                    "rotation": 90,
                    "texture": "#4"
                },
                "up": {
                    "uv": [
                        14,
                        13,
                        16,
                        16
                    ],
                    "rotation": 180,
                    "texture": "#4"
                },
                "down": {
                    "uv": [
                        14,
                        16,
                        16,
                        13
                    ],
                    "rotation": 180,
                    "texture": "#4"
                }
            }
        },
        {
            "from": [
                6,
                20.25051,
                8.21092
            ],
            "to": [
                10,
                24.25051,
                11.21092
            ],
            "rotation": {
                "angle": 22.5,
                "axis": "x",
                "origin": [
                    5,
                    21.14177,
                    13.97575
                ]
            },
            "faces": {
                "east": {
                    "uv": [
                        9,
                        16,
                        13,
                        13
                    ],
                    "rotation": 90,
                    "texture": "#4"
                },
                "south": {
                    "uv": [
                        4,
                        4,
                        8,
                        8
                    ],
                    "texture": "#5"
                },
                "west": {
                    "uv": [
                        9,
                        13,
                        13,
                        16
                    ],
                    "rotation": 90,
                    "texture": "#4"
                },
                "up": {
                    "uv": [
                        9,
                        13,
                        13,
                        16
                    ],
                    "rotation": 180,
                    "texture": "#4"
                },
                "down": {
                    "uv": [
                        9,
                        16,
                        13,
                        13
                    ],
                    "rotation": 180,
                    "texture": "#4"
                }
            }
        },
        {
            "from": [
                5,
                19.25051,
                6.21092
            ],
            "to": [
                11,
                25.25051,
                8.21092
            ],
            "rotation": {
                "angle": 22.5,
                "axis": "x",
                "origin": [
                    5,
                    21.14177,
                    13.97575
                ]
            },
            "faces": {
                "east": {
                    "uv": [
                        0,
                        15,
                        6,
                        13
                    ],
                    "rotation": 90,
                    "texture": "#4"
                },
                "south": {
                    "uv": [
                        3,
                        3,
                        9,
                        9
                    ],
                    "texture": "#5"
                },
                "west": {
                    "uv": [
                        0,
                        13,
                        6,
                        15
                    ],
                    "rotation": 90,
                    "texture": "#4"
                },
                "up": {
                    "uv": [
                        0,
                        13,
                        6,
                        15
                    ],
                    "rotation": 180,
                    "texture": "#4"
                },
                "down": {
                    "uv": [
                        0,
                        15,
                        6,
                        13
                    ],
                    "rotation": 180,
                    "texture": "#4"
                }
            }
        },
        {
            "from": [
                4,
                18.25051,
                5.21092
            ],
            "to": [
                12,
                26.25051,
                6.21092
            ],
            "rotation": {
                "angle": 22.5,
                "axis": "x",
                "origin": [
                    5,
                    21.14177,
                    13.97575
                ]
            },
            "faces": {
                "east": {
                    "uv": [
                        0,
                        15,
                        8,
                        16
                    ],
                    "rotation": 90,
                    "texture": "#4"
                },
                "south": {
                    "uv": [
                        2,
                        2,
                        10,
                        10
                    ],
                    "texture": "#5"
                },
                "west": {
                    "uv": [
                        0,
                        15,
                        8,
                        16
                    ],
                    "rotation": 90,
                    "texture": "#4"
                },
                "up": {
                    "uv": [
                        0,
                        15,
                        8,
                        16
                    ],
                    "rotation": 180,
                    "texture": "#4"
                },
                "down": {
                    "uv": [
                        0,
                        15,
                        8,
                        16
                    ],
                    "rotation": 180,
                    "texture": "#4"
                }
            }
        },
        {
            "from": [
                2,
                16.25051,
                4.21092
            ],
            "to": [
                14,
                28.25051,
                5.21092
            ],
            "rotation": {
                "angle": 22.5,
                "axis": "x",
                "origin": [
                    5,
                    21.14177,
                    13.97575
                ]
            },
            "faces": {
                "north": {
                    "uv": [
                        0,
                        0,
                        12,
                        12
                    ],
                    "texture": "#4"
                },
                "east": {
                    "uv": [
                        0,
                        0,
                        1,
                        12
                    ],
                    "texture": "#4"
                },
                "south": {
                    "uv": [
                        0,
                        0,
                        12,
                        12
                    ],
                    "texture": "#5"
                },
                "west": {
                    "uv": [
                        0,
                        0,
                        1,
                        12
                    ],
                    "texture": "#4"
                },
                "up": {
                    "uv": [
                        0,
                        0,
                        12,
                        1
                    ],
                    "rotation": 180,
                    "texture": "#4"
                },
                "down": {
                    "uv": [
                        0,
                        0,
                        12,
                        1
                    ],
                    "rotation": 180,
                    "texture": "#4"
                }
            }
        },
        {
            "from": [
                2,
                14.5,
                7.5
            ],
            "to": [
                13,
                15.5,
                8.5
            ],
            "rotation": {
                "angle": 0,
                "axis": "y",
                "origin": [
                    16,
                    0,
                    16
                ]
            },
            "faces": {
                "north": {
                    "uv": [
                        12,
                        0,
                        13,
                        11
                    ],
                    "rotation": 90,
                    "texture": "#4"
                },
                "south": {
                    "uv": [
                        12,
                        0,
                        13,
                        11
                    ],
                    "rotation": 90,
                    "texture": "#4"
                },
                "up": {
                    "uv": [
                        12,
                        0,
                        13,
                        11
                    ],
                    "rotation": 270,
                    "texture": "#4"
                },
                "down": {
                    "uv": [
                        12,
                        0,
                        13,
                        11
                    ],
                    "rotation": 270,
                    "texture": "#4"
                }
            }
        },
        {
            "from": [
                13,
                14.5,
                5
            ],
            "to": [
                14,
                15.5,
                11
            ],
            "rotation": {
                "angle": 0,
                "axis": "y",
                "origin": [
                    16,
                    0,
                    16
                ]
            },
            "faces": {
                "east": {
                    "uv": [
                        13,
                        0,
                        14,
                        6
                    ],
                    "rotation": 90,
                    "texture": "#4"
                },
                "west": {
                    "uv": [
                        13,
                        0,
                        14,
                        6
                    ],
                    "rotation": 90,
                    "texture": "#4"
                },
                "up": {
                    "uv": [
                        13,
                        0,
                        14,
                        6
                    ],
                    "rotation": 180,
                    "texture": "#4"
                },
                "down": {
                    "uv": [
                        13,
                        0,
                        14,
                        6
                    ],
                    "rotation": 180,
                    "texture": "#4"
                }
            }
        },
        {
            "from": [
                4,
                13,
                7
            ],
            "to": [
                12,
                17,
                9
            ],
            "rotation": {
                "angle": 0,
                "axis": "y",
                "origin": [
                    16,
                    0,
                    16
                ]
            },
            "faces": {
                "north": {
                    "uv": [
                        0,
                        0,
                        8,
                        4
                    ],
                    "texture": "#0"
                },
                "east": {
                    "uv": [
                        9,
                        0,
                        11,
                        4
                    ],
                    "texture": "#0"
                },
                "south": {
                    "uv": [
                        0,
                        0,
                        8,
                        4
                    ],
                    "texture": "#0"
                },
                "west": {
                    "uv": [
                        9,
                        0,
                        11,
                        4
                    ],
                    "texture": "#0"
                },
                "up": {
                    "uv": [
                        0,
                        0,
                        8,
                        2
                    ],
                    "rotation": 180,
                    "texture": "#0"
                },
                "down": {
                    "uv": [
                        0,
                        0,
                        8,
                        2
                    ],
                    "rotation": 180,
                    "texture": "#0"
                }
            }
        },
        {
            "from": [
                4,
                14,
                6
            ],
            "to": [
                12,
                16,
                10
            ],
            "rotation": {
                "angle": 0,
                "axis": "y",
                "origin": [
                    16,
                    0,
                    16
                ]
            },
            "faces": {
                "north": {
                    "uv": [
                        0,
                        0,
                        8,
                        2
                    ],
                    "texture": "#0"
                },
                "east": {
                    "uv": [
                        8,
                        1,
                        12,
                        3
                    ],
                    "texture": "#0"
                },
                "south": {
                    "uv": [
                        0,
                        0,
                        8,
                        2
                    ],
                    "texture": "#0"
                },
                "west": {
                    "uv": [
                        8,
                        1,
                        12,
                        3
                    ],
                    "texture": "#0"
                },
                "up": {
                    "uv": [
                        0,
                        0,
                        8,
                        4
                    ],
                    "rotation": 180,
                    "texture": "#0"
                },
                "down": {
                    "uv": [
                        0,
                        0,
                        8,
                        4
                    ],
                    "rotation": 180,
                    "texture": "#0"
                }
            }
        },
        {
            "from": [
                0,
                12,
                11
            ],
            "to": [
                16,
                16,
                16
            ],
            "rotation": {
                "angle": 0,
                "axis": "y",
                "origin": [
                    16,
                    0,
                    16
                ]
            },
            "faces": {
                "north": {
                    "uv": [
                        0,
                        0,
                        16,
                        4
                    ],
                    "texture": "#3"
                },
                "east": {
                    "uv": [
                        0,
                        0,
                        5,
                        4
                    ],
                    "texture": "#1"
                },
                "south": {
                    "uv": [
                        0,
                        0,
                        16,
                        4
                    ],
                    "texture": "#1"
                },
                "west": {
                    "uv": [
                        11,
                        0,
                        16,
                        4
                    ],
                    "texture": "#1"
                },
                "up": {
                    "uv": [
                        0,
                        0,
                        16,
                        5
                    ],
                    "rotation": 180,
                    "texture": "#2"
                }
            }
        },
        {
            "from": [
                0,
                12,
                0
            ],
            "to": [
                16,
                16,
                5
            ],
            "rotation": {
                "angle": 0,
                "axis": "y",
                "origin": [
                    16,
                    0,
                    16
                ]
            },
            "faces": {
                "north": {
                    "uv": [
                        0,
                        0,
                        16,
                        4
                    ],
                    "texture": "#1"
                },
                "east": {
                    "uv": [
                        11,
                        0,
                        16,
                        4
                    ],
                    "texture": "#1"
                },
                "south": {
                    "uv": [
                        0,
                        0,
                        16,
                        4
                    ],
                    "texture": "#3"
                },
                "west": {
                    "uv": [
                        0,
                        0,
                        5,
                        4
                    ],
                    "texture": "#1"
                },
                "up": {
                    "uv": [
                        0,
                        11,
                        16,
                        16
                    ],
                    "rotation": 180,
                    "texture": "#2"
                }
            }
        },
        {
            "from": [
                14,
                12,
                5
            ],
            "to": [
                16,
                16,
                11
            ],
            "rotation": {
                "angle": 0,
                "axis": "y",
                "origin": [
                    16,
                    0,
                    16
                ]
            },
            "faces": {
                "east": {
                    "uv": [
                        5,
                        0,
                        11,
                        4
                    ],
                    "texture": "#1"
                },
                "west": {
                    "uv": [
                        5,
                        0,
                        11,
                        4
                    ],
                    "texture": "#3"
                },
                "up": {
                    "uv": [
                        0,
                        5,
                        2,
                        11
                    ],
                    "rotation": 180,
                    "texture": "#2"
                }
            }
        },
        {
            "from": [
                0,
                12,
                5
            ],
            "to": [
                2,
                16,
                11
            ],
            "rotation": {
                "angle": 0,
                "axis": "y",
                "origin": [
                    16,
                    0,
                    16
                ]
            },
            "faces": {
                "east": {
                    "uv": [
                        5,
                        0,
                        11,
                        4
                    ],
                    "texture": "#1"
                },
                "west": {
                    "uv": [
                        5,
                        0,
                        11,
                        4
                    ],
                    "texture": "#1"
                },
                "up": {
                    "uv": [
                        14,
                        5,
                        16,
                        11
                    ],
                    "rotation": 180,
                    "texture": "#2"
                }
            }
        }
    ],
    "display": {},
    "groups": [
        {
            "name": "group",
            "origin": [
                0,
                0,
                0
            ],
            "color": 0,
            "nbt": "{}",
            "armAnimationEnabled": false,
            "children": [
                0,
                1,
                2,
                3,
                4,
                5,
                6,
                7,
                8,
                9,
                10,
                11,
                12,
                13,
                14,
                15,
                16,
                17,
                18
            ]
        }
    ]
}