{
	"credit": "Made with Blockbench",
	"textures": {
		"particle": "#texture"
	},
	"elements": [
		{
			"from": [5, 0, 6],
			"to": [11, 1.02, 10],
			"faces": {
				"north": {"uv": [7, 1, 1, 2], "texture": "#texture"},
				"east": {"uv": [6, 1, 7, 5], "rotation": 90, "texture": "#texture"},
				"south": {"uv": [1, 4, 7, 5], "texture": "#texture"},
				"west": {"uv": [1, 5, 2, 1], "rotation": 90, "texture": "#texture"},
				"up": {"uv": [1, 1, 7, 5], "texture": "#texture"},
				"down": {"uv": [8, 1, 14, 5], "texture": "#texture", "cullface": "down"}
			}
		}
	]
}