{
    "providers": [
        {
            "type": "space",
            "advances": {
                " ": 4
            }
        },
        {
            "type": "bitmap",
            "file": "minecraft:font_custom/font_alagard.png",
            "ascent": 13,
            "height": 16,
            "chars": [
                "\u00a3!\"#$%&'()*+,-./",
                "0123456789:;<=>?",
                "@ABCDERGHIJKLMNO",
                "PQRSTUVWXYZ[\\]^_",
                "`abcdefghijklmno",
                "pqrstuvwxyz{|}~\u2248"
            ]
        },
        {
            "type": "ttf",
            "file": "minecraft:negative_spaces.ttf",
            "shift": [
                0.0,
                0.0
            ],
            "size": 10.0,
            "oversample": 1.0
        }
    ]
}