{"providers":[{"type":"bitmap","file":"happyhud:font/assets/vanilla/exp_bar_short_outline.png","height":5,"ascent":-207500,"chars":[""]},{"type":"bitmap","file":"happyhud:font/assets/vanilla/exp_bar_short_fill/horizontal/13/1.png","height":5,"ascent":-208500,"chars":[""]},{"type":"bitmap","file":"happyhud:font/assets/vanilla/exp_bar_short_fill/horizontal/13/2.png","height":5,"ascent":-208500,"chars":[""]},{"type":"bitmap","file":"happyhud:font/assets/vanilla/exp_bar_short_fill/horizontal/13/3.png","height":5,"ascent":-208500,"chars":[""]},{"type":"bitmap","file":"happyhud:font/assets/vanilla/exp_bar_short_fill/horizontal/13/4.png","height":5,"ascent":-208500,"chars":[""]},{"type":"bitmap","file":"happyhud:font/assets/vanilla/exp_bar_short_fill/horizontal/13/5.png","height":5,"ascent":-208500,"chars":[""]},{"type":"bitmap","file":"happyhud:font/assets/vanilla/exp_bar_short_fill/horizontal/13/6.png","height":5,"ascent":-208500,"chars":[""]},{"type":"bitmap","file":"happyhud:font/assets/vanilla/exp_bar_short_fill/horizontal/13/7.png","height":5,"ascent":-208500,"chars":[""]},{"type":"bitmap","file":"happyhud:font/assets/vanilla/exp_bar_short_fill/horizontal/13/8.png","height":5,"ascent":-208500,"chars":[""]},{"type":"bitmap","file":"happyhud:font/assets/vanilla/exp_bar_short_fill/horizontal/13/9.png","height":5,"ascent":-208500,"chars":[""]},{"type":"bitmap","file":"happyhud:font/assets/vanilla/exp_bar_short_fill/horizontal/13/10.png","height":5,"ascent":-208500,"chars":[""]},{"type":"bitmap","file":"happyhud:font/assets/vanilla/exp_bar_short_fill/horizontal/13/11.png","height":5,"ascent":-208500,"chars":[""]},{"type":"bitmap","file":"happyhud:font/assets/vanilla/exp_bar_short_fill/horizontal/13/12.png","height":5,"ascent":-208500,"chars":[""]},{"type":"bitmap","file":"happyhud:font/assets/vanilla/exp_bar_short_fill/horizontal/13/13.png","height":5,"ascent":-208500,"chars":[""]},{"type":"bitmap","file":"happyhud:font/assets/vanilla/air.png","height":9,"ascent":-209500,"chars":[""]},{"type":"bitmap","file":"happyhud:font/assets/vanilla/exp_bar_short_outline.png","height":5,"ascent":-210500,"chars":[""]},{"type":"bitmap","file":"happyhud:font/assets/vanilla/exp_bar_short_fill/horizontal/13/1.png","height":5,"ascent":-211500,"chars":[""]},{"type":"bitmap","file":"happyhud:font/assets/vanilla/exp_bar_short_fill/horizontal/13/2.png","height":5,"ascent":-211500,"chars":[""]},{"type":"bitmap","file":"happyhud:font/assets/vanilla/exp_bar_short_fill/horizontal/13/3.png","height":5,"ascent":-211500,"chars":[""]},{"type":"bitmap","file":"happyhud:font/assets/vanilla/exp_bar_short_fill/horizontal/13/4.png","height":5,"ascent":-211500,"chars":[""]},{"type":"bitmap","file":"happyhud:font/assets/vanilla/exp_bar_short_fill/horizontal/13/5.png","height":5,"ascent":-211500,"chars":[""]},{"type":"bitmap","file":"happyhud:font/assets/vanilla/exp_bar_short_fill/horizontal/13/6.png","height":5,"ascent":-211500,"chars":[""]},{"type":"bitmap","file":"happyhud:font/assets/vanilla/exp_bar_short_fill/horizontal/13/7.png","height":5,"ascent":-211500,"chars":[""]},{"type":"bitmap","file":"happyhud:font/assets/vanilla/exp_bar_short_fill/horizontal/13/8.png","height":5,"ascent":-211500,"chars":[""]},{"type":"bitmap","file":"happyhud:font/assets/vanilla/exp_bar_short_fill/horizontal/13/9.png","height":5,"ascent":-211500,"chars":[""]},{"type":"bitmap","file":"happyhud:font/assets/vanilla/exp_bar_short_fill/horizontal/13/10.png","height":5,"ascent":-211500,"chars":[""]},{"type":"bitmap","file":"happyhud:font/assets/vanilla/exp_bar_short_fill/horizontal/13/11.png","height":5,"ascent":-211500,"chars":[""]},{"type":"bitmap","file":"happyhud:font/assets/vanilla/exp_bar_short_fill/horizontal/13/12.png","height":5,"ascent":-211500,"chars":[""]},{"type":"bitmap","file":"happyhud:font/assets/vanilla/exp_bar_short_fill/horizontal/13/13.png","height":5,"ascent":-211500,"chars":[""]},{"type":"bitmap","file":"happyhud:font/assets/vanilla/armor.png","height":9,"ascent":-212500,"chars":[""]},{"type":"bitmap","file":"happyhud:font/assets/vanilla/exp_bar_short_outline.png","height":5,"ascent":-213500,"chars":[""]},{"type":"bitmap","file":"happyhud:font/assets/vanilla/exp_bar_short_fill/horizontal/13/1.png","height":5,"ascent":-214500,"chars":[""]},{"type":"bitmap","file":"happyhud:font/assets/vanilla/exp_bar_short_fill/horizontal/13/2.png","height":5,"ascent":-214500,"chars":[""]},{"type":"bitmap","file":"happyhud:font/assets/vanilla/exp_bar_short_fill/horizontal/13/3.png","height":5,"ascent":-214500,"chars":[""]},{"type":"bitmap","file":"happyhud:font/assets/vanilla/exp_bar_short_fill/horizontal/13/4.png","height":5,"ascent":-214500,"chars":[""]},{"type":"bitmap","file":"happyhud:font/assets/vanilla/exp_bar_short_fill/horizontal/13/5.png","height":5,"ascent":-214500,"chars":[""]},{"type":"bitmap","file":"happyhud:font/assets/vanilla/exp_bar_short_fill/horizontal/13/6.png","height":5,"ascent":-214500,"chars":[""]},{"type":"bitmap","file":"happyhud:font/assets/vanilla/exp_bar_short_fill/horizontal/13/7.png","height":5,"ascent":-214500,"chars":[""]},{"type":"bitmap","file":"happyhud:font/assets/vanilla/exp_bar_short_fill/horizontal/13/8.png","height":5,"ascent":-214500,"chars":[""]},{"type":"bitmap","file":"happyhud:font/assets/vanilla/exp_bar_short_fill/horizontal/13/9.png","height":5,"ascent":-214500,"chars":[""]},{"type":"bitmap","file":"happyhud:font/assets/vanilla/exp_bar_short_fill/horizontal/13/10.png","height":5,"ascent":-214500,"chars":[""]},{"type":"bitmap","file":"happyhud:font/assets/vanilla/exp_bar_short_fill/horizontal/13/11.png","height":5,"ascent":-214500,"chars":[""]},{"type":"bitmap","file":"happyhud:font/assets/vanilla/exp_bar_short_fill/horizontal/13/12.png","height":5,"ascent":-214500,"chars":[""]},{"type":"bitmap","file":"happyhud:font/assets/vanilla/exp_bar_short_fill/horizontal/13/13.png","height":5,"ascent":-214500,"chars":[""]},{"type":"bitmap","file":"happyhud:font/assets/vanilla/food.png","height":9,"ascent":-215500,"chars":[""]},{"type":"bitmap","file":"happyhud:font/assets/vanilla/exp_bar_short_outline.png","height":5,"ascent":-216500,"chars":[""]},{"type":"bitmap","file":"happyhud:font/assets/vanilla/exp_bar_short_fill/horizontal/13/1.png","height":5,"ascent":-217500,"chars":[""]},{"type":"bitmap","file":"happyhud:font/assets/vanilla/exp_bar_short_fill/horizontal/13/2.png","height":5,"ascent":-217500,"chars":[""]},{"type":"bitmap","file":"happyhud:font/assets/vanilla/exp_bar_short_fill/horizontal/13/3.png","height":5,"ascent":-217500,"chars":[""]},{"type":"bitmap","file":"happyhud:font/assets/vanilla/exp_bar_short_fill/horizontal/13/4.png","height":5,"ascent":-217500,"chars":[""]},{"type":"bitmap","file":"happyhud:font/assets/vanilla/exp_bar_short_fill/horizontal/13/5.png","height":5,"ascent":-217500,"chars":[""]},{"type":"bitmap","file":"happyhud:font/assets/vanilla/exp_bar_short_fill/horizontal/13/6.png","height":5,"ascent":-217500,"chars":[""]},{"type":"bitmap","file":"happyhud:font/assets/vanilla/exp_bar_short_fill/horizontal/13/7.png","height":5,"ascent":-217500,"chars":[""]},{"type":"bitmap","file":"happyhud:font/assets/vanilla/exp_bar_short_fill/horizontal/13/8.png","height":5,"ascent":-217500,"chars":[""]},{"type":"bitmap","file":"happyhud:font/assets/vanilla/exp_bar_short_fill/horizontal/13/9.png","height":5,"ascent":-217500,"chars":[""]},{"type":"bitmap","file":"happyhud:font/assets/vanilla/exp_bar_short_fill/horizontal/13/10.png","height":5,"ascent":-217500,"chars":[""]},{"type":"bitmap","file":"happyhud:font/assets/vanilla/exp_bar_short_fill/horizontal/13/11.png","height":5,"ascent":-217500,"chars":[""]},{"type":"bitmap","file":"happyhud:font/assets/vanilla/exp_bar_short_fill/horizontal/13/12.png","height":5,"ascent":-217500,"chars":[""]},{"type":"bitmap","file":"happyhud:font/assets/vanilla/exp_bar_short_fill/horizontal/13/13.png","height":5,"ascent":-217500,"chars":[""]},{"type":"bitmap","file":"happyhud:font/assets/vanilla/heart.png","height":9,"ascent":-218500,"chars":[""]}]}