{
"variants":{
"type=bottom":[
{"model":"block_random/cobblestone_mossy_slab_0"},
{"model":"block_random/cobblestone_mossy_slab_1"},
{"model":"block_random/cobblestone_mossy_slab_2"},
{"model":"block_random/cobblestone_mossy_slab_3"},
{"model":"block_random/cobblestone_mossy_slab_4"},
{"model":"block_random/cobblestone_mossy_slab_5"}
],
"type=top":[
{"model":"block_random/cobblestone_mossy_slab_top_0"},
{"model":"block_random/cobblestone_mossy_slab_top_1"},
{"model":"block_random/cobblestone_mossy_slab_top_2"},
{"model":"block_random/cobblestone_mossy_slab_top_3"},
{"model":"block_random/cobblestone_mossy_slab_top_4"},
{"model":"block_random/cobblestone_mossy_slab_top_5"}
],
"type=double":[
{"model":"block_random/cobblestone_mossy_0"},
{"model":"block_random/cobblestone_mossy_1"},
{"model":"block_random/cobblestone_mossy_2"},
{"model":"block_random/cobblestone_mossy_3"},
{"model":"block_random/cobblestone_mossy_4"},
{"model":"block_random/cobblestone_mossy_5"}
]
}
}