{
"variants":{
"":[
{"model":"block_random/dirt_rooted_0"},
{"model":"block_random/dirt_rooted_0","y":90},
{"model":"block_random/dirt_rooted_0","y":180},
{"model":"block_random/dirt_rooted_0","y":270},
{"model":"block_random/dirt_rooted_1"},
{"model":"block_random/dirt_rooted_1","y":90},
{"model":"block_random/dirt_rooted_1","y":180},
{"model":"block_random/dirt_rooted_1","y":270},
{"model":"block_random/dirt_rooted_2"},
{"model":"block_random/dirt_rooted_2","y":90},
{"model":"block_random/dirt_rooted_2","y":180},
{"model":"block_random/dirt_rooted_2","y":270},
{"model":"block_random/dirt_rooted_3"},
{"model":"block_random/dirt_rooted_3","y":90},
{"model":"block_random/dirt_rooted_3","y":180},
{"model":"block_random/dirt_rooted_3","y":270},
{"model":"block_random/dirt_rooted_4"},
{"model":"block_random/dirt_rooted_4","y":90},
{"model":"block_random/dirt_rooted_4","y":180},
{"model":"block_random/dirt_rooted_4","y":270},
{"model":"block_random/dirt_rooted_5"},
{"model":"block_random/dirt_rooted_5","y":90},
{"model":"block_random/dirt_rooted_5","y":180},
{"model":"block_random/dirt_rooted_5","y":270},
{"model":"block_random/dirt_rooted_6"},
{"model":"block_random/dirt_rooted_6","y":90},
{"model":"block_random/dirt_rooted_6","y":180},
{"model":"block_random/dirt_rooted_6","y":270},
{"model":"block_random/dirt_rooted_7"},
{"model":"block_random/dirt_rooted_7","y":90},
{"model":"block_random/dirt_rooted_7","y":180},
{"model":"block_random/dirt_rooted_7","y":270}
]
}
}