{"providers":[{"type":"bitmap","file":"happyhud:font/assets/death-message/outline.png","height":12,"ascent":-272500,"chars":[""]},{"type":"bitmap","file":"happyhud:font/assets/death-message/icon.png","height":16,"ascent":-277500,"chars":[""]},{"type":"bitmap","file":"happyhud:font/assets/death-message/outline.png","height":12,"ascent":-278500,"chars":[""]},{"type":"bitmap","file":"happyhud:font/assets/death-message/icon.png","height":16,"ascent":-283500,"chars":[""]},{"type":"bitmap","file":"happyhud:font/assets/death-message/outline.png","height":12,"ascent":-284500,"chars":[""]},{"type":"bitmap","file":"happyhud:font/assets/death-message/icon.png","height":16,"ascent":-289500,"chars":[""]},{"type":"bitmap","file":"happyhud:font/assets/death-message/outline.png","height":12,"ascent":-290500,"chars":[""]},{"type":"bitmap","file":"happyhud:font/assets/death-message/icon.png","height":16,"ascent":-295500,"chars":[""]},{"type":"bitmap","file":"happyhud:font/assets/death-message/outline.png","height":12,"ascent":-296500,"chars":[""]},{"type":"bitmap","file":"happyhud:font/assets/death-message/icon.png","height":16,"ascent":-301500,"chars":[""]}]}