{
    "sources": [
        {
            "type": "paletted_permutations",
            "textures": [
                "trims/models/armor/copper_armor",
                "trims/models/armor/copper_armor_leggings",
                "trims/models/armor/iron_armor",
                "trims/models/armor/iron_armor_leggings",
                "trims/models/armor/steel_armor",
                "trims/models/armor/steel_armor_leggings",
                "trims/models/armor/myrsteel_armor",
                "trims/models/armor/myrsteel_armor_leggings",
                "trims/models/armor/rensteel_armor",
                "trims/models/armor/rensteel_armor_leggings",
                "trims/models/armor/onuviz_armor",
                "trims/models/armor/onuviz_armor_leggings",
                "trims/models/armor/onukesh_armor",
                "trims/models/armor/onukesh_armor_leggings",
                "trims/models/armor/onumach_armor",
                "trims/models/armor/onumach_armor_leggings",
                "trims/models/armor/onutasi_armor",
                "trims/models/armor/onutasi_armor_leggings",
                "trims/models/armor/carved_armor",
                "trims/models/armor/carved_armor_leggings"
            ],
            "palette_key": "trims/color_palettes/trim_palette_armor",
            "permutations": {
                "copper_material": "trims/color_palettes/copper_palette",
                "iron_material": "trims/color_palettes/iron_palette",
                "steel_material": "trims/color_palettes/steel_palette",
                "myrsteel_material": "trims/color_palettes/myrsteel_palette",
                "rensteel_material": "trims/color_palettes/rensteel_palette",
                "onuviz_material": "trims/color_palettes/onuviz_palette",
                "onukesh_material": "trims/color_palettes/onukesh_palette",
                "onumach_material": "trims/color_palettes/onumach_palette",
                "onutasi_material": "trims/color_palettes/onutasi_palette",
                "carved_red_material": "trims/color_palettes/carved_red_palette"
            }
        },
        {
            "type": "paletted_permutations",
            "textures": [
                "trims/models/armor/coast",
                "trims/models/armor/coast_leggings",
                "trims/models/armor/sentry",
                "trims/models/armor/sentry_leggings",
                "trims/models/armor/dune",
                "trims/models/armor/dune_leggings",
                "trims/models/armor/wild",
                "trims/models/armor/wild_leggings",
                "trims/models/armor/ward",
                "trims/models/armor/ward_leggings",
                "trims/models/armor/eye",
                "trims/models/armor/eye_leggings",
                "trims/models/armor/vex",
                "trims/models/armor/vex_leggings",
                "trims/models/armor/tide",
                "trims/models/armor/tide_leggings",
                "trims/models/armor/snout",
                "trims/models/armor/snout_leggings",
                "trims/models/armor/rib",
                "trims/models/armor/rib_leggings",
                "trims/models/armor/spire",
                "trims/models/armor/spire_leggings",
                "trims/models/armor/wayfinder",
                "trims/models/armor/wayfinder_leggings",
                "trims/models/armor/shaper",
                "trims/models/armor/shaper_leggings",
                "trims/models/armor/silence",
                "trims/models/armor/silence_leggings",
                "trims/models/armor/raiser",
                "trims/models/armor/raiser_leggings",
                "trims/models/armor/host",
                "trims/models/armor/host_leggings"
            ],
            "palette_key": "trims/color_palettes/trim_palette",
            "permutations": {
                "quartz": "trims/color_palettes/quartz",
                "iron": "trims/color_palettes/iron",
                "gold": "trims/color_palettes/gold",
                "diamond": "trims/color_palettes/diamond",
                "netherite": "trims/color_palettes/netherite",
                "redstone": "trims/color_palettes/redstone",
                "copper": "trims/color_palettes/copper",
                "emerald": "trims/color_palettes/emerald",
                "lapis": "trims/color_palettes/lapis",
                "amethyst": "trims/color_palettes/amethyst",
                "iron_darker": "trims/color_palettes/iron_darker",
                "gold_darker": "trims/color_palettes/gold_darker",
                "diamond_darker": "trims/color_palettes/diamond_darker",
                "netherite_darker": "trims/color_palettes/netherite_darker"
            }
        }
    ]
}