{
"variants":{
"type=bottom":[
{"model":"block_random/limestone_slab_0"},
{"model":"block_random/limestone_slab_1"},
{"model":"block_random/limestone_slab_2"},
{"model":"block_random/limestone_slab_3"},
{"model":"block_random/limestone_slab_4"},
{"model":"block_random/limestone_slab_5"}
],
"type=top":[
{"model":"block_random/limestone_slab_top_0"},
{"model":"block_random/limestone_slab_top_1"},
{"model":"block_random/limestone_slab_top_2"},
{"model":"block_random/limestone_slab_top_3"},
{"model":"block_random/limestone_slab_top_4"},
{"model":"block_random/limestone_slab_top_5"}
],
"type=double":[
{"model":"block_random/limestone_0"},
{"model":"block_random/limestone_1"},
{"model":"block_random/limestone_2"},
{"model":"block_random/limestone_3"},
{"model":"block_random/limestone_4"},
{"model":"block_random/limestone_5"}
]
}
}