{
	"credit": "Made with Blockbench",
	"textures": {
		"0": "block/custom/chain_big",
		"particle": "block/custom/chain_big"
	},
	"elements": [
		{
			"from": [9, 4, 7.5],
			"to": [10, 5, 8.5],
			"faces": {
				"north": {"uv": [10, 9, 11, 10], "texture": "#0"},
				"south": {"uv": [10, 9, 11, 10], "texture": "#0"},
				"west": {"uv": [10, 9, 11, 10], "texture": "#0"},
				"up": {"uv": [10, 9, 11, 10], "texture": "#0"}
			}
		},
		{
			"from": [6, 4, 7.5],
			"to": [7, 5, 8.5],
			"faces": {
				"north": {"uv": [13, 9, 14, 10], "texture": "#0"},
				"east": {"uv": [13, 9, 14, 10], "texture": "#0"},
				"south": {"uv": [13, 9, 14, 10], "texture": "#0"},
				"up": {"uv": [13, 9, 14, 10], "texture": "#0"}
			}
		},
		{
			"from": [10, 3, 7.5],
			"to": [12, 13, 8.5],
			"faces": {
				"north": {"uv": [8, 1, 10, 11], "texture": "#0"},
				"east": {"uv": [8, 1, 9, 11], "texture": "#0"},
				"south": {"uv": [10, 1, 8, 11], "texture": "#0"},
				"west": {"uv": [9, 1, 10, 11], "texture": "#0"},
				"up": {"uv": [8, 1, 10, 2], "texture": "#0"},
				"down": {"uv": [10, 10, 8, 11], "texture": "#0"}
			}
		},
		{
			"from": [5, 12, 7.5],
			"to": [11, 14, 8.5],
			"faces": {
				"north": {"uv": [9, 0, 15, 2], "texture": "#0"},
				"east": {"uv": [9, 0, 10, 2], "texture": "#0"},
				"south": {"uv": [15, 0, 9, 2], "texture": "#0"},
				"west": {"uv": [14, 0, 15, 2], "texture": "#0"},
				"up": {"uv": [9, 0, 15, 1], "texture": "#0"},
				"down": {"uv": [9, 1, 15, 2], "texture": "#0"}
			}
		},
		{
			"from": [9, 11, 7.5],
			"to": [10, 12, 8.5],
			"faces": {
				"north": {"uv": [10, 2, 11, 3], "texture": "#0"},
				"south": {"uv": [10, 2, 11, 3], "texture": "#0"},
				"west": {"uv": [10, 2, 11, 3], "texture": "#0"},
				"down": {"uv": [10, 2, 11, 3], "texture": "#0"}
			}
		},
		{
			"from": [6, 11, 7.5],
			"to": [7, 12, 8.5],
			"faces": {
				"north": {"uv": [13, 2, 14, 3], "texture": "#0"},
				"east": {"uv": [13, 2, 14, 3], "texture": "#0"},
				"south": {"uv": [13, 2, 14, 3], "texture": "#0"},
				"down": {"uv": [13, 2, 14, 3], "texture": "#0"}
			}
		},
		{
			"from": [4, 3, 7.5],
			"to": [6, 13, 8.5],
			"faces": {
				"north": {"uv": [14, 1, 16, 11], "texture": "#0"},
				"east": {"uv": [14, 1, 15, 11], "texture": "#0"},
				"south": {"uv": [16, 1, 14, 11], "texture": "#0"},
				"west": {"uv": [15, 1, 16, 11], "texture": "#0"},
				"up": {"uv": [14, 1, 16, 2], "texture": "#0"},
				"down": {"uv": [16, 10, 14, 11], "texture": "#0"}
			}
		},
		{
			"from": [5, 2, 7.5],
			"to": [11, 4, 8.5],
			"faces": {
				"north": {"uv": [9, 10, 15, 12], "texture": "#0"},
				"east": {"uv": [9, 10, 10, 12], "texture": "#0"},
				"south": {"uv": [15, 10, 9, 12], "texture": "#0"},
				"west": {"uv": [14, 10, 15, 12], "texture": "#0"},
				"up": {"uv": [9, 10, 15, 11], "texture": "#0"},
				"down": {"uv": [9, 11, 15, 12], "texture": "#0"}
			}
		},
		{
			"from": [7.5, 0, 10],
			"to": [8.5, 5, 12],
			"faces": {
				"north": {"uv": [1, 1, 2, 6], "texture": "#0"},
				"east": {"uv": [0, 1, 2, 6], "texture": "#0"},
				"south": {"uv": [0, 1, 1, 6], "texture": "#0"},
				"west": {"uv": [2, 1, 0, 6], "texture": "#0"},
				"up": {"uv": [0, 1, 2, 2], "rotation": 90, "texture": "#0"},
				"down": {"uv": [2, 5, 0, 6], "rotation": 270, "texture": "#0", "cullface": "down"}
			}
		},
		{
			"from": [7.5, 4, 5],
			"to": [8.5, 6, 11],
			"faces": {
				"north": {"uv": [6, 0, 7, 2], "texture": "#0"},
				"east": {"uv": [1, 0, 7, 2], "texture": "#0"},
				"south": {"uv": [1, 0, 2, 2], "texture": "#0"},
				"west": {"uv": [7, 0, 1, 2], "texture": "#0"},
				"up": {"uv": [1, 0, 7, 1], "rotation": 90, "texture": "#0"},
				"down": {"uv": [1, 1, 7, 2], "rotation": 270, "texture": "#0"}
			}
		},
		{
			"from": [7.5, 3, 9],
			"to": [8.5, 4, 10],
			"faces": {
				"north": {"uv": [2, 2, 3, 3], "texture": "#0"},
				"east": {"uv": [2, 2, 3, 3], "texture": "#0"},
				"west": {"uv": [2, 2, 3, 3], "texture": "#0"},
				"down": {"uv": [2, 2, 3, 3], "rotation": 270, "texture": "#0"}
			}
		},
		{
			"from": [8, 0, 6],
			"to": [8, 1, 10],
			"faces": {
				"east": {"uv": [2, 5, 6, 6], "texture": "#0"},
				"west": {"uv": [6, 5, 2, 6], "texture": "#0"}
			}
		},
		{
			"from": [7.5, 0, 4],
			"to": [8.5, 5, 6],
			"faces": {
				"north": {"uv": [7, 1, 8, 6], "texture": "#0"},
				"east": {"uv": [6, 1, 8, 6], "texture": "#0"},
				"south": {"uv": [6, 1, 7, 6], "texture": "#0"},
				"west": {"uv": [8, 1, 6, 6], "texture": "#0"},
				"up": {"uv": [6, 1, 8, 2], "rotation": 90, "texture": "#0"},
				"down": {"uv": [8, 5, 6, 6], "rotation": 270, "texture": "#0", "cullface": "down"}
			}
		},
		{
			"from": [7.5, 3, 6],
			"to": [8.5, 4, 7],
			"faces": {
				"east": {"uv": [5, 2, 6, 3], "texture": "#0"},
				"south": {"uv": [5, 2, 6, 3], "texture": "#0"},
				"west": {"uv": [5, 2, 6, 3], "texture": "#0"},
				"down": {"uv": [5, 2, 6, 3], "rotation": 270, "texture": "#0"}
			}
		},
		{
			"from": [7.5, 11, 10],
			"to": [8.5, 16, 12],
			"faces": {
				"north": {"uv": [1, 6, 2, 11], "texture": "#0"},
				"east": {"uv": [0, 6, 2, 11], "texture": "#0"},
				"south": {"uv": [0, 6, 1, 11], "texture": "#0"},
				"west": {"uv": [2, 6, 0, 11], "texture": "#0"},
				"up": {"uv": [2, 6, 0, 7], "rotation": 90, "texture": "#0", "cullface": "up"},
				"down": {"uv": [0, 10, 2, 11], "rotation": 270, "texture": "#0"}
			}
		},
		{
			"from": [8, 15, 6],
			"to": [8, 16, 10],
			"faces": {
				"east": {"uv": [2, 6, 6, 7], "texture": "#0"},
				"west": {"uv": [6, 6, 2, 7], "texture": "#0"}
			}
		},
		{
			"from": [7.5, 11, 4],
			"to": [8.5, 16, 6],
			"faces": {
				"north": {"uv": [7, 6, 8, 11], "texture": "#0"},
				"east": {"uv": [6, 6, 8, 11], "texture": "#0"},
				"south": {"uv": [6, 6, 7, 11], "texture": "#0"},
				"west": {"uv": [8, 6, 6, 11], "texture": "#0"},
				"up": {"uv": [8, 6, 6, 7], "rotation": 90, "texture": "#0", "cullface": "up"},
				"down": {"uv": [6, 10, 8, 11], "rotation": 270, "texture": "#0"}
			}
		},
		{
			"from": [7.5, 10, 5],
			"to": [8.5, 12, 11],
			"faces": {
				"north": {"uv": [6, 10, 7, 12], "texture": "#0"},
				"east": {"uv": [1, 10, 7, 12], "texture": "#0"},
				"south": {"uv": [1, 10, 2, 12], "texture": "#0"},
				"west": {"uv": [7, 10, 1, 12], "texture": "#0"},
				"up": {"uv": [1, 10, 7, 11], "rotation": 90, "texture": "#0"},
				"down": {"uv": [1, 11, 7, 12], "rotation": 270, "texture": "#0"}
			}
		},
		{
			"from": [7.5, 12, 9],
			"to": [8.5, 13, 10],
			"faces": {
				"north": {"uv": [2, 9, 3, 10], "texture": "#0"},
				"east": {"uv": [2, 9, 3, 10], "texture": "#0"},
				"west": {"uv": [2, 9, 3, 10], "texture": "#0"},
				"up": {"uv": [2, 9, 3, 10], "rotation": 90, "texture": "#0"}
			}
		},
		{
			"from": [7.5, 12, 6],
			"to": [8.5, 13, 7],
			"faces": {
				"east": {"uv": [5, 9, 6, 10], "texture": "#0"},
				"south": {"uv": [5, 9, 6, 10], "texture": "#0"},
				"west": {"uv": [5, 9, 6, 10], "texture": "#0"},
				"up": {"uv": [5, 9, 6, 10], "rotation": 90, "texture": "#0"}
			}
		},
		{
			"from": [6, 6, 7.5],
			"to": [7, 10, 8.5],
			"faces": {
				"north": {"uv": [13, 4, 14, 8], "texture": "#0"},
				"east": {"uv": [13, 4, 14, 8], "texture": "#0"},
				"south": {"uv": [13, 4, 14, 8], "texture": "#0"},
				"up": {"uv": [13, 4, 14, 5], "texture": "#0"},
				"down": {"uv": [13, 7, 14, 8], "texture": "#0"}
			}
		},
		{
			"from": [9, 6, 7.5],
			"to": [10, 10, 8.5],
			"faces": {
				"north": {"uv": [10, 4, 11, 8], "texture": "#0"},
				"south": {"uv": [10, 4, 11, 8], "texture": "#0"},
				"west": {"uv": [10, 4, 11, 8], "texture": "#0"},
				"up": {"uv": [10, 4, 11, 5], "texture": "#0"},
				"down": {"uv": [10, 7, 11, 8], "texture": "#0"}
			}
		},
		{
			"from": [7, 7, 7.5],
			"to": [9, 9, 8.5],
			"faces": {
				"north": {"uv": [11, 5, 13, 7], "texture": "#0"},
				"south": {"uv": [13, 5, 11, 7], "texture": "#0"},
				"up": {"uv": [11, 5, 13, 6], "texture": "#0"},
				"down": {"uv": [13, 6, 11, 7], "texture": "#0"}
			}
		}
	]
}