{
	"credit": "Made with Blockbench",
	"parent": "decorations/jar_a_1",
	"texture_size": [32, 32],
	"textures": {
		"0": "item/decorations/jar_small",
		"1": "item/decorations/jar_small_b",
		"particle": "item/decorations/jar_small"
	},
	"elements": [
		{
			"from": [1, 3, 2],
			"to": [15, 19, 14],
			"faces": {
				"north": {"uv": [0, 0, 7, 8], "texture": "#1", "tintindex": 0},
				"east": {"uv": [0.5, 0, 6.5, 8], "texture": "#1", "tintindex": 0},
				"south": {"uv": [0, 0, 7, 8], "texture": "#1", "tintindex": 0},
				"west": {"uv": [0.5, 0, 6.5, 8], "texture": "#1", "tintindex": 0},
				"up": {"uv": [0, 8, 7, 14], "texture": "#1", "tintindex": 0},
				"down": {"uv": [2, 4.5, 3, 5.5], "texture": "#1", "tintindex": 0}
			}
		},
		{
			"from": [3, 0, 4],
			"to": [13, 3, 12],
			"faces": {
				"north": {"uv": [0, 12, 5, 13.5], "texture": "#0", "tintindex": 0},
				"east": {"uv": [0, 12, 4, 13.5], "texture": "#0", "tintindex": 0},
				"south": {"uv": [0, 12, 5, 13.5], "texture": "#0", "tintindex": 0},
				"west": {"uv": [0, 12, 4, 13.5], "texture": "#0", "tintindex": 0},
				"down": {"uv": [5, 5, 6, 6], "texture": "#0", "tintindex": 0}
			}
		},
		{
			"from": [3.5, 19, 4],
			"to": [12.5, 21, 12],
			"faces": {
				"north": {"uv": [0, 15, 4.5, 14], "texture": "#1", "tintindex": 0},
				"east": {"uv": [0, 15, 4, 14], "texture": "#1", "tintindex": 0},
				"south": {"uv": [0, 15, 4.5, 14], "texture": "#1", "tintindex": 0},
				"west": {"uv": [0, 15, 4, 14], "texture": "#1", "tintindex": 0}
			}
		},
		{
			"from": [3, 21, 3],
			"to": [13, 23, 13],
			"faces": {
				"north": {"uv": [6, 11, 11, 12], "texture": "#0", "tintindex": 0},
				"east": {"uv": [6, 11, 11, 12], "texture": "#0", "tintindex": 0},
				"south": {"uv": [6, 11, 11, 12], "texture": "#0", "tintindex": 0},
				"west": {"uv": [6, 11, 11, 12], "texture": "#0", "tintindex": 0},
				"up": {"uv": [6, 6, 11, 11], "texture": "#0", "tintindex": 0},
				"down": {"uv": [6, 6, 11, 11], "texture": "#0", "tintindex": 0}
			}
		}
	]
}