{
	"credit": "Made with Blockbench",
	"texture_size": [32, 16],
	"textures": {
		"0": "item/decorations/light_bulkhead",
		"particle": "item/decorations/light_bulkhead"
	},
	"elements": [
		{
			"from": [4, 0, 2],
			"to": [12, 2, 14],
			"rotation": {"angle": 0, "axis": "y", "origin": [7, 0, 4]},
			"faces": {
				"north": {"uv": [0, 12, 4, 14], "texture": "#0"},
				"east": {"uv": [0, 14, 6, 16], "texture": "#0"},
				"south": {"uv": [0, 12, 4, 14], "texture": "#0"},
				"west": {"uv": [0, 14, 6, 16], "texture": "#0"},
				"up": {"uv": [3.5, 0, 7.5, 12], "texture": "#0"},
				"down": {"uv": [3.5, 0, 7.5, 12], "texture": "#0"}
			}
		},
		{
			"from": [5, 2, 3],
			"to": [11, 4, 13],
			"rotation": {"angle": 0, "axis": "y", "origin": [7, 2, 4]},
			"faces": {
				"north": {"uv": [0, 9, 3, 11], "texture": "#0"},
				"east": {"uv": [2.5, 0, 3.5, 10], "rotation": 90, "texture": "#0"},
				"south": {"uv": [0, 9, 3, 11], "texture": "#0"},
				"west": {"uv": [2.5, 0, 3.5, 10], "rotation": 90, "texture": "#0"},
				"up": {"uv": [0, 0, 3, 10], "texture": "#0"}
			}
		},
		{
			"from": [4.5, 1.5, 2.5],
			"to": [11.5, 4.5, 13.5],
			"rotation": {"angle": 0, "axis": "y", "origin": [6.5, 1.5, 3.5]},
			"faces": {
				"north": {"uv": [7.5, 9, 11, 12], "texture": "#0"},
				"east": {"uv": [10.5, 0, 12, 11], "rotation": 90, "texture": "#0"},
				"south": {"uv": [7.5, 9, 11, 12], "texture": "#0"},
				"west": {"uv": [10.5, 0, 12, 11], "rotation": 90, "texture": "#0"},
				"up": {"uv": [7.5, 0, 11, 11], "texture": "#0"}
			}
		}
	],
	"display": {
		"fixed": {
			"rotation": [-90, 0, 0],
			"translation": [0, 0, -16],
			"scale": [2, 2, 2]
		}
	}
}