{
	"parent": "decorations/jar_a_1",
	"texture_size": [32, 32],
	"textures": {
		"0": "item/decorations/pot_desert_planter",
		"particle": "item/decorations/pot_desert_planter"
	},
	"elements": [
		{
			"from": [3, 2, 3],
			"to": [13, 4, 13],
			"rotation": {"angle": 0, "axis": "y", "origin": [3, 2, 3]},
			"faces": {
				"north": {"uv": [0, 5, 5, 6], "texture": "#0", "tintindex": 0},
				"east": {"uv": [0, 5, 5, 6], "texture": "#0", "tintindex": 0},
				"south": {"uv": [0, 5, 5, 6], "texture": "#0", "tintindex": 0},
				"west": {"uv": [0, 5, 5, 6], "texture": "#0", "tintindex": 0}
			}
		},
		{
			"from": [1, 0, 1],
			"to": [15, 2, 15],
			"rotation": {"angle": 0, "axis": "y", "origin": [1, 0, 1]},
			"faces": {
				"north": {"uv": [0, 13, 7, 14], "texture": "#0", "tintindex": 0},
				"east": {"uv": [0, 13, 7, 14], "texture": "#0", "tintindex": 0},
				"south": {"uv": [0, 13, 7, 14], "texture": "#0", "tintindex": 0},
				"west": {"uv": [0, 13, 7, 14], "texture": "#0", "tintindex": 0},
				"up": {"uv": [7, 7, 14, 14], "texture": "#0", "tintindex": 0}
			}
		},
		{
			"from": [1, 4, 1],
			"to": [15, 16, 15],
			"rotation": {"angle": 0, "axis": "y", "origin": [1, 4, 1]},
			"faces": {
				"north": {"uv": [0, 0, 7, 6], "texture": "#0", "tintindex": 0},
				"east": {"uv": [0, 0, 7, 6], "texture": "#0", "tintindex": 0},
				"south": {"uv": [0, 0, 7, 6], "texture": "#0", "tintindex": 0},
				"west": {"uv": [0, 0, 7, 6], "texture": "#0", "tintindex": 0},
				"up": {"uv": [7, 0, 14, 7], "texture": "#0"},
				"down": {"uv": [7, 7, 14, 14], "texture": "#0", "tintindex": 0}
			}
		},
		{
			"from": [0.8, 13.8, 0.8],
			"to": [15.2, 16.2, 15.2],
			"rotation": {"angle": 0, "axis": "y", "origin": [1, 14, 1]},
			"faces": {
				"north": {"uv": [0, 0, 7, 1], "texture": "#0", "tintindex": 0},
				"east": {"uv": [0, 0, 7, 1], "texture": "#0", "tintindex": 0},
				"south": {"uv": [0, 0, 7, 1], "texture": "#0", "tintindex": 0},
				"west": {"uv": [0, 0, 7, 1], "texture": "#0", "tintindex": 0},
				"up": {"uv": [0, 6, 7, 13], "texture": "#0", "tintindex": 0}
			}
		}
	]
}