{
	"credit": "Made with Blockbench",
	"textures": {
		"0": "item/decorations/pot_amphora",
		"particle": "item/decorations/pot_amphora"
	},
	"elements": [
		{
			"from": [3, 12, 3],
			"to": [13, 19, 13],
			"faces": {
				"north": {"uv": [11, 7, 16, 14], "texture": "#0", "tintindex": 0},
				"east": {"uv": [11, 7, 16, 14], "texture": "#0", "tintindex": 0},
				"south": {"uv": [11, 7, 16, 14], "texture": "#0", "tintindex": 0},
				"west": {"uv": [11, 7, 16, 14], "texture": "#0", "tintindex": 0},
				"up": {"uv": [0, 0, 5, 10], "texture": "#0", "tintindex": 0},
				"down": {"uv": [0, 0, 5, 10], "texture": "#0", "tintindex": 0}
			}
		},
		{
			"from": [5, 0, 5],
			"to": [11, 5, 11],
			"faces": {
				"north": {"uv": [0, 10, 3, 15], "texture": "#0", "tintindex": 0},
				"east": {"uv": [0, 10, 3, 15], "texture": "#0", "tintindex": 0},
				"south": {"uv": [0, 10, 3, 15], "texture": "#0", "tintindex": 0},
				"west": {"uv": [0, 10, 3, 15], "texture": "#0", "tintindex": 0},
				"down": {"uv": [1, 2, 4, 8], "texture": "#0", "tintindex": 0}
			}
		},
		{
			"from": [6, 22, 6],
			"to": [10, 26, 10],
			"faces": {
				"north": {"uv": [5, 6, 7, 10], "texture": "#0", "tintindex": 0},
				"east": {"uv": [5, 6, 7, 10], "texture": "#0", "tintindex": 0},
				"south": {"uv": [5, 6, 7, 10], "texture": "#0", "tintindex": 0},
				"west": {"uv": [5, 6, 7, 10], "texture": "#0", "tintindex": 0}
			}
		},
		{
			"from": [5.5, 26, 5.5],
			"to": [10.5, 28, 10.5],
			"faces": {
				"north": {"uv": [5, 4, 7.5, 6], "texture": "#0", "tintindex": 0},
				"east": {"uv": [5, 4, 7.5, 6], "texture": "#0", "tintindex": 0},
				"south": {"uv": [5, 4, 7.5, 6], "texture": "#0", "tintindex": 0},
				"west": {"uv": [5, 4, 7.5, 6], "texture": "#0", "tintindex": 0},
				"up": {"uv": [5, 0, 7.5, 5], "texture": "#0", "tintindex": 0},
				"down": {"uv": [5, 0, 7.5, 5], "texture": "#0", "tintindex": 0}
			}
		},
		{
			"from": [5, 19.5, 7.5],
			"to": [6, 26.5, 8.5],
			"rotation": {"angle": 22.5, "axis": "z", "origin": [4, 20, 0]},
			"faces": {
				"north": {"uv": [11.5, 0, 12, 7], "texture": "#0", "tintindex": 0},
				"east": {"uv": [11.5, 0, 12, 7], "texture": "#0", "tintindex": 0},
				"south": {"uv": [11.5, 0, 12, 7], "texture": "#0", "tintindex": 0},
				"west": {"uv": [11.5, 0, 12, 7], "texture": "#0", "tintindex": 0},
				"up": {"uv": [11.5, 0, 12, 1], "texture": "#0", "tintindex": 0}
			}
		},
		{
			"from": [6, 25.5, 7.5],
			"to": [9, 26.5, 8.5],
			"rotation": {"angle": 22.5, "axis": "z", "origin": [4, 20, 0]},
			"faces": {
				"north": {"uv": [14, 0, 12.5, 1], "texture": "#0", "tintindex": 0},
				"south": {"uv": [12.5, 0, 14, 1], "texture": "#0", "tintindex": 0},
				"up": {"uv": [12.5, 0, 14, 1], "texture": "#0", "tintindex": 0},
				"down": {"uv": [12.5, 0, 14, 1], "texture": "#0", "tintindex": 0}
			}
		},
		{
			"from": [7, 25.5, 7.5],
			"to": [10, 26.5, 8.5],
			"rotation": {"angle": -22.5, "axis": "z", "origin": [12, 20, 0]},
			"faces": {
				"north": {"uv": [12.5, 1, 14, 2], "texture": "#0", "tintindex": 0},
				"south": {"uv": [14, 1, 12.5, 2], "texture": "#0", "tintindex": 0},
				"up": {"uv": [14, 1, 12.5, 2], "texture": "#0", "tintindex": 0},
				"down": {"uv": [14, 1, 12.5, 2], "texture": "#0", "tintindex": 0}
			}
		},
		{
			"from": [10, 19.5, 7.5],
			"to": [11, 26.5, 8.5],
			"rotation": {"angle": -22.5, "axis": "z", "origin": [12, 20, 0]},
			"faces": {
				"north": {"uv": [12, 0, 12.5, 7], "texture": "#0", "tintindex": 0},
				"east": {"uv": [12, 0, 12.5, 7], "texture": "#0", "tintindex": 0},
				"south": {"uv": [12, 0, 12.5, 7], "texture": "#0", "tintindex": 0},
				"west": {"uv": [12, 0, 12.5, 7], "texture": "#0", "tintindex": 0},
				"up": {"uv": [12, 0, 12.5, 1], "texture": "#0", "tintindex": 0}
			}
		},
		{
			"from": [5, 21, 5],
			"to": [11, 22, 11],
			"faces": {
				"north": {"uv": [4, 2, 1, 3], "texture": "#0", "tintindex": 0},
				"east": {"uv": [3.5, 2, 4, 8], "rotation": 90, "texture": "#0", "tintindex": 0},
				"south": {"uv": [1, 8, 4, 7], "texture": "#0", "tintindex": 0},
				"west": {"uv": [1, 8, 1.5, 2], "rotation": 90, "texture": "#0", "tintindex": 0},
				"up": {"uv": [3.5, 10, 6.5, 16], "texture": "#0", "tintindex": 0}
			}
		},
		{
			"from": [4, 19, 4],
			"to": [12, 21, 12],
			"faces": {
				"north": {"uv": [7.5, 0, 11.5, 2], "texture": "#0", "tintindex": 0},
				"east": {"uv": [7.5, 0, 11.5, 2], "texture": "#0", "tintindex": 0},
				"south": {"uv": [7.5, 0, 11.5, 2], "texture": "#0", "tintindex": 0},
				"west": {"uv": [7.5, 0, 11.5, 2], "texture": "#0", "tintindex": 0},
				"up": {"uv": [0.5, 1, 4.5, 9], "texture": "#0", "tintindex": 0}
			}
		},
		{
			"from": [4, 5, 4],
			"to": [12, 12, 12],
			"faces": {
				"north": {"uv": [7, 7, 11, 14], "texture": "#0", "tintindex": 0},
				"east": {"uv": [7, 7, 11, 14], "texture": "#0", "tintindex": 0},
				"south": {"uv": [7, 7, 11, 14], "texture": "#0", "tintindex": 0},
				"west": {"uv": [7, 7, 11, 14], "texture": "#0", "tintindex": 0},
				"down": {"uv": [0.5, 1, 5, 9], "texture": "#0", "tintindex": 0}
			}
		}
	],
	"display": {
		"fixed": {
			"rotation": [-90, 0, 0],
			"translation": [0, -0.25, -16],
			"scale": [2, 2, 2]
		}
	}
}