{
	"credit": "Made with Blockbench",
	"textures": {
		"0": "item/decorations/brown_sack",
		"particle": "item/decorations/brown_sack"
	},
	"elements": [
		{
			"from": [1, 0, 1],
			"to": [15, 16, 15],
			"faces": {
				"north": {"uv": [0, 0, 7, 8], "texture": "#0"},
				"east": {"uv": [0, 0, 7, 8], "texture": "#0"},
				"south": {"uv": [0, 0, 7, 8], "texture": "#0"},
				"west": {"uv": [0, 0, 7, 8], "texture": "#0"},
				"up": {"uv": [7, 0, 14, 7], "texture": "#0"},
				"down": {"uv": [7, 0, 14, 7], "texture": "#0"}
			}
		},
		{
			"from": [3, 16, 3],
			"to": [13, 21, 12],
			"rotation": {"angle": -22.5, "axis": "x", "origin": [0, 16, 13]},
			"faces": {
				"north": {"uv": [11, 13.5, 16, 16], "texture": "#0"},
				"east": {"uv": [11, 11, 15.5, 13.5], "texture": "#0"},
				"south": {"uv": [11, 13.5, 16, 16], "texture": "#0"},
				"west": {"uv": [11, 11, 15.5, 13.5], "texture": "#0"}
			}
		},
		{
			"from": [2.5, 21, 2],
			"to": [13.5, 23, 13],
			"rotation": {"angle": -22.5, "axis": "x", "origin": [0, 16, 13]},
			"faces": {
				"north": {"uv": [0, 15, 5.5, 16], "texture": "#0"},
				"east": {"uv": [0, 15, 5.5, 16], "texture": "#0"},
				"south": {"uv": [0, 15, 5.5, 16], "texture": "#0"},
				"west": {"uv": [0, 15, 5.5, 16], "texture": "#0"},
				"up": {"uv": [0, 10, 5.5, 15.5], "texture": "#0"},
				"down": {"uv": [0, 10, 5.5, 15.5], "texture": "#0"}
			}
		}
	]
}