{
	"credit": "Made with Blockbench",
	"texture_size": [32, 32],
	"textures": {
		"0": "item/decorations/scrolls_a",
		"particle": "item/decorations/scrolls_a"
	},
	"elements": [
		{
			"from": [-1, 0.1, 2],
			"to": [17, 0.1, 15],
			"faces": {
				"up": {"uv": [0, 6.5, 9, 0], "texture": "#0"},
				"down": {"uv": [0, 0, 9, 6.5], "texture": "#0"}
			}
		},
		{
			"from": [1, 0.15, 10],
			"to": [3, 0.15, 13],
			"faces": {
				"up": {"uv": [15, 0, 16, 1.5], "texture": "#0", "tintindex": 0}
			}
		},
		{
			"from": [-1, 3.101, 15],
			"to": [-4, 0.101, 2],
			"rotation": {"angle": 0, "axis": "y", "origin": [0, 0.101, 0]},
			"faces": {
				"east": {"uv": [10.5, 0, 12, 6.5], "rotation": 90, "texture": "#0"},
				"west": {"uv": [10.5, 0, 12, 6.5], "rotation": 90, "texture": "#0"},
				"up": {"uv": [9, 0, 10.5, 6.5], "texture": "#0"},
				"down": {"uv": [9, 0, 10.5, 6.5], "texture": "#0"}
			}
		},
		{
			"from": [-4, 0.101, 15.5],
			"to": [-1, 3.101, 16.5],
			"rotation": {"angle": 0, "axis": "y", "origin": [0, 0.101, 0]},
			"faces": {
				"north": {"uv": [13, 0, 14.5, 1.5], "texture": "#0"},
				"east": {"uv": [14.5, 0, 15, 1.5], "texture": "#0"},
				"south": {"uv": [13, 0, 14.5, 1.5], "texture": "#0"},
				"west": {"uv": [14.5, 0, 15, 1.5], "texture": "#0"},
				"up": {"uv": [13, 1.5, 14.5, 2], "texture": "#0"},
				"down": {"uv": [13, 1.5, 14.5, 2], "texture": "#0"}
			}
		},
		{
			"from": [-3.5, 0.601, 1.5],
			"to": [-1.5, 2.601, 15.5],
			"rotation": {"angle": 0, "axis": "y", "origin": [0, 0.101, 0]},
			"faces": {
				"east": {"uv": [13, 0, 12, 6.5], "rotation": 90, "texture": "#0"},
				"west": {"uv": [13, 0, 12, 6.5], "rotation": 90, "texture": "#0"},
				"up": {"uv": [12, 0, 13, 6.5], "texture": "#0"},
				"down": {"uv": [12, 0, 13, 6.5], "texture": "#0"}
			}
		},
		{
			"from": [-4, 0.101, 2],
			"to": [-1, 3.101, 15],
			"rotation": {"angle": 0, "axis": "y", "origin": [0, 0.101, 0]},
			"faces": {
				"east": {"uv": [10.5, 0, 12, 6.5], "rotation": 90, "texture": "#0"},
				"west": {"uv": [10.5, 0, 12, 6.5], "rotation": 90, "texture": "#0"},
				"up": {"uv": [9, 0, 10.5, 6.5], "texture": "#0"},
				"down": {"uv": [9, 0, 10.5, 6.5], "texture": "#0"}
			}
		},
		{
			"from": [-4, 0.101, 0.5],
			"to": [-1, 3.101, 1.5],
			"rotation": {"angle": 0, "axis": "y", "origin": [0, 0.101, 0]},
			"faces": {
				"north": {"uv": [13, 0, 14.5, 1.5], "texture": "#0"},
				"east": {"uv": [14.5, 0, 15, 1.5], "texture": "#0"},
				"south": {"uv": [13, 0, 14.5, 1.5], "texture": "#0"},
				"west": {"uv": [14.5, 0, 15, 1.5], "texture": "#0"},
				"up": {"uv": [13, 1.5, 14.5, 2], "texture": "#0"},
				"down": {"uv": [13, 1.5, 14.5, 2], "texture": "#0"}
			}
		},
		{
			"from": [17, 0.101, 15.5],
			"to": [20, 3.101, 16.5],
			"rotation": {"angle": 0, "axis": "y", "origin": [0, 0.101, 0]},
			"faces": {
				"north": {"uv": [13, 0, 14.5, 1.5], "texture": "#0"},
				"east": {"uv": [14.5, 0, 15, 1.5], "texture": "#0"},
				"south": {"uv": [13, 0, 14.5, 1.5], "texture": "#0"},
				"west": {"uv": [14.5, 0, 15, 1.5], "texture": "#0"},
				"up": {"uv": [13, 1.5, 14.5, 2], "texture": "#0"},
				"down": {"uv": [13, 1.5, 14.5, 2], "texture": "#0"}
			}
		},
		{
			"from": [17.5, 0.601, 1.5],
			"to": [19.5, 2.601, 15.5],
			"rotation": {"angle": 0, "axis": "y", "origin": [0, 0.101, 0]},
			"faces": {
				"east": {"uv": [13, 0, 12, 6.5], "rotation": 90, "texture": "#0"},
				"west": {"uv": [13, 0, 12, 6.5], "rotation": 90, "texture": "#0"},
				"up": {"uv": [12, 0, 13, 6.5], "texture": "#0"},
				"down": {"uv": [12, 0, 13, 6.5], "texture": "#0"}
			}
		},
		{
			"from": [17, 0.101, 2],
			"to": [20, 3.101, 15],
			"rotation": {"angle": 0, "axis": "y", "origin": [0, 0.101, 0]},
			"faces": {
				"east": {"uv": [10.5, 0, 12, 6.5], "rotation": 90, "texture": "#0"},
				"west": {"uv": [10.5, 0, 12, 6.5], "rotation": 90, "texture": "#0"},
				"up": {"uv": [9, 0, 10.5, 6.5], "texture": "#0"},
				"down": {"uv": [9, 0, 10.5, 6.5], "texture": "#0"}
			}
		},
		{
			"from": [17, 0.101, 0.5],
			"to": [20, 3.101, 1.5],
			"rotation": {"angle": 0, "axis": "y", "origin": [0, 0.101, 0]},
			"faces": {
				"north": {"uv": [13, 0, 14.5, 1.5], "texture": "#0"},
				"east": {"uv": [14.5, 0, 15, 1.5], "texture": "#0"},
				"south": {"uv": [13, 0, 14.5, 1.5], "texture": "#0"},
				"west": {"uv": [14.5, 0, 15, 1.5], "texture": "#0"},
				"up": {"uv": [13, 1.5, 14.5, 2], "texture": "#0"},
				"down": {"uv": [13, 1.5, 14.5, 2], "texture": "#0"}
			}
		},
		{
			"from": [20, 3.101, 15],
			"to": [17, 0.101, 2],
			"rotation": {"angle": 0, "axis": "y", "origin": [0, 0.101, 0]},
			"faces": {
				"east": {"uv": [10.5, 0, 12, 6.5], "rotation": 90, "texture": "#0"},
				"west": {"uv": [10.5, 0, 12, 6.5], "rotation": 90, "texture": "#0"},
				"up": {"uv": [9, 0, 10.5, 6.5], "texture": "#0"},
				"down": {"uv": [9, 0, 10.5, 6.5], "texture": "#0"}
			}
		},
		{
			"from": [-6, 0.05, 6],
			"to": [0, 0.05, 9],
			"rotation": {"angle": -22.5, "axis": "y", "origin": [0, 0, 0]},
			"faces": {
				"up": {"uv": [16, 2, 13, 3.5], "texture": "#0", "tintindex": 0}
			}
		}
	],
	"display": {
		"fixed": {
			"rotation": [-90, 0, 0],
			"translation": [0, -0.5, -16],
			"scale": [2, 2, 2]
		}
	},
	"groups": [
		0,
		1,
		{
			"name": "group",
			"origin": [0, 0, 0],
			"color": 0,
			"children": [2, 3, 4, 5, 6]
		},
		{
			"name": "group",
			"origin": [0, 0, 0],
			"color": 0,
			"children": [7, 8, 9, 10, 11]
		},
		12
	]
}