{
    "sources": [
        {
            "source": "entity",
            "prefix": "entity/",
            "type": "directory"
        },
        {
            "source": "armor",
            "prefix": "armor/",
            "type": "directory"
        },
        {
            "type": "directory",
            "source": "lumenshard",
            "prefix": "lumenshard/"
        },
        {
            "source": "entity",
            "prefix": "entity/",
            "type": "directory"
        }
    ]
}