{
	"textures":{
		"0":"block/iron_door_left_top",
		"1":"block/iron_door_top_side",
		"2":"block/iron_door_left_top_back",
		"particle":"block/iron_door_left_top"
	},
	"elements":[
		{
			"from":[0,0,0],
			"to":[3,8,16],
			"faces":{
				"north":{"uv":[9,8,6,16],"texture":"#1","cullface":"north"},
				"east":{"uv":[16,8,0,16],"texture":"#2"},
				"south":{"uv":[0,8,3,16],"texture":"#1","cullface":"south"},
				"west":{"uv":[0,8,16,16],"texture":"#0","cullface":"west"},
				"up":{"uv":[3,16,6,0],"texture":"#1"},
				"down":{"uv":[9,16,12,0],"texture":"#1","cullface":"down"}
			}
		},
		{
			"from":[0,12,0],
			"to":[3,16,16],
			"faces":{
				"north":{"uv":[9,0,6,4],"texture":"#1","cullface":"north"},
				"east":{"uv":[16,0,0,4],"texture":"#2"},
				"south":{"uv":[0,0,3,4],"texture":"#1","cullface":"south"},
				"west":{"uv":[0,0,16,4],"texture":"#0","cullface":"west"},
				"up":{"uv":[3,16,6,0],"texture":"#1","cullface":"up"},
				"down":{"uv":[13,16,16,0],"texture":"#1"}
			}
		},
		{
			"from":[0,8,0],
			"to":[3,12,6],
			"faces":{
				"north":{"uv":[9,4,6,8],"texture":"#1","cullface":"north"},
				"east":{"uv":[6,4,0,8],"texture":"#2"},
				"south":{"uv":[0,10,3,14],"texture":"#1"},
				"west":{"uv":[0,4,6,8],"texture":"#0","cullface":"west"}
			}
		},
		{
			"from":[0,8,13],
			"to":[3,12,16],
			"faces":{
				"north":{"uv":[0,11,3,15],"texture":"#1"},
				"east":{"uv":[16,4,13,8],"texture":"#2"},
				"south":{"uv":[0,4,3,8],"texture":"#1","cullface":"south"},
				"west":{"uv":[13,4,16,8],"texture":"#0","cullface":"west"}
			}
		},
		{
			"from":[1,8,7],
			"to":[2,12,8],
			"faces":{
				"north":{"uv":[7,4,8,8],"texture":"#0"},
				"east":{"uv":[7,4,8,8],"texture":"#0"},
				"south":{"uv":[7,4,8,8],"texture":"#0"},
				"west":{"uv":[7,4,8,8],"texture":"#0"}
			}
		},
		{
			"from":[1,8,9],
			"to":[2,12,10],
			"faces":{
				"north":{"uv":[9,4,10,8],"texture":"#0"},
				"east":{"uv":[9,4,10,8],"texture":"#0"},
				"south":{"uv":[9,4,10,8],"texture":"#0"},
				"west":{"uv":[9,4,10,8],"texture":"#0"}
			}
		},
		{
			"from":[1,8,11],
			"to":[2,12,12],
			"faces":{
				"north":{"uv":[11,4,12,8],"texture":"#0"},
				"east":{"uv":[11,4,12,8],"texture":"#0"},
				"south":{"uv":[11,4,12,8],"texture":"#0"},
				"west":{"uv":[11,4,12,8],"texture":"#0"}
			}
		}
	]
}