{"textures":{"0":"modelengine:entity/chromafire_rain_gold"},"elements":[{"from":[5.0,5.0,5.0],"to":[11.0,11.0,11.0],"faces":{"east":{"uv":[5.0,3.0,8.0,6.0],"tintindex":0,"rotation":0,"texture":"#0"},"south":{"uv":[5.0,6.0,8.0,9.0],"tintindex":0,"rotation":0,"texture":"#0"},"north":{"uv":[5.0,0.0,8.0,3.0],"tintindex":0,"rotation":0,"texture":"#0"},"west":{"uv":[8.0,0.0,11.0,3.0],"tintindex":0,"rotation":0,"texture":"#0"},"up":{"uv":[11.0,6.0,8.0,3.0],"tintindex":0,"rotation":0,"texture":"#0"},"down":{"uv":[11.0,6.0,8.0,9.0],"tintindex":0,"rotation":0,"texture":"#0"}}},{"from":[11.5,11.5,11.5],"to":[4.5,4.5,4.5],"faces":{"east":{"uv":[3.5,0.5,4.0,3.0],"tintindex":0,"rotation":0,"texture":"#0"},"south":{"uv":[3.5,0.5,4.0,3.0],"tintindex":0,"rotation":0,"texture":"#0"},"north":{"uv":[3.5,0.5,4.0,3.0],"tintindex":0,"rotation":0,"texture":"#0"},"west":{"uv":[3.5,0.5,4.0,3.0],"tintindex":0,"rotation":0,"texture":"#0"},"up":{"uv":[3.5,0.5,4.0,1.0],"tintindex":0,"rotation":0,"texture":"#0"},"down":{"uv":[3.5,2.5,4.0,3.0],"tintindex":0,"rotation":0,"texture":"#0"}}}],"display":{"gui":{"rotation":[30,225,0]}}}