{
    "variants": {
        "": [
            {
                "model": "block_random/deepslate_cobble_0"
            },
            {
                "model": "block_random/deepslate_cobble_1"
            },
            {
                "model": "block_random/deepslate_cobble_2"
            },
            {
                "model": "block_random/deepslate_cobble_3"
            },
            {
                "model": "block_random/deepslate_cobble_4"
            },
            {
                "model": "block_random/deepslate_cobble_5"
            }
        ]
    }
}