{
    "variants": {
        "type=bottom": [
            {
                "model": "block_random/cobblestone_slab_0"
            },
            {
                "model": "block_random/cobblestone_slab_1"
            },
            {
                "model": "block_random/cobblestone_slab_2"
            },
            {
                "model": "block_random/cobblestone_slab_3"
            },
            {
                "model": "block_random/cobblestone_slab_4"
            },
            {
                "model": "block_random/cobblestone_slab_5"
            }
        ],
        "type=top": [
            {
                "model": "block_random/cobblestone_slab_top_0"
            },
            {
                "model": "block_random/cobblestone_slab_top_1"
            },
            {
                "model": "block_random/cobblestone_slab_top_2"
            },
            {
                "model": "block_random/cobblestone_slab_top_3"
            },
            {
                "model": "block_random/cobblestone_slab_top_4"
            },
            {
                "model": "block_random/cobblestone_slab_top_5"
            }
        ],
        "type=double": [
            {
                "model": "block_random/cobblestone_0"
            },
            {
                "model": "block_random/cobblestone_1"
            },
            {
                "model": "block_random/cobblestone_2"
            },
            {
                "model": "block_random/cobblestone_3"
            },
            {
                "model": "block_random/cobblestone_4"
            },
            {
                "model": "block_random/cobblestone_5"
            }
        ]
    }
}