{
    "variants": {
        "": [
            {
                "model": "block_random/limestone_0"
            },
            {
                "model": "block_random/limestone_1"
            },
            {
                "model": "block_random/limestone_2"
            },
            {
                "model": "block_random/limestone_3"
            },
            {
                "model": "block_random/limestone_4"
            },
            {
                "model": "block_random/limestone_5"
            }
        ]
    }
}