{
    "variants": {
        "axis=x": [
            {
                "model": "minecraft:block_random/deepslate_0",
                "x": 90,
                "y": 90
            },
            {
                "model": "minecraft:block_random/deepslate_mirrored_0",
                "x": 90,
                "y": 90
            },
            {
                "model": "minecraft:block_random/deepslate_1",
                "x": 90,
                "y": 90
            },
            {
                "model": "minecraft:block_random/deepslate_mirrored_1",
                "x": 90,
                "y": 90
            },
            {
                "model": "minecraft:block_random/deepslate_2",
                "x": 90,
                "y": 90
            },
            {
                "model": "minecraft:block_random/deepslate_mirrored_2",
                "x": 90,
                "y": 90
            },
            {
                "model": "minecraft:block_random/deepslate_3",
                "x": 90,
                "y": 90
            },
            {
                "model": "minecraft:block_random/deepslate_mirrored_3",
                "x": 90,
                "y": 90
            },
            {
                "model": "minecraft:block_random/deepslate_4",
                "x": 90,
                "y": 90
            },
            {
                "model": "minecraft:block_random/deepslate_mirrored_4",
                "x": 90,
                "y": 90
            },
            {
                "model": "minecraft:block_random/deepslate_5",
                "x": 90,
                "y": 90
            },
            {
                "model": "minecraft:block_random/deepslate_mirrored_5",
                "x": 90,
                "y": 90
            }
        ],
        "axis=y": [
            {
                "model": "minecraft:block_random/deepslate_0"
            },
            {
                "model": "minecraft:block_random/deepslate_mirrored_0"
            },
            {
                "model": "minecraft:block_random/deepslate_1"
            },
            {
                "model": "minecraft:block_random/deepslate_mirrored_1"
            },
            {
                "model": "minecraft:block_random/deepslate_2"
            },
            {
                "model": "minecraft:block_random/deepslate_mirrored_2"
            },
            {
                "model": "minecraft:block_random/deepslate_3"
            },
            {
                "model": "minecraft:block_random/deepslate_mirrored_3"
            },
            {
                "model": "minecraft:block_random/deepslate_4"
            },
            {
                "model": "minecraft:block_random/deepslate_mirrored_4"
            },
            {
                "model": "minecraft:block_random/deepslate_5"
            },
            {
                "model": "minecraft:block_random/deepslate_mirrored_5"
            }
        ],
        "axis=z": [
            {
                "model": "minecraft:block_random/deepslate_0",
                "x": 90
            },
            {
                "model": "minecraft:block_random/deepslate_mirrored_0",
                "x": 90
            },
            {
                "model": "minecraft:block_random/deepslate_1",
                "x": 90
            },
            {
                "model": "minecraft:block_random/deepslate_mirrored_1",
                "x": 90
            },
            {
                "model": "minecraft:block_random/deepslate_2",
                "x": 90
            },
            {
                "model": "minecraft:block_random/deepslate_mirrored_2",
                "x": 90
            },
            {
                "model": "minecraft:block_random/deepslate_3",
                "x": 90
            },
            {
                "model": "minecraft:block_random/deepslate_mirrored_3",
                "x": 90
            },
            {
                "model": "minecraft:block_random/deepslate_4",
                "x": 90
            },
            {
                "model": "minecraft:block_random/deepslate_mirrored_4",
                "x": 90
            },
            {
                "model": "minecraft:block_random/deepslate_5",
                "x": 90
            },
            {
                "model": "minecraft:block_random/deepslate_mirrored_5",
                "x": 90
            }
        ]
    }
}