{
    "variants": {
        "": [
            {
                "model": "block_random/cobblestone_mossy_0"
            },
            {
                "model": "block_random/cobblestone_mossy_1"
            },
            {
                "model": "block_random/cobblestone_mossy_2"
            },
            {
                "model": "block_random/cobblestone_mossy_3"
            },
            {
                "model": "block_random/cobblestone_mossy_4"
            },
            {
                "model": "block_random/cobblestone_mossy_5"
            }
        ]
    }
}