{"textures":{"0":"modelengine:entity/criter_foolspence"},"elements":[{"from":[11.5,11.0,13.0],"to":[12.5,11.0,14.0],"faces":{"up":{"uv":[16.0,4.5,15.5,4.0],"tintindex":0,"rotation":0,"texture":"#0"},"down":{"uv":[16.0,4.0,15.5,4.5],"tintindex":0,"rotation":0,"texture":"#0"}}},{"from":[5.0,8.0,4.0],"to":[11.0,10.0,12.0],"faces":{"east":{"uv":[15.0,4.0,16.0,0.0],"tintindex":0,"rotation":90,"texture":"#0"},"south":{"uv":[12.0,3.0,15.0,4.0],"tintindex":0,"rotation":0,"texture":"#0"},"north":{"uv":[12.0,4.0,15.0,5.0],"tintindex":0,"rotation":0,"texture":"#0"},"west":{"uv":[15.0,0.0,16.0,4.0],"tintindex":0,"rotation":90,"texture":"#0"},"down":{"uv":[15.0,15.5,12.0,11.5],"tintindex":0,"rotation":0,"texture":"#0"}}},{"from":[13.0,11.0,9.0],"to":[14.0,11.0,10.0],"faces":{"up":{"uv":[16.0,4.5,15.5,4.0],"tintindex":0,"rotation":0,"texture":"#0"},"down":{"uv":[16.0,4.0,15.5,4.5],"tintindex":0,"rotation":0,"texture":"#0"}}},{"from":[2.0,11.0,11.0],"to":[3.0,11.0,13.0],"faces":{"up":{"uv":[16.0,5.0,15.5,4.0],"tintindex":0,"rotation":0,"texture":"#0"},"down":{"uv":[16.0,4.0,15.5,5.0],"tintindex":0,"rotation":0,"texture":"#0"}}},{"from":[13.0,11.0,11.0],"to":[14.0,11.0,13.0],"faces":{"up":{"uv":[16.0,5.0,15.5,4.0],"tintindex":0,"rotation":0,"texture":"#0"},"down":{"uv":[16.0,4.0,15.5,5.0],"tintindex":0,"rotation":0,"texture":"#0"}}},{"from":[2.0,11.0,9.0],"to":[3.0,11.0,10.0],"faces":{"up":{"uv":[16.0,4.5,15.5,4.0],"tintindex":0,"rotation":0,"texture":"#0"},"down":{"uv":[16.0,4.0,15.5,4.5],"tintindex":0,"rotation":0,"texture":"#0"}}},{"from":[5.8,7.5,2.1],"to":[7.8,8.5,5.1],"faces":{"north":{"uv":[11.5,1.0,12.5,1.5],"tintindex":0,"rotation":0,"texture":"#0"},"west":{"uv":[11.5,0.0,12.0,1.5],"tintindex":0,"rotation":90,"texture":"#0"},"up":{"uv":[11.5,1.5,12.5,0.0],"tintindex":0,"rotation":0,"texture":"#0"}},"rotation":{"origin":[8.0,8.0,4.0],"angle":-22.5,"axis":"x"}},{"from":[3.0,10.0,3.0],"to":[13.0,12.0,13.0],"faces":{"east":{"uv":[11.0,10.0,16.0,11.0],"tintindex":0,"rotation":0,"texture":"#0"},"south":{"uv":[11.0,10.0,16.0,11.0],"tintindex":0,"rotation":0,"texture":"#0"},"north":{"uv":[11.0,10.0,16.0,11.0],"tintindex":0,"rotation":0,"texture":"#0"},"west":{"uv":[11.0,10.0,16.0,11.0],"tintindex":0,"rotation":0,"texture":"#0"},"up":{"uv":[16.0,10.0,11.0,5.0],"tintindex":0,"rotation":0,"texture":"#0"},"down":{"uv":[16.0,11.0,11.0,16.0],"tintindex":0,"rotation":0,"texture":"#0"}}},{"from":[3.5,11.0,13.0],"to":[4.5,11.0,14.0],"faces":{"up":{"uv":[16.0,4.5,15.5,4.0],"tintindex":0,"rotation":0,"texture":"#0"},"down":{"uv":[16.0,4.0,15.5,4.5],"tintindex":0,"rotation":0,"texture":"#0"}}},{"from":[8.2,7.5,2.1],"to":[10.2,8.5,5.1],"faces":{"east":{"uv":[11.5,1.5,12.0,0.0],"tintindex":0,"rotation":90,"texture":"#0"},"north":{"uv":[11.5,1.0,12.5,1.5],"tintindex":0,"rotation":0,"texture":"#0"},"up":{"uv":[12.5,1.5,11.5,0.0],"tintindex":0,"rotation":0,"texture":"#0"}},"rotation":{"origin":[8.0,8.0,4.0],"angle":-22.5,"axis":"x"}}],"display":{"gui":{"rotation":[30,225,0]}}}