{
	"textures":{
		"0":"item/mailbox/shipping",
		"particle":"item/mailbox/shipping"
	},
	"elements":[
		{
			"from":[6,0,6],
			"to":[10,14,10],
			"faces":{
				"north":{"uv":[0,11,7,13],"rotation":90,"texture":"#0"},
				"east":{"uv":[0,11,7,13],"rotation":90,"texture":"#0"},
				"south":{"uv":[0,11,7,13],"rotation":90,"texture":"#0"},
				"west":{"uv":[0,11,7,13],"rotation":90,"texture":"#0"},
				"down":{"uv":[1,8,3,10],"texture":"#0"}
			}
		},
		{
			"from":[4,14,4],
			"to":[12,16,12],
			"faces":{
				"north":{"uv":[0,6.5,4,7.5],"texture":"#0"},
				"east":{"uv":[0,6.5,4,7.5],"texture":"#0"},
				"south":{"uv":[0,6.5,4,7.5],"texture":"#0"},
				"west":{"uv":[0,6.5,4,7.5],"texture":"#0"},
				"down":{"uv":[0,7,4,11],"texture":"#0"}
			}
		},
		{
			"from":[0,16,0],
			"to":[16,19,16],
			"faces":{
				"north":{"uv":[0,14.5,8,16],"texture":"#0"},
				"east":{"uv":[0,14.5,8,16],"texture":"#0"},
				"south":{"uv":[0,14.5,8,16],"texture":"#0"},
				"west":{"uv":[0,14.5,8,16],"texture":"#0"},
				"up":{"uv":[8,0,16,8],"texture":"#0"},
				"down":{"uv":[8,8,16,16],"texture":"#0"}
			}
		},
		{
			"from":[15.5,19,0.5],
			"to":[15.5,22,15.5],
			"faces":{
				"east":{"uv":[0,13,7.5,14.5],"texture":"#0"},
				"west":{"uv":[0,13,7.5,14.5],"texture":"#0"}
			}
		},
		{
			"from":[0.5,19,0.5],
			"to":[0.5,22,15.5],
			"faces":{
				"east":{"uv":[0,13,7.5,14.5],"texture":"#0"},
				"west":{"uv":[0,13,7.5,14.5],"texture":"#0"}
			}
		},
		{
			"from":[0.5,19,15.5],
			"to":[15.5,22,15.5],
			"faces":{
				"north":{"uv":[0,13,7.5,14.5],"texture":"#0"},
				"south":{"uv":[0,13,7.5,14.5],"texture":"#0"}
			}
		},
		{
			"from":[1,19,4],
			"to":[8,25,15],
			"faces":{
				"north":{"uv":[0,0,4,3],"texture":"#0"},
				"east":{"uv":[4,0,7,6],"rotation":90,"texture":"#0"},
				"south":{"uv":[0,0,4,3],"texture":"#0"},
				"west":{"uv":[4,0,7,6],"rotation":90,"texture":"#0"},
				"up":{"uv":[0,0,4,6],"texture":"#0"},
				"down":{"uv":[4,0,8,6],"texture":"#0"}
			}
		},
		{
			"from":[3.5,19,3.9],
			"to":[5.5,25.1,15.1],
			"faces":{
				"north":{"uv":[8,8,7,11],"texture":"#0"},
				"south":{"uv":[7,8,8,11],"texture":"#0"},
				"up":{"uv":[7,8,8,13],"texture":"#0"}
			}
		},
		{
			"from":[3.6,25,4.4],
			"to":[11.6,30,9.4],
			"rotation":{"angle":45,"axis":"y","origin":[8,0,8]},
			"faces":{
				"north":{"uv":[0,1.5,3,6.5],"rotation":90,"texture":"#0"},
				"east":{"uv":[0,0,3,3],"texture":"#0"},
				"south":{"uv":[0,1.5,3,6.5],"rotation":90,"texture":"#0"},
				"west":{"uv":[0,0,3,3],"texture":"#0"},
				"up":{"uv":[0,0,5,3],"texture":"#0"},
				"down":{"uv":[0,0,5,3],"texture":"#0"}
			}
		},
		{
			"from":[9.2,19,0],
			"to":[15.2,25,10],
			"rotation":{"angle":22.5,"axis":"y","origin":[8,0,8]},
			"faces":{
				"north":{"uv":[0,0,3,3],"texture":"#0"},
				"east":{"uv":[0,0,5,3],"texture":"#0"},
				"south":{"uv":[0,0,3,3],"texture":"#0"},
				"west":{"uv":[0,0,5,3],"texture":"#0"},
				"up":{"uv":[0,0,3,5],"texture":"#0"},
				"down":{"uv":[0,0,3,5],"texture":"#0"}
			}
		},
		{
			"from":[11.1,21.9,-0.1],
			"to":[13.3,25.1,10.1],
			"rotation":{"angle":22.5,"axis":"y","origin":[8,0,8]},
			"faces":{
				"north":{"uv":[8,8,7,9.5],"texture":"#0"},
				"south":{"uv":[7,8,8,9.5],"texture":"#0"},
				"up":{"uv":[7,8,8,13],"texture":"#0"}
			}
		},
		{
			"from":[5.3,30.15,3.7],
			"to":[9.3,30.15,10.7],
			"rotation":{"angle":-22.5,"axis":"y","origin":[8,0,8]},
			"faces":{
				"up":{"uv":[4.5,6,8,8],"rotation":270,"texture":"#0"},
				"down":{"uv":[4.5,6,8,8],"rotation":90,"texture":"#0"}
			}
		},
		{
			"from":[6.3,30.2,6.4],
			"to":[8.3,30.2,8.4],
			"rotation":{"angle":-45,"axis":"y","origin":[8,0,8]},
			"faces":{
				"up":{"uv":[4,10,5,11],"rotation":270,"texture":"#0"},
				"down":{"uv":[4,10,5,11],"rotation":90,"texture":"#0"}
			}
		},
		{
			"from":[9.3,24.6,8.2],
			"to":[13.3,24.6,15.2],
			"rotation":{"angle":45,"axis":"x","origin":[0,23,8]},
			"faces":{
				"up":{"uv":[4.5,8,8,6],"rotation":270,"texture":"#0"},
				"down":{"uv":[4.5,6,8,8],"rotation":90,"texture":"#0"}
			}
		},
		{
			"from":[3.5,24.9,5.9],
			"to":[11.7,30.1,8.1],
			"rotation":{"angle":45,"axis":"y","origin":[8,0,8]},
			"faces":{
				"east":{"uv":[8,8,7,10.5],"texture":"#0"},
				"west":{"uv":[7,8,8,10.5],"texture":"#0"},
				"up":{"uv":[7,8,8,12],"rotation":90,"texture":"#0"},
				"down":{"uv":[7,8,8,12],"rotation":90,"texture":"#0"}
			}
		}
	]
}