{
	"textures":{
		"0":"item/mailbox/shipping",
		"particle":"item/mailbox/shipping"
	},
	"elements":[
		{
			"from":[1,19,4],
			"to":[8,25,15],
			"faces":{
				"north":{"uv":[4,0,0,3],"texture":"#0"},
				"east":{"uv":[0,0,3,6],"rotation":90,"texture":"#0"},
				"south":{"uv":[0,0,4,3],"texture":"#0"},
				"west":{"uv":[0,0,3,6],"rotation":90,"texture":"#0"},
				"up":{"uv":[0,0,4,6],"texture":"#0"},
				"down":{"uv":[0,0,4,6],"texture":"#0"}
			}
		},
		{
			"from":[3.4,18.9,3.9],
			"to":[5.6,25.1,15.1],
			"faces":{
				"north":{"uv":[8,8,7,11],"texture":"#0"},
				"south":{"uv":[7,8,8,11],"texture":"#0"},
				"up":{"uv":[7,8,8,13],"texture":"#0"}
			}
		},
		{
			"from":[3,26.8,8.5],
			"to":[13,29.8,14.5],
			"rotation":{"angle":22.5,"axis":"z","origin":[7,25,0]},
			"faces":{
				"north":{"uv":[0,0,1.5,5],"rotation":270,"texture":"#0"},
				"east":{"uv":[0,0,1.5,3],"rotation":90,"texture":"#0"},
				"south":{"uv":[0,0,1.5,5],"rotation":90,"texture":"#0"},
				"west":{"uv":[0,0,3,1.5],"texture":"#0"},
				"up":{"uv":[0,1.5,3,6.5],"rotation":270,"texture":"#0"},
				"down":{"uv":[0,0,5,3],"rotation":180,"texture":"#0"}
			}
		},
		{
			"from":[4.9,26.7,8.4],
			"to":[7.1,29.9,14.6],
			"rotation":{"angle":22.5,"axis":"z","origin":[7,25,0]},
			"faces":{
				"north":{"uv":[8,8,7,9.5],"rotation":180,"texture":"#0"},
				"south":{"uv":[7,8,8,9.5],"rotation":180,"texture":"#0"},
				"up":{"uv":[7,8,8,11],"rotation":180,"texture":"#0"},
				"down":{"uv":[7,8,8,11],"rotation":180,"texture":"#0"}
			}
		},
		{
			"from":[8.9,26.7,8.4],
			"to":[11.1,29.9,14.6],
			"rotation":{"angle":22.5,"axis":"z","origin":[7,25,0]},
			"faces":{
				"north":{"uv":[8,8,7,9.5],"rotation":180,"texture":"#0"},
				"south":{"uv":[7,8,8,9.5],"rotation":180,"texture":"#0"},
				"up":{"uv":[7,8,8,11],"rotation":180,"texture":"#0"},
				"down":{"uv":[7,8,8,11],"rotation":180,"texture":"#0"}
			}
		},
		{
			"from":[6,32,8.5],
			"to":[10,32,15.5],
			"rotation":{"angle":-45,"axis":"z","origin":[7,25,0]},
			"faces":{
				"up":{"uv":[4.5,6,8,8],"rotation":90,"texture":"#0"},
				"down":{"uv":[4.5,6,8,8],"rotation":90,"texture":"#0"}
			}
		},
		{
			"from":[7.6,30.3,4.1],
			"to":[14.6,30.3,8.1],
			"rotation":{"angle":22.5,"axis":"y","origin":[8,0,8]},
			"faces":{
				"up":{"uv":[4.5,6,8,8],"texture":"#0"},
				"down":{"uv":[4.5,6,8,8],"texture":"#0"}
			}
		},
		{
			"from":[10.4,30.4,6.7],
			"to":[12.4,30.4,8.7],
			"rotation":{"angle":45,"axis":"y","origin":[8,0,8]},
			"faces":{
				"up":{"uv":[4,10,5,11],"texture":"#0"},
				"down":{"uv":[4,10,5,11],"texture":"#0"}
			}
		},
		{
			"from":[-0.7,19.1,-0.3],
			"to":[3.3,19.1,6.7],
			"rotation":{"angle":-22.5,"axis":"y","origin":[8,0,8]},
			"faces":{
				"up":{"uv":[4.5,6,8,8],"rotation":270,"texture":"#0"},
				"down":{"uv":[4.5,6,8,8],"rotation":90,"texture":"#0"}
			}
		},
		{
			"from":[6,19.2,-0.7],
			"to":[8,19.2,1.3],
			"rotation":{"angle":22.5,"axis":"y","origin":[8,0,8]},
			"faces":{
				"up":{"uv":[4,10,5,11],"texture":"#0"},
				"down":{"uv":[4,10,5,11],"texture":"#0"}
			}
		},
		{
			"from":[4.6,25,2.4],
			"to":[14.6,30,8.4],
			"faces":{
				"north":{"uv":[0,0,5,3],"texture":"#0"},
				"east":{"uv":[0,0,3,3],"texture":"#0"},
				"south":{"uv":[0,0,5,3],"texture":"#0"},
				"west":{"uv":[0,0,3,3],"texture":"#0"},
				"up":{"uv":[0,0,5,3],"texture":"#0"},
				"down":{"uv":[0,0,5,3],"texture":"#0"}
			}
		},
		{
			"from":[4.5,24.9,4.3],
			"to":[14.7,30.1,6.5],
			"faces":{
				"east":{"uv":[8,8,7,10.5],"texture":"#0"},
				"west":{"uv":[7,8,8,10.5],"texture":"#0"},
				"up":{"uv":[7,8,8,13],"rotation":90,"texture":"#0"},
				"down":{"uv":[7,8,8,13],"rotation":90,"texture":"#0"}
			}
		},
		{
			"from":[9.2,19,0],
			"to":[15.2,25,10],
			"rotation":{"angle":22.5,"axis":"y","origin":[8,0,8]},
			"faces":{
				"north":{"uv":[0,0,3,3],"texture":"#0"},
				"east":{"uv":[0,0,5,3],"texture":"#0"},
				"south":{"uv":[0,0,3,3],"texture":"#0"},
				"west":{"uv":[0,0,5,3],"texture":"#0"},
				"up":{"uv":[0,0,3,5],"texture":"#0"},
				"down":{"uv":[0,0,3,5],"texture":"#0"}
			}
		},
		{
			"from":[11.1,21.9,-0.1],
			"to":[13.3,25.1,10.1],
			"rotation":{"angle":22.5,"axis":"y","origin":[8,0,8]},
			"faces":{
				"north":{"uv":[8,8,7,11],"texture":"#0"},
				"south":{"uv":[7,8,8,11],"texture":"#0"},
				"up":{"uv":[7,8,8,13],"texture":"#0"}
			}
		},
		{
			"from":[9,18,9.4],
			"to":[15,28,15.4],
			"faces":{
				"north":{"uv":[0,0,3,5],"texture":"#0"},
				"east":{"uv":[0,0,3,5],"texture":"#0"},
				"south":{"uv":[0,0,3,5],"texture":"#0"},
				"west":{"uv":[0,0,3,5],"texture":"#0"},
				"up":{"uv":[0,0,3,3],"texture":"#0"},
				"down":{"uv":[0,0,3,3],"texture":"#0"}
			}
		},
		{
			"from":[0.5,19,15.5],
			"to":[15.5,22,15.5],
			"faces":{
				"north":{"uv":[0,13,7.5,14.5],"texture":"#0"},
				"south":{"uv":[0,13,7.5,14.5],"texture":"#0"}
			}
		},
		{
			"from":[0.5,19,0.5],
			"to":[0.5,22,15.5],
			"faces":{
				"east":{"uv":[0,13,7.5,14.5],"texture":"#0"},
				"west":{"uv":[0,13,7.5,14.5],"texture":"#0"}
			}
		},
		{
			"from":[15.5,19,0.5],
			"to":[15.5,22,15.5],
			"faces":{
				"east":{"uv":[0,13,7.5,14.5],"texture":"#0"},
				"west":{"uv":[0,13,7.5,14.5],"texture":"#0"}
			}
		},
		{
			"from":[0,16,0],
			"to":[16,19,16],
			"faces":{
				"north":{"uv":[0,14.5,8,16],"texture":"#0"},
				"east":{"uv":[0,14.5,8,16],"texture":"#0"},
				"south":{"uv":[0,14.5,8,16],"texture":"#0"},
				"west":{"uv":[0,14.5,8,16],"texture":"#0"},
				"up":{"uv":[8,0,16,8],"texture":"#0"},
				"down":{"uv":[8,8,16,16],"texture":"#0"}
			}
		},
		{
			"from":[4,14,4],
			"to":[12,16,12],
			"faces":{
				"north":{"uv":[0,6.5,4,7.5],"texture":"#0"},
				"east":{"uv":[0,6.5,4,7.5],"texture":"#0"},
				"south":{"uv":[0,6.5,4,7.5],"texture":"#0"},
				"west":{"uv":[0,6.5,4,7.5],"texture":"#0"},
				"down":{"uv":[0,7,4,11],"texture":"#0"}
			}
		},
		{
			"from":[6,0,6],
			"to":[10,14,10],
			"faces":{
				"north":{"uv":[0,11,7,13],"rotation":90,"texture":"#0"},
				"east":{"uv":[0,11,7,13],"rotation":90,"texture":"#0"},
				"south":{"uv":[0,11,7,13],"rotation":90,"texture":"#0"},
				"west":{"uv":[0,11,7,13],"rotation":90,"texture":"#0"},
				"down":{"uv":[1,8,3,10],"texture":"#0"}
			}
		}
	]
}