{"textures":{"0":"modelengine:entity/chromafire_style_gold"},"elements":[{"from":[5.525,-4.475,8.025],"to":[14.475,11.475,7.975],"faces":{"east":{"uv":[15.75,15.75,16.0,16.0],"tintindex":0,"rotation":0,"texture":"#0"},"south":{"uv":[16.0,2.5,13.75,6.5],"tintindex":0,"rotation":0,"texture":"#0"},"north":{"uv":[13.75,2.5,16.0,6.5],"tintindex":0,"rotation":0,"texture":"#0"},"west":{"uv":[15.75,15.75,16.0,16.0],"tintindex":0,"rotation":0,"texture":"#0"},"up":{"uv":[15.75,15.75,16.0,16.0],"tintindex":0,"rotation":0,"texture":"#0"},"down":{"uv":[15.75,15.75,16.0,16.0],"tintindex":0,"rotation":0,"texture":"#0"}}},{"from":[6.0,-4.0,8.0],"to":[14.0,11.0,8.0],"faces":{"south":{"uv":[2.0,0.0,0.0,3.75],"tintindex":0,"rotation":0,"texture":"#0"},"north":{"uv":[0.0,0.0,2.0,3.75],"tintindex":0,"rotation":0,"texture":"#0"}}}],"display":{"gui":{"rotation":[30,225,0]}}}