{"textures":{"0":"modelengine:entity/chromafire_style_gold"},"elements":[{"from":[7.0,5.5,8.0],"to":[9.0,9.5,8.0],"faces":{"south":{"uv":[1.25,7.25,1.75,8.25],"tintindex":0,"rotation":0,"texture":"#0"},"north":{"uv":[1.75,7.25,1.25,8.25],"tintindex":0,"rotation":0,"texture":"#0"}}},{"from":[6.525,5.025,8.025],"to":[9.475,9.975,7.975],"faces":{"south":{"uv":[14.75,8.0,14.0,9.25],"tintindex":0,"rotation":0,"texture":"#0"},"north":{"uv":[14.0,8.0,14.75,9.25],"tintindex":0,"rotation":0,"texture":"#0"}}}],"display":{"gui":{"rotation":[30,225,0]}}}