{"textures":{"0":"modelengine:entity/chromafire_style_gold"},"elements":[{"from":[6.5,1.0,8.0],"to":[9.5,8.0,8.0],"faces":{"south":{"uv":[6.5,6.5,7.25,8.25],"tintindex":0,"rotation":0,"texture":"#0"},"north":{"uv":[7.25,6.5,6.5,8.25],"tintindex":0,"rotation":0,"texture":"#0"}}},{"from":[6.025,0.525,8.025],"to":[9.975,8.475,7.975],"faces":{"south":{"uv":[15.0,0.0,16.0,2.0],"tintindex":0,"rotation":0,"texture":"#0"},"north":{"uv":[16.0,0.0,15.0,2.0],"tintindex":0,"rotation":0,"texture":"#0"}}}],"display":{"gui":{"rotation":[30,225,0]}}}