{"textures":{"0":"modelengine:entity/chromafire_style_gold"},"elements":[{"from":[6.525,5.525,8.025],"to":[9.475,10.475,7.975],"faces":{"south":{"uv":[12.75,8.0,12.0,9.25],"tintindex":0,"rotation":0,"texture":"#0"},"north":{"uv":[12.0,8.0,12.75,9.25],"tintindex":0,"rotation":0,"texture":"#0"}}},{"from":[7.0,6.0,8.0],"to":[9.0,10.0,8.0],"faces":{"south":{"uv":[2.25,7.0,2.75,8.0],"tintindex":0,"rotation":0,"texture":"#0"},"north":{"uv":[2.75,7.0,2.25,8.0],"tintindex":0,"rotation":0,"texture":"#0"}}}],"display":{"gui":{"rotation":[30,225,0]}}}