{"textures":{"0":"modelengine:entity/chromafire_style_gold"},"elements":[{"from":[6.525,5.525,7.775],"to":[9.475,10.475,7.725],"faces":{"south":{"uv":[9.75,8.0,9.0,9.25],"tintindex":0,"rotation":0,"texture":"#0"},"north":{"uv":[9.0,8.0,9.75,9.25],"tintindex":0,"rotation":0,"texture":"#0"}}},{"from":[7.0,6.0,7.75],"to":[9.0,10.0,7.75],"faces":{"south":{"uv":[1.0,7.25,0.5,8.25],"tintindex":0,"rotation":0,"texture":"#0"},"north":{"uv":[0.5,7.25,1.0,8.25],"tintindex":0,"rotation":0,"texture":"#0"}}}],"display":{"gui":{"rotation":[30,225,0]}}}