{"textures":{"0":"modelengine:entity/chromafire_style_gold"},"elements":[{"from":[7.0,-0.25,8.0],"to":[9.0,7.75,8.0],"faces":{"south":{"uv":[4.25,6.75,4.75,8.75],"tintindex":0,"rotation":0,"texture":"#0"},"north":{"uv":[4.75,6.75,4.25,8.75],"tintindex":0,"rotation":0,"texture":"#0"}}},{"from":[6.525,-0.725,8.025],"to":[9.475,8.225,7.975],"faces":{"south":{"uv":[10.75,8.0,10.0,10.25],"tintindex":0,"rotation":0,"texture":"#0"},"north":{"uv":[10.0,8.0,10.75,10.25],"tintindex":0,"rotation":0,"texture":"#0"}}}],"display":{"gui":{"rotation":[30,225,0]}}}