{"textures":{"0":"modelengine:entity/chromafire_style_gold"},"elements":[{"from":[5.5,5.5,5.5],"to":[10.5,10.5,10.5],"faces":{"east":{"uv":[2.75,4.25,4.0,5.5],"tintindex":0,"rotation":0,"texture":"#0"},"south":{"uv":[4.0,4.25,5.25,5.5],"tintindex":0,"rotation":0,"texture":"#0"},"north":{"uv":[4.0,2.25,5.25,3.5],"tintindex":0,"rotation":0,"texture":"#0"},"west":{"uv":[5.25,0.5,6.5,1.75],"tintindex":0,"rotation":0,"texture":"#0"},"up":{"uv":[6.5,3.0,5.25,1.75],"tintindex":0,"rotation":0,"texture":"#0"},"down":{"uv":[6.5,3.0,5.25,4.25],"tintindex":0,"rotation":0,"texture":"#0"}}},{"from":[5.75,5.75,5.75],"to":[10.25,10.25,10.25],"faces":{"east":{"uv":[2.75,5.5,4.0,6.75],"tintindex":0,"rotation":0,"texture":"#0"},"south":{"uv":[4.0,5.5,5.25,6.75],"tintindex":0,"rotation":0,"texture":"#0"},"north":{"uv":[5.25,4.25,6.5,5.5],"tintindex":0,"rotation":0,"texture":"#0"},"west":{"uv":[5.25,5.5,6.5,6.75],"tintindex":0,"rotation":0,"texture":"#0"},"up":{"uv":[1.25,7.25,0.0,6.0],"tintindex":0,"rotation":0,"texture":"#0"},"down":{"uv":[7.75,0.5,6.5,1.75],"tintindex":0,"rotation":0,"texture":"#0"}}},{"from":[10.9,10.9,10.9],"to":[5.1,5.1,5.1],"faces":{"east":{"uv":[8.75,0.0,9.0,0.75],"tintindex":0,"rotation":0,"texture":"#0"},"south":{"uv":[8.75,0.0,9.0,0.75],"tintindex":0,"rotation":0,"texture":"#0"},"north":{"uv":[8.75,0.0,9.0,0.75],"tintindex":0,"rotation":0,"texture":"#0"},"west":{"uv":[8.75,0.0,9.0,0.75],"tintindex":0,"rotation":0,"texture":"#0"},"up":{"uv":[8.75,0.0,9.0,0.25],"tintindex":0,"rotation":0,"texture":"#0"},"down":{"uv":[8.75,0.5,9.0,0.75],"tintindex":0,"rotation":0,"texture":"#0"}}}],"display":{"gui":{"rotation":[30,225,0]}}}