{"textures":{"0":"modelengine:entity/chromafire_blast_gold"},"elements":[{"from":[7.6666665,7.6666665,-13.333334],"to":[8.333333,8.333333,8.0],"faces":{"east":{"uv":[0.0,0.0,8.0,0.25],"tintindex":0,"rotation":0,"texture":"#0"},"south":{"uv":[1.5,3.75,1.75,4.0],"tintindex":0,"rotation":0,"texture":"#0"},"north":{"uv":[1.5,3.5,1.75,3.75],"tintindex":0,"rotation":0,"texture":"#0"},"west":{"uv":[0.0,0.25,8.0,0.5],"tintindex":0,"rotation":0,"texture":"#0"},"up":{"uv":[0.25,8.5,0.0,0.5],"tintindex":0,"rotation":0,"texture":"#0"},"down":{"uv":[0.5,0.5,0.25,8.5],"tintindex":0,"rotation":0,"texture":"#0"}}},{"from":[8.5,8.5,8.166667],"to":[7.5,7.5,-13.5],"faces":{"east":{"uv":[6.5,0.625,5.875,0.75],"tintindex":0,"rotation":0,"texture":"#0"},"south":{"uv":[6.375,0.625,6.5,0.75],"tintindex":0,"rotation":0,"texture":"#0"},"north":{"uv":[5.875,0.625,6.0,0.75],"tintindex":0,"rotation":0,"texture":"#0"},"west":{"uv":[5.875,0.625,6.5,0.75],"tintindex":0,"rotation":0,"texture":"#0"},"up":{"uv":[5.875,0.625,6.5,0.75],"tintindex":0,"rotation":90,"texture":"#0"},"down":{"uv":[6.5,0.625,5.875,0.75],"tintindex":0,"rotation":90,"texture":"#0"}}}],"display":{"gui":{"rotation":[30,225,0]}}}