{"textures":{"0":"modelengine:entity/chromafire_blast_gold"},"elements":[{"from":[8.0125,7.75,6.5],"to":[7.9875,20.25,9.5],"faces":{"east":{"uv":[9.875,0.0,9.125,3.125],"tintindex":0,"rotation":0,"texture":"#0"},"south":{"uv":[15.875,15.875,16.0,16.0],"tintindex":0,"rotation":0,"texture":"#0"},"north":{"uv":[15.875,15.875,16.0,16.0],"tintindex":0,"rotation":0,"texture":"#0"},"west":{"uv":[9.125,0.0,9.875,3.125],"tintindex":0,"rotation":0,"texture":"#0"},"up":{"uv":[15.875,15.875,16.0,16.0],"tintindex":0,"rotation":0,"texture":"#0"},"down":{"uv":[15.875,15.875,16.0,16.0],"tintindex":0,"rotation":0,"texture":"#0"}}},{"from":[8.0,8.0,6.75],"to":[8.0,20.0,9.25],"faces":{"east":{"uv":[0.5,0.5,1.125,3.5],"tintindex":0,"rotation":0,"texture":"#0"},"west":{"uv":[1.125,0.5,0.5,3.5],"tintindex":0,"rotation":0,"texture":"#0"}}}],"display":{"gui":{"rotation":[30,225,0]}}}