{"textures":{"0":"modelengine:entity/criter_foolspence"},"elements":[{"from":[1.0,5.0,8.0],"to":[7.0,10.0,8.0],"faces":{"south":{"uv":[0.0,2.5,3.0,5.0],"tintindex":0,"rotation":0,"texture":"#0"},"north":{"uv":[3.0,2.5,0.0,5.0],"tintindex":0,"rotation":0,"texture":"#0"}}},{"from":[9.0,5.0,8.0],"to":[15.0,10.0,8.0],"faces":{"south":{"uv":[3.0,2.5,0.0,5.0],"tintindex":0,"rotation":0,"texture":"#0"},"north":{"uv":[0.0,2.5,3.0,5.0],"tintindex":0,"rotation":0,"texture":"#0"}}}],"display":{"gui":{"rotation":[30,225,0]}}}