{
    "variants": {
        "axis=y": [
            {
                "model": "block_random/birch_log_0"
            },
            {
                "model": "block_random/birch_log_1"
            },
            {
                "model": "block_random/birch_log_2"
            }
        ],
        "axis=z": [
            {
                "model": "block_random/birch_log_0",
                "x": 90
            },
            {
                "model": "block_random/birch_log_1",
                "x": 90
            },
            {
                "model": "block_random/birch_log_2",
                "x": 90
            }
        ],
        "axis=x": [
            {
                "model": "block_random/birch_log_0",
                "x": 90,
                "y": 90
            },
            {
                "model": "block_random/birch_log_1",
                "x": 90,
                "y": 90
            },
            {
                "model": "block_random/birch_log_2",
                "x": 90,
                "y": 90
            }
        ]
    }
}