{
    "variants": {
        "": [
            {
                "model": "block_plant/lily_pad_big_0",
                "weight": 1
            },
            {
                "model": "block_plant/lily_pad_big_0_90",
                "weight": 1
            },
            {
                "model": "block_plant/lily_pad_big_0_180",
                "weight": 1
            },
            {
                "model": "block_plant/lily_pad_big_0_270",
                "weight": 1
            },
            {
                "model": "block_plant/lily_pad_big_1",
                "weight": 1
            },
            {
                "model": "block_plant/lily_pad_big_1_90",
                "weight": 1
            },
            {
                "model": "block_plant/lily_pad_big_1_180",
                "weight": 1
            },
            {
                "model": "block_plant/lily_pad_big_1_270",
                "weight": 1
            },
            {
                "model": "block_plant/lily_pad_big_m_0",
                "weight": 1
            },
            {
                "model": "block_plant/lily_pad_big_m_0_90",
                "weight": 1
            },
            {
                "model": "block_plant/lily_pad_big_m_0_180",
                "weight": 1
            },
            {
                "model": "block_plant/lily_pad_big_m_0_270",
                "weight": 1
            },
            {
                "model": "block_plant/lily_pad_big_m_1",
                "weight": 1
            },
            {
                "model": "block_plant/lily_pad_big_m_1_90",
                "weight": 1
            },
            {
                "model": "block_plant/lily_pad_big_m_1_180",
                "weight": 1
            },
            {
                "model": "block_plant/lily_pad_big_m_1_270",
                "weight": 1
            },
            {
                "model": "block_plant/lily_pad_0",
                "weight": 8
            },
            {
                "model": "block_plant/lily_pad_0",
                "y": 90,
                "weight": 8
            },
            {
                "model": "block_plant/lily_pad_0",
                "y": 180,
                "weight": 8
            },
            {
                "model": "block_plant/lily_pad_0",
                "y": 270,
                "weight": 8
            },
            {
                "model": "block_plant/lily_pad_1",
                "weight": 8
            },
            {
                "model": "block_plant/lily_pad_1_90",
                "weight": 8
            },
            {
                "model": "block_plant/lily_pad_1_180",
                "weight": 8
            },
            {
                "model": "block_plant/lily_pad_1_270",
                "weight": 8
            },
            {
                "model": "block_plant/lily_pad_group_0",
                "weight": 2
            },
            {
                "model": "block_plant/lily_pad_group_0_90",
                "weight": 2
            },
            {
                "model": "block_plant/lily_pad_group_0_180",
                "weight": 2
            },
            {
                "model": "block_plant/lily_pad_group_0_270",
                "weight": 2
            },
            {
                "model": "block_plant/lily_pad_group_1",
                "weight": 2
            },
            {
                "model": "block_plant/lily_pad_group_1_90",
                "weight": 2
            },
            {
                "model": "block_plant/lily_pad_group_1_180",
                "weight": 2
            },
            {
                "model": "block_plant/lily_pad_group_1_270",
                "weight": 2
            },
            {
                "model": "block_plant/lily_pad_group_2",
                "weight": 2
            },
            {
                "model": "block_plant/lily_pad_group_2_90",
                "weight": 2
            },
            {
                "model": "block_plant/lily_pad_group_2_180",
                "weight": 2
            },
            {
                "model": "block_plant/lily_pad_group_2_270",
                "weight": 2
            },
            {
                "model": "block_plant/lily_pad_group_3",
                "weight": 2
            },
            {
                "model": "block_plant/lily_pad_group_3_90",
                "weight": 2
            },
            {
                "model": "block_plant/lily_pad_group_3_180",
                "weight": 2
            },
            {
                "model": "block_plant/lily_pad_group_3_270",
                "weight": 2
            },
            {
                "model": "block_plant/lily_pad_group_4",
                "weight": 2
            },
            {
                "model": "block_plant/lily_pad_group_4_90",
                "weight": 2
            },
            {
                "model": "block_plant/lily_pad_group_4_180",
                "weight": 2
            },
            {
                "model": "block_plant/lily_pad_group_4_270",
                "weight": 2
            }
        ]
    }
}