{
    "variants": {
        "snowy=false": [
            {
                "model": "block_random/podzol_0"
            },
            {
                "model": "block_random/podzol_0",
                "y": 90
            },
            {
                "model": "block_random/podzol_0",
                "y": 180
            },
            {
                "model": "block_random/podzol_0",
                "y": 270
            },
            {
                "model": "block_random/podzol_1"
            },
            {
                "model": "block_random/podzol_1",
                "y": 90
            },
            {
                "model": "block_random/podzol_1",
                "y": 180
            },
            {
                "model": "block_random/podzol_1",
                "y": 270
            },
            {
                "model": "block_random/podzol_2"
            },
            {
                "model": "block_random/podzol_2",
                "y": 90
            },
            {
                "model": "block_random/podzol_2",
                "y": 180
            },
            {
                "model": "block_random/podzol_2",
                "y": 270
            },
            {
                "model": "block_random/podzol_3"
            },
            {
                "model": "block_random/podzol_3",
                "y": 90
            },
            {
                "model": "block_random/podzol_3",
                "y": 180
            },
            {
                "model": "block_random/podzol_3",
                "y": 270
            },
            {
                "model": "block_random/podzol_4"
            },
            {
                "model": "block_random/podzol_4",
                "y": 90
            },
            {
                "model": "block_random/podzol_4",
                "y": 180
            },
            {
                "model": "block_random/podzol_4",
                "y": 270
            },
            {
                "model": "block_random/podzol_5"
            },
            {
                "model": "block_random/podzol_5",
                "y": 90
            },
            {
                "model": "block_random/podzol_5",
                "y": 180
            },
            {
                "model": "block_random/podzol_5",
                "y": 270
            },
            {
                "model": "block_random/podzol_6"
            },
            {
                "model": "block_random/podzol_6",
                "y": 90
            },
            {
                "model": "block_random/podzol_6",
                "y": 180
            },
            {
                "model": "block_random/podzol_6",
                "y": 270
            },
            {
                "model": "block_random/podzol_7"
            },
            {
                "model": "block_random/podzol_7",
                "y": 90
            },
            {
                "model": "block_random/podzol_7",
                "y": 180
            },
            {
                "model": "block_random/podzol_7",
                "y": 270
            }
        ],
        "snowy=true": {
            "model": "block/grass_block_snow"
        }
    }
}