{
    "variants": {
        "": [
            {
                "model": "block_random/limestone_brick_0"
            },
            {
                "model": "block_random/limestone_brick_1"
            },
            {
                "model": "block_random/limestone_brick_2"
            },
            {
                "model": "block_random/limestone_brick_3"
            },
            {
                "model": "block_random/limestone_brick_4"
            },
            {
                "model": "block_random/limestone_brick_5"
            }
        ]
    }
}