{
    "credit": "Made with Blockbench",
    "textures": {
        "0": "block/flower_pot",
        "particle": "block/flower_pot"
    },
    "elements": [
        {
            "from": [
                5,
                0,
                5
            ],
            "to": [
                11,
                2,
                11
            ],
            "faces": {
                "north": {
                    "uv": [
                        0,
                        14,
                        6,
                        16
                    ],
                    "texture": "#0"
                },
                "east": {
                    "uv": [
                        6,
                        14,
                        0,
                        16
                    ],
                    "texture": "#0"
                },
                "south": {
                    "uv": [
                        0,
                        14,
                        6,
                        16
                    ],
                    "texture": "#0"
                },
                "west": {
                    "uv": [
                        6,
                        14,
                        0,
                        16
                    ],
                    "texture": "#0"
                },
                "down": {
                    "uv": [
                        10,
                        10,
                        16,
                        16
                    ],
                    "texture": "#0"
                }
            }
        },
        {
            "from": [
                4,
                5,
                4
            ],
            "to": [
                12,
                6,
                12
            ],
            "faces": {
                "north": {
                    "uv": [
                        8,
                        0,
                        0,
                        1
                    ],
                    "texture": "#0"
                },
                "east": {
                    "uv": [
                        7,
                        0,
                        8,
                        8
                    ],
                    "rotation": 90,
                    "texture": "#0"
                },
                "south": {
                    "uv": [
                        0,
                        7,
                        8,
                        8
                    ],
                    "texture": "#0"
                },
                "west": {
                    "uv": [
                        0,
                        8,
                        1,
                        0
                    ],
                    "rotation": 90,
                    "texture": "#0"
                },
                "up": {
                    "uv": [
                        0,
                        0,
                        8,
                        8
                    ],
                    "texture": "#0"
                },
                "down": {
                    "uv": [
                        8,
                        0,
                        0,
                        8
                    ],
                    "rotation": 180,
                    "texture": "#0"
                }
            }
        },
        {
            "from": [
                4.5,
                2,
                4.5
            ],
            "to": [
                11.5,
                5,
                11.5
            ],
            "faces": {
                "north": {
                    "uv": [
                        0,
                        11,
                        7,
                        14
                    ],
                    "texture": "#0"
                },
                "east": {
                    "uv": [
                        7,
                        11,
                        0,
                        14
                    ],
                    "texture": "#0"
                },
                "south": {
                    "uv": [
                        0,
                        11,
                        7,
                        14
                    ],
                    "texture": "#0"
                },
                "west": {
                    "uv": [
                        7,
                        11,
                        0,
                        14
                    ],
                    "texture": "#0"
                },
                "down": {
                    "uv": [
                        9,
                        0,
                        16,
                        7
                    ],
                    "rotation": 90,
                    "texture": "#0"
                }
            }
        },
        {
            "from": [
                11,
                6,
                11
            ],
            "to": [
                5,
                1,
                5
            ],
            "faces": {
                "north": {
                    "uv": [
                        7,
                        15,
                        1,
                        10
                    ],
                    "texture": "#0"
                },
                "east": {
                    "uv": [
                        1,
                        15,
                        7,
                        10
                    ],
                    "texture": "#0"
                },
                "south": {
                    "uv": [
                        7,
                        15,
                        1,
                        10
                    ],
                    "texture": "#0"
                },
                "west": {
                    "uv": [
                        1,
                        15,
                        7,
                        10
                    ],
                    "texture": "#0"
                },
                "up": {
                    "uv": [
                        10,
                        10,
                        16,
                        16
                    ],
                    "texture": "#0"
                }
            }
        }
    ]
}