{
    "textures": {
        "1": "block/iron_block",
        "particle": "block/iron_bars",
        "bars": "block/iron_bars"
    },
    "elements": [
        {
            "from": [
                7,
                0,
                7
            ],
            "to": [
                9,
                16,
                9
            ],
            "faces": {
                "north": {
                    "uv": [
                        7,
                        0,
                        9,
                        16
                    ],
                    "texture": "#bars"
                },
                "east": {
                    "uv": [
                        7,
                        0,
                        9,
                        16
                    ],
                    "texture": "#bars"
                },
                "south": {
                    "uv": [
                        7,
                        0,
                        9,
                        16
                    ],
                    "texture": "#bars"
                },
                "west": {
                    "uv": [
                        7,
                        0,
                        9,
                        16
                    ],
                    "texture": "#bars"
                },
                "up": {
                    "uv": [
                        2,
                        2,
                        4,
                        4
                    ],
                    "texture": "#1"
                },
                "down": {
                    "uv": [
                        7,
                        1,
                        9,
                        3
                    ],
                    "texture": "#bars"
                }
            }
        }
    ]
}