{
    "credit": "Made with Blockbench",
    "textures": {
        "1": "block/lantern",
        "2": "block/lantern_lamp",
        "particle": "item/lantern"
    },
    "elements": [
        {
            "from": [
                5.5,
                0,
                5.5
            ],
            "to": [
                10.5,
                1,
                10.5
            ],
            "rotation": {
                "angle": -45,
                "axis": "y",
                "origin": [
                    8,
                    0,
                    8
                ]
            },
            "faces": {
                "north": {
                    "uv": [
                        0,
                        10,
                        5,
                        11
                    ],
                    "texture": "#1"
                },
                "east": {
                    "uv": [
                        0,
                        10,
                        5,
                        11
                    ],
                    "texture": "#1"
                },
                "south": {
                    "uv": [
                        0,
                        10,
                        5,
                        11
                    ],
                    "texture": "#1"
                },
                "west": {
                    "uv": [
                        0,
                        10,
                        5,
                        11
                    ],
                    "texture": "#1"
                },
                "up": {
                    "uv": [
                        0,
                        10,
                        5,
                        15
                    ],
                    "texture": "#1"
                },
                "down": {
                    "uv": [
                        5,
                        10,
                        10,
                        15
                    ],
                    "texture": "#1"
                }
            }
        },
        {
            "from": [
                6.5,
                2,
                6.5
            ],
            "to": [
                9.5,
                8,
                9.5
            ],
            "shade": false,
            "rotation": {
                "angle": -45,
                "axis": "y",
                "origin": [
                    8,
                    0,
                    8
                ]
            },
            "faces": {
                "north": {
                    "uv": [
                        0,
                        2,
                        3,
                        3
                    ],
                    "texture": "#1"
                },
                "east": {
                    "uv": [
                        0,
                        2,
                        3,
                        3
                    ],
                    "texture": "#1"
                },
                "south": {
                    "uv": [
                        0,
                        2,
                        3,
                        3
                    ],
                    "texture": "#1"
                },
                "west": {
                    "uv": [
                        0,
                        2,
                        3,
                        3
                    ],
                    "texture": "#1"
                }
            }
        },
        {
            "from": [
                6,
                8,
                6
            ],
            "to": [
                10,
                10,
                10
            ],
            "rotation": {
                "angle": -45,
                "axis": "y",
                "origin": [
                    8,
                    0,
                    8
                ]
            },
            "faces": {
                "north": {
                    "uv": [
                        0,
                        0,
                        4,
                        2
                    ],
                    "texture": "#1"
                },
                "east": {
                    "uv": [
                        0,
                        0,
                        4,
                        2
                    ],
                    "texture": "#1"
                },
                "south": {
                    "uv": [
                        0,
                        0,
                        4,
                        2
                    ],
                    "texture": "#1"
                },
                "west": {
                    "uv": [
                        0,
                        0,
                        4,
                        2
                    ],
                    "texture": "#1"
                },
                "up": {
                    "uv": [
                        8,
                        0,
                        12,
                        4
                    ],
                    "texture": "#1"
                },
                "down": {
                    "uv": [
                        12,
                        0,
                        16,
                        4
                    ],
                    "texture": "#1"
                }
            }
        },
        {
            "from": [
                10.5,
                1.5,
                7.5
            ],
            "to": [
                11.5,
                9.5,
                8.5
            ],
            "rotation": {
                "angle": -45,
                "axis": "y",
                "origin": [
                    8,
                    0,
                    8
                ]
            },
            "faces": {
                "north": {
                    "uv": [
                        14,
                        4,
                        15,
                        12
                    ],
                    "texture": "#1"
                },
                "east": {
                    "uv": [
                        14,
                        4,
                        15,
                        12
                    ],
                    "texture": "#1"
                },
                "south": {
                    "uv": [
                        14,
                        4,
                        15,
                        12
                    ],
                    "texture": "#1"
                },
                "west": {
                    "uv": [
                        14,
                        4,
                        15,
                        12
                    ],
                    "texture": "#1"
                },
                "up": {
                    "uv": [
                        14,
                        4,
                        15,
                        5
                    ],
                    "texture": "#1"
                },
                "down": {
                    "uv": [
                        14,
                        11,
                        15,
                        12
                    ],
                    "texture": "#1"
                }
            }
        },
        {
            "from": [
                4.5,
                1.5,
                7.5
            ],
            "to": [
                5.5,
                9.5,
                8.5
            ],
            "rotation": {
                "angle": -45,
                "axis": "y",
                "origin": [
                    8,
                    0,
                    8
                ]
            },
            "faces": {
                "north": {
                    "uv": [
                        14,
                        4,
                        15,
                        12
                    ],
                    "texture": "#1"
                },
                "east": {
                    "uv": [
                        14,
                        4,
                        15,
                        12
                    ],
                    "texture": "#1"
                },
                "south": {
                    "uv": [
                        14,
                        4,
                        15,
                        12
                    ],
                    "texture": "#1"
                },
                "west": {
                    "uv": [
                        14,
                        4,
                        15,
                        12
                    ],
                    "texture": "#1"
                },
                "up": {
                    "uv": [
                        14,
                        4,
                        15,
                        5
                    ],
                    "texture": "#1"
                },
                "down": {
                    "uv": [
                        14,
                        11,
                        15,
                        12
                    ],
                    "texture": "#1"
                }
            }
        },
        {
            "from": [
                6,
                0.5,
                6
            ],
            "to": [
                10,
                2.5,
                10
            ],
            "rotation": {
                "angle": -45,
                "axis": "y",
                "origin": [
                    8,
                    0,
                    8
                ]
            },
            "faces": {
                "north": {
                    "uv": [
                        0,
                        8,
                        4,
                        10
                    ],
                    "texture": "#1"
                },
                "east": {
                    "uv": [
                        0,
                        8,
                        4,
                        10
                    ],
                    "texture": "#1"
                },
                "south": {
                    "uv": [
                        0,
                        8,
                        4,
                        10
                    ],
                    "texture": "#1"
                },
                "west": {
                    "uv": [
                        0,
                        8,
                        4,
                        10
                    ],
                    "texture": "#1"
                },
                "up": {
                    "uv": [
                        12,
                        0,
                        16,
                        4
                    ],
                    "texture": "#1"
                }
            }
        },
        {
            "from": [
                5.5,
                1.5,
                7.5
            ],
            "to": [
                6,
                2.5,
                8.5
            ],
            "rotation": {
                "angle": -45,
                "axis": "y",
                "origin": [
                    8,
                    0,
                    8
                ]
            },
            "faces": {
                "north": {
                    "uv": [
                        15,
                        11,
                        15.5,
                        12
                    ],
                    "texture": "#1"
                },
                "south": {
                    "uv": [
                        15,
                        11,
                        15.5,
                        12
                    ],
                    "texture": "#1"
                },
                "up": {
                    "uv": [
                        15,
                        11,
                        15.5,
                        12
                    ],
                    "texture": "#1"
                },
                "down": {
                    "uv": [
                        15,
                        11,
                        15.5,
                        12
                    ],
                    "texture": "#1"
                }
            }
        },
        {
            "from": [
                10,
                1.5,
                7.5
            ],
            "to": [
                10.5,
                2.5,
                8.5
            ],
            "rotation": {
                "angle": -45,
                "axis": "y",
                "origin": [
                    8,
                    0,
                    8
                ]
            },
            "faces": {
                "north": {
                    "uv": [
                        15,
                        11,
                        16,
                        12
                    ],
                    "texture": "#1"
                },
                "south": {
                    "uv": [
                        15,
                        11,
                        16,
                        12
                    ],
                    "texture": "#1"
                },
                "up": {
                    "uv": [
                        15,
                        11,
                        16,
                        12
                    ],
                    "texture": "#1"
                },
                "down": {
                    "uv": [
                        15,
                        11,
                        16,
                        12
                    ],
                    "texture": "#1"
                }
            }
        },
        {
            "from": [
                10,
                8.5,
                7.5
            ],
            "to": [
                10.5,
                9.5,
                8.5
            ],
            "rotation": {
                "angle": -45,
                "axis": "y",
                "origin": [
                    8,
                    0,
                    8
                ]
            },
            "faces": {
                "north": {
                    "uv": [
                        15,
                        4,
                        16,
                        5
                    ],
                    "texture": "#1"
                },
                "south": {
                    "uv": [
                        15,
                        4,
                        16,
                        5
                    ],
                    "texture": "#1"
                },
                "up": {
                    "uv": [
                        15,
                        4,
                        16,
                        5
                    ],
                    "texture": "#1"
                },
                "down": {
                    "uv": [
                        15,
                        4,
                        16,
                        5
                    ],
                    "texture": "#1"
                }
            }
        },
        {
            "from": [
                5.5,
                8.5,
                7.5
            ],
            "to": [
                6,
                9.5,
                8.5
            ],
            "rotation": {
                "angle": -45,
                "axis": "y",
                "origin": [
                    8,
                    0,
                    8
                ]
            },
            "faces": {
                "north": {
                    "uv": [
                        15,
                        4,
                        16,
                        5
                    ],
                    "texture": "#1"
                },
                "south": {
                    "uv": [
                        15,
                        4,
                        16,
                        5
                    ],
                    "texture": "#1"
                },
                "up": {
                    "uv": [
                        15,
                        4,
                        16,
                        5
                    ],
                    "texture": "#1"
                },
                "down": {
                    "uv": [
                        15,
                        4,
                        16,
                        5
                    ],
                    "texture": "#1"
                }
            }
        },
        {
            "from": [
                9,
                11.5,
                7.5
            ],
            "to": [
                10,
                13,
                8.5
            ],
            "rotation": {
                "angle": -45,
                "axis": "y",
                "origin": [
                    8,
                    0,
                    8
                ]
            },
            "faces": {
                "north": {
                    "uv": [
                        8,
                        5,
                        9,
                        6.5
                    ],
                    "texture": "#1"
                },
                "east": {
                    "uv": [
                        8,
                        5,
                        9,
                        6.5
                    ],
                    "texture": "#1"
                },
                "south": {
                    "uv": [
                        8,
                        5,
                        9,
                        6.5
                    ],
                    "texture": "#1"
                },
                "west": {
                    "uv": [
                        8,
                        5,
                        9,
                        6.5
                    ],
                    "texture": "#1"
                }
            }
        },
        {
            "from": [
                6,
                13,
                7.5
            ],
            "to": [
                10,
                14,
                8.5
            ],
            "rotation": {
                "angle": -45,
                "axis": "y",
                "origin": [
                    8,
                    0,
                    8
                ]
            },
            "faces": {
                "north": {
                    "uv": [
                        8,
                        4,
                        12,
                        5
                    ],
                    "texture": "#1"
                },
                "east": {
                    "uv": [
                        8,
                        4,
                        9,
                        5
                    ],
                    "texture": "#1"
                },
                "south": {
                    "uv": [
                        12,
                        4,
                        8,
                        5
                    ],
                    "texture": "#1"
                },
                "west": {
                    "uv": [
                        11,
                        4,
                        12,
                        5
                    ],
                    "texture": "#1"
                },
                "up": {
                    "uv": [
                        8,
                        4,
                        12,
                        5
                    ],
                    "rotation": 180,
                    "texture": "#1"
                },
                "down": {
                    "uv": [
                        8,
                        4,
                        12,
                        5
                    ],
                    "rotation": 180,
                    "texture": "#1"
                }
            }
        },
        {
            "from": [
                6,
                11.5,
                7.5
            ],
            "to": [
                7,
                13,
                8.5
            ],
            "rotation": {
                "angle": -45,
                "axis": "y",
                "origin": [
                    8,
                    0,
                    8
                ]
            },
            "faces": {
                "north": {
                    "uv": [
                        11,
                        5,
                        12,
                        6.5
                    ],
                    "texture": "#1"
                },
                "east": {
                    "uv": [
                        11,
                        5,
                        12,
                        6.5
                    ],
                    "texture": "#1"
                },
                "south": {
                    "uv": [
                        11,
                        5,
                        12,
                        6.5
                    ],
                    "texture": "#1"
                },
                "west": {
                    "uv": [
                        11,
                        5,
                        12,
                        6.5
                    ],
                    "texture": "#1"
                }
            }
        },
        {
            "from": [
                6,
                10.5,
                6
            ],
            "to": [
                10,
                11.5,
                10
            ],
            "rotation": {
                "angle": -45,
                "axis": "y",
                "origin": [
                    8,
                    0,
                    8
                ]
            },
            "faces": {
                "north": {
                    "uv": [
                        0,
                        0,
                        4,
                        1
                    ],
                    "texture": "#1"
                },
                "east": {
                    "uv": [
                        0,
                        0,
                        4,
                        1
                    ],
                    "texture": "#1"
                },
                "south": {
                    "uv": [
                        0,
                        0,
                        4,
                        1
                    ],
                    "texture": "#1"
                },
                "west": {
                    "uv": [
                        0,
                        0,
                        4,
                        1
                    ],
                    "texture": "#1"
                },
                "up": {
                    "uv": [
                        8,
                        0,
                        12,
                        4
                    ],
                    "texture": "#1"
                },
                "down": {
                    "uv": [
                        8,
                        0,
                        12,
                        4
                    ],
                    "texture": "#1"
                }
            }
        },
        {
            "from": [
                6.5,
                10,
                6.5
            ],
            "to": [
                9.5,
                11,
                9.5
            ],
            "rotation": {
                "angle": -45,
                "axis": "y",
                "origin": [
                    8,
                    0,
                    8
                ]
            },
            "faces": {
                "north": {
                    "uv": [
                        4,
                        0,
                        7,
                        1
                    ],
                    "texture": "#1"
                },
                "east": {
                    "uv": [
                        4,
                        1,
                        7,
                        2
                    ],
                    "texture": "#1"
                },
                "south": {
                    "uv": [
                        4,
                        0,
                        7,
                        1
                    ],
                    "texture": "#1"
                },
                "west": {
                    "uv": [
                        4,
                        1,
                        7,
                        2
                    ],
                    "texture": "#1"
                }
            }
        },
        {
            "from": [
                9.5,
                11,
                9.5
            ],
            "to": [
                6.5,
                10,
                6.5
            ],
            "rotation": {
                "angle": -45,
                "axis": "y",
                "origin": [
                    8,
                    0,
                    8
                ]
            },
            "faces": {
                "north": {
                    "uv": [
                        4,
                        0,
                        7,
                        1
                    ],
                    "texture": "#1"
                },
                "east": {
                    "uv": [
                        4,
                        1,
                        7,
                        2
                    ],
                    "texture": "#1"
                },
                "south": {
                    "uv": [
                        4,
                        0,
                        7,
                        1
                    ],
                    "texture": "#1"
                },
                "west": {
                    "uv": [
                        4,
                        1,
                        7,
                        2
                    ],
                    "texture": "#1"
                }
            }
        },
        {
            "from": [
                6,
                3,
                6
            ],
            "to": [
                10,
                7,
                10
            ],
            "shade": false,
            "rotation": {
                "angle": -45,
                "axis": "y",
                "origin": [
                    8,
                    1,
                    8
                ]
            },
            "faces": {
                "north": {
                    "uv": [
                        0,
                        0,
                        16,
                        16
                    ],
                    "texture": "#2"
                },
                "east": {
                    "uv": [
                        0,
                        0,
                        16,
                        16
                    ],
                    "texture": "#2"
                },
                "south": {
                    "uv": [
                        0,
                        0,
                        16,
                        16
                    ],
                    "texture": "#2"
                },
                "west": {
                    "uv": [
                        0,
                        0,
                        16,
                        16
                    ],
                    "texture": "#2"
                },
                "up": {
                    "uv": [
                        4,
                        3,
                        8,
                        7
                    ],
                    "texture": "#1"
                },
                "down": {
                    "uv": [
                        4,
                        3,
                        8,
                        7
                    ],
                    "texture": "#1"
                }
            }
        }
    ]
}