{
	"credit": "Made with Blockbench",
	"texture_size": [128, 128],
	"textures": {
		"0": "item/expeditions/decor/df_crates",
		"1": "item/armor/myrsteel/helmet_knight_myrsteel",
		"2": "item/armor/myrsteel/helm_myrsteel",
		"4": "item/weapons/steel_parts",
		"particle": "item/expeditions/decor/df_crates"
	},
	"elements": [
		{
			"from": [-2, -8, -2],
			"to": [18, -6, 18],
			"rotation": {"angle": 0, "axis": "y", "origin": [22, -8, 22]},
			"faces": {
				"north": {"uv": [6, 5, 8.5, 5.25], "texture": "#0"},
				"east": {"uv": [6, 5, 8.5, 5.25], "texture": "#0"},
				"south": {"uv": [6, 5, 8.5, 5.25], "texture": "#0"},
				"west": {"uv": [6, 5, 8.5, 5.25], "texture": "#0"}
			}
		},
		{
			"from": [-1, 5, -1],
			"to": [17, 5, 17],
			"rotation": {"angle": 0, "axis": "y", "origin": [22, 3, 22]},
			"faces": {
				"up": {"uv": [3.5, 2.375, 5.75, 4.625], "texture": "#0"}
			}
		},
		{
			"from": [16.999, -6.001, -2.001],
			"to": [19.001, 12.001, 18.001],
			"rotation": {"angle": 0, "axis": "y", "origin": [23, -6, 22]},
			"faces": {
				"north": {"uv": [8.5, 0, 8.75, 2.25], "texture": "#0"},
				"east": {"uv": [6, 2.75, 8.5, 5], "texture": "#0"},
				"south": {"uv": [8.5, 0, 8.75, 2.25], "texture": "#0"},
				"west": {"uv": [6, 0.25, 8.5, 2.5], "texture": "#0"},
				"up": {"uv": [6, 0.25, 8.5, 0], "rotation": 90, "texture": "#0"},
				"down": {"uv": [6, 2.5, 8.5, 2.75], "rotation": 90, "texture": "#0"}
			}
		},
		{
			"from": [-3.001, -6.001, -2.001],
			"to": [-0.999, 12.001, 18.001],
			"rotation": {"angle": 0, "axis": "y", "origin": [2, -6, 22]},
			"faces": {
				"north": {"uv": [8.5, 0, 8.75, 2.25], "texture": "#0"},
				"east": {"uv": [6, 0.25, 8.5, 2.5], "texture": "#0"},
				"south": {"uv": [8.5, 0, 8.75, 2.25], "texture": "#0"},
				"west": {"uv": [6, 2.75, 8.5, 5], "texture": "#0"},
				"up": {"uv": [6, 0, 8.5, 0.25], "rotation": 90, "texture": "#0"},
				"down": {"uv": [6, 2.5, 8.5, 2.75], "rotation": 90, "texture": "#0"}
			}
		},
		{
			"from": [-2, -6, 17],
			"to": [18, 12, 19],
			"rotation": {"angle": 0, "axis": "y", "origin": [3, -6, 23]},
			"faces": {
				"north": {"uv": [6, 0.25, 8.5, 2.5], "texture": "#0"},
				"east": {"uv": [8.5, 0, 8.75, 2.25], "texture": "#0"},
				"south": {"uv": [6, 2.75, 8.5, 5], "texture": "#0"},
				"west": {"uv": [8.5, 0, 8.75, 2.25], "texture": "#0"},
				"up": {"uv": [8.5, 0, 6, 0.25], "texture": "#0"},
				"down": {"uv": [6, 0, 8.5, 0.25], "texture": "#0"}
			}
		},
		{
			"from": [0, 10, 10],
			"to": [2, 13, 13],
			"rotation": {"angle": 22.5, "axis": "x", "origin": [4, -5, 16]},
			"faces": {
				"north": {"uv": [5.375, 0, 5.625, 0.375], "texture": "#0"},
				"east": {"uv": [5.625, 0, 6, 0.375], "texture": "#0"},
				"south": {"uv": [5.375, 0, 5.625, 0.375], "texture": "#0"},
				"west": {"uv": [5.625, 0, 6, 0.375], "texture": "#0"},
				"up": {"uv": [5.375, 0, 5.625, 0.375], "texture": "#0"},
				"down": {"uv": [5.375, 0, 5.625, 0.375], "texture": "#0"}
			}
		},
		{
			"from": [15, 10, 10],
			"to": [17, 13, 13],
			"rotation": {"angle": 22.5, "axis": "x", "origin": [19, -5, 16]},
			"faces": {
				"north": {"uv": [5.375, 0, 5.625, 0.375], "texture": "#0"},
				"east": {"uv": [5.625, 0, 6, 0.375], "texture": "#0"},
				"south": {"uv": [5.375, 0, 5.625, 0.375], "texture": "#0"},
				"west": {"uv": [5.625, 0, 6, 0.375], "texture": "#0"},
				"up": {"uv": [5.375, 0, 5.625, 0.375], "texture": "#0"},
				"down": {"uv": [5.375, 0, 5.625, 0.375], "texture": "#0"}
			}
		},
		{
			"from": [-2, 11, -2],
			"to": [18, 13, 18],
			"rotation": {"angle": 22.5, "axis": "x", "origin": [8, 12, 18]},
			"faces": {
				"north": {"uv": [6, 0.25, 8.5, 0], "texture": "#0"},
				"east": {"uv": [6, 0.25, 8.5, 0], "texture": "#0"},
				"south": {"uv": [6, 0.25, 8.5, 0], "texture": "#0"},
				"west": {"uv": [6, 0.25, 8.5, 0], "texture": "#0"},
				"up": {"uv": [8.75, 0, 11.25, 2.5], "texture": "#0"},
				"down": {"uv": [8.75, 2.5, 11.25, 5], "texture": "#0"}
			}
		},
		{
			"from": [3, 13, 3],
			"to": [13, 16, 13],
			"rotation": {"angle": 22.5, "axis": "x", "origin": [8, 12, 18]},
			"faces": {
				"north": {"uv": [6, 5.25, 7.25, 5.625], "texture": "#0"},
				"east": {"uv": [6, 5.25, 7.25, 5.625], "texture": "#0"},
				"south": {"uv": [6, 5.25, 7.25, 5.625], "texture": "#0"},
				"west": {"uv": [6, 5.25, 7.25, 5.625], "texture": "#0"},
				"up": {"uv": [9.375, 0.625, 10.625, 1.875], "texture": "#0"}
			}
		},
		{
			"from": [7, 16, 7],
			"to": [9, 17, 9],
			"rotation": {"angle": 22.5, "axis": "x", "origin": [8, 12, 18]},
			"faces": {
				"north": {"uv": [9.875, 1.25, 10.125, 1.375], "texture": "#0"},
				"east": {"uv": [9.875, 1.25, 10.125, 1.375], "texture": "#0"},
				"south": {"uv": [9.875, 1.25, 10.125, 1.375], "texture": "#0"},
				"west": {"uv": [9.875, 1.25, 10.125, 1.375], "texture": "#0"},
				"up": {"uv": [9.875, 1.125, 10.125, 1.375], "texture": "#0"}
			}
		},
		{
			"from": [-2, -6, -3],
			"to": [18, 12, -1],
			"rotation": {"angle": 0, "axis": "x", "origin": [8, -6, 0]},
			"faces": {
				"north": {"uv": [6, 2.75, 8.5, 5], "texture": "#0"},
				"east": {"uv": [8.5, 0, 8.75, 2.25], "texture": "#0"},
				"south": {"uv": [6, 0.25, 8.5, 2.5], "texture": "#0"},
				"west": {"uv": [8.5, 0, 8.75, 2.25], "texture": "#0"},
				"up": {"uv": [6, 0.25, 8.5, 0], "texture": "#0"},
				"down": {"uv": [6, 2.5, 8.5, 2.75], "texture": "#0"}
			}
		},
		{
			"from": [-16, -8, 22],
			"to": [32, -5.95, 32],
			"rotation": {"angle": 0, "axis": "y", "origin": [0, -16, 22]},
			"faces": {
				"north": {"uv": [0, 0, 6, 0.25], "texture": "#0"},
				"west": {"uv": [1.25, 1.25, 0, 1.5], "texture": "#0"},
				"up": {"uv": [0, 0, 6, 1.25], "texture": "#0"}
			}
		},
		{
			"from": [-16, -8, -6],
			"to": [-6, -5.95, 22],
			"rotation": {"angle": 0, "axis": "y", "origin": [0, -16, 12]},
			"faces": {
				"east": {"uv": [1.25, 0, 4.75, 0.25], "texture": "#0"},
				"west": {"uv": [4.75, 1.25, 1.25, 1.5], "texture": "#0"},
				"up": {"uv": [1.25, 0, 4.75, 1.25], "rotation": 90, "texture": "#0"}
			}
		},
		{
			"from": [22, -8, -6],
			"to": [32, -5.95, 22],
			"rotation": {"angle": 0, "axis": "y", "origin": [38, -16, 12]},
			"faces": {
				"west": {"uv": [1.25, 0, 4.75, 0.25], "texture": "#0"},
				"up": {"uv": [4.75, 1.25, 1.25, 0], "rotation": 90, "texture": "#0"}
			}
		},
		{
			"from": [-16, -8, -16],
			"to": [32, -5.95, -6],
			"rotation": {"angle": 0, "axis": "y", "origin": [0, -16, -16]},
			"faces": {
				"north": {"uv": [0, 1.25, 6, 1.5], "texture": "#0"},
				"south": {"uv": [0, 0, 6, 0.25], "texture": "#0"},
				"west": {"uv": [6, 1.25, 4.75, 1.5], "texture": "#0"},
				"up": {"uv": [0, 1.25, 6, 0], "texture": "#0"}
			}
		},
		{
			"from": [-16, -16, -16],
			"to": [32, -7.999, 32],
			"rotation": {"angle": 0, "axis": "y", "origin": [0, -24, -16]},
			"faces": {
				"north": {"uv": [0, 1.375, 6, 2.37512], "texture": "#0"},
				"west": {"uv": [6, 1.375, 0, 2.37513], "texture": "#0"},
				"up": {"uv": [0, 0, 6, 0], "texture": "#0"}
			}
		},
		{
			"from": [-6, -7.999, -6],
			"to": [22, -7.999, 22],
			"rotation": {"angle": 0, "axis": "y", "origin": [0, -24, -7]},
			"faces": {
				"up": {"uv": [0, 2.375, 3.5, 5.875], "texture": "#0"}
			}
		},
		{
			"from": [5.5, 5.6, 1.5],
			"to": [14.5, 8.6, 8.5],
			"rotation": {"angle": 45, "axis": "y", "origin": [14, 7.2, 7]},
			"faces": {
				"north": {"uv": [3.5, 11, 8, 14], "texture": "#1"},
				"east": {"uv": [0, 11, 3.5, 14], "texture": "#1"},
				"south": {"uv": [11.5, 11, 16, 14], "texture": "#1"},
				"west": {"uv": [8, 11, 11.5, 14], "texture": "#1"},
				"up": {"uv": [11.5, 11, 7, 4], "texture": "#1"},
				"down": {"uv": [16, 11, 11.5, 4], "texture": "#1"}
			}
		},
		{
			"from": [5, 12, 15],
			"to": [11, 13, 21],
			"rotation": {"angle": 45, "axis": "y", "origin": [0, 4, 10]},
			"faces": {
				"north": {"uv": [4, 12, 7, 13], "texture": "#2"},
				"east": {"uv": [4, 14, 7, 15], "texture": "#2"},
				"south": {"uv": [4, 12, 7, 13], "texture": "#2"},
				"west": {"uv": [4, 14, 7, 15], "texture": "#2"},
				"up": {"uv": [0.5, 2, 3.5, 8], "texture": "#2"}
			}
		},
		{
			"from": [4, 8, 14],
			"to": [12, 12, 22],
			"rotation": {"angle": 45, "axis": "y", "origin": [0, 4, 10]},
			"faces": {
				"north": {"uv": [0, 8, 4, 12], "texture": "#2"},
				"east": {"uv": [0, 12, 4, 16], "texture": "#2"},
				"south": {"uv": [0, 8, 4, 12], "texture": "#2"},
				"west": {"uv": [0, 12, 4, 16], "texture": "#2"},
				"up": {"uv": [0, 0, 4, 8], "texture": "#2"}
			}
		},
		{
			"from": [3.6, 7.5, 13.5],
			"to": [12.4, 9.5, 22.5],
			"rotation": {"angle": 45, "axis": "y", "origin": [0, 4, 10]},
			"faces": {
				"north": {"uv": [4, 11, 8.4, 9], "texture": "#2"},
				"east": {"uv": [9.5, 0, 8.5, 9], "rotation": 90, "texture": "#2"},
				"south": {"uv": [4, 11, 8.4, 9], "texture": "#2"},
				"west": {"uv": [9.5, 0, 8.5, 9], "rotation": 90, "texture": "#2"},
				"up": {"uv": [4.1, 0, 8.5, 9], "texture": "#2"}
			}
		},
		{
			"from": [12, 8, 22],
			"to": [4, 4, 14],
			"rotation": {"angle": 45, "axis": "y", "origin": [0, 4, 10]},
			"faces": {
				"north": {"uv": [8, 4, 12, 0], "texture": "#1"},
				"east": {"uv": [4, 4, 8, 0], "texture": "#1"},
				"west": {"uv": [12, 4, 16, 0], "texture": "#1"},
				"up": {"uv": [0, 0, 4, 8], "texture": "#1"}
			}
		},
		{
			"from": [14.5, 8.6, 8.5],
			"to": [5.5, 5.6, 1.5],
			"rotation": {"angle": 45, "axis": "y", "origin": [14, 7.2, 7]},
			"faces": {
				"east": {"uv": [4, 7, 5.75, 5.5], "texture": "#1"},
				"south": {"uv": [1.775, 7, 4.025, 5.5], "texture": "#1"},
				"west": {"uv": [0.025, 7, 1.775, 5.5], "texture": "#1"},
				"up": {"uv": [8, 5.5, 5.75, 2], "texture": "#1"},
				"down": {"uv": [5.75, 5.5, 3.5, 2], "texture": "#1"}
			}
		},
		{
			"from": [4, 4, 14],
			"to": [12, 8, 22],
			"rotation": {"angle": 45, "axis": "y", "origin": [0, 4, 10]},
			"faces": {
				"east": {"uv": [12, 0, 16, 4], "texture": "#1"},
				"south": {"uv": [8, 0, 12, 4], "texture": "#1"},
				"west": {"uv": [4, 0, 8, 4], "texture": "#1"}
			}
		},
		{
			"from": [-6.30416, -8.14853, 1.5],
			"to": [-3.30416, 7.85147, 2.5],
			"rotation": {"angle": 45, "axis": "z", "origin": [-10.4, 15.7, 2]},
			"faces": {
				"north": {"uv": [14, 13, 12.5, 5], "texture": "#4"},
				"east": {"uv": [13, 13, 13.5, 5], "texture": "#4"},
				"south": {"uv": [12.5, 13, 14, 5], "texture": "#4"},
				"west": {"uv": [12.5, 13, 13, 5], "texture": "#4"}
			}
		},
		{
			"from": [-5.80416, 8.85147, 1],
			"to": [-3.80416, 16.85147, 3],
			"rotation": {"angle": 45, "axis": "z", "origin": [-10.4, 15.7, 2]},
			"faces": {
				"north": {"uv": [0, 15, 1, 11], "texture": "#4"},
				"east": {"uv": [0, 15, 1, 11], "texture": "#4"},
				"south": {"uv": [0, 15, 1, 11], "texture": "#4"},
				"west": {"uv": [0, 15, 1, 11], "texture": "#4"},
				"up": {"uv": [0, 16, 1, 15], "texture": "#4"}
			}
		},
		{
			"from": [-7.80416, 7.85147, 1],
			"to": [-1.80416, 8.85147, 3],
			"rotation": {"angle": 45, "axis": "z", "origin": [-10.4, 15.7, 2]},
			"faces": {
				"north": {"uv": [2, 10.5, 5, 10], "texture": "#4"},
				"south": {"uv": [2, 11, 5, 10.5], "texture": "#4"},
				"up": {"uv": [2, 10, 5, 11], "texture": "#4"},
				"down": {"uv": [2, 11, 5, 10], "texture": "#4"}
			}
		},
		{
			"from": [-5.70416, 16.85147, 1.1],
			"to": [-3.90416, 20.85147, 2.9],
			"rotation": {"angle": 45, "axis": "z", "origin": [-10.4, 15.7, 2]},
			"faces": {
				"north": {"uv": [5.5, 5.5, 6.5, 3.5], "texture": "#4"},
				"east": {"uv": [6.5, 5.5, 5.5, 3.5], "texture": "#4"},
				"south": {"uv": [5.5, 5.5, 6.5, 3.5], "texture": "#4"},
				"west": {"uv": [6.5, 5.5, 5.5, 3.5], "texture": "#4"},
				"up": {"uv": [5.5, 6.025, 6.5, 5], "texture": "#4"}
			}
		},
		{
			"from": [-1.77208, 13.22843, 0.995],
			"to": [0.22792, 15.22843, 3.005],
			"rotation": {"angle": 0, "axis": "z", "origin": [-10.4, 15.7, 2]},
			"faces": {
				"north": {"uv": [2, 11, 1, 12], "rotation": 180, "texture": "#4"},
				"east": {"uv": [1, 11, 2.005, 12], "rotation": 180, "texture": "#4"},
				"south": {"uv": [2, 11, 1, 12], "rotation": 180, "texture": "#4"},
				"down": {"uv": [1, 11, 2, 12.005], "rotation": 180, "texture": "#4"}
			}
		},
		{
			"from": [-7.33853, 20.09104, 1.5],
			"to": [-5.33853, 23.09104, 2.5],
			"rotation": {"angle": 22.5, "axis": "z", "origin": [-10.4, 15.7, 2]},
			"faces": {
				"north": {"uv": [6, 5.5, 7, 4], "texture": "#4"},
				"east": {"uv": [6, 5.5, 6.5, 4], "texture": "#4"},
				"south": {"uv": [7, 5.5, 6, 4], "texture": "#4"},
				"up": {"uv": [7, 5.5, 6, 5], "texture": "#4"}
			}
		},
		{
			"from": [-4, 11.7, 0.995],
			"to": [-3, 12.7, 3.005],
			"rotation": {"angle": 0, "axis": "z", "origin": [-10.4, 15.7, 2]},
			"faces": {
				"north": {"uv": [1.5, 11, 1, 11.5], "rotation": 270, "texture": "#4"},
				"east": {"uv": [1.5, 11, 1, 12.005], "rotation": 90, "texture": "#4"},
				"south": {"uv": [1.5, 11.5, 1, 12], "rotation": 90, "texture": "#4"},
				"west": {"uv": [1.5, 12.005, 1, 11], "rotation": 90, "texture": "#4"},
				"up": {"uv": [1, 11, 2.005, 11.5], "rotation": 90, "texture": "#4"},
				"down": {"uv": [2.005, 11, 1, 11.5], "rotation": 90, "texture": "#4"}
			}
		},
		{
			"from": [0.5, 16.1, 0.995],
			"to": [1.5, 17.1, 3.005],
			"rotation": {"angle": 0, "axis": "z", "origin": [-10.4, 15.7, 2]},
			"faces": {
				"north": {"uv": [1, 12, 1.5, 11.5], "texture": "#4"},
				"east": {"uv": [1, 11.5, 2.005, 11], "texture": "#4"},
				"south": {"uv": [1, 11.5, 1.5, 11], "texture": "#4"},
				"west": {"uv": [2.005, 11.5, 1, 11], "texture": "#4"},
				"up": {"uv": [1, 12.005, 1.5, 11], "texture": "#4"},
				"down": {"uv": [1, 11, 1.5, 12.005], "texture": "#4"}
			}
		},
		{
			"from": [-13.46147, 21.09104, 1.5],
			"to": [-10.46147, 23.09104, 2.5],
			"rotation": {"angle": -22.5, "axis": "z", "origin": [-10.4, 15.7, 2]},
			"faces": {
				"north": {"uv": [7, 5.5, 6, 4], "rotation": 90, "texture": "#4"},
				"south": {"uv": [6, 5.5, 7, 4], "rotation": 270, "texture": "#4"},
				"west": {"uv": [6, 5.5, 7, 5], "rotation": 270, "texture": "#4"},
				"down": {"uv": [6.5, 5.5, 6, 4], "rotation": 270, "texture": "#4"}
			}
		},
		{
			"from": [0, 5, 9],
			"to": [5, 7, 17],
			"rotation": {"angle": 22.5, "axis": "y", "origin": [1, 5, 12]},
			"faces": {
				"north": {"uv": [4.5, 5.25, 4.25, 4.625], "rotation": 90, "texture": "#0"},
				"east": {"uv": [3.5, 5.25, 4.5, 5], "texture": "#0"},
				"south": {"uv": [4.5, 5.25, 4.25, 4.625], "rotation": 90, "texture": "#0"},
				"west": {"uv": [3.5, 5.25, 4.5, 5], "texture": "#0"},
				"up": {"uv": [3.5, 4.625, 4.5, 5.25], "rotation": 90, "texture": "#0"}
			}
		},
		{
			"from": [1, 7, 11],
			"to": [4, 8, 16],
			"rotation": {"angle": 22.5, "axis": "y", "origin": [1, 7, 12]},
			"faces": {
				"north": {"uv": [4.5, 5.125, 4.875, 5.25], "texture": "#0"},
				"east": {"uv": [4.5, 4.625, 4.625, 5.25], "rotation": 90, "texture": "#0"},
				"south": {"uv": [4.5, 5.125, 4.875, 5.25], "texture": "#0"},
				"west": {"uv": [4.5, 4.625, 4.625, 5.25], "rotation": 90, "texture": "#0"},
				"up": {"uv": [4.5, 4.625, 4.875, 5.25], "texture": "#0"}
			}
		},
		{
			"from": [2, 7, 10.5],
			"to": [3, 8.5, 13.5],
			"rotation": {"angle": 22.5, "axis": "y", "origin": [1, 7, 12]},
			"faces": {
				"north": {"uv": [6.75, 2.5, 6.9375, 2.625], "rotation": 90, "texture": "#0"},
				"east": {"uv": [6, 2.5, 6.375, 2.6875], "texture": "#0"},
				"south": {"uv": [6.75, 2.5, 6.9375, 2.625], "rotation": 90, "texture": "#0"},
				"west": {"uv": [6, 2.5, 6.375, 2.6875], "texture": "#0"},
				"up": {"uv": [6.375, 2.5, 6.75, 2.625], "rotation": 90, "texture": "#0"}
			}
		}
	],
	"display": {
		"fixed": {
			"rotation": [-90, 0, 0],
			"translation": [0, 0, -48],
			"scale": [2, 2, 2]
		}
	},
	"groups": [
		0,
		1,
		2,
		3,
		4,
		5,
		6,
		7,
		8,
		9,
		10,
		11,
		12,
		13,
		14,
		15,
		16,
		{
			"name": "group",
			"origin": [0, 21, 1],
			"color": 0,
			"children": [17, 18, 19, 20, 21, 22, 23]
		},
		{
			"name": "group",
			"origin": [8, -6.6, 0],
			"color": 0,
			"children": [24, 25, 26, 27, 28, 29, 30, 31, 32]
		},
		33,
		34,
		35
	]
}