{
	"credit": "Made with Blockbench",
	"texture_size": [32, 32],
	"textures": {
		"0": "item/expeditions/decor/reverie_drive_console_components",
		"1": "item/expeditions/interactables/navigation_table",
		"2": "item/expeditions/interactables/reverie_drive_console",
		"3": "item/misc_items/mail_tube",
		"4": "item/misc_vfx/neon_sign_arrow_right-left_small",
		"5": "item/decorations/signs/neon_sign_arrows_small",
		"6": "item/misc_vfx/neon_sign_mail-sign",
		"7": "item/expeditions/interactables/mailtube_station",
		"particle": "item/expeditions/decor/reverie_drive_console_components"
	},
	"elements": [
		{
			"from": [-4.499, -5.50941, -4.6957],
			"to": [-1.501, -1.01141, -2.6977],
			"rotation": {"angle": 45, "axis": "x", "origin": [-7.5, -6.01041, 3.3033]},
			"faces": {
				"north": {"uv": [12.75, 10.375, 13.4995, 11.4995], "texture": "#0"},
				"east": {"uv": [5.75, 0, 6.2495, 1.1245], "texture": "#0"},
				"west": {"uv": [5.75, 0, 6.2495, 1.1245], "texture": "#0"}
			}
		},
		{
			"from": [-7.999, -1.50941, -4.6957],
			"to": [-5.001, 2.98859, -1.6977],
			"rotation": {"angle": 45, "axis": "x", "origin": [-11, -2.01041, 3.3033]},
			"faces": {
				"north": {"uv": [12.75, 10.25, 13.4995, 11.3745], "texture": "#0"},
				"east": {"uv": [12.75, 10.25, 13.4995, 11.3745], "texture": "#0"},
				"west": {"uv": [12.75, 10.25, 13.4995, 11.3745], "texture": "#0"}
			}
		},
		{
			"from": [12.501, 0.54084, -1.64545],
			"to": [14.501, 3.04084, 0.35455],
			"rotation": {"angle": 45, "axis": "x", "origin": [8.5, -6.96016, 6.35355]},
			"faces": {
				"north": {"uv": [5.75, 0, 6.2495, 0.6245], "texture": "#0"},
				"east": {"uv": [5.75, 0, 6.2495, 0.6245], "texture": "#0"},
				"south": {"uv": [5.75, 0, 6.2495, 0.6245], "texture": "#0"}
			}
		},
		{
			"from": [12.5, 1, 9.98198],
			"to": [14.5, 8, 11.98198],
			"rotation": {"angle": 0, "axis": "y", "origin": [8.5, -3.04645, 17.98198]},
			"faces": {
				"north": {"uv": [5.375, 0.125, 5.875, 1.875], "texture": "#0"},
				"east": {"uv": [5.75, 0.125, 6.25, 1.875], "texture": "#0"},
				"south": {"uv": [5.375, 0.125, 5.875, 1.875], "texture": "#0"}
			}
		},
		{
			"from": [12.5, 0, 9.48198],
			"to": [15, 1, 12.48198],
			"rotation": {"angle": 0, "axis": "y", "origin": [8.5, -3.04645, 17.98198]},
			"faces": {
				"north": {"uv": [4.875, 0.375, 5.125, 1], "rotation": 90, "texture": "#0"},
				"east": {"uv": [4.875, 0.375, 5.125, 1.125], "rotation": 90, "texture": "#0"},
				"south": {"uv": [4.875, 0.375, 5.125, 1], "rotation": 90, "texture": "#0"},
				"up": {"uv": [4.875, 1.25, 5.375, 1.75], "texture": "#0"}
			}
		},
		{
			"from": [12.5, 4.35355, 7.18198],
			"to": [14.5, 8.05355, 9.18198],
			"rotation": {"angle": 0, "axis": "y", "origin": [8.5, -3.14645, 15.18198]},
			"faces": {
				"north": {"uv": [5.75, 0, 6.25, 0.925], "texture": "#0"},
				"east": {"uv": [5.75, 0, 6.25, 0.925], "texture": "#0"},
				"south": {"uv": [5.75, 0, 6.25, 0.925], "texture": "#0"}
			}
		},
		{
			"from": [12.5, 0, 6],
			"to": [14.5, 4, 8],
			"rotation": {"angle": 0, "axis": "y", "origin": [8.5, -8, 14]},
			"faces": {
				"north": {"uv": [5.75, 0, 6.25, 1], "texture": "#0"},
				"east": {"uv": [5.75, 0, 6.25, 1], "texture": "#0"},
				"south": {"uv": [5.75, 0, 6.25, 1], "texture": "#0"}
			}
		},
		{
			"from": [-4.5, -7, -2],
			"to": [-1.5, 0, 0],
			"rotation": {"angle": 0, "axis": "y", "origin": [-7.5, -8, 6]},
			"faces": {
				"north": {"uv": [12.75, 10.75, 13.5, 12.5], "texture": "#0"},
				"east": {"uv": [5.75, 0.125, 6.25, 1.875], "texture": "#0"},
				"west": {"uv": [5.75, 0.125, 6.25, 1.875], "texture": "#0"}
			}
		},
		{
			"from": [-8, -7, -2],
			"to": [-5, 4, 1],
			"rotation": {"angle": 0, "axis": "y", "origin": [-11, -8, 6]},
			"faces": {
				"north": {"uv": [12.75, 10.625, 13.5, 13.375], "texture": "#0"},
				"east": {"uv": [12.75, 10.625, 13.5, 13.375], "texture": "#0"},
				"west": {"uv": [12.75, 10.625, 13.5, 13.375], "texture": "#0"}
			}
		},
		{
			"from": [-8.5, -8, -2.5],
			"to": [-1, -7, 1],
			"rotation": {"angle": 0, "axis": "y", "origin": [-11, -8, 6]},
			"faces": {
				"north": {"uv": [10.625, 4.125, 12.5, 3.875], "texture": "#0"},
				"east": {"uv": [10.625, 4.125, 11.5, 3.875], "texture": "#0"},
				"west": {"uv": [11.75, 10.625, 12.625, 10.875], "texture": "#0"},
				"up": {"uv": [10.25, 6.25, 8.375, 5.375], "texture": "#0"}
			}
		},
		{
			"from": [12.5, 0, 5.3],
			"to": [12.5, 8, 13.3],
			"rotation": {"angle": 0, "axis": "y", "origin": [4.5, -8, 8.2]},
			"faces": {
				"east": {"uv": [9.25, 14, 11.25, 16], "texture": "#0"}
			}
		},
		{
			"from": [12.5, -8, 0],
			"to": [16, 0, 24],
			"rotation": {"angle": 0, "axis": "y", "origin": [8, -8, 8]},
			"faces": {
				"north": {"uv": [10.75, 10.25, 11.625, 12.25], "texture": "#0"},
				"east": {"uv": [2.5, 8.25, 8.5, 10.25], "texture": "#0"},
				"up": {"uv": [8.5, 8.25, 2.5, 7.375], "rotation": 90, "texture": "#0"}
			}
		},
		{
			"from": [15.95, 13.95, 9.95],
			"to": [19.05, 15.05, 15.05],
			"rotation": {"angle": 0, "axis": "y", "origin": [4, 10, 0]},
			"faces": {
				"north": {"uv": [5, 8.25, 6.5, 8.75], "texture": "#7"},
				"east": {"uv": [5, 8.25, 7.5, 8.75], "texture": "#7"},
				"south": {"uv": [5, 8.25, 6.5, 8.75], "texture": "#7"}
			}
		},
		{
			"from": [15.95, 19.95, 9.95],
			"to": [19.05, 21.05, 15.05],
			"rotation": {"angle": 0, "axis": "y", "origin": [4, 16, 0]},
			"faces": {
				"north": {"uv": [8.75, 8.25, 10.25, 8.75], "texture": "#7"},
				"east": {"uv": [8.75, 8.25, 11.25, 8.75], "texture": "#7"},
				"south": {"uv": [8.75, 8.25, 10.25, 8.75], "texture": "#7"}
			}
		},
		{
			"from": [16, 12, 10],
			"to": [19, 23, 15],
			"rotation": {"angle": 0, "axis": "y", "origin": [4, 16, 0]},
			"faces": {
				"north": {"uv": [10.5, 0, 12, 5.5], "texture": "#7"},
				"east": {"uv": [8, 0, 10.5, 5.5], "texture": "#7"},
				"south": {"uv": [10.5, 0, 12, 5.5], "texture": "#7"},
				"up": {"uv": [8, 5.5, 10.5, 7], "rotation": 90, "texture": "#7"},
				"down": {"uv": [10.5, 5.5, 13, 7], "rotation": 90, "texture": "#7"}
			}
		},
		{
			"from": [-0.5, 16, -1],
			"to": [8.5, 32, 1],
			"rotation": {"angle": 0, "axis": "y", "origin": [-7.5, 24, 0]},
			"faces": {
				"north": {"uv": [0.375, 10.75, 4.375, 13], "rotation": 90, "texture": "#0"},
				"east": {"uv": [0.375, 10.75, 4.375, 11.25], "rotation": 90, "texture": "#0"},
				"west": {"uv": [0.375, 10.75, 4.375, 11.25], "rotation": 90, "texture": "#0"},
				"down": {"uv": [0, 10.75, 0.5, 13], "rotation": 90, "texture": "#0"}
			}
		},
		{
			"from": [-8, 24, -1],
			"to": [-1, 32, 0],
			"rotation": {"angle": 0, "axis": "y", "origin": [-16, 24, 0]},
			"faces": {
				"north": {"uv": [4.75, 11.25, 8.25, 15.25], "texture": "#7"},
				"east": {"uv": [7.75, 11.25, 8.25, 15.25], "texture": "#7"},
				"west": {"uv": [7.75, 11.25, 8.25, 15.25], "texture": "#7"},
				"down": {"uv": [4, 6.75, 7.5, 7.25], "texture": "#7"}
			}
		},
		{
			"from": [9, 24, -1],
			"to": [17, 32, 8],
			"rotation": {"angle": 0, "axis": "y", "origin": [1, 24, 0]},
			"faces": {
				"north": {"uv": [8, 11.25, 12, 15.25], "texture": "#7"},
				"east": {"uv": [7.75, 11.25, 12.25, 15.25], "texture": "#7"},
				"south": {"uv": [8, 11.25, 12, 15.25], "texture": "#7"},
				"west": {"uv": [7.75, 11.25, 12.25, 15.25], "texture": "#7"},
				"down": {"uv": [3.5, 7.25, 8, 3.25], "rotation": 90, "texture": "#7"}
			}
		},
		{
			"from": [-1, 24, 0],
			"to": [9, 32, 0],
			"rotation": {"angle": 0, "axis": "y", "origin": [1, 24, 0]},
			"faces": {
				"north": {"uv": [10.625, 2, 13.125, 4], "texture": "#0"}
			}
		},
		{
			"from": [15, 8, 16],
			"to": [16, 16, 24],
			"rotation": {"angle": 0, "axis": "y", "origin": [1, 8, 0]},
			"faces": {
				"east": {"uv": [8, 11.25, 12, 15.25], "texture": "#7"},
				"down": {"uv": [3.25, 7.25, 7.25, 6.75], "rotation": 90, "texture": "#7"}
			}
		},
		{
			"from": [20.799, -9.101, 15.999],
			"to": [24.801, -3.099, 22.001],
			"rotation": {"angle": 45, "axis": "z", "origin": [10.8, -10.1, 2]},
			"faces": {
				"north": {"uv": [10.5, 2, 13.501, 4.001], "rotation": 90, "texture": "#2"},
				"east": {"uv": [7.5, 5, 10.501, 8.001], "texture": "#2"},
				"south": {"uv": [10.5, 4.001, 13.501, 2], "rotation": 90, "texture": "#2"}
			}
		},
		{
			"from": [24.799, -8.101, 19.999],
			"to": [25.301, -7.099, 21.001],
			"rotation": {"angle": 45, "axis": "z", "origin": [10.8, -10.1, 2]},
			"faces": {
				"north": {"uv": [9, 4, 9.501, 4.251], "rotation": 90, "texture": "#2"},
				"east": {"uv": [9, 4, 9.501, 4.501], "texture": "#2"},
				"south": {"uv": [9, 4.251, 9.501, 4], "rotation": 90, "texture": "#2"},
				"up": {"uv": [9, 4, 9.251, 4.501], "texture": "#2"},
				"down": {"uv": [9, 4.5, 9.501, 4.751], "rotation": 90, "texture": "#2"}
			}
		},
		{
			"from": [24.799, -8.101, 18.499],
			"to": [25.301, -7.099, 19.501],
			"rotation": {"angle": 45, "axis": "z", "origin": [10.8, -10.1, 0.5]},
			"faces": {
				"north": {"uv": [15.25, 3, 15.751, 3.251], "rotation": 90, "texture": "#2"},
				"east": {"uv": [15.25, 3, 15.751, 3.501], "texture": "#2"},
				"south": {"uv": [15.25, 3.251, 15.751, 3], "rotation": 90, "texture": "#2"},
				"up": {"uv": [15.25, 3, 15.501, 3.501], "texture": "#2"},
				"down": {"uv": [15.25, 3.5, 15.751, 3.751], "rotation": 90, "texture": "#2"}
			}
		},
		{
			"from": [24.799, -8.101, 16.999],
			"to": [25.301, -7.099, 18.001],
			"rotation": {"angle": 45, "axis": "z", "origin": [10.8, -10.1, -1]},
			"faces": {
				"north": {"uv": [15.25, 2.25, 15.751, 2.501], "rotation": 90, "texture": "#2"},
				"east": {"uv": [15.25, 2.25, 15.751, 2.751], "texture": "#2"},
				"south": {"uv": [15.25, 2.501, 15.751, 2.25], "rotation": 90, "texture": "#2"},
				"up": {"uv": [15.25, 2.25, 15.501, 2.751], "texture": "#2"},
				"down": {"uv": [15.25, 2.75, 15.751, 3.001], "rotation": 90, "texture": "#2"}
			}
		},
		{
			"from": [14.74975, 3.74924, 16],
			"to": [15.74975, 4.74924, 22],
			"rotation": {"angle": 0, "axis": "y", "origin": [1.74975, -3.25076, -2]},
			"faces": {
				"north": {"uv": [10.5, 3.5, 11, 4], "rotation": 90, "texture": "#2"},
				"south": {"uv": [10.5, 4, 11, 3.5], "rotation": 90, "texture": "#2"},
				"up": {"uv": [10.5, 4, 13.5, 3.5], "rotation": 90, "texture": "#2"}
			}
		},
		{
			"from": [19.49239, 0.0066, 16],
			"to": [19.99239, 0.5066, 22],
			"rotation": {"angle": 0, "axis": "y", "origin": [5.99239, -7.4934, -2]},
			"faces": {
				"north": {"uv": [11, 3.75, 11.25, 4], "rotation": 90, "texture": "#2"},
				"east": {"uv": [11, 3.75, 14, 4], "texture": "#2"},
				"south": {"uv": [11, 3.75, 11.25, 4], "rotation": 90, "texture": "#2"}
			}
		},
		{
			"from": [14.98895, 0, 1.98995],
			"to": [14.98895, 8, 3.98995],
			"rotation": {"angle": 0, "axis": "y", "origin": [0.98895, 0, -13.01005]},
			"faces": {
				"east": {"uv": [15, 10.25, 15.5, 12.25], "texture": "#0"}
			}
		},
		{
			"from": [12.57574, 0, 5.40316],
			"to": [13.57574, 8, 5.40316],
			"rotation": {"angle": 0, "axis": "y", "origin": [-0.42426, 0, -9.09684]},
			"faces": {
				"south": {"uv": [14.875, 10.25, 15, 12.25], "texture": "#0"}
			}
		},
		{
			"from": [12.58679, 0, 13.08579],
			"to": [13.58679, 8, 13.08579],
			"rotation": {"angle": 0, "axis": "y", "origin": [-0.41321, 0, -1.41421]},
			"faces": {
				"north": {"uv": [15.75, 10.25, 15.5, 12.25], "texture": "#0"}
			}
		},
		{
			"from": [15, 0, 14.5],
			"to": [15, 8, 24],
			"rotation": {"angle": 0, "axis": "y", "origin": [1, 0, 0]},
			"faces": {
				"east": {"uv": [13.5, 12.25, 15.875, 14.25], "texture": "#0"}
			}
		},
		{
			"from": [-8, 8, 0],
			"to": [0, 24, 3],
			"rotation": {"angle": 0, "axis": "y", "origin": [-14, 8, 0]},
			"faces": {
				"north": {"uv": [8, 7.25, 12, 15.25], "texture": "#7"},
				"east": {"uv": [6.5, 7.25, 8, 15.25], "texture": "#7"},
				"down": {"uv": [4, 5.75, 8, 7.25], "texture": "#7"}
			}
		},
		{
			"from": [-6, 8.5, -0.7],
			"to": [0.5, 13, -0.7],
			"rotation": {"angle": -45, "axis": "z", "origin": [-3, 10.8, -0.6]},
			"faces": {
				"north": {"uv": [1, 1, 14, 10], "texture": "#4"}
			}
		},
		{
			"from": [-3.92924, 7.04233, -1.11],
			"to": [0.19076, 7.56233, -0.09],
			"rotation": {"angle": 0, "axis": "z", "origin": [-3, 10.8, -0.6]},
			"faces": {
				"north": {"uv": [3.5, 5.5, 5.55, 5.75], "texture": "#1"},
				"south": {"uv": [3.5, 5.5, 5.55, 5.75], "texture": "#1"},
				"up": {"uv": [3.5, 5.5, 5.55, 6], "texture": "#1"},
				"down": {"uv": [3.5, 6.5, 5.55, 6], "texture": "#1"}
			}
		},
		{
			"from": [0.16696, 7.03853, -1.11],
			"to": [0.68696, 11.65853, -0.09],
			"rotation": {"angle": 0, "axis": "z", "origin": [-3, 10.8, -0.6]},
			"faces": {
				"north": {"uv": [2.75, 5.75, 5, 6], "rotation": 90, "texture": "#1"},
				"east": {"uv": [2.75, 5.75, 5, 6.25], "rotation": 90, "texture": "#1"},
				"south": {"uv": [2.75, 5.75, 5, 6], "rotation": 90, "texture": "#1"},
				"west": {"uv": [2.75, 6.25, 5, 5.75], "rotation": 90, "texture": "#1"},
				"down": {"uv": [2.75, 5.75, 3.25, 6], "rotation": 90, "texture": "#1"}
			}
		},
		{
			"from": [-7, 7.5, -1.1],
			"to": [-6.5, 14, -0.1],
			"rotation": {"angle": -45, "axis": "z", "origin": [-3, 10.8, -0.6]},
			"faces": {
				"north": {"uv": [1.75, 5.25, 5, 5.5], "rotation": 90, "texture": "#1"},
				"east": {"uv": [1.75, 5.25, 5, 5.75], "rotation": 90, "texture": "#1"},
				"south": {"uv": [1.75, 5.25, 5, 5.5], "rotation": 90, "texture": "#1"},
				"west": {"uv": [1.75, 6.25, 5, 5.75], "rotation": 90, "texture": "#1"},
				"up": {"uv": [1.75, 5.25, 2.25, 5.5], "rotation": 90, "texture": "#1"},
				"down": {"uv": [1.75, 5.25, 2.25, 5.5], "rotation": 90, "texture": "#1"}
			}
		},
		{
			"from": [-6.5, 7.5, -1.1],
			"to": [-1, 8, -0.1],
			"rotation": {"angle": -45, "axis": "z", "origin": [-3, 10.8, -0.6]},
			"faces": {
				"north": {"uv": [2, 5.75, 4.75, 6], "texture": "#1"},
				"south": {"uv": [2, 5.75, 4.75, 6], "texture": "#1"},
				"up": {"uv": [2, 5.75, 4.75, 6.25], "texture": "#1"},
				"down": {"uv": [2, 6.25, 4.75, 5.75], "texture": "#1"}
			}
		},
		{
			"from": [-6.5, 13.5, -1.1],
			"to": [-1, 14, -0.1],
			"rotation": {"angle": -45, "axis": "z", "origin": [-3, 10.8, -0.6]},
			"faces": {
				"north": {"uv": [2, 5.5, 4.75, 5.75], "texture": "#1"},
				"south": {"uv": [2, 5.5, 4.75, 5.75], "texture": "#1"},
				"up": {"uv": [2, 5.75, 4.75, 6.25], "texture": "#1"},
				"down": {"uv": [2, 5.5, 4.75, 6], "texture": "#1"}
			}
		},
		{
			"from": [-6.5, 8, -0.6],
			"to": [1.6, 13.5, -0.1],
			"rotation": {"angle": -45, "axis": "z", "origin": [-3, 10.8, -0.6]},
			"faces": {
				"north": {"uv": [0.35, 0, 8.35, 5.5], "texture": "#5"}
			}
		},
		{
			"from": [0, 12.58579, -0.82843],
			"to": [8, 12.58579, 2.17157],
			"rotation": {"angle": 45, "axis": "x", "origin": [-6, 9.58579, -1.82843]},
			"faces": {
				"down": {"uv": [5.875, 9.125, 7.875, 9.875], "texture": "#0"}
			}
		},
		{
			"from": [-8, 0, 1],
			"to": [0, 8, 3],
			"rotation": {"angle": 0, "axis": "y", "origin": [-12, 0, 0]},
			"faces": {
				"north": {"uv": [15.875, 12.25, 13.875, 14.25], "texture": "#0"},
				"east": {"uv": [14.125, 10.25, 13.625, 12.25], "texture": "#0"}
			}
		},
		{
			"from": [0, 11, 1],
			"to": [8, 16, 1],
			"rotation": {"angle": 0, "axis": "y", "origin": [-6, 8, 0]},
			"faces": {
				"north": {"uv": [10.875, 6.375, 12.875, 5.125], "texture": "#0"}
			}
		},
		{
			"from": [8, 8, 0],
			"to": [16, 24, 16],
			"rotation": {"angle": 0, "axis": "y", "origin": [0, 8, 0]},
			"faces": {
				"north": {"uv": [8, 7.25, 12, 15.25], "texture": "#7"},
				"east": {"uv": [0, 7.25, 8, 15.25], "texture": "#7"},
				"west": {"uv": [8, 7.25, 0, 15.25], "texture": "#7"},
				"down": {"uv": [0, 7.25, 8, 3.25], "rotation": 90, "texture": "#7"}
			}
		},
		{
			"from": [3, 17, -1.5],
			"to": [15, 21.5, 0.5],
			"rotation": {"angle": 0, "axis": "y", "origin": [10, 19, -1.5]},
			"faces": {
				"north": {"uv": [0, 0, 6, 2.25], "texture": "#7"},
				"east": {"uv": [2, 2.25, 4.25, 3.25], "rotation": 90, "texture": "#7"},
				"west": {"uv": [2, 2.25, 4.25, 3.25], "rotation": 90, "texture": "#7"},
				"up": {"uv": [0, 2.25, 6, 3.25], "texture": "#7"},
				"down": {"uv": [0, 3.25, 6, 2.25], "texture": "#7"}
			}
		},
		{
			"from": [4, 18, -1.6],
			"to": [6.5, 20.5, -1.6],
			"rotation": {"angle": 0, "axis": "y", "origin": [-8.5, 18, -1.6]},
			"faces": {
				"north": {"uv": [0, 6, 5, 11], "texture": "#6"}
			}
		},
		{
			"from": [7, 18, -1.6],
			"to": [14, 20.5, -1.6],
			"rotation": {"angle": 0, "axis": "y", "origin": [-1, 18, -1.6]},
			"faces": {
				"north": {"uv": [0, 0, 14, 5], "texture": "#6"}
			}
		},
		{
			"from": [0, -1, -1],
			"to": [1, 11, 6],
			"rotation": {"angle": 22.5, "axis": "x", "origin": [-8, 0, -1]},
			"faces": {
				"north": {"uv": [2.75, 5.25, 8.75, 5.75], "rotation": 90, "texture": "#1"},
				"east": {"uv": [10, 16, 16, 12.5], "rotation": 90, "texture": "#1"},
				"west": {"uv": [10, 12.5, 16, 16], "rotation": 90, "texture": "#1"},
				"down": {"uv": [2.75, 5.25, 6.25, 5.75], "rotation": 90, "texture": "#1"}
			}
		},
		{
			"from": [1, 8.2388, 2.82683],
			"to": [7, 9.2388, 4.82683],
			"rotation": {"angle": 22.5, "axis": "x", "origin": [-1, 9.2388, 2.82683]},
			"faces": {
				"north": {"uv": [4, 5.25, 7, 5.75], "texture": "#1"},
				"down": {"uv": [4, 6.25, 7, 5.25], "texture": "#1"}
			}
		},
		{
			"from": [1, -1, -1],
			"to": [7, 0, 1],
			"rotation": {"angle": 22.5, "axis": "x", "origin": [-2, 0, -1]},
			"faces": {
				"north": {"uv": [4.75, 5.25, 7.75, 5.75], "texture": "#1"},
				"up": {"uv": [4.75, 5.25, 7.75, 6.25], "texture": "#1"},
				"down": {"uv": [4.75, 5.25, 7.75, 6.25], "texture": "#1"}
			}
		},
		{
			"from": [1, 1.7, 6],
			"to": [7, 10.7, 6],
			"rotation": {"angle": 22.5, "axis": "x", "origin": [-1, 0, 0]},
			"faces": {
				"north": {"uv": [8.625, 1.75, 10.125, 4], "texture": "#0"}
			}
		},
		{
			"from": [7, -1, -1],
			"to": [8, 11, 6],
			"rotation": {"angle": 22.5, "axis": "x", "origin": [-1, 0, -1]},
			"faces": {
				"north": {"uv": [0.25, 5.25, 6.25, 5.75], "rotation": 90, "texture": "#1"},
				"east": {"uv": [10, 16, 16, 12.5], "rotation": 90, "texture": "#1"},
				"west": {"uv": [10, 12.5, 16, 16], "rotation": 90, "texture": "#1"},
				"down": {"uv": [0.25, 5.25, 3.75, 5.75], "rotation": 90, "texture": "#1"}
			}
		},
		{
			"from": [16.3331, 0, -2.08112],
			"to": [18.3331, 8, -0.08112],
			"rotation": {"angle": -45, "axis": "y", "origin": [9.3331, 0, -3.08112]},
			"faces": {
				"east": {"uv": [15.5, 10.25, 16, 12.25], "texture": "#0"}
			}
		},
		{
			"from": [16.34415, 0, 8.42893],
			"to": [18.34415, 8, 9.42893],
			"rotation": {"angle": -45, "axis": "y", "origin": [9.34415, 0, 7.42893]},
			"faces": {
				"north": {"uv": [15, 10.25, 15.5, 12.25], "texture": "#0"}
			}
		},
		{
			"from": [16.9331, 0, -4.08112],
			"to": [18.3331, 8, -4.08112],
			"rotation": {"angle": -45, "axis": "y", "origin": [9.3331, 0, -5.08112]},
			"faces": {
				"north": {"uv": [14.75, 10.25, 15.125, 12.25], "texture": "#0"}
			}
		},
		{
			"from": [11.5, 1, 0],
			"to": [12.5, 2, 0.5],
			"rotation": {"angle": 0, "axis": "y", "origin": [0, 0.5, -2.5]},
			"faces": {
				"north": {"uv": [15.25, 3, 15.75, 3.5], "texture": "#2"},
				"east": {"uv": [15.25, 3, 15.5, 3.5], "texture": "#2"},
				"west": {"uv": [15.25, 3, 15.5, 3.5], "texture": "#2"},
				"up": {"uv": [15.25, 3, 15.75, 3.25], "texture": "#2"},
				"down": {"uv": [15.25, 3.5, 15.75, 3.75], "texture": "#2"}
			}
		},
		{
			"from": [11, 0.5, 0.5],
			"to": [13, 2.5, 1],
			"rotation": {"angle": 0, "axis": "y", "origin": [0, 0.5, -2]},
			"faces": {
				"north": {"uv": [9.5, 4, 10.5, 5], "texture": "#2"},
				"east": {"uv": [9.5, 4, 9.75, 5], "texture": "#2"},
				"west": {"uv": [10.25, 4, 10.5, 5], "texture": "#2"},
				"up": {"uv": [9.5, 4, 10.5, 4.225], "texture": "#2"},
				"down": {"uv": [9.5, 4.75, 10.5, 5], "texture": "#2"}
			}
		},
		{
			"from": [9, 1, 0],
			"to": [10, 2, 0.5],
			"rotation": {"angle": 0, "axis": "y", "origin": [-2.5, 0.5, -2.5]},
			"faces": {
				"north": {"uv": [15.25, 2.25, 15.75, 2.75], "texture": "#2"},
				"east": {"uv": [15.25, 2.25, 15.5, 2.75], "texture": "#2"},
				"west": {"uv": [15.25, 2.25, 15.5, 2.75], "texture": "#2"},
				"up": {"uv": [15.25, 2.25, 15.75, 2.5], "texture": "#2"},
				"down": {"uv": [15.25, 2.75, 15.75, 3], "texture": "#2"}
			}
		},
		{
			"from": [8.5, 0.5, 0.5],
			"to": [10.5, 2.5, 1],
			"rotation": {"angle": 0, "axis": "y", "origin": [-2.5, 0.5, -2]},
			"faces": {
				"north": {"uv": [9.5, 4, 10.5, 5], "texture": "#2"},
				"east": {"uv": [9.5, 4, 9.75, 5], "texture": "#2"},
				"west": {"uv": [10.25, 4, 10.5, 5], "texture": "#2"},
				"up": {"uv": [9.5, 4, 10.5, 4.225], "texture": "#2"},
				"down": {"uv": [9.5, 4.75, 10.5, 5], "texture": "#2"}
			}
		},
		{
			"from": [8, 0, 1],
			"to": [14, 8, 3],
			"faces": {
				"north": {"uv": [13.5, 10.25, 15, 12.25], "texture": "#0"},
				"west": {"uv": [15, 10.25, 14.5, 12.25], "texture": "#0"}
			}
		},
		{
			"from": [1, 7.55, 4.225],
			"to": [7, 7.55, 9.725],
			"rotation": {"angle": 0, "axis": "y", "origin": [-8, 0.55, 4.225]},
			"faces": {
				"down": {"uv": [7, 13.5, 10, 16], "texture": "#1"}
			}
		},
		{
			"from": [1, -0.7, 0.8],
			"to": [7, -0.7, 6.5],
			"rotation": {"angle": 0, "axis": "y", "origin": [-8, -7.7, 0]},
			"faces": {
				"up": {"uv": [7, 16, 10, 13.45], "texture": "#1"}
			}
		},
		{
			"from": [0, -8, 2],
			"to": [8, -1, 2],
			"rotation": {"angle": 0, "axis": "y", "origin": [-8, -8, 3]},
			"faces": {
				"north": {"uv": [10.75, 10.5, 12.75, 12.25], "texture": "#0"}
			}
		},
		{
			"from": [1, -8, -1],
			"to": [7, -1, 2],
			"rotation": {"angle": 0, "axis": "y", "origin": [-8, -8, 0]},
			"faces": {
				"north": {"uv": [10.75, 12.25, 12.25, 14], "texture": "#0"},
				"east": {"uv": [10.75, 12.25, 11.5, 14], "texture": "#0"},
				"west": {"uv": [11.5, 12.25, 12.25, 14], "texture": "#0"}
			}
		},
		{
			"from": [-5, -8, 0],
			"to": [0, 0, 2],
			"rotation": {"angle": 0, "axis": "y", "origin": [-16, -8, 0]},
			"faces": {
				"north": {"uv": [10.75, 10.25, 12, 12.25], "texture": "#0"},
				"east": {"uv": [10.75, 10.25, 11.25, 12.25], "texture": "#0"},
				"up": {"uv": [7.25, 8.25, 8.5, 7.75], "texture": "#0"}
			}
		},
		{
			"from": [8, -8, 0],
			"to": [12.5, 0, 2],
			"rotation": {"angle": 0, "axis": "y", "origin": [0, -8, 0]},
			"faces": {
				"north": {"uv": [11.625, 10.25, 12.75, 12.25], "texture": "#0"},
				"west": {"uv": [5.875, 8.25, 6.375, 10.25], "texture": "#0"},
				"up": {"uv": [8.5, 7.125, 8, 8.25], "rotation": 90, "texture": "#0"}
			}
		},
		{
			"from": [17.1, -7.4, 1.0025],
			"to": [18.1, -0.95, 23.9525],
			"rotation": {"angle": -22.5, "axis": "z", "origin": [18.1, -8, 19]},
			"faces": {
				"north": {"uv": [10.5, 12, 10.75, 14], "texture": "#0"},
				"east": {"uv": [7.625, 14, 13.375, 16], "texture": "#0"},
				"south": {"uv": [10.75, 12, 10.5, 14], "texture": "#0"}
			}
		},
		{
			"from": [16, -1.5, 1],
			"to": [24, 0, 24],
			"rotation": {"angle": 0, "axis": "y", "origin": [25, -1, 9]},
			"faces": {
				"north": {"uv": [8, 5.5, 12, 6.25], "texture": "#1"},
				"east": {"uv": [0.5, 5.5, 12, 6.25], "texture": "#1"},
				"south": {"uv": [0, 5.5, 4, 6.25], "texture": "#1"},
				"up": {"uv": [12, 5.5, 0.5, 1.5], "rotation": 90, "texture": "#1"},
				"down": {"uv": [12, 1.5, 0.5, 5.5], "rotation": 270, "texture": "#1"}
			}
		},
		{
			"from": [16, -8, 1],
			"to": [19, -7, 24],
			"rotation": {"angle": 0, "axis": "y", "origin": [19, -8, -5]},
			"faces": {
				"north": {"uv": [10.5, 6, 12, 6.5], "texture": "#1"},
				"east": {"uv": [0.5, 6, 12, 6.5], "texture": "#1"},
				"south": {"uv": [0, 6, 1.5, 6.5], "texture": "#1"},
				"up": {"uv": [0.5, 6.5, 12, 5], "rotation": 90, "texture": "#1"}
			}
		},
		{
			"from": [16, -7, 1.005],
			"to": [20, -1.5, 1.005],
			"rotation": {"angle": 0, "axis": "y", "origin": [24, -7, -4.975]},
			"faces": {
				"north": {"uv": [13.375, 14.625, 14.375, 16], "texture": "#0"}
			}
		},
		{
			"from": [17, 0, 12],
			"to": [20, 1, 15],
			"rotation": {"angle": 0, "axis": "y", "origin": [17.5, 0.5, 12.5]},
			"faces": {
				"north": {"uv": [0, 9, 6, 11], "texture": "#3"},
				"east": {"uv": [0, 11, 6, 13], "texture": "#3"},
				"south": {"uv": [0, 9, 6, 11], "texture": "#3"},
				"west": {"uv": [0, 11, 6, 13], "texture": "#3"},
				"up": {"uv": [10, 0, 16, 6], "texture": "#3"},
				"down": {"uv": [10, 7, 16, 13], "texture": "#3"}
			}
		},
		{
			"from": [17.5, 1.925, 12.5],
			"to": [19.5, 1.925, 14.5],
			"rotation": {"angle": 0, "axis": "y", "origin": [17.5, 1.425, 12.5]},
			"faces": {
				"north": {"uv": [0, 0, 4, 0], "texture": "#3"},
				"east": {"uv": [0, 0, 4, 0], "texture": "#3"},
				"south": {"uv": [0, 0, 4, 0], "texture": "#3"},
				"west": {"uv": [0, 0, 4, 0], "texture": "#3"},
				"up": {"uv": [5, 0, 9, 4], "texture": "#3"},
				"down": {"uv": [0, 0, 4, 4], "texture": "#3"}
			}
		},
		{
			"from": [17.5, 0.96306, 12.30866],
			"to": [19.5, 1.96306, 12.80866],
			"rotation": {"angle": 22.5, "axis": "x", "origin": [17.5, 1.46306, 12.30866]},
			"faces": {
				"north": {"uv": [5, 7, 9, 9], "texture": "#3"},
				"east": {"uv": [5, 7, 6, 9], "texture": "#3"},
				"west": {"uv": [8, 7, 9, 9], "texture": "#3"}
			}
		},
		{
			"from": [17.5, 0.96306, 14.19134],
			"to": [19.5, 1.96306, 14.69134],
			"rotation": {"angle": -22.5, "axis": "x", "origin": [17.5, 1.46306, 14.69134]},
			"faces": {
				"east": {"uv": [5, 7, 6, 9], "texture": "#3"},
				"south": {"uv": [5, 7, 9, 9], "texture": "#3"},
				"west": {"uv": [8, 7, 9, 9], "texture": "#3"}
			}
		},
		{
			"from": [17.30866, 0.96406, 12.5],
			"to": [17.80866, 1.96406, 14.5],
			"rotation": {"angle": -22.5, "axis": "z", "origin": [17.30866, 1.46406, 12.5]},
			"faces": {
				"north": {"uv": [5, 5, 6, 7], "texture": "#3"},
				"south": {"uv": [8, 5, 9, 7], "texture": "#3"},
				"west": {"uv": [5, 5, 9, 7], "texture": "#3"}
			}
		},
		{
			"from": [19.19134, 0.96406, 12.5],
			"to": [19.69134, 1.96406, 14.5],
			"rotation": {"angle": 22.5, "axis": "z", "origin": [19.69134, 1.46406, 12.5]},
			"faces": {
				"north": {"uv": [8, 5, 9, 7], "texture": "#3"},
				"east": {"uv": [5, 5, 9, 7], "texture": "#3"},
				"south": {"uv": [5, 5, 6, 7], "texture": "#3"}
			}
		},
		{
			"from": [17.2, -0.1, 7.7],
			"to": [18.2, 2.9, 10.7],
			"rotation": {"angle": -22.5, "axis": "y", "origin": [17.2, 1.1, 8.5]},
			"faces": {
				"north": {"uv": [0, 11, 6, 13], "rotation": 90, "texture": "#3"},
				"east": {"uv": [10, 0, 16, 6], "texture": "#3"},
				"south": {"uv": [0, 11, 6, 13], "rotation": 90, "texture": "#3"},
				"west": {"uv": [10, 7, 16, 13], "texture": "#3"},
				"up": {"uv": [0, 9, 6, 11], "rotation": 90, "texture": "#3"},
				"down": {"uv": [0, 9, 6, 11], "rotation": 90, "texture": "#3"}
			}
		},
		{
			"from": [22.25, 2.7, 10.5],
			"to": [18.15, 0.1, 7.9],
			"rotation": {"angle": -22.5, "axis": "y", "origin": [17.2, 1.1, 8.5]},
			"faces": {
				"north": {"uv": [1, 13, 2, 14], "rotation": 90, "texture": "#3"},
				"south": {"uv": [1, 13, 2, 14], "rotation": 90, "texture": "#3"},
				"up": {"uv": [1, 13, 2, 14], "rotation": 90, "texture": "#3"},
				"down": {"uv": [1, 13, 2, 14], "rotation": 90, "texture": "#3"}
			}
		},
		{
			"from": [18.21, 0.16, 7.96],
			"to": [22.19, 2.64, 10.44],
			"rotation": {"angle": -22.5, "axis": "y", "origin": [17.2, 1.1, 8.5]},
			"faces": {
				"north": {"uv": [0, 0, 5, 8], "rotation": 90, "texture": "#3"},
				"south": {"uv": [0, 0, 5, 8], "rotation": 90, "texture": "#3"},
				"up": {"uv": [0, 0, 5, 8], "rotation": 90, "texture": "#3"},
				"down": {"uv": [0, 0, 5, 8], "rotation": 90, "texture": "#3"}
			}
		},
		{
			"from": [19.2, 0.15, 7.95],
			"to": [20.2, 2.65, 10.45],
			"rotation": {"angle": -22.5, "axis": "y", "origin": [17.2, 1.1, 8.5]},
			"faces": {
				"north": {"uv": [5, 13, 10, 15], "rotation": 90, "texture": "#3"},
				"south": {"uv": [5, 13, 10, 15], "rotation": 90, "texture": "#3"},
				"up": {"uv": [0, 13, 5, 15], "rotation": 90, "texture": "#3"},
				"down": {"uv": [0, 13, 5, 15], "rotation": 90, "texture": "#3"}
			}
		}
	],
	"display": {
		"fixed": {
			"rotation": [-90, 0, 0],
			"translation": [-16, 16, -64],
			"scale": [4, 4, 4]
		}
	}
}