{
	"credit": "Made with Blockbench",
	"texture_size": [32, 32],
	"textures": {
		"0": "item/expeditions/interactables/reverie_drive_console",
		"1": "item/expeditions/decor/reverie_drive_console_components",
		"2": "item/expeditions/interactables/navigation_table",
		"3": "item/decorations/scrolls_a",
		"particle": "item/expeditions/interactables/reverie_drive_console"
	},
	"elements": [
		{
			"from": [16, 0, 0],
			"to": [18, 30, 16],
			"rotation": {"angle": 0, "axis": "y", "origin": [18, 0, 0]},
			"faces": {
				"north": {"uv": [10.5, 10.25, 10.75, 14], "texture": "#1"},
				"east": {"uv": [10.375, 8.375, 14.125, 6.375], "rotation": 90, "texture": "#1"},
				"west": {"uv": [12, 6.375, 15.75, 8.375], "rotation": 90, "texture": "#1"}
			}
		},
		{
			"from": [30, 0, 0],
			"to": [32, 30, 16],
			"rotation": {"angle": 0, "axis": "y", "origin": [32, 0, 0]},
			"faces": {
				"north": {"uv": [10.75, 10.25, 10.5, 14], "texture": "#1"},
				"east": {"uv": [15.625, 8.375, 11.875, 6.375], "rotation": 90, "texture": "#1"},
				"west": {"uv": [11.125, 6.375, 14.875, 8.375], "rotation": 90, "texture": "#1"}
			}
		},
		{
			"from": [-16, 0, 0],
			"to": [-14, 30, 16],
			"rotation": {"angle": 0, "axis": "y", "origin": [-14, 0, 0]},
			"faces": {
				"north": {"uv": [10.25, 5.25, 14, 5.5], "rotation": 90, "texture": "#1"},
				"east": {"uv": [2.25, 10.75, 6, 12.75], "rotation": 90, "texture": "#1"}
			}
		},
		{
			"from": [18, 0, 2],
			"to": [30, 8, 2],
			"rotation": {"angle": 0, "axis": "y", "origin": [20, 0, 0]},
			"faces": {
				"north": {"uv": [5.5, 9.25, 8.5, 11.25], "texture": "#0"}
			}
		},
		{
			"from": [18, 8, 1],
			"to": [30, 10, 8],
			"rotation": {"angle": 0, "axis": "y", "origin": [20, 8, 0]},
			"faces": {
				"north": {"uv": [8, 1.25, 11, 1.75], "texture": "#2"},
				"east": {"uv": [1, 7, 4.75, 7.5], "texture": "#2"},
				"south": {"uv": [4.25, 0.5, 7.25, 1], "texture": "#2"},
				"west": {"uv": [1, 7, 4.75, 7.5], "texture": "#2"},
				"up": {"uv": [4.25, 3.25, 7.25, 5], "texture": "#2"},
				"down": {"uv": [4.25, 5, 7.25, 3.25], "texture": "#2"}
			}
		},
		{
			"from": [18, 19, 1],
			"to": [30, 21, 8],
			"rotation": {"angle": 0, "axis": "y", "origin": [20, 19, 0]},
			"faces": {
				"north": {"uv": [8, 1.25, 11, 1.75], "texture": "#2"},
				"east": {"uv": [1, 7, 4.75, 7.5], "texture": "#2"},
				"south": {"uv": [4.25, 0.5, 7.25, 1], "texture": "#2"},
				"west": {"uv": [1, 7, 4.75, 7.5], "texture": "#2"},
				"up": {"uv": [7.25, 3.25, 10.25, 5], "texture": "#2"},
				"down": {"uv": [4.25, 5, 7.25, 3.25], "texture": "#2"}
			}
		},
		{
			"from": [-16, -16, -5],
			"to": [32, -14, -2],
			"rotation": {"angle": 0, "axis": "y", "origin": [0, -16, 1]},
			"faces": {
				"north": {"uv": [0, 5.75, 12, 6.25], "texture": "#2"},
				"up": {"uv": [0, 6.25, 12, 5.5], "texture": "#2"}
			}
		},
		{
			"from": [-16, -14.3, -4],
			"to": [32, -2.3, -4],
			"rotation": {"angle": -22.5, "axis": "x", "origin": [0, -11, -4]},
			"faces": {
				"north": {"uv": [7, 0, 8.5, 6], "rotation": 90, "texture": "#1"}
			}
		},
		{
			"from": [-16, -3, -15],
			"to": [32, 0, 2],
			"rotation": {"angle": 0, "axis": "y", "origin": [0, -2, 1]},
			"faces": {
				"north": {"uv": [0, 5.5, 12, 6.25], "texture": "#2"},
				"east": {"uv": [7.75, 5.5, 12, 6.25], "texture": "#2"},
				"west": {"uv": [0, 5.5, 4.25, 6.25], "texture": "#2"},
				"up": {"uv": [0, 5.5, 12, 1.25], "texture": "#2"},
				"down": {"uv": [0, 1.25, 12, 5.5], "texture": "#2"}
			}
		},
		{
			"from": [14, 12, 14],
			"to": [16, 24, 16],
			"rotation": {"angle": 0, "axis": "y", "origin": [0, 0.5, 21]},
			"faces": {
				"north": {"uv": [10.75, 7.75, 13.75, 8.25], "rotation": 90, "texture": "#0"},
				"west": {"uv": [13.75, 8.25, 10.75, 7.75], "rotation": 90, "texture": "#0"}
			}
		},
		{
			"from": [-14, 12, 14],
			"to": [-12, 24, 16],
			"rotation": {"angle": 0, "axis": "y", "origin": [-28, 0.5, 21]},
			"faces": {
				"north": {"uv": [10.75, 8.25, 13.75, 7.75], "rotation": 90, "texture": "#0"},
				"east": {"uv": [10.75, 7.75, 13.75, 8.25], "rotation": 90, "texture": "#0"}
			}
		},
		{
			"from": [-14, 6, -2],
			"to": [-12, 24, 0],
			"rotation": {"angle": 0, "axis": "y", "origin": [-28, 0.5, 5]},
			"faces": {
				"north": {"uv": [10.75, 7.75, 15.25, 8.25], "rotation": 90, "texture": "#0"},
				"east": {"uv": [11, 8.25, 15.5, 7.75], "rotation": 90, "texture": "#0"},
				"south": {"uv": [10.75, 7.75, 15.25, 8.25], "rotation": 90, "texture": "#0"},
				"west": {"uv": [10.75, 8.25, 15.25, 7.75], "rotation": 90, "texture": "#0"}
			}
		},
		{
			"from": [14, 6, -2],
			"to": [16, 24, 0],
			"rotation": {"angle": 0, "axis": "y", "origin": [0, 0.5, 5]},
			"faces": {
				"north": {"uv": [11, 8.25, 15.5, 7.75], "rotation": 90, "texture": "#0"},
				"east": {"uv": [10.75, 7.75, 15.25, 8.25], "rotation": 90, "texture": "#0"},
				"south": {"uv": [10.75, 7.75, 15.25, 8.25], "rotation": 90, "texture": "#0"},
				"west": {"uv": [10.75, 7.75, 15.25, 8.25], "rotation": 90, "texture": "#0"}
			}
		},
		{
			"from": [-12, 12, 16],
			"to": [14, 24, 16],
			"rotation": {"angle": 0, "axis": "y", "origin": [0, 0, 1]},
			"faces": {
				"north": {"uv": [0, 13, 6.5, 16], "texture": "#0"}
			}
		},
		{
			"from": [18, 10, 8],
			"to": [30, 30, 8],
			"rotation": {"angle": 0, "axis": "y", "origin": [14, 0, -7]},
			"faces": {
				"north": {"uv": [7, 0, 8.5, 2.5], "texture": "#1"}
			}
		},
		{
			"from": [-14, 16.1, 8],
			"to": [-11, 20.1, 12],
			"rotation": {"angle": 0, "axis": "y", "origin": [-4, 12.1, 6]},
			"faces": {
				"north": {"uv": [6.5, 5.25, 7.5, 6], "rotation": 90, "texture": "#0"},
				"south": {"uv": [6.5, 5.25, 7.5, 6], "rotation": 90, "texture": "#0"},
				"up": {"uv": [6.5, 5.25, 7.5, 6], "rotation": 90, "texture": "#0"},
				"down": {"uv": [6.5, 5.25, 7.5, 6], "rotation": 90, "texture": "#0"}
			}
		},
		{
			"from": [-11, 10.1, 8],
			"to": [-7, 20.1, 12],
			"rotation": {"angle": 0, "axis": "y", "origin": [-1, 12.1, 6]},
			"faces": {
				"north": {"uv": [6.5, 8.5, 7.5, 6], "texture": "#0"},
				"east": {"uv": [6.5, 4.75, 7.5, 7.25], "texture": "#0"},
				"south": {"uv": [7.5, 8.5, 6.5, 6], "texture": "#0"},
				"west": {"uv": [6.5, 8.5, 7.5, 6], "texture": "#0"},
				"up": {"uv": [6.5, 5, 7.5, 6], "rotation": 90, "texture": "#0"}
			}
		},
		{
			"from": [-15, 12.6, 2],
			"to": [-13, 16.6, 6],
			"rotation": {"angle": 0, "axis": "y", "origin": [-6, 8.6, 0]},
			"faces": {
				"north": {"uv": [6.5, 5.5, 7.5, 6], "rotation": 90, "texture": "#0"},
				"south": {"uv": [6.5, 5.5, 7.5, 6], "rotation": 90, "texture": "#0"},
				"up": {"uv": [6.5, 5.5, 7.5, 6], "rotation": 90, "texture": "#0"},
				"down": {"uv": [6.5, 5.5, 7.5, 6], "rotation": 90, "texture": "#0"}
			}
		},
		{
			"from": [-13, 7.6, 2],
			"to": [-9, 16.6, 6],
			"rotation": {"angle": 0, "axis": "y", "origin": [-3, 8.6, 0]},
			"faces": {
				"north": {"uv": [6.5, 8.5, 7.5, 6.25], "texture": "#0"},
				"east": {"uv": [6.5, 4.75, 7.5, 7], "texture": "#0"},
				"south": {"uv": [7.5, 8.5, 6.5, 6.25], "texture": "#0"},
				"west": {"uv": [6.5, 4.75, 7.5, 7], "texture": "#0"},
				"up": {"uv": [6.5, 4.75, 7.5, 5.75], "rotation": 90, "texture": "#0"}
			}
		},
		{
			"from": [-16, 30, -7],
			"to": [32, 32, 17],
			"rotation": {"angle": 0, "axis": "y", "origin": [0, 2, 1]},
			"faces": {
				"north": {"uv": [10, 8.25, 16, 8.5], "texture": "#1"},
				"east": {"uv": [13, 8.25, 16, 8.5], "texture": "#1"},
				"west": {"uv": [10, 8.25, 13, 8.5], "texture": "#1"},
				"up": {"uv": [10, 8.5, 16, 5.5], "texture": "#1"},
				"down": {"uv": [10, 5.5, 16, 8.5], "texture": "#1"}
			}
		},
		{
			"from": [-14, 0, -2],
			"to": [16, 6, 0],
			"rotation": {"angle": 0, "axis": "y", "origin": [0, 0, 1]},
			"faces": {
				"north": {"uv": [8.5, 9.75, 16, 8.25], "texture": "#0"},
				"east": {"uv": [8.5, 9.75, 9, 8.25], "texture": "#0"},
				"west": {"uv": [8.5, 9.75, 9, 8.25], "texture": "#0"}
			}
		},
		{
			"from": [-14, 24, -2],
			"to": [16, 30, 16],
			"rotation": {"angle": 0, "axis": "y", "origin": [0, 23, 1]},
			"faces": {
				"north": {"uv": [8.5, 8.25, 16, 9.75], "texture": "#0"},
				"east": {"uv": [8.5, 8.25, 13, 9.75], "texture": "#0"},
				"west": {"uv": [8.5, 8.25, 13, 9.75], "texture": "#0"},
				"down": {"uv": [8.5, 14.25, 16, 9.75], "texture": "#0"}
			}
		},
		{
			"from": [-6, 18, -1],
			"to": [8, 21, 13],
			"rotation": {"angle": 0, "axis": "y", "origin": [0, 18, 1]},
			"faces": {
				"north": {"uv": [2.75, 8.5, 6.25, 9.25], "texture": "#0"},
				"east": {"uv": [2.75, 8.5, 6.25, 9.25], "texture": "#0"},
				"south": {"uv": [2.75, 8.5, 6.25, 9.25], "texture": "#0"},
				"west": {"uv": [2.75, 8.5, 6.25, 9.25], "texture": "#0"},
				"up": {"uv": [0, 9.25, 3.5, 12.75], "texture": "#0"},
				"down": {"uv": [0, 9.25, 3.5, 12.75], "texture": "#0"}
			}
		},
		{
			"from": [-5, 17, 0],
			"to": [7, 18, 12],
			"rotation": {"angle": 0, "axis": "y", "origin": [0, 17, 1]},
			"faces": {
				"north": {"uv": [7.5, 7.75, 10.5, 8], "texture": "#0"},
				"east": {"uv": [7.5, 7.75, 10.5, 8], "texture": "#0"},
				"south": {"uv": [7.5, 7.75, 10.5, 8], "texture": "#0"},
				"west": {"uv": [7.5, 7.75, 10.5, 8], "texture": "#0"},
				"down": {"uv": [7.5, 5, 10.5, 8], "texture": "#0"}
			}
		},
		{
			"from": [-4.5, 21, 0.5],
			"to": [6.5, 24, 11.5],
			"rotation": {"angle": 0, "axis": "y", "origin": [0.5, 20, 1.5]},
			"faces": {
				"north": {"uv": [0, 8.5, 2.75, 9.25], "texture": "#0"},
				"east": {"uv": [0, 8.5, 2.75, 9.25], "texture": "#0"},
				"south": {"uv": [0, 8.5, 2.75, 9.25], "texture": "#0"},
				"west": {"uv": [0, 8.5, 2.75, 9.25], "texture": "#0"}
			}
		},
		{
			"from": [-14, 7.68089, 0.45042],
			"to": [16, 7.68089, 18.45042],
			"rotation": {"angle": -22.5, "axis": "x", "origin": [0, 0.68089, 3.45042]},
			"faces": {
				"up": {"uv": [8.5, 9.75, 16, 14.25], "texture": "#0"}
			}
		},
		{
			"from": [-5, 7.68089, 2.05042],
			"to": [7, 8.68089, 14.05042],
			"rotation": {"angle": -22.5, "axis": "x", "origin": [0, 1.68089, 3.45042]},
			"faces": {
				"north": {"uv": [7.5, 5, 10.5, 5.25], "texture": "#0"},
				"east": {"uv": [7.5, 5, 10.5, 5.25], "texture": "#0"},
				"south": {"uv": [7.5, 5, 10.5, 5.25], "texture": "#0"},
				"west": {"uv": [7.5, 5, 10.5, 5.25], "texture": "#0"},
				"up": {"uv": [7.5, 5, 10.5, 8], "texture": "#0"}
			}
		},
		{
			"from": [-13, 1, -3],
			"to": [-9, 5, -2],
			"rotation": {"angle": 0, "axis": "y", "origin": [-11, 0, -12]},
			"faces": {
				"north": {"uv": [9.5, 4, 10.5, 5], "texture": "#0"},
				"east": {"uv": [9.5, 4, 9.75, 5], "texture": "#0"},
				"west": {"uv": [9.5, 4, 9.75, 5], "texture": "#0"},
				"up": {"uv": [9.5, 4, 10.5, 4.25], "texture": "#0"},
				"down": {"uv": [9.5, 4, 10.5, 4.25], "texture": "#0"}
			}
		},
		{
			"from": [-12, 2, -4],
			"to": [-10, 4, -3],
			"rotation": {"angle": 0, "axis": "y", "origin": [-11, 0, -13]},
			"faces": {
				"north": {"uv": [9, 4, 9.5, 4.5], "texture": "#0"},
				"east": {"uv": [9, 4.5, 9.5, 4.75], "rotation": 90, "texture": "#0"},
				"west": {"uv": [9, 4.5, 9.5, 4.75], "rotation": 90, "texture": "#0"},
				"up": {"uv": [9, 4.5, 9.5, 4.75], "texture": "#0"},
				"down": {"uv": [9, 4.5, 9.5, 4.75], "texture": "#0"}
			}
		},
		{
			"from": [-8, 1, -3],
			"to": [-4, 5, -2],
			"rotation": {"angle": 0, "axis": "y", "origin": [-6, 0, -12]},
			"faces": {
				"north": {"uv": [9.5, 4, 10.5, 5], "texture": "#0"},
				"east": {"uv": [9.5, 4, 9.75, 5], "texture": "#0"},
				"west": {"uv": [9.5, 4, 9.75, 5], "texture": "#0"},
				"up": {"uv": [9.5, 4, 10.5, 4.25], "texture": "#0"},
				"down": {"uv": [9.5, 4, 10.5, 4.25], "texture": "#0"}
			}
		},
		{
			"from": [-7, 2, -4],
			"to": [-5, 4, -3],
			"rotation": {"angle": 0, "axis": "y", "origin": [-6, 0, -13]},
			"faces": {
				"north": {"uv": [15.25, 3, 15.75, 3.5], "texture": "#0"},
				"east": {"uv": [15.25, 3.5, 15.75, 3.75], "rotation": 90, "texture": "#0"},
				"west": {"uv": [15.25, 3.5, 15.75, 3.75], "rotation": 90, "texture": "#0"},
				"up": {"uv": [15.25, 3.5, 15.75, 3.75], "texture": "#0"},
				"down": {"uv": [15.25, 3.5, 15.75, 3.75], "texture": "#0"}
			}
		},
		{
			"from": [27, 3, 1],
			"to": [28, 6, 2],
			"rotation": {"angle": 0, "axis": "y", "origin": [26, 4, 1]},
			"faces": {
				"north": {"uv": [5.25, 9.25, 5.5, 10], "texture": "#0"},
				"east": {"uv": [5.25, 9.25, 5.5, 10], "texture": "#0"},
				"west": {"uv": [5.25, 9.25, 5.5, 10], "texture": "#0"},
				"up": {"uv": [5.25, 9.25, 5.5, 9.5], "texture": "#0"},
				"down": {"uv": [5.25, 9.25, 5.5, 9.5], "texture": "#0"}
			}
		},
		{
			"from": [26, 10, 1],
			"to": [30, 18, 8],
			"rotation": {"angle": 0, "axis": "y", "origin": [27, 10, 1]},
			"faces": {
				"north": {"uv": [6.5, 15, 8.5, 16], "rotation": 90, "texture": "#0"},
				"west": {"uv": [8.5, 14.25, 10.5, 16], "rotation": 90, "texture": "#0"},
				"up": {"uv": [10.5, 16, 11.5, 14.25], "texture": "#0"}
			}
		},
		{
			"from": [23, 10, 2],
			"to": [26, 17, 9],
			"rotation": {"angle": 0, "axis": "y", "origin": [23, 10, 2]},
			"faces": {
				"north": {"uv": [7.5, 13.25, 8.25, 15], "texture": "#0"},
				"west": {"uv": [12.25, 14.25, 14, 16], "texture": "#0"},
				"up": {"uv": [11.5, 16, 12.25, 14.25], "texture": "#0"}
			}
		},
		{
			"from": [20.5, 10, 0.3],
			"to": [23.5, 18, 7.3],
			"rotation": {"angle": -22.5, "axis": "y", "origin": [20.5, 10, 0.3]},
			"faces": {
				"north": {"uv": [5.5, 11.25, 7.5, 12], "rotation": 90, "texture": "#0"},
				"east": {"uv": [3.5, 11.25, 5.5, 13], "rotation": 90, "texture": "#0"},
				"west": {"uv": [5.5, 13, 3.5, 11.25], "rotation": 90, "texture": "#0"},
				"up": {"uv": [5.5, 12, 7.25, 12.75], "rotation": 90, "texture": "#0"}
			}
		},
		{
			"from": [16, -4.7, -15.1],
			"to": [20, -0.7, -15.1],
			"rotation": {"angle": 0, "axis": "y", "origin": [18, -2.7, -16.1]},
			"faces": {
				"north": {"uv": [6.5, 12.75, 7.5, 13.75], "texture": "#0"},
				"south": {"uv": [6.5, 12.75, 7.5, 13.75], "texture": "#0"}
			}
		},
		{
			"from": [16, -8.16508, -15.78925],
			"to": [20, -4.16508, -15.78925],
			"rotation": {"angle": 22.5, "axis": "x", "origin": [18, -6.16508, -16.78925]},
			"faces": {
				"north": {"uv": [6.5, 13.75, 7.5, 14.75], "texture": "#0"},
				"south": {"uv": [6.5, 12.75, 7.5, 13.75], "texture": "#0"}
			}
		},
		{
			"from": [17, -2, -16],
			"to": [18, -1, -15],
			"rotation": {"angle": 0, "axis": "y", "origin": [17, -3, -16]},
			"faces": {
				"north": {"uv": [0, 0.25, 0.25, 0.5], "texture": "#0"},
				"east": {"uv": [0, 0.25, 0.25, 0.5], "texture": "#0"},
				"west": {"uv": [0, 0.25, 0.25, 0.5], "texture": "#0"},
				"up": {"uv": [0, 0.25, 0.25, 0.5], "texture": "#0"},
				"down": {"uv": [0, 0.25, 0.25, 0.5], "texture": "#0"}
			}
		},
		{
			"from": [9, 0.025, -8.5],
			"to": [17, 0.025, -2.5],
			"rotation": {"angle": 22.5, "axis": "y", "origin": [9, 0.025, -8.5]},
			"faces": {
				"up": {"uv": [11, 12.75, 13.5, 10.75], "texture": "#0"}
			}
		},
		{
			"from": [23.7, 25.1, 3.1],
			"to": [24.9, 28.3, 6.3],
			"rotation": {"angle": -22.5, "axis": "z", "origin": [18.8, 25.2, 6.2]},
			"faces": {
				"north": {"uv": [0.25, 0, 0.5, 0.75], "texture": "#0"},
				"east": {"uv": [0.25, 0, 1, 0.75], "texture": "#0"},
				"south": {"uv": [0.25, 0, 0.5, 0.75], "texture": "#0"},
				"west": {"uv": [0.25, 0, 1, 0.75], "texture": "#0"},
				"up": {"uv": [0.25, 0, 1, 0.25], "rotation": 270, "texture": "#0"},
				"down": {"uv": [0.25, 0, 1, 0.25], "rotation": 90, "texture": "#0"}
			}
		},
		{
			"from": [18.8, 25.2, 3.2],
			"to": [29.8, 28.2, 6.2],
			"rotation": {"angle": -22.5, "axis": "z", "origin": [18.8, 25.2, 6.2]},
			"faces": {
				"north": {"uv": [10, 0.5, 11.5, 6], "rotation": 90, "texture": "#3"},
				"east": {"uv": [13, 3.5, 14.5, 5], "texture": "#3"},
				"south": {"uv": [10, 0.5, 11.5, 6], "rotation": 90, "texture": "#3"},
				"west": {"uv": [13, 3.5, 14.5, 5], "texture": "#3"},
				"up": {"uv": [8.5, 0.5, 10, 6], "rotation": 270, "texture": "#3"},
				"down": {"uv": [8.5, 0.5, 10, 6], "rotation": 90, "texture": "#3"}
			}
		},
		{
			"from": [19, 21, -3],
			"to": [22, 24, 8],
			"rotation": {"angle": 0, "axis": "y", "origin": [19, 21, -3]},
			"faces": {
				"north": {"uv": [13, 3.5, 14.5, 5], "texture": "#3"},
				"east": {"uv": [10, 0.5, 11.5, 6], "rotation": 90, "texture": "#3"},
				"south": {"uv": [13, 3.5, 14.5, 5], "texture": "#3"},
				"west": {"uv": [10, 0.5, 11.5, 6], "rotation": 90, "texture": "#3"},
				"up": {"uv": [8.5, 0.5, 10, 6], "texture": "#3"},
				"down": {"uv": [8.5, 0.5, 10, 6], "texture": "#3"}
			}
		},
		{
			"from": [18.9, 20.9, 1.9],
			"to": [22.1, 24.1, 3.1],
			"rotation": {"angle": 0, "axis": "y", "origin": [19, 21, -3]},
			"faces": {
				"north": {"uv": [0.25, 0, 1, 0.75], "texture": "#0"},
				"east": {"uv": [0.25, 0, 0.5, 0.75], "texture": "#0"},
				"south": {"uv": [0.25, 0, 1, 0.75], "texture": "#0"},
				"west": {"uv": [0.25, 0, 0.5, 0.75], "texture": "#0"},
				"up": {"uv": [0.25, 0, 1, 0.25], "texture": "#0"},
				"down": {"uv": [0.25, 0, 1, 0.25], "texture": "#0"}
			}
		},
		{
			"from": [20.9, -0.1, -7.1],
			"to": [24.1, 3.1, -4.9],
			"rotation": {"angle": 22.5, "axis": "y", "origin": [21, 0, -11]},
			"faces": {
				"north": {"uv": [15.25, 1.25, 15.75, 1.75], "texture": "#0"},
				"east": {"uv": [15.25, 0.25, 15.75, 1], "texture": "#0"},
				"south": {"uv": [15.25, 1.25, 15.75, 1.75], "texture": "#0"},
				"west": {"uv": [15.25, 0.25, 15.75, 1], "texture": "#0"},
				"up": {"uv": [15.25, 0.25, 15.75, 1], "rotation": 90, "texture": "#0"},
				"down": {"uv": [15.25, 0.25, 15.75, 1], "rotation": 90, "texture": "#0"}
			}
		},
		{
			"from": [21, 0, -11],
			"to": [24, 3, 0],
			"rotation": {"angle": 22.5, "axis": "y", "origin": [21, 0, -11]},
			"faces": {
				"north": {"uv": [13, 3.5, 14.5, 5], "texture": "#3"},
				"east": {"uv": [10, 0.5, 11.5, 6], "rotation": 90, "texture": "#3"},
				"south": {"uv": [13, 3.5, 14.5, 5], "texture": "#3"},
				"west": {"uv": [10, 0.5, 11.5, 6], "rotation": 90, "texture": "#3"},
				"up": {"uv": [8.5, 0.5, 10, 6], "texture": "#3"},
				"down": {"uv": [8.5, 0.5, 10, 6], "texture": "#3"}
			}
		}
	],
	"display": {
		"fixed": {
			"rotation": [-90, 0, 0],
			"translation": [-32, 30, -48],
			"scale": [2, 2, 2]
		}
	}
}