{
	"credit": "Made with Blockbench",
	"texture_size": [32, 16],
	"textures": {
		"0": "item/expeditions/decor/dreamfarers_expedition_bay",
		"particle": "item/expeditions/decor/dreamfarers_expedition_bay"
	},
	"elements": [
		{
			"from": [-4.25, -0.08134, 8.85476],
			"to": [20.75, 0.41866, 10.35476],
			"rotation": {"angle": -22.5, "axis": "x", "origin": [8.05, -0.08134, 9.80476]},
			"faces": {
				"north": {"uv": [0, 15.5, 12.5, 15], "texture": "#0"},
				"east": {"uv": [0, 0, 0.75, 0.5], "texture": "#0"},
				"south": {"uv": [0, 13.75, 12.5, 14.25], "texture": "#0"},
				"west": {"uv": [0, 0, 0.75, 0.5], "texture": "#0"},
				"up": {"uv": [0, 15, 12.5, 13.5], "texture": "#0"},
				"down": {"uv": [0, 15, 12.5, 13.5], "texture": "#0"}
			}
		},
		{
			"from": [-4.25, 5, 6.75],
			"to": [20.75, 5.5, 8.25],
			"rotation": {"angle": -22.5, "axis": "x", "origin": [8.05, 5, 7.7]},
			"faces": {
				"north": {"uv": [0, 15, 12.5, 15.5], "texture": "#0"},
				"east": {"uv": [0, 0, 0.75, 0.5], "texture": "#0"},
				"south": {"uv": [0, 13.75, 12.5, 14.25], "texture": "#0"},
				"west": {"uv": [0, 0, 0.75, 0.5], "texture": "#0"},
				"up": {"uv": [0, 13.5, 12.5, 15], "texture": "#0"},
				"down": {"uv": [0, 13.5, 12.5, 15], "texture": "#0"}
			}
		},
		{
			"from": [-3.75, 1.01934, 6.94724],
			"to": [20.25, 4.51934, 6.94724],
			"rotation": {"angle": -22.5, "axis": "x", "origin": [7.7, 5.51934, 7.64724]},
			"faces": {
				"north": {"uv": [0, 10, 12, 13.5], "texture": "#0"}
			}
		},
		{
			"from": [-4.25, 0.01913, 7.24619],
			"to": [20.75, 5.01913, 8.24619],
			"rotation": {"angle": -22.5, "axis": "x", "origin": [8, 5.01913, 7.74619]},
			"faces": {
				"north": {"uv": [0, 5, 12.5, 10], "texture": "#0"},
				"south": {"uv": [0, 0, 12.5, 5], "texture": "#0"}
			}
		},
		{
			"from": [20.75, -0.5, 6.75],
			"to": [21.25, 5.5, 8.25],
			"rotation": {"angle": -22.5, "axis": "x", "origin": [8.25, 5, 7.7]},
			"faces": {
				"north": {"uv": [15.5, 0, 15.75, 6], "texture": "#0"},
				"east": {"uv": [11, 15.25, 8, 13.75], "rotation": 90, "texture": "#0"},
				"south": {"uv": [3, 14.5, 6, 15], "rotation": 90, "texture": "#0"},
				"west": {"uv": [8, 13.75, 11, 15.25], "rotation": 90, "texture": "#0"},
				"up": {"uv": [7.25, 15.25, 7.5, 13.75], "texture": "#0"},
				"down": {"uv": [7.25, 13.75, 7.5, 15.25], "texture": "#0"}
			}
		},
		{
			"from": [-4.75, -0.5, 6.75],
			"to": [-4.25, 5.5, 8.25],
			"rotation": {"angle": -22.5, "axis": "x", "origin": [-17.25, 5, 7.7]},
			"faces": {
				"north": {"uv": [15.5, 0, 15.75, 6], "texture": "#0"},
				"east": {"uv": [11, 15.25, 8, 13.75], "rotation": 90, "texture": "#0"},
				"south": {"uv": [3, 14.5, 6, 15], "rotation": 90, "texture": "#0"},
				"west": {"uv": [8, 13.75, 11, 15.25], "rotation": 90, "texture": "#0"},
				"up": {"uv": [7.25, 15.25, 7.5, 13.75], "texture": "#0"},
				"down": {"uv": [7.25, 13.75, 7.5, 15.25], "texture": "#0"}
			}
		},
		{
			"from": [0, 1, 8],
			"to": [2, 6, 10],
			"rotation": {"angle": 0, "axis": "x", "origin": [0, 2, 9]},
			"faces": {
				"north": {"uv": [13.5, 0, 14.5, 5], "texture": "#0"},
				"east": {"uv": [13.5, 0, 12.5, 5], "texture": "#0"},
				"south": {"uv": [14.5, 0, 15.5, 5], "texture": "#0"},
				"west": {"uv": [12.5, 0, 13.5, 5], "texture": "#0"}
			}
		},
		{
			"from": [14, 1, 8],
			"to": [16, 6, 10],
			"rotation": {"angle": 0, "axis": "x", "origin": [14, 2, 9]},
			"faces": {
				"north": {"uv": [13.5, 0, 14.5, 5], "texture": "#0"},
				"east": {"uv": [13.5, 0, 12.5, 5], "texture": "#0"},
				"south": {"uv": [14.5, 0, 15.5, 5], "texture": "#0"},
				"west": {"uv": [12.5, 0, 13.5, 5], "texture": "#0"}
			}
		}
	],
	"display": {
		"fixed": {
			"rotation": [-90, 0, 0],
			"translation": [0, 0, -34],
			"scale": [4, 4, 4]
		}
	},
	"groups": [
		{
			"name": "group",
			"origin": [-25.25, 5, 6.7],
			"color": 0,
			"children": [0, 1, 2, 3, 4, 5, 6, 7]
		}
	]
}