{
	"textures":{
		"particle":"#0"
	},
	"elements":[
		{
			"from":[-3,0,8],
			"to":[19,16,8],
			"shade":false,
			"rotation":{"angle":45,"axis":"y","origin":[8,0,8]},
			"faces":{
				"north":{"uv":[0,0,11,16],"texture":"#0","tintindex":0},
				"south":{"uv":[0,0,11,16],"texture":"#0","tintindex":0}
			}
		},
		{
			"from":[-3,0,8],
			"to":[19,16,8],
			"shade":false,
			"rotation":{"angle":-45,"axis":"y","origin":[8,0,8]},
			"faces":{
				"north":{"uv":[0,0,11,16],"texture":"#0","tintindex":0},
				"south":{"uv":[0,0,11,16],"texture":"#0","tintindex":0}
			}
		}
	]
}