{"providers":[{"type":"bitmap","file":"happyhud:font/assets/lumentest/skill_bar.png","height":36,"ascent":-198500,"chars":[""]},{"type":"bitmap","file":"happyhud:font/assets/skills/daring/icon_daring_slidingslash.png","height":29,"ascent":-199500,"chars":[""]},{"type":"bitmap","file":"happyhud:font/assets/skills/enigma/icon_enigma_opposingwinds.png","height":32,"ascent":-199500,"chars":[""]},{"type":"bitmap","file":"happyhud:font/assets/skills/resonance/icon_resonance_naiossluminance.png","height":31,"ascent":-199500,"chars":[""]},{"type":"bitmap","file":"happyhud:font/assets/skills/enigma/icon_enigma_transfiguration.png","height":32,"ascent":-199500,"chars":[""]},{"type":"bitmap","file":"happyhud:font/assets/skills/no_skill.png","height":1,"ascent":-199500,"chars":[""]},{"type":"bitmap","file":"happyhud:font/assets/skills/valor/icon_valor_divideandconquer.png","height":32,"ascent":-199500,"chars":[""]},{"type":"bitmap","file":"happyhud:font/assets/skills/guile/icon_guile_dreadnaughtdraught.png","height":32,"ascent":-199500,"chars":[""]},{"type":"bitmap","file":"happyhud:font/assets/skills/daring/icon_daring_sinfulshadow.png","height":29,"ascent":-199500,"chars":[""]},{"type":"bitmap","file":"happyhud:font/assets/skills/fury/icon_fury_fistofagavres.png","height":32,"ascent":-199500,"chars":[""]},{"type":"bitmap","file":"happyhud:font/assets/skills/enigma/icon_enigma_shockmines.png","height":30,"ascent":-199500,"chars":[""]},{"type":"bitmap","file":"happyhud:font/assets/skills/enigma/icon_enigma_runerupture.png","height":32,"ascent":-199500,"chars":[""]},{"type":"bitmap","file":"happyhud:font/assets/skills/fury/icon_fury_infernoslash.png","height":29,"ascent":-199500,"chars":[""]},{"type":"bitmap","file":"happyhud:font/assets/skills/resonance/icon_resonance_warcant.png","height":31,"ascent":-199500,"chars":[""]},{"type":"bitmap","file":"happyhud:font/assets/skills/fury/icon_fury_wildabandon.png","height":30,"ascent":-199500,"chars":[""]},{"type":"bitmap","file":"happyhud:font/assets/skills/vigilance/icon_vigilance_seekandsunder.png","height":31,"ascent":-199500,"chars":[""]},{"type":"bitmap","file":"happyhud:font/assets/skills/focus/icon_focus_glacialshard.png","height":32,"ascent":-199500,"chars":[""]},{"type":"bitmap","file":"happyhud:font/assets/skills/guile/icon_guile_malignanthaze.png","height":32,"ascent":-199500,"chars":[""]},{"type":"bitmap","file":"happyhud:font/assets/skills/resonance/icon_resonance_percussion.png","height":31,"ascent":-199500,"chars":[""]},{"type":"bitmap","file":"happyhud:font/assets/skills/fury/icon_fury_fistofvitality.png","height":32,"ascent":-199500,"chars":[""]},{"type":"bitmap","file":"happyhud:font/assets/skills/enigma/icon_enigma_runequakepropulsion.png","height":32,"ascent":-199500,"chars":[""]},{"type":"bitmap","file":"happyhud:font/assets/skills/resonance/icon_resonance_piercingtone.png","height":30,"ascent":-199500,"chars":[""]},{"type":"bitmap","file":"happyhud:font/assets/skills/enigma/icon_enigma_nullzone.png","height":28,"ascent":-199500,"chars":[""]},{"type":"bitmap","file":"happyhud:font/assets/skills/enigma/icon_enigma_electricfence.png","height":29,"ascent":-199500,"chars":[""]},{"type":"bitmap","file":"happyhud:font/assets/skills/vigilance/icon_vigilance_lacerations.png","height":29,"ascent":-199500,"chars":[""]},{"type":"bitmap","file":"happyhud:font/assets/skills/focus/icon_focus_stingofthewild.png","height":32,"ascent":-199500,"chars":[""]},{"type":"bitmap","file":"happyhud:font/assets/skills/command/icon_command_bannercharge.png","height":29,"ascent":-199500,"chars":[""]},{"type":"bitmap","file":"happyhud:font/assets/skills/fury/icon_fury_concussiveclap.png","height":32,"ascent":-199500,"chars":[""]},{"type":"bitmap","file":"happyhud:font/assets/skills/resonance/icon_resonance_boundlessballad.png","height":30,"ascent":-199500,"chars":[""]},{"type":"bitmap","file":"happyhud:font/assets/skills/vigilance/icon_guile_bolatoss.png","height":31,"ascent":-199500,"chars":[""]},{"type":"bitmap","file":"happyhud:font/assets/skills/command/icon_command_hammerdown.png","height":30,"ascent":-199500,"chars":[""]},{"type":"bitmap","file":"happyhud:font/assets/skills/command/icon_command_sustainedfortitude.png","height":29,"ascent":-199500,"chars":[""]},{"type":"bitmap","file":"happyhud:font/assets/skills/vigilance/icon_guile_honeypot.png","height":29,"ascent":-199500,"chars":[""]},{"type":"bitmap","file":"happyhud:font/assets/skills/focus/icon_focus_frigidtomb.png","height":32,"ascent":-199500,"chars":[""]},{"type":"bitmap","file":"happyhud:font/assets/skills/fury/icon_fury_limitlessgrace.png","height":29,"ascent":-199500,"chars":[""]},{"type":"bitmap","file":"happyhud:font/assets/skills/valor/icon_valor_riposte.png","height":31,"ascent":-199500,"chars":[""]},{"type":"bitmap","file":"happyhud:font/assets/skills/resonance/icon_resonance_eclipse.png","height":30,"ascent":-199500,"chars":[""]},{"type":"bitmap","file":"happyhud:font/assets/skills/focus/icon_focus_silverstorm.png","height":32,"ascent":-199500,"chars":[""]},{"type":"bitmap","file":"happyhud:font/assets/skills/enigma/icon_enigma_runiclance.png","height":32,"ascent":-199500,"chars":[""]},{"type":"bitmap","file":"happyhud:font/assets/skills/command/icon_command_battlelinebulwark.png","height":30,"ascent":-199500,"chars":[""]},{"type":"bitmap","file":"happyhud:font/assets/skills/guile/icon_guile_vapourvault.png","height":32,"ascent":-199500,"chars":[""]},{"type":"bitmap","file":"happyhud:font/assets/skills/daring/icon_daring_toolsofthetrade.png","height":31,"ascent":-199500,"chars":[""]},{"type":"bitmap","file":"happyhud:font/assets/skills/fury/icon_fury_recklesszealotry.png","height":32,"ascent":-199500,"chars":[""]},{"type":"bitmap","file":"happyhud:font/assets/skills/enigma/icon_enigma_arcanestudies.png","height":28,"ascent":-199500,"chars":[""]},{"type":"bitmap","file":"happyhud:font/assets/skills/valor/icon_valor_piercingstrike.png","height":30,"ascent":-199500,"chars":[""]},{"type":"bitmap","file":"happyhud:font/assets/skills/resonance/icon_resonance_tuningstrike.png","height":28,"ascent":-199500,"chars":[""]},{"type":"bitmap","file":"happyhud:font/assets/skills/enigma/icon_enigma_controlfactotum.png","height":32,"ascent":-199500,"chars":[""]},{"type":"bitmap","file":"happyhud:font/assets/skills/daring/icon_daring_lockandload.png","height":30,"ascent":-199500,"chars":[""]},{"type":"bitmap","file":"happyhud:font/assets/skills/fury/icon_fury_furioussurge.png","height":32,"ascent":-199500,"chars":[""]},{"type":"bitmap","file":"happyhud:font/assets/skills/resonance/icon_resonance_maelstrom.png","height":32,"ascent":-199500,"chars":[""]},{"type":"bitmap","file":"happyhud:font/assets/skills/daring/icon_daring_absolution.png","height":32,"ascent":-199500,"chars":[""]},{"type":"bitmap","file":"happyhud:font/assets/skills/focus/icon_focus_rimesembrace.png","height":32,"ascent":-199500,"chars":[""]},{"type":"bitmap","file":"happyhud:font/assets/skills/guile/icon_guile_haveatit.png","height":32,"ascent":-199500,"chars":[""]},{"type":"bitmap","file":"happyhud:font/assets/skills/enigma/icon_enigma_transposition.png","height":32,"ascent":-199500,"chars":[""]},{"type":"bitmap","file":"happyhud:font/assets/skills/valor/icon_valor_dashingstrike.png","height":30,"ascent":-199500,"chars":[""]},{"type":"bitmap","file":"happyhud:font/assets/skills/focus/icon_focus_decreeoffrost.png","height":32,"ascent":-199500,"chars":[""]},{"type":"bitmap","file":"happyhud:font/assets/skills/valor/icon_valor_bladework.png","height":29,"ascent":-199500,"chars":[""]},{"type":"bitmap","file":"happyhud:font/assets/skills/guile/icon_guile_instantrelief.png","height":32,"ascent":-199500,"chars":[""]},{"type":"bitmap","file":"happyhud:font/assets/skills/vigilance/icon_vigilance_revealprey.png","height":28,"ascent":-199500,"chars":[""]},{"type":"bitmap","file":"happyhud:font/assets/skills/fury/icon_fury_strifeandfury.png","height":32,"ascent":-199500,"chars":[""]},{"type":"bitmap","file":"happyhud:font/assets/skills/fury/icon_fury_rupture.png","height":30,"ascent":-199500,"chars":[""]},{"type":"bitmap","file":"happyhud:font/assets/skills/daring/icon_daring_deathfromabove.png","height":29,"ascent":-199500,"chars":[""]},{"type":"bitmap","file":"happyhud:font/assets/skills/daring/icon_daring_hamstring.png","height":30,"ascent":-199500,"chars":[""]},{"type":"bitmap","file":"happyhud:font/assets/skills/guile/icon_guile_unstablecurative.png","height":30,"ascent":-199500,"chars":[""]},{"type":"bitmap","file":"happyhud:font/assets/skills/daring/icon_daring_smokescreen.png","height":30,"ascent":-199500,"chars":[""]},{"type":"bitmap","file":"happyhud:font/assets/skills/command/icon_command_pennantpullback.png","height":31,"ascent":-199500,"chars":[""]},{"type":"bitmap","file":"happyhud:font/assets/skills/command/icon_command_banneramplify.png","height":29,"ascent":-199500,"chars":[""]},{"type":"bitmap","file":"happyhud:font/assets/skills/resonance/icon_resonance_helpfulhymn.png","height":29,"ascent":-199500,"chars":[""]},{"type":"bitmap","file":"happyhud:font/assets/skills/vigilance/icon_vigilance_hunterssense.png","height":28,"ascent":-199500,"chars":[""]},{"type":"bitmap","file":"happyhud:font/assets/skills/enigma/icon_enigma_runestorm.png","height":32,"ascent":-199500,"chars":[""]},{"type":"bitmap","file":"happyhud:font/assets/skills/resonance/icon_resonance_lullaby.png","height":28,"ascent":-199500,"chars":[""]},{"type":"bitmap","file":"happyhud:font/assets/skills/valor/icon_valor_utmostattention.png","height":30,"ascent":-199500,"chars":[""]},{"type":"bitmap","file":"happyhud:font/assets/skills/resonance/icon_resonance_boomingbellow.png","height":28,"ascent":-199500,"chars":[""]},{"type":"bitmap","file":"happyhud:font/assets/skills/fury/icon_fury_whirlingblaze.png","height":32,"ascent":-199500,"chars":[""]},{"type":"bitmap","file":"happyhud:font/assets/skills/daring/icon_daring_masterofshadows.png","height":30,"ascent":-199500,"chars":[""]},{"type":"bitmap","file":"happyhud:font/assets/skills/vigilance/icon_vigilance_grapplingshot.png","height":30,"ascent":-199500,"chars":[""]},{"type":"bitmap","file":"happyhud:font/assets/skills/fury/icon_fury_splittingstrike.png","height":29,"ascent":-199500,"chars":[""]},{"type":"bitmap","file":"happyhud:font/assets/skills/resonance/icon_resonance_vesersshadow.png","height":28,"ascent":-199500,"chars":[""]},{"type":"bitmap","file":"happyhud:font/assets/skills/daring/icon_daring_shotandsteel.png","height":30,"ascent":-199500,"chars":[""]},{"type":"bitmap","file":"happyhud:font/assets/lumentest/skill_number_6.png","height":13,"ascent":-202500,"chars":[""]},{"type":"bitmap","file":"happyhud:font/assets/lumentest/skill_number_7.png","height":13,"ascent":-202500,"chars":[""]},{"type":"bitmap","file":"happyhud:font/assets/skills/daring/icon_daring_slidingslash.png","height":29,"ascent":-203500,"chars":[""]},{"type":"bitmap","file":"happyhud:font/assets/skills/enigma/icon_enigma_opposingwinds.png","height":32,"ascent":-203500,"chars":[""]},{"type":"bitmap","file":"happyhud:font/assets/skills/resonance/icon_resonance_naiossluminance.png","height":31,"ascent":-203500,"chars":[""]},{"type":"bitmap","file":"happyhud:font/assets/skills/enigma/icon_enigma_transfiguration.png","height":32,"ascent":-203500,"chars":[""]},{"type":"bitmap","file":"happyhud:font/assets/skills/no_skill.png","height":1,"ascent":-203500,"chars":[""]},{"type":"bitmap","file":"happyhud:font/assets/skills/valor/icon_valor_divideandconquer.png","height":32,"ascent":-203500,"chars":[""]},{"type":"bitmap","file":"happyhud:font/assets/skills/guile/icon_guile_dreadnaughtdraught.png","height":32,"ascent":-203500,"chars":[""]},{"type":"bitmap","file":"happyhud:font/assets/skills/daring/icon_daring_sinfulshadow.png","height":29,"ascent":-203500,"chars":[""]},{"type":"bitmap","file":"happyhud:font/assets/skills/fury/icon_fury_fistofagavres.png","height":32,"ascent":-203500,"chars":[""]},{"type":"bitmap","file":"happyhud:font/assets/skills/enigma/icon_enigma_shockmines.png","height":30,"ascent":-203500,"chars":[""]},{"type":"bitmap","file":"happyhud:font/assets/skills/enigma/icon_enigma_runerupture.png","height":32,"ascent":-203500,"chars":[""]},{"type":"bitmap","file":"happyhud:font/assets/skills/fury/icon_fury_infernoslash.png","height":29,"ascent":-203500,"chars":[""]},{"type":"bitmap","file":"happyhud:font/assets/skills/resonance/icon_resonance_warcant.png","height":31,"ascent":-203500,"chars":[""]},{"type":"bitmap","file":"happyhud:font/assets/skills/fury/icon_fury_wildabandon.png","height":30,"ascent":-203500,"chars":[""]},{"type":"bitmap","file":"happyhud:font/assets/skills/vigilance/icon_vigilance_seekandsunder.png","height":31,"ascent":-203500,"chars":[""]},{"type":"bitmap","file":"happyhud:font/assets/skills/focus/icon_focus_glacialshard.png","height":32,"ascent":-203500,"chars":[""]},{"type":"bitmap","file":"happyhud:font/assets/skills/guile/icon_guile_malignanthaze.png","height":32,"ascent":-203500,"chars":[""]},{"type":"bitmap","file":"happyhud:font/assets/skills/resonance/icon_resonance_percussion.png","height":31,"ascent":-203500,"chars":[""]},{"type":"bitmap","file":"happyhud:font/assets/skills/fury/icon_fury_fistofvitality.png","height":32,"ascent":-203500,"chars":[""]},{"type":"bitmap","file":"happyhud:font/assets/skills/enigma/icon_enigma_runequakepropulsion.png","height":32,"ascent":-203500,"chars":[""]},{"type":"bitmap","file":"happyhud:font/assets/skills/resonance/icon_resonance_piercingtone.png","height":30,"ascent":-203500,"chars":[""]},{"type":"bitmap","file":"happyhud:font/assets/skills/enigma/icon_enigma_nullzone.png","height":28,"ascent":-203500,"chars":[""]},{"type":"bitmap","file":"happyhud:font/assets/skills/enigma/icon_enigma_electricfence.png","height":29,"ascent":-203500,"chars":[""]},{"type":"bitmap","file":"happyhud:font/assets/skills/vigilance/icon_vigilance_lacerations.png","height":29,"ascent":-203500,"chars":[""]},{"type":"bitmap","file":"happyhud:font/assets/skills/focus/icon_focus_stingofthewild.png","height":32,"ascent":-203500,"chars":[""]},{"type":"bitmap","file":"happyhud:font/assets/skills/command/icon_command_bannercharge.png","height":29,"ascent":-203500,"chars":[""]},{"type":"bitmap","file":"happyhud:font/assets/skills/fury/icon_fury_concussiveclap.png","height":32,"ascent":-203500,"chars":[""]},{"type":"bitmap","file":"happyhud:font/assets/skills/resonance/icon_resonance_boundlessballad.png","height":30,"ascent":-203500,"chars":[""]},{"type":"bitmap","file":"happyhud:font/assets/skills/vigilance/icon_guile_bolatoss.png","height":31,"ascent":-203500,"chars":[""]},{"type":"bitmap","file":"happyhud:font/assets/skills/command/icon_command_hammerdown.png","height":30,"ascent":-203500,"chars":[""]},{"type":"bitmap","file":"happyhud:font/assets/skills/command/icon_command_sustainedfortitude.png","height":29,"ascent":-203500,"chars":[""]},{"type":"bitmap","file":"happyhud:font/assets/skills/vigilance/icon_guile_honeypot.png","height":29,"ascent":-203500,"chars":[""]},{"type":"bitmap","file":"happyhud:font/assets/skills/focus/icon_focus_frigidtomb.png","height":32,"ascent":-203500,"chars":[""]},{"type":"bitmap","file":"happyhud:font/assets/skills/fury/icon_fury_limitlessgrace.png","height":29,"ascent":-203500,"chars":[""]},{"type":"bitmap","file":"happyhud:font/assets/skills/valor/icon_valor_riposte.png","height":31,"ascent":-203500,"chars":[""]},{"type":"bitmap","file":"happyhud:font/assets/skills/resonance/icon_resonance_eclipse.png","height":30,"ascent":-203500,"chars":[""]},{"type":"bitmap","file":"happyhud:font/assets/skills/focus/icon_focus_silverstorm.png","height":32,"ascent":-203500,"chars":[""]},{"type":"bitmap","file":"happyhud:font/assets/skills/enigma/icon_enigma_runiclance.png","height":32,"ascent":-203500,"chars":[""]},{"type":"bitmap","file":"happyhud:font/assets/skills/command/icon_command_battlelinebulwark.png","height":30,"ascent":-203500,"chars":[""]},{"type":"bitmap","file":"happyhud:font/assets/skills/guile/icon_guile_vapourvault.png","height":32,"ascent":-203500,"chars":[""]},{"type":"bitmap","file":"happyhud:font/assets/skills/daring/icon_daring_toolsofthetrade.png","height":31,"ascent":-203500,"chars":[""]},{"type":"bitmap","file":"happyhud:font/assets/skills/fury/icon_fury_recklesszealotry.png","height":32,"ascent":-203500,"chars":[""]},{"type":"bitmap","file":"happyhud:font/assets/skills/enigma/icon_enigma_arcanestudies.png","height":28,"ascent":-203500,"chars":[""]},{"type":"bitmap","file":"happyhud:font/assets/skills/valor/icon_valor_piercingstrike.png","height":30,"ascent":-203500,"chars":[""]},{"type":"bitmap","file":"happyhud:font/assets/skills/resonance/icon_resonance_tuningstrike.png","height":28,"ascent":-203500,"chars":[""]},{"type":"bitmap","file":"happyhud:font/assets/skills/enigma/icon_enigma_controlfactotum.png","height":32,"ascent":-203500,"chars":[""]},{"type":"bitmap","file":"happyhud:font/assets/skills/daring/icon_daring_lockandload.png","height":30,"ascent":-203500,"chars":[""]},{"type":"bitmap","file":"happyhud:font/assets/skills/fury/icon_fury_furioussurge.png","height":32,"ascent":-203500,"chars":[""]},{"type":"bitmap","file":"happyhud:font/assets/skills/resonance/icon_resonance_maelstrom.png","height":32,"ascent":-203500,"chars":[""]},{"type":"bitmap","file":"happyhud:font/assets/skills/daring/icon_daring_absolution.png","height":32,"ascent":-203500,"chars":[""]},{"type":"bitmap","file":"happyhud:font/assets/skills/focus/icon_focus_rimesembrace.png","height":32,"ascent":-203500,"chars":[""]},{"type":"bitmap","file":"happyhud:font/assets/skills/guile/icon_guile_haveatit.png","height":32,"ascent":-203500,"chars":[""]},{"type":"bitmap","file":"happyhud:font/assets/skills/enigma/icon_enigma_transposition.png","height":32,"ascent":-203500,"chars":[""]},{"type":"bitmap","file":"happyhud:font/assets/skills/valor/icon_valor_dashingstrike.png","height":30,"ascent":-203500,"chars":[""]},{"type":"bitmap","file":"happyhud:font/assets/skills/focus/icon_focus_decreeoffrost.png","height":32,"ascent":-203500,"chars":[""]},{"type":"bitmap","file":"happyhud:font/assets/skills/valor/icon_valor_bladework.png","height":29,"ascent":-203500,"chars":[""]},{"type":"bitmap","file":"happyhud:font/assets/skills/guile/icon_guile_instantrelief.png","height":32,"ascent":-203500,"chars":[""]},{"type":"bitmap","file":"happyhud:font/assets/skills/vigilance/icon_vigilance_revealprey.png","height":28,"ascent":-203500,"chars":[""]},{"type":"bitmap","file":"happyhud:font/assets/skills/fury/icon_fury_strifeandfury.png","height":32,"ascent":-203500,"chars":[""]},{"type":"bitmap","file":"happyhud:font/assets/skills/fury/icon_fury_rupture.png","height":30,"ascent":-203500,"chars":[""]},{"type":"bitmap","file":"happyhud:font/assets/skills/daring/icon_daring_deathfromabove.png","height":29,"ascent":-203500,"chars":[""]},{"type":"bitmap","file":"happyhud:font/assets/skills/daring/icon_daring_hamstring.png","height":30,"ascent":-203500,"chars":[""]},{"type":"bitmap","file":"happyhud:font/assets/skills/guile/icon_guile_unstablecurative.png","height":30,"ascent":-203500,"chars":[""]},{"type":"bitmap","file":"happyhud:font/assets/skills/daring/icon_daring_smokescreen.png","height":30,"ascent":-203500,"chars":[""]},{"type":"bitmap","file":"happyhud:font/assets/skills/command/icon_command_pennantpullback.png","height":31,"ascent":-203500,"chars":[""]},{"type":"bitmap","file":"happyhud:font/assets/skills/command/icon_command_banneramplify.png","height":29,"ascent":-203500,"chars":[""]},{"type":"bitmap","file":"happyhud:font/assets/skills/resonance/icon_resonance_helpfulhymn.png","height":29,"ascent":-203500,"chars":[""]},{"type":"bitmap","file":"happyhud:font/assets/skills/vigilance/icon_vigilance_hunterssense.png","height":28,"ascent":-203500,"chars":[""]},{"type":"bitmap","file":"happyhud:font/assets/skills/enigma/icon_enigma_runestorm.png","height":32,"ascent":-203500,"chars":[""]},{"type":"bitmap","file":"happyhud:font/assets/skills/resonance/icon_resonance_lullaby.png","height":28,"ascent":-203500,"chars":[""]},{"type":"bitmap","file":"happyhud:font/assets/skills/valor/icon_valor_utmostattention.png","height":30,"ascent":-203500,"chars":[""]},{"type":"bitmap","file":"happyhud:font/assets/skills/resonance/icon_resonance_boomingbellow.png","height":28,"ascent":-203500,"chars":[""]},{"type":"bitmap","file":"happyhud:font/assets/skills/fury/icon_fury_whirlingblaze.png","height":32,"ascent":-203500,"chars":[""]},{"type":"bitmap","file":"happyhud:font/assets/skills/daring/icon_daring_masterofshadows.png","height":30,"ascent":-203500,"chars":[""]},{"type":"bitmap","file":"happyhud:font/assets/skills/vigilance/icon_vigilance_grapplingshot.png","height":30,"ascent":-203500,"chars":[""]},{"type":"bitmap","file":"happyhud:font/assets/skills/fury/icon_fury_splittingstrike.png","height":29,"ascent":-203500,"chars":[""]},{"type":"bitmap","file":"happyhud:font/assets/skills/resonance/icon_resonance_vesersshadow.png","height":28,"ascent":-203500,"chars":[""]},{"type":"bitmap","file":"happyhud:font/assets/skills/daring/icon_daring_shotandsteel.png","height":30,"ascent":-203500,"chars":[""]},{"type":"bitmap","file":"happyhud:font/assets/lumentest/skill_number_5.png","height":13,"ascent":-206500,"chars":[""]},{"type":"bitmap","file":"happyhud:font/assets/lumentest/skill_number_6.png","height":13,"ascent":-206500,"chars":[""]},{"type":"bitmap","file":"happyhud:font/assets/skills/daring/icon_daring_slidingslash.png","height":29,"ascent":-207500,"chars":[""]},{"type":"bitmap","file":"happyhud:font/assets/skills/enigma/icon_enigma_opposingwinds.png","height":32,"ascent":-207500,"chars":[""]},{"type":"bitmap","file":"happyhud:font/assets/skills/resonance/icon_resonance_naiossluminance.png","height":31,"ascent":-207500,"chars":[""]},{"type":"bitmap","file":"happyhud:font/assets/skills/enigma/icon_enigma_transfiguration.png","height":32,"ascent":-207500,"chars":[""]},{"type":"bitmap","file":"happyhud:font/assets/skills/no_skill.png","height":1,"ascent":-207500,"chars":[""]},{"type":"bitmap","file":"happyhud:font/assets/skills/valor/icon_valor_divideandconquer.png","height":32,"ascent":-207500,"chars":[""]},{"type":"bitmap","file":"happyhud:font/assets/skills/guile/icon_guile_dreadnaughtdraught.png","height":32,"ascent":-207500,"chars":[""]},{"type":"bitmap","file":"happyhud:font/assets/skills/daring/icon_daring_sinfulshadow.png","height":29,"ascent":-207500,"chars":[""]},{"type":"bitmap","file":"happyhud:font/assets/skills/fury/icon_fury_fistofagavres.png","height":32,"ascent":-207500,"chars":[""]},{"type":"bitmap","file":"happyhud:font/assets/skills/enigma/icon_enigma_shockmines.png","height":30,"ascent":-207500,"chars":[""]},{"type":"bitmap","file":"happyhud:font/assets/skills/enigma/icon_enigma_runerupture.png","height":32,"ascent":-207500,"chars":[""]},{"type":"bitmap","file":"happyhud:font/assets/skills/fury/icon_fury_infernoslash.png","height":29,"ascent":-207500,"chars":[""]},{"type":"bitmap","file":"happyhud:font/assets/skills/resonance/icon_resonance_warcant.png","height":31,"ascent":-207500,"chars":[""]},{"type":"bitmap","file":"happyhud:font/assets/skills/fury/icon_fury_wildabandon.png","height":30,"ascent":-207500,"chars":[""]},{"type":"bitmap","file":"happyhud:font/assets/skills/vigilance/icon_vigilance_seekandsunder.png","height":31,"ascent":-207500,"chars":[""]},{"type":"bitmap","file":"happyhud:font/assets/skills/focus/icon_focus_glacialshard.png","height":32,"ascent":-207500,"chars":[""]},{"type":"bitmap","file":"happyhud:font/assets/skills/guile/icon_guile_malignanthaze.png","height":32,"ascent":-207500,"chars":[""]},{"type":"bitmap","file":"happyhud:font/assets/skills/resonance/icon_resonance_percussion.png","height":31,"ascent":-207500,"chars":[""]},{"type":"bitmap","file":"happyhud:font/assets/skills/fury/icon_fury_fistofvitality.png","height":32,"ascent":-207500,"chars":[""]},{"type":"bitmap","file":"happyhud:font/assets/skills/enigma/icon_enigma_runequakepropulsion.png","height":32,"ascent":-207500,"chars":[""]},{"type":"bitmap","file":"happyhud:font/assets/skills/resonance/icon_resonance_piercingtone.png","height":30,"ascent":-207500,"chars":[""]},{"type":"bitmap","file":"happyhud:font/assets/skills/enigma/icon_enigma_nullzone.png","height":28,"ascent":-207500,"chars":[""]},{"type":"bitmap","file":"happyhud:font/assets/skills/enigma/icon_enigma_electricfence.png","height":29,"ascent":-207500,"chars":[""]},{"type":"bitmap","file":"happyhud:font/assets/skills/vigilance/icon_vigilance_lacerations.png","height":29,"ascent":-207500,"chars":[""]},{"type":"bitmap","file":"happyhud:font/assets/skills/focus/icon_focus_stingofthewild.png","height":32,"ascent":-207500,"chars":[""]},{"type":"bitmap","file":"happyhud:font/assets/skills/command/icon_command_bannercharge.png","height":29,"ascent":-207500,"chars":[""]},{"type":"bitmap","file":"happyhud:font/assets/skills/fury/icon_fury_concussiveclap.png","height":32,"ascent":-207500,"chars":[""]},{"type":"bitmap","file":"happyhud:font/assets/skills/resonance/icon_resonance_boundlessballad.png","height":30,"ascent":-207500,"chars":[""]},{"type":"bitmap","file":"happyhud:font/assets/skills/vigilance/icon_guile_bolatoss.png","height":31,"ascent":-207500,"chars":[""]},{"type":"bitmap","file":"happyhud:font/assets/skills/command/icon_command_hammerdown.png","height":30,"ascent":-207500,"chars":[""]},{"type":"bitmap","file":"happyhud:font/assets/skills/command/icon_command_sustainedfortitude.png","height":29,"ascent":-207500,"chars":[""]},{"type":"bitmap","file":"happyhud:font/assets/skills/vigilance/icon_guile_honeypot.png","height":29,"ascent":-207500,"chars":[""]},{"type":"bitmap","file":"happyhud:font/assets/skills/focus/icon_focus_frigidtomb.png","height":32,"ascent":-207500,"chars":[""]},{"type":"bitmap","file":"happyhud:font/assets/skills/fury/icon_fury_limitlessgrace.png","height":29,"ascent":-207500,"chars":[""]},{"type":"bitmap","file":"happyhud:font/assets/skills/valor/icon_valor_riposte.png","height":31,"ascent":-207500,"chars":[""]},{"type":"bitmap","file":"happyhud:font/assets/skills/resonance/icon_resonance_eclipse.png","height":30,"ascent":-207500,"chars":[""]},{"type":"bitmap","file":"happyhud:font/assets/skills/focus/icon_focus_silverstorm.png","height":32,"ascent":-207500,"chars":[""]},{"type":"bitmap","file":"happyhud:font/assets/skills/enigma/icon_enigma_runiclance.png","height":32,"ascent":-207500,"chars":[""]},{"type":"bitmap","file":"happyhud:font/assets/skills/command/icon_command_battlelinebulwark.png","height":30,"ascent":-207500,"chars":[""]},{"type":"bitmap","file":"happyhud:font/assets/skills/guile/icon_guile_vapourvault.png","height":32,"ascent":-207500,"chars":[""]},{"type":"bitmap","file":"happyhud:font/assets/skills/daring/icon_daring_toolsofthetrade.png","height":31,"ascent":-207500,"chars":[""]},{"type":"bitmap","file":"happyhud:font/assets/skills/fury/icon_fury_recklesszealotry.png","height":32,"ascent":-207500,"chars":[""]},{"type":"bitmap","file":"happyhud:font/assets/skills/enigma/icon_enigma_arcanestudies.png","height":28,"ascent":-207500,"chars":[""]},{"type":"bitmap","file":"happyhud:font/assets/skills/valor/icon_valor_piercingstrike.png","height":30,"ascent":-207500,"chars":[""]},{"type":"bitmap","file":"happyhud:font/assets/skills/resonance/icon_resonance_tuningstrike.png","height":28,"ascent":-207500,"chars":[""]},{"type":"bitmap","file":"happyhud:font/assets/skills/enigma/icon_enigma_controlfactotum.png","height":32,"ascent":-207500,"chars":[""]},{"type":"bitmap","file":"happyhud:font/assets/skills/daring/icon_daring_lockandload.png","height":30,"ascent":-207500,"chars":[""]},{"type":"bitmap","file":"happyhud:font/assets/skills/fury/icon_fury_furioussurge.png","height":32,"ascent":-207500,"chars":[""]},{"type":"bitmap","file":"happyhud:font/assets/skills/resonance/icon_resonance_maelstrom.png","height":32,"ascent":-207500,"chars":[""]},{"type":"bitmap","file":"happyhud:font/assets/skills/daring/icon_daring_absolution.png","height":32,"ascent":-207500,"chars":[""]},{"type":"bitmap","file":"happyhud:font/assets/skills/focus/icon_focus_rimesembrace.png","height":32,"ascent":-207500,"chars":[""]},{"type":"bitmap","file":"happyhud:font/assets/skills/guile/icon_guile_haveatit.png","height":32,"ascent":-207500,"chars":[""]},{"type":"bitmap","file":"happyhud:font/assets/skills/enigma/icon_enigma_transposition.png","height":32,"ascent":-207500,"chars":[""]},{"type":"bitmap","file":"happyhud:font/assets/skills/valor/icon_valor_dashingstrike.png","height":30,"ascent":-207500,"chars":[""]},{"type":"bitmap","file":"happyhud:font/assets/skills/focus/icon_focus_decreeoffrost.png","height":32,"ascent":-207500,"chars":[""]},{"type":"bitmap","file":"happyhud:font/assets/skills/valor/icon_valor_bladework.png","height":29,"ascent":-207500,"chars":[""]},{"type":"bitmap","file":"happyhud:font/assets/skills/guile/icon_guile_instantrelief.png","height":32,"ascent":-207500,"chars":[""]},{"type":"bitmap","file":"happyhud:font/assets/skills/vigilance/icon_vigilance_revealprey.png","height":28,"ascent":-207500,"chars":[""]},{"type":"bitmap","file":"happyhud:font/assets/skills/fury/icon_fury_strifeandfury.png","height":32,"ascent":-207500,"chars":[""]},{"type":"bitmap","file":"happyhud:font/assets/skills/fury/icon_fury_rupture.png","height":30,"ascent":-207500,"chars":[""]},{"type":"bitmap","file":"happyhud:font/assets/skills/daring/icon_daring_deathfromabove.png","height":29,"ascent":-207500,"chars":[""]},{"type":"bitmap","file":"happyhud:font/assets/skills/daring/icon_daring_hamstring.png","height":30,"ascent":-207500,"chars":[""]},{"type":"bitmap","file":"happyhud:font/assets/skills/guile/icon_guile_unstablecurative.png","height":30,"ascent":-207500,"chars":[""]},{"type":"bitmap","file":"happyhud:font/assets/skills/daring/icon_daring_smokescreen.png","height":30,"ascent":-207500,"chars":[""]},{"type":"bitmap","file":"happyhud:font/assets/skills/command/icon_command_pennantpullback.png","height":31,"ascent":-207500,"chars":[""]},{"type":"bitmap","file":"happyhud:font/assets/skills/command/icon_command_banneramplify.png","height":29,"ascent":-207500,"chars":[""]},{"type":"bitmap","file":"happyhud:font/assets/skills/resonance/icon_resonance_helpfulhymn.png","height":29,"ascent":-207500,"chars":[""]},{"type":"bitmap","file":"happyhud:font/assets/skills/vigilance/icon_vigilance_hunterssense.png","height":28,"ascent":-207500,"chars":[""]},{"type":"bitmap","file":"happyhud:font/assets/skills/enigma/icon_enigma_runestorm.png","height":32,"ascent":-207500,"chars":[""]},{"type":"bitmap","file":"happyhud:font/assets/skills/resonance/icon_resonance_lullaby.png","height":28,"ascent":-207500,"chars":[""]},{"type":"bitmap","file":"happyhud:font/assets/skills/valor/icon_valor_utmostattention.png","height":30,"ascent":-207500,"chars":[""]},{"type":"bitmap","file":"happyhud:font/assets/skills/resonance/icon_resonance_boomingbellow.png","height":28,"ascent":-207500,"chars":[""]},{"type":"bitmap","file":"happyhud:font/assets/skills/fury/icon_fury_whirlingblaze.png","height":32,"ascent":-207500,"chars":[""]},{"type":"bitmap","file":"happyhud:font/assets/skills/daring/icon_daring_masterofshadows.png","height":30,"ascent":-207500,"chars":[""]},{"type":"bitmap","file":"happyhud:font/assets/skills/vigilance/icon_vigilance_grapplingshot.png","height":30,"ascent":-207500,"chars":[""]},{"type":"bitmap","file":"happyhud:font/assets/skills/fury/icon_fury_splittingstrike.png","height":29,"ascent":-207500,"chars":[""]},{"type":"bitmap","file":"happyhud:font/assets/skills/resonance/icon_resonance_vesersshadow.png","height":28,"ascent":-207500,"chars":[""]},{"type":"bitmap","file":"happyhud:font/assets/skills/daring/icon_daring_shotandsteel.png","height":30,"ascent":-207500,"chars":[""]},{"type":"bitmap","file":"happyhud:font/assets/lumentest/skill_number_5.png","height":13,"ascent":-210500,"chars":[""]},{"type":"bitmap","file":"happyhud:font/assets/lumentest/skill_number_4.png","height":13,"ascent":-210500,"chars":[""]},{"type":"bitmap","file":"happyhud:font/assets/skills/daring/icon_daring_slidingslash.png","height":29,"ascent":-211500,"chars":[""]},{"type":"bitmap","file":"happyhud:font/assets/skills/enigma/icon_enigma_opposingwinds.png","height":32,"ascent":-211500,"chars":[""]},{"type":"bitmap","file":"happyhud:font/assets/skills/resonance/icon_resonance_naiossluminance.png","height":31,"ascent":-211500,"chars":[""]},{"type":"bitmap","file":"happyhud:font/assets/skills/enigma/icon_enigma_transfiguration.png","height":32,"ascent":-211500,"chars":[""]},{"type":"bitmap","file":"happyhud:font/assets/skills/no_skill.png","height":1,"ascent":-211500,"chars":[""]},{"type":"bitmap","file":"happyhud:font/assets/skills/valor/icon_valor_divideandconquer.png","height":32,"ascent":-211500,"chars":[""]},{"type":"bitmap","file":"happyhud:font/assets/skills/guile/icon_guile_dreadnaughtdraught.png","height":32,"ascent":-211500,"chars":[""]},{"type":"bitmap","file":"happyhud:font/assets/skills/daring/icon_daring_sinfulshadow.png","height":29,"ascent":-211500,"chars":[""]},{"type":"bitmap","file":"happyhud:font/assets/skills/fury/icon_fury_fistofagavres.png","height":32,"ascent":-211500,"chars":[""]},{"type":"bitmap","file":"happyhud:font/assets/skills/enigma/icon_enigma_shockmines.png","height":30,"ascent":-211500,"chars":[""]},{"type":"bitmap","file":"happyhud:font/assets/skills/enigma/icon_enigma_runerupture.png","height":32,"ascent":-211500,"chars":[""]},{"type":"bitmap","file":"happyhud:font/assets/skills/fury/icon_fury_infernoslash.png","height":29,"ascent":-211500,"chars":[""]},{"type":"bitmap","file":"happyhud:font/assets/skills/resonance/icon_resonance_warcant.png","height":31,"ascent":-211500,"chars":[""]},{"type":"bitmap","file":"happyhud:font/assets/skills/fury/icon_fury_wildabandon.png","height":30,"ascent":-211500,"chars":[""]},{"type":"bitmap","file":"happyhud:font/assets/skills/vigilance/icon_vigilance_seekandsunder.png","height":31,"ascent":-211500,"chars":[""]},{"type":"bitmap","file":"happyhud:font/assets/skills/focus/icon_focus_glacialshard.png","height":32,"ascent":-211500,"chars":[""]},{"type":"bitmap","file":"happyhud:font/assets/skills/guile/icon_guile_malignanthaze.png","height":32,"ascent":-211500,"chars":[""]},{"type":"bitmap","file":"happyhud:font/assets/skills/resonance/icon_resonance_percussion.png","height":31,"ascent":-211500,"chars":[""]},{"type":"bitmap","file":"happyhud:font/assets/skills/fury/icon_fury_fistofvitality.png","height":32,"ascent":-211500,"chars":[""]},{"type":"bitmap","file":"happyhud:font/assets/skills/enigma/icon_enigma_runequakepropulsion.png","height":32,"ascent":-211500,"chars":[""]},{"type":"bitmap","file":"happyhud:font/assets/skills/resonance/icon_resonance_piercingtone.png","height":30,"ascent":-211500,"chars":[""]},{"type":"bitmap","file":"happyhud:font/assets/skills/enigma/icon_enigma_nullzone.png","height":28,"ascent":-211500,"chars":[""]},{"type":"bitmap","file":"happyhud:font/assets/skills/enigma/icon_enigma_electricfence.png","height":29,"ascent":-211500,"chars":[""]},{"type":"bitmap","file":"happyhud:font/assets/skills/vigilance/icon_vigilance_lacerations.png","height":29,"ascent":-211500,"chars":[""]},{"type":"bitmap","file":"happyhud:font/assets/skills/focus/icon_focus_stingofthewild.png","height":32,"ascent":-211500,"chars":[""]},{"type":"bitmap","file":"happyhud:font/assets/skills/command/icon_command_bannercharge.png","height":29,"ascent":-211500,"chars":[""]},{"type":"bitmap","file":"happyhud:font/assets/skills/fury/icon_fury_concussiveclap.png","height":32,"ascent":-211500,"chars":[""]},{"type":"bitmap","file":"happyhud:font/assets/skills/resonance/icon_resonance_boundlessballad.png","height":30,"ascent":-211500,"chars":[""]},{"type":"bitmap","file":"happyhud:font/assets/skills/vigilance/icon_guile_bolatoss.png","height":31,"ascent":-211500,"chars":[""]},{"type":"bitmap","file":"happyhud:font/assets/skills/command/icon_command_hammerdown.png","height":30,"ascent":-211500,"chars":[""]},{"type":"bitmap","file":"happyhud:font/assets/skills/command/icon_command_sustainedfortitude.png","height":29,"ascent":-211500,"chars":[""]},{"type":"bitmap","file":"happyhud:font/assets/skills/vigilance/icon_guile_honeypot.png","height":29,"ascent":-211500,"chars":[""]},{"type":"bitmap","file":"happyhud:font/assets/skills/focus/icon_focus_frigidtomb.png","height":32,"ascent":-211500,"chars":[""]},{"type":"bitmap","file":"happyhud:font/assets/skills/fury/icon_fury_limitlessgrace.png","height":29,"ascent":-211500,"chars":[""]},{"type":"bitmap","file":"happyhud:font/assets/skills/valor/icon_valor_riposte.png","height":31,"ascent":-211500,"chars":[""]},{"type":"bitmap","file":"happyhud:font/assets/skills/resonance/icon_resonance_eclipse.png","height":30,"ascent":-211500,"chars":[""]},{"type":"bitmap","file":"happyhud:font/assets/skills/focus/icon_focus_silverstorm.png","height":32,"ascent":-211500,"chars":[""]},{"type":"bitmap","file":"happyhud:font/assets/skills/enigma/icon_enigma_runiclance.png","height":32,"ascent":-211500,"chars":[""]},{"type":"bitmap","file":"happyhud:font/assets/skills/command/icon_command_battlelinebulwark.png","height":30,"ascent":-211500,"chars":[""]},{"type":"bitmap","file":"happyhud:font/assets/skills/guile/icon_guile_vapourvault.png","height":32,"ascent":-211500,"chars":[""]},{"type":"bitmap","file":"happyhud:font/assets/skills/daring/icon_daring_toolsofthetrade.png","height":31,"ascent":-211500,"chars":[""]},{"type":"bitmap","file":"happyhud:font/assets/skills/fury/icon_fury_recklesszealotry.png","height":32,"ascent":-211500,"chars":[""]},{"type":"bitmap","file":"happyhud:font/assets/skills/enigma/icon_enigma_arcanestudies.png","height":28,"ascent":-211500,"chars":[""]},{"type":"bitmap","file":"happyhud:font/assets/skills/valor/icon_valor_piercingstrike.png","height":30,"ascent":-211500,"chars":[""]},{"type":"bitmap","file":"happyhud:font/assets/skills/resonance/icon_resonance_tuningstrike.png","height":28,"ascent":-211500,"chars":[""]},{"type":"bitmap","file":"happyhud:font/assets/skills/enigma/icon_enigma_controlfactotum.png","height":32,"ascent":-211500,"chars":[""]},{"type":"bitmap","file":"happyhud:font/assets/skills/daring/icon_daring_lockandload.png","height":30,"ascent":-211500,"chars":[""]},{"type":"bitmap","file":"happyhud:font/assets/skills/fury/icon_fury_furioussurge.png","height":32,"ascent":-211500,"chars":[""]},{"type":"bitmap","file":"happyhud:font/assets/skills/resonance/icon_resonance_maelstrom.png","height":32,"ascent":-211500,"chars":[""]},{"type":"bitmap","file":"happyhud:font/assets/skills/daring/icon_daring_absolution.png","height":32,"ascent":-211500,"chars":[""]},{"type":"bitmap","file":"happyhud:font/assets/skills/focus/icon_focus_rimesembrace.png","height":32,"ascent":-211500,"chars":[""]},{"type":"bitmap","file":"happyhud:font/assets/skills/guile/icon_guile_haveatit.png","height":32,"ascent":-211500,"chars":[""]},{"type":"bitmap","file":"happyhud:font/assets/skills/enigma/icon_enigma_transposition.png","height":32,"ascent":-211500,"chars":[""]},{"type":"bitmap","file":"happyhud:font/assets/skills/valor/icon_valor_dashingstrike.png","height":30,"ascent":-211500,"chars":[""]},{"type":"bitmap","file":"happyhud:font/assets/skills/focus/icon_focus_decreeoffrost.png","height":32,"ascent":-211500,"chars":[""]},{"type":"bitmap","file":"happyhud:font/assets/skills/valor/icon_valor_bladework.png","height":29,"ascent":-211500,"chars":[""]},{"type":"bitmap","file":"happyhud:font/assets/skills/guile/icon_guile_instantrelief.png","height":32,"ascent":-211500,"chars":[""]},{"type":"bitmap","file":"happyhud:font/assets/skills/vigilance/icon_vigilance_revealprey.png","height":28,"ascent":-211500,"chars":[""]},{"type":"bitmap","file":"happyhud:font/assets/skills/fury/icon_fury_strifeandfury.png","height":32,"ascent":-211500,"chars":[""]},{"type":"bitmap","file":"happyhud:font/assets/skills/fury/icon_fury_rupture.png","height":30,"ascent":-211500,"chars":[""]},{"type":"bitmap","file":"happyhud:font/assets/skills/daring/icon_daring_deathfromabove.png","height":29,"ascent":-211500,"chars":[""]},{"type":"bitmap","file":"happyhud:font/assets/skills/daring/icon_daring_hamstring.png","height":30,"ascent":-211500,"chars":[""]},{"type":"bitmap","file":"happyhud:font/assets/skills/guile/icon_guile_unstablecurative.png","height":30,"ascent":-211500,"chars":[""]},{"type":"bitmap","file":"happyhud:font/assets/skills/daring/icon_daring_smokescreen.png","height":30,"ascent":-211500,"chars":[""]},{"type":"bitmap","file":"happyhud:font/assets/skills/command/icon_command_pennantpullback.png","height":31,"ascent":-211500,"chars":[""]},{"type":"bitmap","file":"happyhud:font/assets/skills/command/icon_command_banneramplify.png","height":29,"ascent":-211500,"chars":[""]},{"type":"bitmap","file":"happyhud:font/assets/skills/resonance/icon_resonance_helpfulhymn.png","height":29,"ascent":-211500,"chars":[""]},{"type":"bitmap","file":"happyhud:font/assets/skills/vigilance/icon_vigilance_hunterssense.png","height":28,"ascent":-211500,"chars":[""]},{"type":"bitmap","file":"happyhud:font/assets/skills/enigma/icon_enigma_runestorm.png","height":32,"ascent":-211500,"chars":[""]},{"type":"bitmap","file":"happyhud:font/assets/skills/resonance/icon_resonance_lullaby.png","height":28,"ascent":-211500,"chars":[""]},{"type":"bitmap","file":"happyhud:font/assets/skills/valor/icon_valor_utmostattention.png","height":30,"ascent":-211500,"chars":[""]},{"type":"bitmap","file":"happyhud:font/assets/skills/resonance/icon_resonance_boomingbellow.png","height":28,"ascent":-211500,"chars":[""]},{"type":"bitmap","file":"happyhud:font/assets/skills/fury/icon_fury_whirlingblaze.png","height":32,"ascent":-211500,"chars":[""]},{"type":"bitmap","file":"happyhud:font/assets/skills/daring/icon_daring_masterofshadows.png","height":30,"ascent":-211500,"chars":[""]},{"type":"bitmap","file":"happyhud:font/assets/skills/vigilance/icon_vigilance_grapplingshot.png","height":30,"ascent":-211500,"chars":[""]},{"type":"bitmap","file":"happyhud:font/assets/skills/fury/icon_fury_splittingstrike.png","height":29,"ascent":-211500,"chars":[""]},{"type":"bitmap","file":"happyhud:font/assets/skills/resonance/icon_resonance_vesersshadow.png","height":28,"ascent":-211500,"chars":[""]},{"type":"bitmap","file":"happyhud:font/assets/skills/daring/icon_daring_shotandsteel.png","height":30,"ascent":-211500,"chars":[""]},{"type":"bitmap","file":"happyhud:font/assets/lumentest/skill_number_4.png","height":13,"ascent":-214500,"chars":[""]},{"type":"bitmap","file":"happyhud:font/assets/lumentest/skill_number_3.png","height":13,"ascent":-214500,"chars":[""]},{"type":"bitmap","file":"happyhud:font/assets/skills/daring/icon_daring_slidingslash.png","height":29,"ascent":-215500,"chars":[""]},{"type":"bitmap","file":"happyhud:font/assets/skills/enigma/icon_enigma_opposingwinds.png","height":32,"ascent":-215500,"chars":[""]},{"type":"bitmap","file":"happyhud:font/assets/skills/resonance/icon_resonance_naiossluminance.png","height":31,"ascent":-215500,"chars":[""]},{"type":"bitmap","file":"happyhud:font/assets/skills/enigma/icon_enigma_transfiguration.png","height":32,"ascent":-215500,"chars":[""]},{"type":"bitmap","file":"happyhud:font/assets/skills/no_skill.png","height":1,"ascent":-215500,"chars":[""]},{"type":"bitmap","file":"happyhud:font/assets/skills/valor/icon_valor_divideandconquer.png","height":32,"ascent":-215500,"chars":[""]},{"type":"bitmap","file":"happyhud:font/assets/skills/guile/icon_guile_dreadnaughtdraught.png","height":32,"ascent":-215500,"chars":[""]},{"type":"bitmap","file":"happyhud:font/assets/skills/daring/icon_daring_sinfulshadow.png","height":29,"ascent":-215500,"chars":[""]},{"type":"bitmap","file":"happyhud:font/assets/skills/fury/icon_fury_fistofagavres.png","height":32,"ascent":-215500,"chars":[""]},{"type":"bitmap","file":"happyhud:font/assets/skills/enigma/icon_enigma_shockmines.png","height":30,"ascent":-215500,"chars":[""]},{"type":"bitmap","file":"happyhud:font/assets/skills/enigma/icon_enigma_runerupture.png","height":32,"ascent":-215500,"chars":[""]},{"type":"bitmap","file":"happyhud:font/assets/skills/fury/icon_fury_infernoslash.png","height":29,"ascent":-215500,"chars":[""]},{"type":"bitmap","file":"happyhud:font/assets/skills/resonance/icon_resonance_warcant.png","height":31,"ascent":-215500,"chars":[""]},{"type":"bitmap","file":"happyhud:font/assets/skills/fury/icon_fury_wildabandon.png","height":30,"ascent":-215500,"chars":[""]},{"type":"bitmap","file":"happyhud:font/assets/skills/vigilance/icon_vigilance_seekandsunder.png","height":31,"ascent":-215500,"chars":[""]},{"type":"bitmap","file":"happyhud:font/assets/skills/focus/icon_focus_glacialshard.png","height":32,"ascent":-215500,"chars":[""]},{"type":"bitmap","file":"happyhud:font/assets/skills/guile/icon_guile_malignanthaze.png","height":32,"ascent":-215500,"chars":[""]},{"type":"bitmap","file":"happyhud:font/assets/skills/resonance/icon_resonance_percussion.png","height":31,"ascent":-215500,"chars":[""]},{"type":"bitmap","file":"happyhud:font/assets/skills/fury/icon_fury_fistofvitality.png","height":32,"ascent":-215500,"chars":[""]},{"type":"bitmap","file":"happyhud:font/assets/skills/enigma/icon_enigma_runequakepropulsion.png","height":32,"ascent":-215500,"chars":[""]},{"type":"bitmap","file":"happyhud:font/assets/skills/resonance/icon_resonance_piercingtone.png","height":30,"ascent":-215500,"chars":[""]},{"type":"bitmap","file":"happyhud:font/assets/skills/enigma/icon_enigma_nullzone.png","height":28,"ascent":-215500,"chars":[""]},{"type":"bitmap","file":"happyhud:font/assets/skills/enigma/icon_enigma_electricfence.png","height":29,"ascent":-215500,"chars":[""]},{"type":"bitmap","file":"happyhud:font/assets/skills/vigilance/icon_vigilance_lacerations.png","height":29,"ascent":-215500,"chars":[""]},{"type":"bitmap","file":"happyhud:font/assets/skills/focus/icon_focus_stingofthewild.png","height":32,"ascent":-215500,"chars":[""]},{"type":"bitmap","file":"happyhud:font/assets/skills/command/icon_command_bannercharge.png","height":29,"ascent":-215500,"chars":[""]},{"type":"bitmap","file":"happyhud:font/assets/skills/fury/icon_fury_concussiveclap.png","height":32,"ascent":-215500,"chars":[""]},{"type":"bitmap","file":"happyhud:font/assets/skills/resonance/icon_resonance_boundlessballad.png","height":30,"ascent":-215500,"chars":[""]},{"type":"bitmap","file":"happyhud:font/assets/skills/vigilance/icon_guile_bolatoss.png","height":31,"ascent":-215500,"chars":[""]},{"type":"bitmap","file":"happyhud:font/assets/skills/command/icon_command_hammerdown.png","height":30,"ascent":-215500,"chars":[""]},{"type":"bitmap","file":"happyhud:font/assets/skills/command/icon_command_sustainedfortitude.png","height":29,"ascent":-215500,"chars":[""]},{"type":"bitmap","file":"happyhud:font/assets/skills/vigilance/icon_guile_honeypot.png","height":29,"ascent":-215500,"chars":[""]},{"type":"bitmap","file":"happyhud:font/assets/skills/focus/icon_focus_frigidtomb.png","height":32,"ascent":-215500,"chars":[""]},{"type":"bitmap","file":"happyhud:font/assets/skills/fury/icon_fury_limitlessgrace.png","height":29,"ascent":-215500,"chars":[""]},{"type":"bitmap","file":"happyhud:font/assets/skills/valor/icon_valor_riposte.png","height":31,"ascent":-215500,"chars":[""]},{"type":"bitmap","file":"happyhud:font/assets/skills/resonance/icon_resonance_eclipse.png","height":30,"ascent":-215500,"chars":[""]},{"type":"bitmap","file":"happyhud:font/assets/skills/focus/icon_focus_silverstorm.png","height":32,"ascent":-215500,"chars":[""]},{"type":"bitmap","file":"happyhud:font/assets/skills/enigma/icon_enigma_runiclance.png","height":32,"ascent":-215500,"chars":[""]},{"type":"bitmap","file":"happyhud:font/assets/skills/command/icon_command_battlelinebulwark.png","height":30,"ascent":-215500,"chars":[""]},{"type":"bitmap","file":"happyhud:font/assets/skills/guile/icon_guile_vapourvault.png","height":32,"ascent":-215500,"chars":[""]},{"type":"bitmap","file":"happyhud:font/assets/skills/daring/icon_daring_toolsofthetrade.png","height":31,"ascent":-215500,"chars":[""]},{"type":"bitmap","file":"happyhud:font/assets/skills/fury/icon_fury_recklesszealotry.png","height":32,"ascent":-215500,"chars":[""]},{"type":"bitmap","file":"happyhud:font/assets/skills/enigma/icon_enigma_arcanestudies.png","height":28,"ascent":-215500,"chars":[""]},{"type":"bitmap","file":"happyhud:font/assets/skills/valor/icon_valor_piercingstrike.png","height":30,"ascent":-215500,"chars":[""]},{"type":"bitmap","file":"happyhud:font/assets/skills/resonance/icon_resonance_tuningstrike.png","height":28,"ascent":-215500,"chars":[""]},{"type":"bitmap","file":"happyhud:font/assets/skills/enigma/icon_enigma_controlfactotum.png","height":32,"ascent":-215500,"chars":[""]},{"type":"bitmap","file":"happyhud:font/assets/skills/daring/icon_daring_lockandload.png","height":30,"ascent":-215500,"chars":[""]},{"type":"bitmap","file":"happyhud:font/assets/skills/fury/icon_fury_furioussurge.png","height":32,"ascent":-215500,"chars":[""]},{"type":"bitmap","file":"happyhud:font/assets/skills/resonance/icon_resonance_maelstrom.png","height":32,"ascent":-215500,"chars":[""]},{"type":"bitmap","file":"happyhud:font/assets/skills/daring/icon_daring_absolution.png","height":32,"ascent":-215500,"chars":[""]},{"type":"bitmap","file":"happyhud:font/assets/skills/focus/icon_focus_rimesembrace.png","height":32,"ascent":-215500,"chars":[""]},{"type":"bitmap","file":"happyhud:font/assets/skills/guile/icon_guile_haveatit.png","height":32,"ascent":-215500,"chars":[""]},{"type":"bitmap","file":"happyhud:font/assets/skills/enigma/icon_enigma_transposition.png","height":32,"ascent":-215500,"chars":[""]},{"type":"bitmap","file":"happyhud:font/assets/skills/valor/icon_valor_dashingstrike.png","height":30,"ascent":-215500,"chars":[""]},{"type":"bitmap","file":"happyhud:font/assets/skills/focus/icon_focus_decreeoffrost.png","height":32,"ascent":-215500,"chars":[""]},{"type":"bitmap","file":"happyhud:font/assets/skills/valor/icon_valor_bladework.png","height":29,"ascent":-215500,"chars":[""]},{"type":"bitmap","file":"happyhud:font/assets/skills/guile/icon_guile_instantrelief.png","height":32,"ascent":-215500,"chars":[""]},{"type":"bitmap","file":"happyhud:font/assets/skills/vigilance/icon_vigilance_revealprey.png","height":28,"ascent":-215500,"chars":[""]},{"type":"bitmap","file":"happyhud:font/assets/skills/fury/icon_fury_strifeandfury.png","height":32,"ascent":-215500,"chars":[""]},{"type":"bitmap","file":"happyhud:font/assets/skills/fury/icon_fury_rupture.png","height":30,"ascent":-215500,"chars":[""]},{"type":"bitmap","file":"happyhud:font/assets/skills/daring/icon_daring_deathfromabove.png","height":29,"ascent":-215500,"chars":[""]},{"type":"bitmap","file":"happyhud:font/assets/skills/daring/icon_daring_hamstring.png","height":30,"ascent":-215500,"chars":[""]},{"type":"bitmap","file":"happyhud:font/assets/skills/guile/icon_guile_unstablecurative.png","height":30,"ascent":-215500,"chars":[""]},{"type":"bitmap","file":"happyhud:font/assets/skills/daring/icon_daring_smokescreen.png","height":30,"ascent":-215500,"chars":[""]},{"type":"bitmap","file":"happyhud:font/assets/skills/command/icon_command_pennantpullback.png","height":31,"ascent":-215500,"chars":[""]},{"type":"bitmap","file":"happyhud:font/assets/skills/command/icon_command_banneramplify.png","height":29,"ascent":-215500,"chars":[""]},{"type":"bitmap","file":"happyhud:font/assets/skills/resonance/icon_resonance_helpfulhymn.png","height":29,"ascent":-215500,"chars":[""]},{"type":"bitmap","file":"happyhud:font/assets/skills/vigilance/icon_vigilance_hunterssense.png","height":28,"ascent":-215500,"chars":[""]},{"type":"bitmap","file":"happyhud:font/assets/skills/enigma/icon_enigma_runestorm.png","height":32,"ascent":-215500,"chars":[""]},{"type":"bitmap","file":"happyhud:font/assets/skills/resonance/icon_resonance_lullaby.png","height":28,"ascent":-215500,"chars":[""]},{"type":"bitmap","file":"happyhud:font/assets/skills/valor/icon_valor_utmostattention.png","height":30,"ascent":-215500,"chars":[""]},{"type":"bitmap","file":"happyhud:font/assets/skills/resonance/icon_resonance_boomingbellow.png","height":28,"ascent":-215500,"chars":[""]},{"type":"bitmap","file":"happyhud:font/assets/skills/fury/icon_fury_whirlingblaze.png","height":32,"ascent":-215500,"chars":[""]},{"type":"bitmap","file":"happyhud:font/assets/skills/daring/icon_daring_masterofshadows.png","height":30,"ascent":-215500,"chars":[""]},{"type":"bitmap","file":"happyhud:font/assets/skills/vigilance/icon_vigilance_grapplingshot.png","height":30,"ascent":-215500,"chars":[""]},{"type":"bitmap","file":"happyhud:font/assets/skills/fury/icon_fury_splittingstrike.png","height":29,"ascent":-215500,"chars":[""]},{"type":"bitmap","file":"happyhud:font/assets/skills/resonance/icon_resonance_vesersshadow.png","height":28,"ascent":-215500,"chars":[""]},{"type":"bitmap","file":"happyhud:font/assets/skills/daring/icon_daring_shotandsteel.png","height":30,"ascent":-215500,"chars":[""]},{"type":"bitmap","file":"happyhud:font/assets/lumentest/skill_number_3.png","height":13,"ascent":-218500,"chars":[""]},{"type":"bitmap","file":"happyhud:font/assets/lumentest/skill_number_2.png","height":13,"ascent":-218500,"chars":[""]},{"type":"bitmap","file":"happyhud:font/assets/skills/daring/icon_daring_slidingslash.png","height":29,"ascent":-219500,"chars":[""]},{"type":"bitmap","file":"happyhud:font/assets/skills/enigma/icon_enigma_opposingwinds.png","height":32,"ascent":-219500,"chars":[""]},{"type":"bitmap","file":"happyhud:font/assets/skills/resonance/icon_resonance_naiossluminance.png","height":31,"ascent":-219500,"chars":[""]},{"type":"bitmap","file":"happyhud:font/assets/skills/enigma/icon_enigma_transfiguration.png","height":32,"ascent":-219500,"chars":[""]},{"type":"bitmap","file":"happyhud:font/assets/skills/no_skill.png","height":1,"ascent":-219500,"chars":[""]},{"type":"bitmap","file":"happyhud:font/assets/skills/valor/icon_valor_divideandconquer.png","height":32,"ascent":-219500,"chars":[""]},{"type":"bitmap","file":"happyhud:font/assets/skills/guile/icon_guile_dreadnaughtdraught.png","height":32,"ascent":-219500,"chars":[""]},{"type":"bitmap","file":"happyhud:font/assets/skills/daring/icon_daring_sinfulshadow.png","height":29,"ascent":-219500,"chars":[""]},{"type":"bitmap","file":"happyhud:font/assets/skills/fury/icon_fury_fistofagavres.png","height":32,"ascent":-219500,"chars":[""]},{"type":"bitmap","file":"happyhud:font/assets/skills/enigma/icon_enigma_shockmines.png","height":30,"ascent":-219500,"chars":[""]},{"type":"bitmap","file":"happyhud:font/assets/skills/enigma/icon_enigma_runerupture.png","height":32,"ascent":-219500,"chars":[""]},{"type":"bitmap","file":"happyhud:font/assets/skills/fury/icon_fury_infernoslash.png","height":29,"ascent":-219500,"chars":[""]},{"type":"bitmap","file":"happyhud:font/assets/skills/resonance/icon_resonance_warcant.png","height":31,"ascent":-219500,"chars":[""]},{"type":"bitmap","file":"happyhud:font/assets/skills/fury/icon_fury_wildabandon.png","height":30,"ascent":-219500,"chars":[""]},{"type":"bitmap","file":"happyhud:font/assets/skills/vigilance/icon_vigilance_seekandsunder.png","height":31,"ascent":-219500,"chars":[""]},{"type":"bitmap","file":"happyhud:font/assets/skills/focus/icon_focus_glacialshard.png","height":32,"ascent":-219500,"chars":[""]},{"type":"bitmap","file":"happyhud:font/assets/skills/guile/icon_guile_malignanthaze.png","height":32,"ascent":-219500,"chars":[""]},{"type":"bitmap","file":"happyhud:font/assets/skills/resonance/icon_resonance_percussion.png","height":31,"ascent":-219500,"chars":[""]},{"type":"bitmap","file":"happyhud:font/assets/skills/fury/icon_fury_fistofvitality.png","height":32,"ascent":-219500,"chars":[""]},{"type":"bitmap","file":"happyhud:font/assets/skills/enigma/icon_enigma_runequakepropulsion.png","height":32,"ascent":-219500,"chars":[""]},{"type":"bitmap","file":"happyhud:font/assets/skills/resonance/icon_resonance_piercingtone.png","height":30,"ascent":-219500,"chars":[""]},{"type":"bitmap","file":"happyhud:font/assets/skills/enigma/icon_enigma_nullzone.png","height":28,"ascent":-219500,"chars":[""]},{"type":"bitmap","file":"happyhud:font/assets/skills/enigma/icon_enigma_electricfence.png","height":29,"ascent":-219500,"chars":[""]},{"type":"bitmap","file":"happyhud:font/assets/skills/vigilance/icon_vigilance_lacerations.png","height":29,"ascent":-219500,"chars":[""]},{"type":"bitmap","file":"happyhud:font/assets/skills/focus/icon_focus_stingofthewild.png","height":32,"ascent":-219500,"chars":[""]},{"type":"bitmap","file":"happyhud:font/assets/skills/command/icon_command_bannercharge.png","height":29,"ascent":-219500,"chars":[""]},{"type":"bitmap","file":"happyhud:font/assets/skills/fury/icon_fury_concussiveclap.png","height":32,"ascent":-219500,"chars":[""]},{"type":"bitmap","file":"happyhud:font/assets/skills/resonance/icon_resonance_boundlessballad.png","height":30,"ascent":-219500,"chars":[""]},{"type":"bitmap","file":"happyhud:font/assets/skills/vigilance/icon_guile_bolatoss.png","height":31,"ascent":-219500,"chars":[""]},{"type":"bitmap","file":"happyhud:font/assets/skills/command/icon_command_hammerdown.png","height":30,"ascent":-219500,"chars":[""]},{"type":"bitmap","file":"happyhud:font/assets/skills/command/icon_command_sustainedfortitude.png","height":29,"ascent":-219500,"chars":[""]},{"type":"bitmap","file":"happyhud:font/assets/skills/vigilance/icon_guile_honeypot.png","height":29,"ascent":-219500,"chars":[""]},{"type":"bitmap","file":"happyhud:font/assets/skills/focus/icon_focus_frigidtomb.png","height":32,"ascent":-219500,"chars":[""]},{"type":"bitmap","file":"happyhud:font/assets/skills/fury/icon_fury_limitlessgrace.png","height":29,"ascent":-219500,"chars":[""]},{"type":"bitmap","file":"happyhud:font/assets/skills/valor/icon_valor_riposte.png","height":31,"ascent":-219500,"chars":[""]},{"type":"bitmap","file":"happyhud:font/assets/skills/resonance/icon_resonance_eclipse.png","height":30,"ascent":-219500,"chars":[""]},{"type":"bitmap","file":"happyhud:font/assets/skills/focus/icon_focus_silverstorm.png","height":32,"ascent":-219500,"chars":[""]},{"type":"bitmap","file":"happyhud:font/assets/skills/enigma/icon_enigma_runiclance.png","height":32,"ascent":-219500,"chars":[""]},{"type":"bitmap","file":"happyhud:font/assets/skills/command/icon_command_battlelinebulwark.png","height":30,"ascent":-219500,"chars":[""]},{"type":"bitmap","file":"happyhud:font/assets/skills/guile/icon_guile_vapourvault.png","height":32,"ascent":-219500,"chars":[""]},{"type":"bitmap","file":"happyhud:font/assets/skills/daring/icon_daring_toolsofthetrade.png","height":31,"ascent":-219500,"chars":[""]},{"type":"bitmap","file":"happyhud:font/assets/skills/fury/icon_fury_recklesszealotry.png","height":32,"ascent":-219500,"chars":[""]},{"type":"bitmap","file":"happyhud:font/assets/skills/enigma/icon_enigma_arcanestudies.png","height":28,"ascent":-219500,"chars":[""]},{"type":"bitmap","file":"happyhud:font/assets/skills/valor/icon_valor_piercingstrike.png","height":30,"ascent":-219500,"chars":[""]},{"type":"bitmap","file":"happyhud:font/assets/skills/resonance/icon_resonance_tuningstrike.png","height":28,"ascent":-219500,"chars":[""]},{"type":"bitmap","file":"happyhud:font/assets/skills/enigma/icon_enigma_controlfactotum.png","height":32,"ascent":-219500,"chars":[""]},{"type":"bitmap","file":"happyhud:font/assets/skills/daring/icon_daring_lockandload.png","height":30,"ascent":-219500,"chars":[""]},{"type":"bitmap","file":"happyhud:font/assets/skills/fury/icon_fury_furioussurge.png","height":32,"ascent":-219500,"chars":[""]},{"type":"bitmap","file":"happyhud:font/assets/skills/resonance/icon_resonance_maelstrom.png","height":32,"ascent":-219500,"chars":[""]},{"type":"bitmap","file":"happyhud:font/assets/skills/daring/icon_daring_absolution.png","height":32,"ascent":-219500,"chars":[""]},{"type":"bitmap","file":"happyhud:font/assets/skills/focus/icon_focus_rimesembrace.png","height":32,"ascent":-219500,"chars":[""]},{"type":"bitmap","file":"happyhud:font/assets/skills/guile/icon_guile_haveatit.png","height":32,"ascent":-219500,"chars":[""]},{"type":"bitmap","file":"happyhud:font/assets/skills/enigma/icon_enigma_transposition.png","height":32,"ascent":-219500,"chars":[""]},{"type":"bitmap","file":"happyhud:font/assets/skills/valor/icon_valor_dashingstrike.png","height":30,"ascent":-219500,"chars":[""]},{"type":"bitmap","file":"happyhud:font/assets/skills/focus/icon_focus_decreeoffrost.png","height":32,"ascent":-219500,"chars":[""]},{"type":"bitmap","file":"happyhud:font/assets/skills/valor/icon_valor_bladework.png","height":29,"ascent":-219500,"chars":[""]},{"type":"bitmap","file":"happyhud:font/assets/skills/guile/icon_guile_instantrelief.png","height":32,"ascent":-219500,"chars":[""]},{"type":"bitmap","file":"happyhud:font/assets/skills/vigilance/icon_vigilance_revealprey.png","height":28,"ascent":-219500,"chars":[""]},{"type":"bitmap","file":"happyhud:font/assets/skills/fury/icon_fury_strifeandfury.png","height":32,"ascent":-219500,"chars":[""]},{"type":"bitmap","file":"happyhud:font/assets/skills/fury/icon_fury_rupture.png","height":30,"ascent":-219500,"chars":[""]},{"type":"bitmap","file":"happyhud:font/assets/skills/daring/icon_daring_deathfromabove.png","height":29,"ascent":-219500,"chars":[""]},{"type":"bitmap","file":"happyhud:font/assets/skills/daring/icon_daring_hamstring.png","height":30,"ascent":-219500,"chars":[""]},{"type":"bitmap","file":"happyhud:font/assets/skills/guile/icon_guile_unstablecurative.png","height":30,"ascent":-219500,"chars":[""]},{"type":"bitmap","file":"happyhud:font/assets/skills/daring/icon_daring_smokescreen.png","height":30,"ascent":-219500,"chars":[""]},{"type":"bitmap","file":"happyhud:font/assets/skills/command/icon_command_pennantpullback.png","height":31,"ascent":-219500,"chars":[""]},{"type":"bitmap","file":"happyhud:font/assets/skills/command/icon_command_banneramplify.png","height":29,"ascent":-219500,"chars":[""]},{"type":"bitmap","file":"happyhud:font/assets/skills/resonance/icon_resonance_helpfulhymn.png","height":29,"ascent":-219500,"chars":[""]},{"type":"bitmap","file":"happyhud:font/assets/skills/vigilance/icon_vigilance_hunterssense.png","height":28,"ascent":-219500,"chars":[""]},{"type":"bitmap","file":"happyhud:font/assets/skills/enigma/icon_enigma_runestorm.png","height":32,"ascent":-219500,"chars":[""]},{"type":"bitmap","file":"happyhud:font/assets/skills/resonance/icon_resonance_lullaby.png","height":28,"ascent":-219500,"chars":[""]},{"type":"bitmap","file":"happyhud:font/assets/skills/valor/icon_valor_utmostattention.png","height":30,"ascent":-219500,"chars":[""]},{"type":"bitmap","file":"happyhud:font/assets/skills/resonance/icon_resonance_boomingbellow.png","height":28,"ascent":-219500,"chars":[""]},{"type":"bitmap","file":"happyhud:font/assets/skills/fury/icon_fury_whirlingblaze.png","height":32,"ascent":-219500,"chars":[""]},{"type":"bitmap","file":"happyhud:font/assets/skills/daring/icon_daring_masterofshadows.png","height":30,"ascent":-219500,"chars":[""]},{"type":"bitmap","file":"happyhud:font/assets/skills/vigilance/icon_vigilance_grapplingshot.png","height":30,"ascent":-219500,"chars":[""]},{"type":"bitmap","file":"happyhud:font/assets/skills/fury/icon_fury_splittingstrike.png","height":29,"ascent":-219500,"chars":[""]},{"type":"bitmap","file":"happyhud:font/assets/skills/resonance/icon_resonance_vesersshadow.png","height":28,"ascent":-219500,"chars":[""]},{"type":"bitmap","file":"happyhud:font/assets/skills/daring/icon_daring_shotandsteel.png","height":30,"ascent":-219500,"chars":[""]},{"type":"bitmap","file":"happyhud:font/assets/lumentest/skill_number_2.png","height":13,"ascent":-222500,"chars":[""]},{"type":"bitmap","file":"happyhud:font/assets/lumentest/skill_number_empty.png","height":13,"ascent":-222500,"chars":[""]},{"type":"bitmap","file":"happyhud:font/assets/lumentest/skill_number_1.png","height":13,"ascent":-222500,"chars":[""]}]}