{"textures":{"0":"modelengine:entity/skeleton_elites"},"elements":[{"from":[6.49,10.895036,9.621941],"to":[9.51,13.915036,13.641941],"faces":{"east":{"uv":[1.5,0.0,2.25,1.0],"tintindex":0,"rotation":90,"texture":"#0"},"south":{"uv":[6.0,5.25,6.75,6.0],"tintindex":0,"rotation":90,"texture":"#0"},"west":{"uv":[1.5,0.0,2.25,1.0],"tintindex":0,"rotation":90,"texture":"#0"},"up":{"uv":[1.5,0.0,2.25,1.0],"tintindex":0,"rotation":0,"texture":"#0"},"down":{"uv":[1.5,0.0,2.25,1.0],"tintindex":0,"rotation":0,"texture":"#0"}}},{"from":[7.0,14.388302,12.63405],"to":[9.0,16.388302,16.63405],"faces":{"east":{"uv":[1.5,0.0,2.0,1.0],"tintindex":0,"rotation":90,"texture":"#0"},"south":{"uv":[6.0,5.25,6.75,6.0],"tintindex":0,"rotation":90,"texture":"#0"},"north":{"uv":[6.0,5.25,6.75,6.0],"tintindex":0,"rotation":90,"texture":"#0"},"west":{"uv":[1.5,0.0,2.0,1.0],"tintindex":0,"rotation":90,"texture":"#0"},"up":{"uv":[1.5,0.0,2.0,1.0],"tintindex":0,"rotation":0,"texture":"#0"},"down":{"uv":[1.5,0.0,2.0,1.0],"tintindex":0,"rotation":0,"texture":"#0"}},"rotation":{"origin":[8.5,13.388302,5.6340504],"angle":22.5,"axis":"x"}},{"from":[3.5,8.0,8.0],"to":[6.5,8.0,11.0],"faces":{"up":{"uv":[0.0,0.25,0.75,1.0],"tintindex":0,"rotation":0,"texture":"#0"},"down":{"uv":[0.0,0.25,0.5,1.0],"tintindex":0,"rotation":0,"texture":"#0"}},"rotation":{"origin":[2.0,6.0,1.0],"angle":-22.5,"axis":"x"}},{"from":[6.5,7.0,8.0],"to":[9.5,10.0,12.0],"faces":{"east":{"uv":[1.5,0.0,2.25,1.0],"tintindex":0,"rotation":90,"texture":"#0"},"north":{"uv":[6.0,5.25,6.75,6.0],"tintindex":0,"rotation":90,"texture":"#0"},"west":{"uv":[1.5,0.0,2.25,1.0],"tintindex":0,"rotation":90,"texture":"#0"},"up":{"uv":[1.5,0.0,2.25,1.0],"tintindex":0,"rotation":0,"texture":"#0"},"down":{"uv":[1.5,0.0,2.25,1.0],"tintindex":0,"rotation":0,"texture":"#0"}},"rotation":{"origin":[8.0,6.0,1.0],"angle":-22.5,"axis":"x"}},{"from":[8.0,9.771639,7.8519497],"to":[8.0,12.771639,11.85195],"faces":{"east":{"uv":[3.25,13.5,2.25,14.25],"tintindex":0,"rotation":0,"texture":"#0"},"west":{"uv":[2.25,13.5,3.25,14.25],"tintindex":0,"rotation":0,"texture":"#0"}},"rotation":{"origin":[6.5,8.771639,-0.14805031],"angle":-22.5,"axis":"x"}},{"from":[9.5,11.905036,10.631941],"to":[12.5,11.905036,13.631941],"faces":{"up":{"uv":[0.75,0.75,0.0,1.5],"tintindex":0,"rotation":0,"texture":"#0"},"down":{"uv":[0.5,1.5,0.0,0.75],"tintindex":0,"rotation":0,"texture":"#0"}}},{"from":[3.499,6.0770445,8.3823],"to":[3.499,8.0770445,11.382301],"faces":{"east":{"uv":[0.5,0.75,0.0,1.5],"tintindex":0,"rotation":90,"texture":"#0"},"west":{"uv":[0.5,1.5,0.0,0.75],"tintindex":0,"rotation":90,"texture":"#0"}},"rotation":{"origin":[4.999,5.0770445,1.3823009],"angle":-22.5,"axis":"x"}},{"from":[9.5,8.0,8.0],"to":[12.5,8.0,11.0],"faces":{"up":{"uv":[0.0,0.25,0.75,1.0],"tintindex":0,"rotation":0,"texture":"#0"},"down":{"uv":[0.0,0.25,0.5,1.0],"tintindex":0,"rotation":0,"texture":"#0"}},"rotation":{"origin":[8.0,6.0,1.0],"angle":-22.5,"axis":"x"}},{"from":[8.0,13.905036,11.631941],"to":[8.0,15.905036,14.631941],"faces":{"east":{"uv":[3.25,13.5,2.5,14.0],"tintindex":0,"rotation":0,"texture":"#0"},"west":{"uv":[2.5,13.5,3.25,14.0],"tintindex":0,"rotation":0,"texture":"#0"}}},{"from":[12.499001,6.0770445,8.3823],"to":[12.499001,8.0770445,11.382301],"faces":{"east":{"uv":[0.5,0.75,0.0,1.5],"tintindex":0,"rotation":90,"texture":"#0"},"west":{"uv":[0.5,1.5,0.0,0.75],"tintindex":0,"rotation":90,"texture":"#0"}},"rotation":{"origin":[13.999001,5.0770445,1.3823009],"angle":-22.5,"axis":"x"}},{"from":[3.5,11.905036,10.631941],"to":[6.5,11.905036,13.631941],"faces":{"up":{"uv":[0.0,0.75,0.75,1.5],"tintindex":0,"rotation":0,"texture":"#0"},"down":{"uv":[0.0,1.5,0.5,0.75],"tintindex":0,"rotation":0,"texture":"#0"}}}],"display":{"gui":{"rotation":[30,225,0]}}}