{"textures":{"0":"modelengine:entity/skeleton_elites"},"elements":[{"from":[5.1,6.1,1.1],"to":[10.9,10.9,7.9],"faces":{"east":{"uv":[14.75,0.0,13.0,1.25],"tintindex":0,"rotation":0,"texture":"#0"},"north":{"uv":[11.75,0.0,13.25,1.25],"tintindex":0,"rotation":0,"texture":"#0"},"west":{"uv":[13.0,0.0,14.75,1.25],"tintindex":0,"rotation":0,"texture":"#0"},"down":{"uv":[13.5,0.0,14.75,1.5],"tintindex":0,"rotation":0,"texture":"#0"}}},{"from":[6.0899997,10.19,4.49],"to":[9.110001,13.21,7.51],"faces":{"east":{"uv":[1.25,13.5,2.0,14.25],"tintindex":0,"rotation":0,"texture":"#0"},"south":{"uv":[1.25,13.5,2.0,14.25],"tintindex":0,"rotation":0,"texture":"#0"},"north":{"uv":[1.25,13.5,2.0,14.25],"tintindex":0,"rotation":0,"texture":"#0"},"west":{"uv":[1.25,13.5,2.0,14.25],"tintindex":0,"rotation":0,"texture":"#0"},"down":{"uv":[1.25,13.5,2.0,14.25],"tintindex":0,"rotation":0,"texture":"#0"}},"rotation":{"origin":[7.6,8.0,8.0],"angle":45.0,"axis":"z"}},{"from":[6.89,10.19,4.49],"to":[9.91,13.21,7.51],"faces":{"east":{"uv":[2.0,13.5,1.25,14.25],"tintindex":0,"rotation":0,"texture":"#0"},"south":{"uv":[2.0,13.5,1.25,14.25],"tintindex":0,"rotation":0,"texture":"#0"},"north":{"uv":[2.0,13.5,1.25,14.25],"tintindex":0,"rotation":0,"texture":"#0"},"west":{"uv":[2.0,13.5,1.25,14.25],"tintindex":0,"rotation":0,"texture":"#0"},"down":{"uv":[2.0,13.5,1.25,14.25],"tintindex":0,"rotation":0,"texture":"#0"}},"rotation":{"origin":[8.4,8.0,8.0],"angle":-45.0,"axis":"z"}},{"from":[9.937615,10.016295,6.0],"to":[15.937615,17.016294,6.0],"faces":{"south":{"uv":[1.5,12.25,0.0,14.0],"tintindex":0,"rotation":0,"texture":"#0"},"north":{"uv":[0.0,12.25,1.5,14.0],"tintindex":0,"rotation":0,"texture":"#0"}}},{"from":[0.062384605,10.016295,6.0],"to":[6.0623846,17.016294,6.0],"faces":{"south":{"uv":[0.0,12.25,1.5,14.0],"tintindex":0,"rotation":0,"texture":"#0"},"north":{"uv":[1.5,12.25,0.0,14.0],"tintindex":0,"rotation":0,"texture":"#0"}}},{"from":[5.0,6.0,1.0],"to":[11.0,11.0,8.0],"faces":{"east":{"uv":[10.25,11.5,8.5,12.75],"tintindex":0,"rotation":0,"texture":"#0"},"south":{"uv":[0.25,8.75,1.75,10.25],"tintindex":0,"rotation":0,"texture":"#0"},"north":{"uv":[7.0,11.5,8.5,12.75],"tintindex":0,"rotation":0,"texture":"#0"},"west":{"uv":[8.5,11.5,10.25,12.75],"tintindex":0,"rotation":0,"texture":"#0"},"up":{"uv":[0.25,8.5,1.75,10.25],"tintindex":0,"rotation":0,"texture":"#0"},"down":{"uv":[8.0,9.0,9.5,10.75],"tintindex":0,"rotation":0,"texture":"#0"}}}],"display":{"gui":{"rotation":[30,225,0]}}}