{"textures":{"0":"modelengine:entity/skeleton_elites"},"elements":[{"from":[5.0,6.0,1.0],"to":[11.0,11.0,8.0],"faces":{"east":{"uv":[10.25,11.5,8.5,12.75],"tintindex":0,"rotation":0,"texture":"#0"},"south":{"uv":[0.25,8.75,1.75,10.25],"tintindex":0,"rotation":0,"texture":"#0"},"north":{"uv":[7.0,11.5,8.5,12.75],"tintindex":0,"rotation":0,"texture":"#0"},"west":{"uv":[8.5,11.5,10.25,12.75],"tintindex":0,"rotation":0,"texture":"#0"},"up":{"uv":[0.25,8.5,1.75,10.25],"tintindex":0,"rotation":0,"texture":"#0"},"down":{"uv":[8.0,9.0,9.5,10.75],"tintindex":0,"rotation":0,"texture":"#0"}}},{"from":[5.1,6.1,1.1],"to":[10.9,10.9,7.9],"faces":{"east":{"uv":[14.75,0.0,13.0,1.25],"tintindex":0,"rotation":0,"texture":"#0"},"north":{"uv":[11.75,0.0,13.25,1.25],"tintindex":0,"rotation":0,"texture":"#0"},"west":{"uv":[13.0,0.0,14.75,1.25],"tintindex":0,"rotation":0,"texture":"#0"},"down":{"uv":[13.5,0.0,14.75,1.5],"tintindex":0,"rotation":0,"texture":"#0"}}}],"display":{"gui":{"rotation":[30,225,0]}}}