{"textures":{"0":"modelengine:entity/skeleton_elites"},"elements":[{"from":[0.6144309,12.304199,5.0],"to":[2.614431,15.304199,7.0],"faces":{"east":{"uv":[6.25,13.25,6.75,14.0],"tintindex":0,"rotation":0,"texture":"#0"},"south":{"uv":[6.25,13.25,6.75,14.0],"tintindex":0,"rotation":0,"texture":"#0"},"north":{"uv":[6.25,13.25,6.75,14.0],"tintindex":0,"rotation":0,"texture":"#0"},"west":{"uv":[6.25,13.25,6.75,14.0],"tintindex":0,"rotation":0,"texture":"#0"},"up":{"uv":[6.25,12.25,6.75,12.75],"tintindex":0,"rotation":0,"texture":"#0"}},"rotation":{"origin":[5.1144304,6.7041993,8.0],"angle":-22.5,"axis":"z"}},{"from":[6.1,10.1,4.5],"to":[9.1,13.1,7.5],"faces":{"east":{"uv":[6.25,15.25,7.0,16.0],"tintindex":0,"rotation":0,"texture":"#0"},"south":{"uv":[6.25,15.25,7.0,16.0],"tintindex":0,"rotation":0,"texture":"#0"},"north":{"uv":[6.25,15.25,7.0,16.0],"tintindex":0,"rotation":0,"texture":"#0"},"west":{"uv":[6.25,15.25,7.0,16.0],"tintindex":0,"rotation":0,"texture":"#0"},"up":{"uv":[6.25,13.75,7.0,14.5],"tintindex":0,"rotation":0,"texture":"#0"}},"rotation":{"origin":[7.6,8.0,8.0],"angle":45.0,"axis":"z"}},{"from":[6.9,10.1,4.5],"to":[9.9,13.1,7.5],"faces":{"east":{"uv":[7.0,15.25,6.25,16.0],"tintindex":0,"rotation":0,"texture":"#0"},"south":{"uv":[7.0,15.25,6.25,16.0],"tintindex":0,"rotation":0,"texture":"#0"},"north":{"uv":[7.0,15.25,6.25,16.0],"tintindex":0,"rotation":0,"texture":"#0"},"west":{"uv":[7.0,15.25,6.25,16.0],"tintindex":0,"rotation":0,"texture":"#0"},"up":{"uv":[7.0,13.75,6.25,14.5],"tintindex":0,"rotation":0,"texture":"#0"}},"rotation":{"origin":[8.4,8.0,8.0],"angle":-45.0,"axis":"z"}},{"from":[10.898999,10.599,4.999],"to":[12.901,13.601001,7.001],"faces":{"east":{"uv":[6.75,14.25,6.25,15.0],"tintindex":0,"rotation":0,"texture":"#0"},"south":{"uv":[6.75,14.25,6.25,15.0],"tintindex":0,"rotation":0,"texture":"#0"},"north":{"uv":[6.75,14.25,6.25,15.0],"tintindex":0,"rotation":0,"texture":"#0"},"west":{"uv":[6.75,14.25,6.25,15.0],"tintindex":0,"rotation":0,"texture":"#0"}}},{"from":[3.099,10.599,4.999],"to":[5.101,13.601001,7.001],"faces":{"east":{"uv":[6.25,14.25,6.75,15.0],"tintindex":0,"rotation":0,"texture":"#0"},"south":{"uv":[6.25,14.25,6.75,15.0],"tintindex":0,"rotation":0,"texture":"#0"},"north":{"uv":[6.25,14.25,6.75,15.0],"tintindex":0,"rotation":0,"texture":"#0"},"west":{"uv":[6.25,14.25,6.75,15.0],"tintindex":0,"rotation":0,"texture":"#0"}}},{"from":[5.0,6.0,1.0],"to":[11.0,11.0,8.0],"faces":{"east":{"uv":[10.25,11.5,8.5,12.75],"tintindex":0,"rotation":0,"texture":"#0"},"south":{"uv":[0.25,8.75,1.75,10.25],"tintindex":0,"rotation":0,"texture":"#0"},"north":{"uv":[7.0,11.5,8.5,12.75],"tintindex":0,"rotation":0,"texture":"#0"},"west":{"uv":[8.5,11.5,10.25,12.75],"tintindex":0,"rotation":0,"texture":"#0"},"up":{"uv":[0.25,8.5,1.75,10.25],"tintindex":0,"rotation":0,"texture":"#0"},"down":{"uv":[8.0,9.0,9.5,10.75],"tintindex":0,"rotation":0,"texture":"#0"}}},{"from":[5.1,6.1,1.1],"to":[10.9,10.9,7.9],"faces":{"east":{"uv":[14.75,0.0,13.0,1.25],"tintindex":0,"rotation":0,"texture":"#0"},"north":{"uv":[11.75,0.0,13.25,1.25],"tintindex":0,"rotation":0,"texture":"#0"},"west":{"uv":[13.0,0.0,14.75,1.25],"tintindex":0,"rotation":0,"texture":"#0"},"down":{"uv":[13.5,0.0,14.75,1.5],"tintindex":0,"rotation":0,"texture":"#0"}}},{"from":[13.385569,12.304199,5.0],"to":[15.385569,15.304199,7.0],"faces":{"east":{"uv":[6.75,13.25,6.25,14.0],"tintindex":0,"rotation":0,"texture":"#0"},"south":{"uv":[6.75,13.25,6.25,14.0],"tintindex":0,"rotation":0,"texture":"#0"},"north":{"uv":[6.75,13.25,6.25,14.0],"tintindex":0,"rotation":0,"texture":"#0"},"west":{"uv":[6.75,13.25,6.25,14.0],"tintindex":0,"rotation":0,"texture":"#0"},"up":{"uv":[6.75,12.25,6.25,12.75],"tintindex":0,"rotation":0,"texture":"#0"}},"rotation":{"origin":[10.88557,6.7041993,8.0],"angle":22.5,"axis":"z"}}],"display":{"gui":{"rotation":[30,225,0]}}}