{"textures":{"0":"modelengine:entity/skeleton_elites"},"elements":[{"from":[4.5,5.5,2.5],"to":[11.5,8.5,8.5],"faces":{"east":{"uv":[10.25,12.75,8.75,13.5],"tintindex":0,"rotation":0,"texture":"#0"},"south":{"uv":[9.25,14.75,11.0,15.5],"tintindex":0,"rotation":0,"texture":"#0"},"north":{"uv":[8.0,10.75,9.75,11.5],"tintindex":0,"rotation":0,"texture":"#0"},"west":{"uv":[8.75,12.75,10.25,13.5],"tintindex":0,"rotation":0,"texture":"#0"},"down":{"uv":[9.25,14.5,11.0,16.0],"tintindex":0,"rotation":0,"texture":"#0"}}}],"display":{"gui":{"rotation":[30,225,0]}}}