{"textures":{"0":"modelengine:entity/skeleton_elites"},"elements":[{"from":[6.0,2.0,7.0],"to":[8.0,8.0,9.0],"faces":{"east":{"uv":[1.5,0.0,3.0,0.5],"tintindex":0,"rotation":90,"texture":"#0"},"south":{"uv":[3.0,2.5,3.5,4.0],"tintindex":0,"rotation":0,"texture":"#0"},"north":{"uv":[4.25,0.75,5.75,1.25],"tintindex":0,"rotation":90,"texture":"#0"},"west":{"uv":[1.5,0.0,3.0,0.5],"tintindex":0,"rotation":90,"texture":"#0"},"up":{"uv":[1.5,0.0,2.0,0.5],"tintindex":0,"rotation":0,"texture":"#0"},"down":{"uv":[1.5,0.0,2.0,0.5],"tintindex":0,"rotation":0,"texture":"#0"}}}],"display":{"gui":{"rotation":[30,225,0]}}}