{"textures":{"0":"modelengine:entity/skeleton_elites"},"elements":[{"from":[7.005,2.005,8.005],"to":[8.995,7.995,9.995],"faces":{"east":{"uv":[1.5,0.0,3.0,0.5],"tintindex":0,"rotation":90,"texture":"#0"},"south":{"uv":[3.0,2.5,3.5,4.0],"tintindex":0,"rotation":0,"texture":"#0"},"north":{"uv":[3.25,1.0,3.75,2.5],"tintindex":0,"rotation":180,"texture":"#0"},"west":{"uv":[1.5,0.0,3.0,0.5],"tintindex":0,"rotation":90,"texture":"#0"},"up":{"uv":[1.5,0.0,2.0,0.5],"tintindex":0,"rotation":0,"texture":"#0"},"down":{"uv":[1.5,0.0,2.0,0.5],"tintindex":0,"rotation":0,"texture":"#0"}}}],"display":{"gui":{"rotation":[30,225,0]}}}