{
	"elements":[
		{
			"from":[3,12,4],
			"to":[6,16,7],
			"rotation":{"angle":0,"axis":"y","origin":[0,4,0]},
			"faces":{
				"north":{"uv":[3,0,0,4],"texture":"#0"},
				"east":{"uv":[0,0,3,4],"texture":"#0"},
				"south":{"uv":[3,0,0,4],"texture":"#0"},
				"west":{"uv":[0,0,3,4],"texture":"#0"},
				"down":{"uv":[6,0,9,3],"texture":"#0"}
			}
		},
		{
			"from":[6,16,7],
			"to":[3,12,4],
			"rotation":{"angle":0,"axis":"y","origin":[0,4,0]},
			"faces":{
				"north":{"uv":[3,4,0,0],"texture":"#0"},
				"east":{"uv":[0,4,3,0],"texture":"#0"},
				"south":{"uv":[3,4,0,0],"texture":"#0"},
				"west":{"uv":[0,4,3,0],"texture":"#0"},
				"up":{"uv":[3,3,6,0],"texture":"#0"}
			}
		},
		{
			"from":[4,0,5.5],
			"to":[5,12,5.5],
			"rotation":{"angle":45,"axis":"y","origin":[4.5,0,5.5]},
			"faces":{
				"north":{"uv":[8,4,9,16],"texture":"#0"},
				"south":{"uv":[8,4,9,16],"texture":"#0"}
			}
		},
		{
			"from":[3,0,5.5],
			"to":[6,6,5.5],
			"rotation":{"angle":-22.5,"axis":"x","origin":[0,0,5.5]},
			"faces":{
				"north":{"uv":[13,10,10,16],"texture":"#0"},
				"south":{"uv":[10,10,13,16],"texture":"#0"}
			}
		},
		{
			"from":[3,5.54328,3.2039],
			"to":[6,9.54328,3.2039],
			"rotation":{"angle":-45,"axis":"x","origin":[0,5.54328,3.2039]},
			"faces":{
				"north":{"uv":[13,6,10,10],"texture":"#0"},
				"south":{"uv":[10,6,13,10],"texture":"#0"}
			}
		},
		{
			"from":[9,11,7],
			"to":[12,15,10],
			"rotation":{"angle":45,"axis":"y","origin":[10.5,4,8.5]},
			"faces":{
				"north":{"uv":[3,0,0,4],"texture":"#0"},
				"east":{"uv":[0,0,3,4],"texture":"#0"},
				"south":{"uv":[3,0,0,4],"texture":"#0"},
				"west":{"uv":[0,0,3,4],"texture":"#0"},
				"down":{"uv":[6,0,9,3],"texture":"#0"}
			}
		},
		{
			"from":[12,15,10],
			"to":[9,11,7],
			"rotation":{"angle":45,"axis":"y","origin":[10.5,4,8.5]},
			"faces":{
				"north":{"uv":[3,4,0,0],"texture":"#0"},
				"east":{"uv":[0,4,3,0],"texture":"#0"},
				"south":{"uv":[3,4,0,0],"texture":"#0"},
				"west":{"uv":[0,4,3,0],"texture":"#0"},
				"up":{"uv":[3,3,6,0],"texture":"#0"}
			}
		},
		{
			"from":[10.5,0,6],
			"to":[10.5,11,9],
			"rotation":{"angle":22.5,"axis":"y","origin":[10.5,0,8.5]},
			"faces":{
				"east":{"uv":[4,5,7,16],"texture":"#0"},
				"west":{"uv":[7,5,4,16],"texture":"#0"}
			}
		},
		{
			"from":[5,0,11.5],
			"to":[6,10,11.5],
			"rotation":{"angle":45,"axis":"y","origin":[5.5,0,11.5]},
			"faces":{
				"north":{"uv":[8,5,9,15],"texture":"#0"},
				"south":{"uv":[8,5,9,15],"texture":"#0"}
			}
		},
		{
			"from":[4,10,10],
			"to":[7,14,13],
			"rotation":{"angle":0,"axis":"y","origin":[0,4,0]},
			"faces":{
				"north":{"uv":[3,0,0,4],"texture":"#0"},
				"east":{"uv":[0,0,3,4],"texture":"#0"},
				"south":{"uv":[3,0,0,4],"texture":"#0"},
				"west":{"uv":[0,0,3,4],"texture":"#0"},
				"down":{"uv":[6,0,9,3],"texture":"#0"}
			}
		},
		{
			"from":[7,14,13],
			"to":[4,10,10],
			"rotation":{"angle":0,"axis":"y","origin":[0,4,0]},
			"faces":{
				"north":{"uv":[3,4,0,0],"texture":"#0"},
				"east":{"uv":[0,4,3,0],"texture":"#0"},
				"south":{"uv":[3,4,0,0],"texture":"#0"},
				"west":{"uv":[0,4,3,0],"texture":"#0"},
				"up":{"uv":[3,3,6,0],"texture":"#0"}
			}
		},
		{
			"from":[3.58658,-0.3806,10],
			"to":[3.58658,4.6194,13],
			"rotation":{"angle":22.5,"axis":"z","origin":[3.58658,4.6194,0]},
			"faces":{
				"east":{"uv":[16,11,13,16],"texture":"#0"},
				"west":{"uv":[13,11,16,16],"texture":"#0"}
			}
		},
		{
			"from":[3.58751,4.61978,10],
			"to":[3.58751,7.61978,13],
			"rotation":{"angle":45,"axis":"z","origin":[3.58751,4.61978,0]},
			"faces":{
				"east":{"uv":[16,8,13,11],"texture":"#0"},
				"west":{"uv":[13,8,16,11],"texture":"#0"}
			}
		},
		{
			"from":[10.5,0,8],
			"to":[10.5,7,10],
			"rotation":{"angle":-22.5,"axis":"z","origin":[10.5,0,0]},
			"faces":{
				"north":{"uv":[0,0,0,7],"texture":"#0"},
				"east":{"uv":[2,9,4,16],"texture":"#0"},
				"south":{"uv":[0,0,0,7],"texture":"#0"},
				"west":{"uv":[4,9,2,16],"texture":"#0"},
				"up":{"uv":[0,0,0,2],"texture":"#0"},
				"down":{"uv":[0,0,0,2],"texture":"#0"}
			}
		},
		{
			"from":[8,0,8.5],
			"to":[11,11,8.5],
			"rotation":{"angle":22.5,"axis":"y","origin":[10.5,0,8.5]},
			"faces":{
				"north":{"uv":[4,5,7,16],"texture":"#0"},
				"south":{"uv":[7,5,4,16],"texture":"#0"}
			}
		},
		{
			"from":[5.5,0,11],
			"to":[5.5,10,14],
			"rotation":{"angle":45,"axis":"y","origin":[5.5,0,11.5]},
			"faces":{
				"east":{"uv":[6,6,9,16],"texture":"#0"},
				"west":{"uv":[9,6,6,16],"texture":"#0"}
			}
		},
		{
			"from":[4.5,0,5],
			"to":[4.5,12,6],
			"rotation":{"angle":45,"axis":"y","origin":[4.5,0,5.5]},
			"faces":{
				"east":{"uv":[8,4,9,16],"texture":"#0"},
				"west":{"uv":[8,4,9,16],"texture":"#0"}
			}
		},
		{
			"from":[-0.5,0,4],
			"to":[4.5,0,6],
			"rotation":{"angle":-22.5,"axis":"z","origin":[4.5,0,0]},
			"faces":{
				"up":{"uv":[13,5,15,0],"rotation":90,"texture":"#0"},
				"down":{"uv":[15,5,13,0],"rotation":90,"texture":"#0"}
			}
		}
	]
}