{
"variants":{
"":[
{"model":"block_random/dirt_path_0"},
{"model":"block_random/dirt_path_0","y":90},
{"model":"block_random/dirt_path_0","y":180},
{"model":"block_random/dirt_path_0","y":270},
{"model":"block_random/dirt_path_1"},
{"model":"block_random/dirt_path_1","y":90},
{"model":"block_random/dirt_path_1","y":180},
{"model":"block_random/dirt_path_1","y":270},
{"model":"block_random/dirt_path_2"},
{"model":"block_random/dirt_path_2","y":90},
{"model":"block_random/dirt_path_2","y":180},
{"model":"block_random/dirt_path_2","y":270},
{"model":"block_random/dirt_path_3"},
{"model":"block_random/dirt_path_3","y":90},
{"model":"block_random/dirt_path_3","y":180},
{"model":"block_random/dirt_path_3","y":270},
{"model":"block_random/dirt_path_4"},
{"model":"block_random/dirt_path_4","y":90},
{"model":"block_random/dirt_path_4","y":180},
{"model":"block_random/dirt_path_4","y":270},
{"model":"block_random/dirt_path_5"},
{"model":"block_random/dirt_path_5","y":90},
{"model":"block_random/dirt_path_5","y":180},
{"model":"block_random/dirt_path_5","y":270},
{"model":"block_random/dirt_path_6"},
{"model":"block_random/dirt_path_6","y":90},
{"model":"block_random/dirt_path_6","y":180},
{"model":"block_random/dirt_path_6","y":270},
{"model":"block_random/dirt_path_7"},
{"model":"block_random/dirt_path_7","y":90},
{"model":"block_random/dirt_path_7","y":180},
{"model":"block_random/dirt_path_7","y":270}
]
}
}