{
    "textures": {
        "particle": "#0"
    },
    "elements": [
        {
            "from": [
                6,
                0,
                6
            ],
            "to": [
                10,
                16,
                10
            ],
            "faces": {
                "north": {
                    "uv": [
                        0,
                        0,
                        4,
                        16
                    ],
                    "texture": "#0"
                },
                "east": {
                    "uv": [
                        0,
                        0,
                        4,
                        16
                    ],
                    "texture": "#0"
                },
                "south": {
                    "uv": [
                        0,
                        0,
                        4,
                        16
                    ],
                    "texture": "#0"
                },
                "west": {
                    "uv": [
                        0,
                        0,
                        4,
                        16
                    ],
                    "texture": "#0"
                },
                "up": {
                    "uv": [
                        4,
                        6,
                        8,
                        10
                    ],
                    "texture": "#0",
                    "cullface": "up"
                },
                "down": {
                    "uv": [
                        4,
                        6,
                        8,
                        10
                    ],
                    "texture": "#0",
                    "cullface": "down"
                }
            }
        }
    ]
}