{
    "textures": {
        "particle": "#0"
    },
    "elements": [
        {
            "from": [
                0,
                2,
                7
            ],
            "to": [
                2,
                13,
                9
            ],
            "faces": {
                "north": {
                    "uv": [
                        0,
                        0,
                        2,
                        11
                    ],
                    "texture": "#0"
                },
                "east": {
                    "uv": [
                        14,
                        0,
                        16,
                        11
                    ],
                    "texture": "#0"
                },
                "south": {
                    "uv": [
                        0,
                        0,
                        2,
                        11
                    ],
                    "texture": "#0"
                },
                "west": {
                    "uv": [
                        14,
                        0,
                        16,
                        11
                    ],
                    "texture": "#0",
                    "cullface": "west"
                },
                "up": {
                    "uv": [
                        14,
                        11,
                        16,
                        13
                    ],
                    "rotation": 90,
                    "texture": "#0"
                },
                "down": {
                    "uv": [
                        14,
                        13,
                        16,
                        15
                    ],
                    "rotation": 270,
                    "texture": "#0"
                }
            }
        },
        {
            "from": [
                14,
                2,
                7
            ],
            "to": [
                16,
                13,
                9
            ],
            "faces": {
                "north": {
                    "uv": [
                        14,
                        0,
                        16,
                        11
                    ],
                    "texture": "#0"
                },
                "east": {
                    "uv": [
                        0,
                        0,
                        2,
                        11
                    ],
                    "texture": "#0",
                    "cullface": "east"
                },
                "south": {
                    "uv": [
                        14,
                        0,
                        16,
                        11
                    ],
                    "texture": "#0"
                },
                "west": {
                    "uv": [
                        0,
                        0,
                        2,
                        11
                    ],
                    "texture": "#0"
                },
                "up": {
                    "uv": [
                        0,
                        11,
                        2,
                        13
                    ],
                    "rotation": 270,
                    "texture": "#0"
                },
                "down": {
                    "uv": [
                        0,
                        13,
                        2,
                        15
                    ],
                    "rotation": 90,
                    "texture": "#0"
                }
            }
        },
        {
            "from": [
                0,
                3,
                13
            ],
            "to": [
                2,
                12,
                15
            ],
            "faces": {
                "north": {
                    "uv": [
                        6,
                        0,
                        8,
                        9
                    ],
                    "texture": "#0"
                },
                "east": {
                    "uv": [
                        8,
                        0,
                        10,
                        9
                    ],
                    "texture": "#0"
                },
                "south": {
                    "uv": [
                        6,
                        0,
                        8,
                        9
                    ],
                    "texture": "#0"
                },
                "west": {
                    "uv": [
                        8,
                        0,
                        10,
                        9
                    ],
                    "texture": "#0"
                },
                "up": {
                    "uv": [
                        6,
                        11,
                        8,
                        13
                    ],
                    "rotation": 90,
                    "texture": "#0"
                },
                "down": {
                    "uv": [
                        6,
                        13,
                        8,
                        15
                    ],
                    "rotation": 270,
                    "texture": "#0"
                }
            }
        },
        {
            "from": [
                14,
                3,
                13
            ],
            "to": [
                16,
                12,
                15
            ],
            "faces": {
                "north": {
                    "uv": [
                        8,
                        0,
                        10,
                        9
                    ],
                    "texture": "#0"
                },
                "east": {
                    "uv": [
                        6,
                        0,
                        8,
                        9
                    ],
                    "texture": "#0"
                },
                "south": {
                    "uv": [
                        8,
                        0,
                        10,
                        9
                    ],
                    "texture": "#0"
                },
                "west": {
                    "uv": [
                        6,
                        0,
                        8,
                        9
                    ],
                    "texture": "#0"
                },
                "up": {
                    "uv": [
                        8,
                        11,
                        10,
                        13
                    ],
                    "rotation": 270,
                    "texture": "#0"
                },
                "down": {
                    "uv": [
                        8,
                        13,
                        10,
                        15
                    ],
                    "rotation": 90,
                    "texture": "#0"
                }
            }
        },
        {
            "from": [
                0,
                3,
                9
            ],
            "to": [
                2,
                6,
                13
            ],
            "faces": {
                "east": {
                    "uv": [
                        10,
                        6,
                        14,
                        9
                    ],
                    "texture": "#0"
                },
                "west": {
                    "uv": [
                        2,
                        6,
                        6,
                        9
                    ],
                    "texture": "#0"
                },
                "up": {
                    "uv": [
                        2,
                        11,
                        6,
                        13
                    ],
                    "rotation": 90,
                    "texture": "#0"
                },
                "down": {
                    "uv": [
                        2,
                        13,
                        6,
                        15
                    ],
                    "rotation": 270,
                    "texture": "#0"
                }
            }
        },
        {
            "from": [
                0,
                9,
                9
            ],
            "to": [
                2,
                12,
                13
            ],
            "faces": {
                "east": {
                    "uv": [
                        10,
                        0,
                        14,
                        3
                    ],
                    "texture": "#0"
                },
                "west": {
                    "uv": [
                        2,
                        0,
                        6,
                        3
                    ],
                    "texture": "#0"
                },
                "up": {
                    "uv": [
                        2,
                        11,
                        6,
                        13
                    ],
                    "rotation": 90,
                    "texture": "#0"
                },
                "down": {
                    "uv": [
                        2,
                        13,
                        6,
                        15
                    ],
                    "rotation": 270,
                    "texture": "#0"
                }
            }
        },
        {
            "from": [
                14,
                3,
                9
            ],
            "to": [
                16,
                6,
                13
            ],
            "faces": {
                "east": {
                    "uv": [
                        10,
                        6,
                        14,
                        9
                    ],
                    "texture": "#0"
                },
                "west": {
                    "uv": [
                        2,
                        6,
                        6,
                        9
                    ],
                    "texture": "#0"
                },
                "up": {
                    "uv": [
                        10,
                        11,
                        14,
                        13
                    ],
                    "rotation": 270,
                    "texture": "#0"
                },
                "down": {
                    "uv": [
                        10,
                        13,
                        14,
                        15
                    ],
                    "rotation": 90,
                    "texture": "#0"
                }
            }
        },
        {
            "from": [
                14,
                9,
                9
            ],
            "to": [
                16,
                12,
                13
            ],
            "faces": {
                "east": {
                    "uv": [
                        10,
                        0,
                        14,
                        3
                    ],
                    "texture": "#0"
                },
                "west": {
                    "uv": [
                        2,
                        0,
                        6,
                        3
                    ],
                    "texture": "#0"
                },
                "up": {
                    "uv": [
                        10,
                        11,
                        14,
                        13
                    ],
                    "rotation": 270,
                    "texture": "#0"
                },
                "down": {
                    "uv": [
                        10,
                        13,
                        14,
                        15
                    ],
                    "rotation": 90,
                    "texture": "#0"
                }
            }
        }
    ]
}