{
	"textures":{
		"0":"item/mailbox/shipping",
		"particle":"item/mailbox/shipping"
	},
	"elements":[
		{
			"from":[6,0,6],
			"to":[10,14,10],
			"faces":{
				"north":{"uv":[0,11,7,13],"rotation":90,"texture":"#0"},
				"east":{"uv":[0,11,7,13],"rotation":90,"texture":"#0"},
				"south":{"uv":[0,11,7,13],"rotation":90,"texture":"#0"},
				"west":{"uv":[0,11,7,13],"rotation":90,"texture":"#0"},
				"down":{"uv":[1,8,3,10],"texture":"#0"}
			}
		},
		{
			"from":[4,14,4],
			"to":[12,16,12],
			"faces":{
				"north":{"uv":[0,6.5,4,7.5],"texture":"#0"},
				"east":{"uv":[0,6.5,4,7.5],"texture":"#0"},
				"south":{"uv":[0,6.5,4,7.5],"texture":"#0"},
				"west":{"uv":[0,6.5,4,7.5],"texture":"#0"},
				"down":{"uv":[0,7,4,11],"texture":"#0"}
			}
		},
		{
			"from":[0,16,0],
			"to":[16,19,16],
			"faces":{
				"north":{"uv":[0,14.5,8,16],"texture":"#0"},
				"east":{"uv":[0,14.5,8,16],"texture":"#0"},
				"south":{"uv":[0,14.5,8,16],"texture":"#0"},
				"west":{"uv":[0,14.5,8,16],"texture":"#0"},
				"up":{"uv":[8,0,16,8],"texture":"#0"},
				"down":{"uv":[8,8,16,16],"texture":"#0"}
			}
		},
		{
			"from":[15.5,19,0.5],
			"to":[15.5,22,15.5],
			"faces":{
				"east":{"uv":[0,13,7.5,14.5],"texture":"#0"},
				"west":{"uv":[0,13,7.5,14.5],"texture":"#0"}
			}
		},
		{
			"from":[0.5,19,0.5],
			"to":[0.5,22,15.5],
			"faces":{
				"east":{"uv":[0,13,7.5,14.5],"texture":"#0"},
				"west":{"uv":[0,13,7.5,14.5],"texture":"#0"}
			}
		},
		{
			"from":[0.5,19,15.5],
			"to":[15.5,22,15.5],
			"faces":{
				"north":{"uv":[0,13,7.5,14.5],"texture":"#0"},
				"south":{"uv":[0,13,7.5,14.5],"texture":"#0"}
			}
		}
	]
}