{
"variants":{
"face=ceiling,facing=east,powered=false":{"model":"minecraft:block/stone_button","x":180,"y":270},
"face=ceiling,facing=east,powered=true":{"model":"minecraft:block/stone_button_pressed","x":180,"y":270},
"face=ceiling,facing=north,powered=false":{"model":"minecraft:block/stone_button","x":180,"y":180},
"face=ceiling,facing=north,powered=true":{"model":"minecraft:block/stone_button_pressed","x":180,"y":180},
"face=ceiling,facing=south,powered=false":{"model":"minecraft:block/stone_button","x":180},
"face=ceiling,facing=south,powered=true":{"model":"minecraft:block/stone_button_pressed","x":180},
"face=ceiling,facing=west,powered=false":{"model":"minecraft:block/stone_button","x":180,"y":90},
"face=ceiling,facing=west,powered=true":{"model":"minecraft:block/stone_button_pressed","x":180,"y":90},
"face=floor,facing=east,powered=false":{"model":"minecraft:block/stone_button","y":90},
"face=floor,facing=east,powered=true":{"model":"minecraft:block/stone_button_pressed","y":90},

"face=floor,facing=north,powered=false":[
{"model":"decorations/pebbles_1"},
{"model":"decorations/pebbles_1","y":90},
{"model":"decorations/pebbles_1","y":180},
{"model":"decorations/pebbles_1","y":270},
{"model":"decorations/pebbles_2"},
{"model":"decorations/pebbles_2","y":90},
{"model":"decorations/pebbles_2","y":180},
{"model":"decorations/pebbles_2","y":270},
{"model":"decorations/pebbles_3"},
{"model":"decorations/pebbles_3","y":90},
{"model":"decorations/pebbles_3","y":180},
{"model":"decorations/pebbles_3","y":270},
{"model":"decorations/pebbles_4"},
{"model":"decorations/pebbles_4","y":90},
{"model":"decorations/pebbles_4","y":180},
{"model":"decorations/pebbles_4","y":270},
{"model":"decorations/pebbles_5"},
{"model":"decorations/pebbles_5","y":90},
{"model":"decorations/pebbles_5","y":180},
{"model":"decorations/pebbles_5","y":270}],

"face=floor,facing=north,powered=true":{"model":"minecraft:block/stone_button_pressed"},
"face=floor,facing=south,powered=false":{"model":"minecraft:block/stone_button"},
"face=floor,facing=south,powered=true":{"model":"minecraft:block/stone_button_pressed","y":180},
"face=floor,facing=west,powered=false":{"model":"minecraft:block/stone_button","y":270},
"face=floor,facing=west,powered=true":{"model":"minecraft:block/stone_button_pressed","y":270},
"face=wall,facing=east,powered=false":{"model":"minecraft:block/stone_button","uvlock":true,"x":90,"y":90},
"face=wall,facing=east,powered=true":{"model":"minecraft:block/stone_button_pressed","uvlock":true,"x":90,"y":90},
"face=wall,facing=north,powered=false":{"model":"minecraft:block/stone_button","uvlock":true,"x":90},
"face=wall,facing=north,powered=true":{"model":"minecraft:block/stone_button_pressed","uvlock":true,"x":90},
"face=wall,facing=south,powered=false":{"model":"minecraft:block/stone_button","uvlock":true,"x":90,"y":180},
"face=wall,facing=south,powered=true":{"model":"minecraft:block/stone_button_pressed","uvlock":true,"x":90,"y":180},
"face=wall,facing=west,powered=false":{"model":"minecraft:block/stone_button","uvlock":true,"x":90,"y":270},
"face=wall,facing=west,powered=true":{"model":"minecraft:block/stone_button_pressed","uvlock":true,"x":90,"y":270}
}
}