{
    "variants":{       
        "north=false,east=false,south=false,west=false,attached=false,disarmed=false,powered=false":{"model":"block/tripwire_nsew"},
        "north=true,east=false,south=false,west=false,attached=false,disarmed=false,powered=false":{"model":"block/tripwire_nsew"},
        "north=false,east=true,south=false,west=false,attached=false,disarmed=false,powered=false":{"model":"block/tripwire_nsew"},
        "north=true,east=true,south=false,west=false,attached=false,disarmed=false,powered=false":{"model":"block/tripwire_nsew"},
        "north=false,east=false,south=true,west=false,attached=false,disarmed=false,powered=false":{"model":"block/tripwire_nsew"},
        "north=true,east=false,south=true,west=false,attached=false,disarmed=false,powered=false":{"model":"block/tripwire_nsew"},
        "north=false,east=true,south=true,west=false,attached=false,disarmed=false,powered=false":{"model":"block/tripwire_nsew"},
        "north=true,east=true,south=true,west=false,attached=false,disarmed=false,powered=false":{"model":"block/tripwire_nsew"},
        "north=false,east=false,south=false,west=true,attached=false,disarmed=false,powered=false":{"model":"block/tripwire_nsew"},
        "north=true,east=false,south=false,west=true,attached=false,disarmed=false,powered=false":{"model":"block/tripwire_nsew"},
        "north=false,east=true,south=false,west=true,attached=false,disarmed=false,powered=false":{"model":"block/tripwire_nsew"},
        "north=true,east=true,south=false,west=true,attached=false,disarmed=false,powered=false":{"model":"block/tripwire_nsew"},
        "north=false,east=false,south=true,west=true,attached=false,disarmed=false,powered=false":{"model":"block/tripwire_nsew"},
        "north=true,east=false,south=true,west=true,attached=false,disarmed=false,powered=false":{"model":"block/tripwire_nsew"},
        "north=false,east=true,south=true,west=true,attached=false,disarmed=false,powered=false":{"model":"block/tripwire_nsew"},
        "north=true,east=true,south=true,west=true,attached=false,disarmed=false,powered=false":{"model":"block/tripwire_nsew"},
        "north=false,east=false,south=false,west=false,attached=true,disarmed=false,powered=false":{"model":"block/tripwire_nsew"},
        "north=true,east=false,south=false,west=false,attached=true,disarmed=false,powered=false":{"model":"block/tripwire_nsew"},
        "north=false,east=true,south=false,west=false,attached=true,disarmed=false,powered=false":{"model":"block/tripwire_nsew"},
        "north=true,east=true,south=false,west=false,attached=true,disarmed=false,powered=false":{"model":"block/tripwire_nsew"},
        "north=false,east=false,south=true,west=false,attached=true,disarmed=false,powered=false":{"model":"block/tripwire_nsew"},
        "north=true,east=false,south=true,west=false,attached=true,disarmed=false,powered=false":{"model":"block/tripwire_nsew"},
        "north=false,east=true,south=true,west=false,attached=true,disarmed=false,powered=false":{"model":"block/tripwire_nsew"},
        "north=true,east=true,south=true,west=false,attached=true,disarmed=false,powered=false":{"model":"block/tripwire_nsew"},
        "north=false,east=false,south=false,west=true,attached=true,disarmed=false,powered=false":{"model":"block/tripwire_nsew"},
        "north=true,east=false,south=false,west=true,attached=true,disarmed=false,powered=false":{"model":"block/tripwire_nsew"},
        "north=false,east=true,south=false,west=true,attached=true,disarmed=false,powered=false":{"model":"block/tripwire_nsew"},
        "north=true,east=true,south=false,west=true,attached=true,disarmed=false,powered=false":{"model":"block/tripwire_nsew"},
        "north=false,east=false,south=true,west=true,attached=true,disarmed=false,powered=false":{"model":"block/tripwire_nsew"},
        "north=true,east=false,south=true,west=true,attached=true,disarmed=false,powered=false":{"model":"block/tripwire_nsew"},
        "north=false,east=true,south=true,west=true,attached=true,disarmed=false,powered=false":{"model":"block/tripwire_nsew"},
        "north=true,east=true,south=true,west=true,attached=true,disarmed=false,powered=false":{"model":"block/tripwire_nsew"},
        "north=false,east=false,south=false,west=false,attached=false,disarmed=true,powered=false":{"model":"block/tripwire_nsew"},
        "north=true,east=false,south=false,west=false,attached=false,disarmed=true,powered=false":{"model":"block/tripwire_nsew"},
        "north=false,east=true,south=false,west=false,attached=false,disarmed=true,powered=false":{"model":"block/tripwire_nsew"},
        "north=true,east=true,south=false,west=false,attached=false,disarmed=true,powered=false":{"model":"block/tripwire_nsew"},
        "north=false,east=false,south=true,west=false,attached=false,disarmed=true,powered=false":{"model":"block/tripwire_nsew"},
        "north=true,east=false,south=true,west=false,attached=false,disarmed=true,powered=false":{"model":"block/tripwire_nsew"},
        "north=false,east=true,south=true,west=false,attached=false,disarmed=true,powered=false":{"model":"block/tripwire_nsew"},
        "north=true,east=true,south=true,west=false,attached=false,disarmed=true,powered=false":{"model":"block/tripwire_nsew"},
        "north=false,east=false,south=false,west=true,attached=false,disarmed=true,powered=false":{"model":"block/tripwire_nsew"},
        "north=true,east=false,south=false,west=true,attached=false,disarmed=true,powered=false":{"model":"block/tripwire_nsew"},
        "north=false,east=true,south=false,west=true,attached=false,disarmed=true,powered=false":{"model":"block/tripwire_nsew"},
        "north=true,east=true,south=false,west=true,attached=false,disarmed=true,powered=false":{"model":"block/tripwire_nsew"},
        "north=false,east=false,south=true,west=true,attached=false,disarmed=true,powered=false":{"model":"block/tripwire_nsew"},
        "north=true,east=false,south=true,west=true,attached=false,disarmed=true,powered=false":{"model":"block/tripwire_nsew"},
        "north=false,east=true,south=true,west=true,attached=false,disarmed=true,powered=false":{"model":"block/tripwire_nsew"},
        "north=true,east=true,south=true,west=true,attached=false,disarmed=true,powered=false":{"model":"block/tripwire_nsew"},
        "north=false,east=false,south=false,west=false,attached=true,disarmed=true,powered=false":{"model":"block/tripwire_nsew"},
        "north=true,east=false,south=false,west=false,attached=true,disarmed=true,powered=false":{"model":"block/tripwire_nsew"},
        "north=false,east=true,south=false,west=false,attached=true,disarmed=true,powered=false":{"model":"block/tripwire_nsew"},
        "north=true,east=true,south=false,west=false,attached=true,disarmed=true,powered=false":{"model":"block/tripwire_nsew"},
        "north=false,east=false,south=true,west=false,attached=true,disarmed=true,powered=false":{"model":"block/tripwire_nsew"},
        "north=true,east=false,south=true,west=false,attached=true,disarmed=true,powered=false":{"model":"block/tripwire_nsew"},
        "north=false,east=true,south=true,west=false,attached=true,disarmed=true,powered=false":{"model":"block/tripwire_nsew"},
        "north=true,east=true,south=true,west=false,attached=true,disarmed=true,powered=false":{"model":"block/tripwire_nsew"},
        "north=false,east=false,south=false,west=true,attached=true,disarmed=true,powered=false":{"model":"block/tripwire_nsew"},
        "north=true,east=false,south=false,west=true,attached=true,disarmed=true,powered=false":{"model":"block/tripwire_nsew"},
        "north=false,east=true,south=false,west=true,attached=true,disarmed=true,powered=false":{"model":"block/tripwire_nsew"},
        "north=true,east=true,south=false,west=true,attached=true,disarmed=true,powered=false":{"model":"block/tripwire_nsew"},
        "north=false,east=false,south=true,west=true,attached=true,disarmed=true,powered=false":{"model":"block/tripwire_nsew"},
        "north=true,east=false,south=true,west=true,attached=true,disarmed=true,powered=false":{"model":"block/tripwire_nsew"},
        "north=false,east=true,south=true,west=true,attached=true,disarmed=true,powered=false":{"model":"block/tripwire_nsew"},
        "north=true,east=true,south=true,west=true,attached=true,disarmed=true,powered=false":{"model":"block/tripwire_nsew"},
        "north=false,east=false,south=false,west=false,attached=false,disarmed=false,powered=true":[
            {"model":"decorations/rock_1"},
            {"model":"decorations/rock_1","y":90},
            {"model":"decorations/rock_1","y":180},
            {"model":"decorations/rock_1","y":270},
            {"model":"decorations/rock_2"},
            {"model":"decorations/rock_2","y":90},
            {"model":"decorations/rock_2","y":180},
            {"model":"decorations/rock_2","y":270},
            {"model":"decorations/rock_3"},
            {"model":"decorations/rock_3","y":90},
            {"model":"decorations/rock_3","y":180},
            {"model":"decorations/rock_3","y":270}],

        "north=true,east=false,south=false,west=false,attached=false,disarmed=false,powered=true":{"model":"block/tripwire_nsew"},
        "north=false,east=true,south=false,west=false,attached=false,disarmed=false,powered=true":{"model":"block/tripwire_nsew"},
        "north=true,east=true,south=false,west=false,attached=false,disarmed=false,powered=true":{"model":"block/tripwire_nsew"},
        "north=false,east=false,south=true,west=false,attached=false,disarmed=false,powered=true":{"model":"block/tripwire_nsew"},
        "north=true,east=false,south=true,west=false,attached=false,disarmed=false,powered=true":{"model":"block/tripwire_nsew"},
        "north=false,east=true,south=true,west=false,attached=false,disarmed=false,powered=true":{"model":"block/tripwire_nsew"},
        "north=true,east=true,south=true,west=false,attached=false,disarmed=false,powered=true":{"model":"block/tripwire_nsew"},
        "north=false,east=false,south=false,west=true,attached=false,disarmed=false,powered=true":{"model":"block/tripwire_nsew"},
        "north=true,east=false,south=false,west=true,attached=false,disarmed=false,powered=true":{"model":"block/tripwire_nsew"},
        "north=false,east=true,south=false,west=true,attached=false,disarmed=false,powered=true":{"model":"block/tripwire_nsew"},
        "north=true,east=true,south=false,west=true,attached=false,disarmed=false,powered=true":{"model":"block/tripwire_nsew"},
        "north=false,east=false,south=true,west=true,attached=false,disarmed=false,powered=true":{"model":"block/tripwire_nsew"},
        "north=true,east=false,south=true,west=true,attached=false,disarmed=false,powered=true":{"model":"block/tripwire_nsew"},
        "north=false,east=true,south=true,west=true,attached=false,disarmed=false,powered=true":{"model":"block/tripwire_nsew"},
        "north=true,east=true,south=true,west=true,attached=false,disarmed=false,powered=true":{"model":"block/tripwire_nsew"},
        "north=false,east=false,south=false,west=false,attached=true,disarmed=false,powered=true":{"model":"block/tripwire_nsew"},
        "north=true,east=false,south=false,west=false,attached=true,disarmed=false,powered=true":{"model":"block/tripwire_nsew"},
        "north=false,east=true,south=false,west=false,attached=true,disarmed=false,powered=true":{"model":"block/tripwire_nsew"},
        "north=true,east=true,south=false,west=false,attached=true,disarmed=false,powered=true":{"model":"block/tripwire_nsew"},
        "north=false,east=false,south=true,west=false,attached=true,disarmed=false,powered=true":{"model":"block/tripwire_nsew"},
        "north=true,east=false,south=true,west=false,attached=true,disarmed=false,powered=true":{"model":"block/tripwire_nsew"},
        "north=false,east=true,south=true,west=false,attached=true,disarmed=false,powered=true":{"model":"block/tripwire_nsew"},
        "north=true,east=true,south=true,west=false,attached=true,disarmed=false,powered=true":{"model":"block/tripwire_nsew"},
        "north=false,east=false,south=false,west=true,attached=true,disarmed=false,powered=true":{"model":"block/tripwire_nsew"},
        "north=true,east=false,south=false,west=true,attached=true,disarmed=false,powered=true":{"model":"block/tripwire_nsew"},
        "north=false,east=true,south=false,west=true,attached=true,disarmed=false,powered=true":{"model":"block/tripwire_nsew"},
        "north=true,east=true,south=false,west=true,attached=true,disarmed=false,powered=true":{"model":"block/tripwire_nsew"},
        "north=false,east=false,south=true,west=true,attached=true,disarmed=false,powered=true":{"model":"block/tripwire_nsew"},
        "north=true,east=false,south=true,west=true,attached=true,disarmed=false,powered=true":{"model":"block/tripwire_nsew"},
        "north=false,east=true,south=true,west=true,attached=true,disarmed=false,powered=true":{"model":"block/tripwire_nsew"},
        "north=true,east=true,south=true,west=true,attached=true,disarmed=false,powered=true":{"model":"block/tripwire_nsew"},
        "north=false,east=false,south=false,west=false,attached=false,disarmed=true,powered=true":{"model":"block/tripwire_nsew"},
        "north=true,east=false,south=false,west=false,attached=false,disarmed=true,powered=true":{"model":"block/tripwire_nsew"},
        "north=false,east=true,south=false,west=false,attached=false,disarmed=true,powered=true":{"model":"block/tripwire_nsew"},
        "north=true,east=true,south=false,west=false,attached=false,disarmed=true,powered=true":{"model":"block/tripwire_nsew"},
        "north=false,east=false,south=true,west=false,attached=false,disarmed=true,powered=true":{"model":"block/tripwire_nsew"},
        "north=true,east=false,south=true,west=false,attached=false,disarmed=true,powered=true":{"model":"block/tripwire_nsew"},
        "north=false,east=true,south=true,west=false,attached=false,disarmed=true,powered=true":{"model":"block/tripwire_nsew"},
        "north=true,east=true,south=true,west=false,attached=false,disarmed=true,powered=true":{"model":"block/tripwire_nsew"},
        "north=false,east=false,south=false,west=true,attached=false,disarmed=true,powered=true":{"model":"block/tripwire_nsew"},
        "north=true,east=false,south=false,west=true,attached=false,disarmed=true,powered=true":{"model":"block/tripwire_nsew"},
        "north=false,east=true,south=false,west=true,attached=false,disarmed=true,powered=true":{"model":"block/tripwire_nsew"},
        "north=true,east=true,south=false,west=true,attached=false,disarmed=true,powered=true":{"model":"block/tripwire_nsew"},
        "north=false,east=false,south=true,west=true,attached=false,disarmed=true,powered=true":{"model":"block/tripwire_nsew"},
        "north=true,east=false,south=true,west=true,attached=false,disarmed=true,powered=true":{"model":"block/tripwire_nsew"},
        "north=false,east=true,south=true,west=true,attached=false,disarmed=true,powered=true":{"model":"block/tripwire_nsew"},
        "north=true,east=true,south=true,west=true,attached=false,disarmed=true,powered=true":{"model":"block/tripwire_nsew"},
        "north=false,east=false,south=false,west=false,attached=true,disarmed=true,powered=true":{"model":"block_plant/leaves/swamp_moss_0"},
		
        "north=true,east=false,south=false,west=false,attached=true,disarmed=true,powered=true":[
		{"model":"block_plant/leaves/leaf_pile_0"},
		{"model":"block_plant/leaves/leaf_pile_0","y":90},
		{"model":"block_plant/leaves/leaf_pile_0","y":180},
		{"model":"block_plant/leaves/leaf_pile_0","y":270},
		{"model":"block_plant/leaves/leaf_pile_1"},
		{"model":"block_plant/leaves/leaf_pile_1","y":90},
		{"model":"block_plant/leaves/leaf_pile_1","y":180},
		{"model":"block_plant/leaves/leaf_pile_1","y":270}],
		
        "north=false,east=true,south=false,west=false,attached=true,disarmed=true,powered=true":[
		{"model":"block_plant/leaves/leaf_pile_autumn_0"},
		{"model":"block_plant/leaves/leaf_pile_autumn_0","y":90},
		{"model":"block_plant/leaves/leaf_pile_autumn_0","y":180},
		{"model":"block_plant/leaves/leaf_pile_autumn_0","y":270},
		{"model":"block_plant/leaves/leaf_pile_autumn_1"},
		{"model":"block_plant/leaves/leaf_pile_autumn_1","y":90},
		{"model":"block_plant/leaves/leaf_pile_autumn_1","y":180},
		{"model":"block_plant/leaves/leaf_pile_autumn_1","y":270}],
        "north=true,east=true,south=false,west=false,attached=true,disarmed=true,powered=true":{"model":"block_plant/leaves/duckweed_0"},
        "north=false,east=false,south=true,west=false,attached=true,disarmed=true,powered=true":{"model":"block/tripwire_nsew"},
        "north=true,east=false,south=true,west=false,attached=true,disarmed=true,powered=true":{"model":"block/tripwire_nsew"},
        "north=false,east=true,south=true,west=false,attached=true,disarmed=true,powered=true":{"model":"block/tripwire_nsew"},
        "north=true,east=true,south=true,west=false,attached=true,disarmed=true,powered=true":{"model":"block/tripwire_nsew"},
        "north=false,east=false,south=false,west=true,attached=true,disarmed=true,powered=true":{"model":"block/tripwire_nsew"},
        "north=true,east=false,south=false,west=true,attached=true,disarmed=true,powered=true":{"model":"block/tripwire_nsew"},
        "north=false,east=true,south=false,west=true,attached=true,disarmed=true,powered=true":{"model":"block/tripwire_nsew"},
        "north=true,east=true,south=false,west=true,attached=true,disarmed=true,powered=true":{"model":"block/tripwire_nsew"},
        "north=false,east=false,south=true,west=true,attached=true,disarmed=true,powered=true":{"model":"block/tripwire_nsew"},
        "north=true,east=false,south=true,west=true,attached=true,disarmed=true,powered=true":{"model":"block/tripwire_nsew"},
        "north=false,east=true,south=true,west=true,attached=true,disarmed=true,powered=true":{"model":"block/tripwire_nsew"},
        "north=true,east=true,south=true,west=true,attached=true,disarmed=true,powered=true":{"model":"block/tripwire_nsew"}
    }
}