{
	"credit": "Made with Blockbench",
	"texture_size": [128, 128],
	"textures": {
		"0": "item/dreamfarers/reverie_drive_console",
		"particle": "item/dreamfarers/reverie_drive_console"
	},
	"elements": [
		{
			"from": [6, 0, 0],
			"to": [10, 4, 4],
			"rotation": {"angle": 0, "axis": "y", "origin": [6, 0, 0]},
			"color": 2,
			"faces": {
				"north": {"uv": [0, 0, 4, 4], "texture": "#missing"},
				"east": {"uv": [0, 0, 4, 4], "texture": "#missing"},
				"south": {"uv": [0, 0, 4, 4], "texture": "#missing"},
				"west": {"uv": [0, 0, 4, 4], "texture": "#missing"},
				"up": {"uv": [0, 0, 4, 4], "texture": "#missing"},
				"down": {"uv": [0, 0, 4, 4], "texture": "#missing"}
			}
		},
		{
			"from": [2, 1.17157, 2.82843],
			"to": [14, 5.17157, 8.32843],
			"rotation": {"angle": -45, "axis": "x", "origin": [6, 1.17157, 2.82843]},
			"color": 2,
			"faces": {
				"north": {"uv": [0, 0, 12, 4], "texture": "#missing"},
				"east": {"uv": [0, 0, 5.5, 4], "texture": "#missing"},
				"south": {"uv": [0, 0, 12, 4], "texture": "#missing"},
				"west": {"uv": [0, 0, 5.5, 4], "texture": "#missing"},
				"up": {"uv": [0, 0, 12, 5.5], "texture": "#missing"},
				"down": {"uv": [0, 0, 12, 5.5], "texture": "#missing"}
			}
		},
		{
			"from": [5, 4.67157, 1.82843],
			"to": [13, 6.17157, 7.32843],
			"rotation": {"angle": -45, "axis": "x", "origin": [7, 2.17157, 1.82843]},
			"color": 2,
			"faces": {
				"north": {"uv": [0, 0, 1, 0.1875], "texture": "#missing"},
				"east": {"uv": [0, 0, 0.6875, 0.1875], "texture": "#missing"},
				"south": {"uv": [0, 0, 1, 0.1875], "texture": "#missing"},
				"west": {"uv": [0, 0, 0.6875, 0.1875], "texture": "#missing"},
				"up": {"uv": [0, 0, 1, 0.6875], "texture": "#missing"},
				"down": {"uv": [0, 0, 1, 0.6875], "texture": "#missing"}
			}
		},
		{
			"from": [4, 5.02513, 3.47487],
			"to": [4.75, 5.27513, 5.97487],
			"rotation": {"angle": -45, "axis": "x", "origin": [5, 1.52513, 2.47487]},
			"color": 2,
			"faces": {
				"north": {"uv": [0, 0, 0.09375, 0.03125], "texture": "#missing"},
				"east": {"uv": [0, 0, 0.3125, 0.03125], "texture": "#missing"},
				"south": {"uv": [0, 0, 0.09375, 0.03125], "texture": "#missing"},
				"west": {"uv": [0, 0, 0.3125, 0.03125], "texture": "#missing"},
				"up": {"uv": [0, 0, 0.09375, 0.3125], "texture": "#missing"},
				"down": {"uv": [0, 0, 0.09375, 0.3125], "texture": "#missing"}
			}
		},
		{
			"from": [3, 5.02513, 3.47487],
			"to": [3.75, 5.27513, 5.97487],
			"rotation": {"angle": -45, "axis": "x", "origin": [4, 1.52513, 2.47487]},
			"color": 2,
			"faces": {
				"north": {"uv": [0, 0, 0.09375, 0.03125], "texture": "#missing"},
				"east": {"uv": [0, 0, 0.3125, 0.03125], "texture": "#missing"},
				"south": {"uv": [0, 0, 0.09375, 0.03125], "texture": "#missing"},
				"west": {"uv": [0, 0, 0.3125, 0.03125], "texture": "#missing"},
				"up": {"uv": [0, 0, 0.09375, 0.3125], "texture": "#missing"},
				"down": {"uv": [0, 0, 0.09375, 0.3125], "texture": "#missing"}
			}
		},
		{
			"from": [2, 0, 0],
			"to": [6, 4, 4],
			"rotation": {"angle": 0, "axis": "y", "origin": [2, 0, 0]},
			"color": 2,
			"faces": {
				"north": {"uv": [0, 0, 4, 4], "texture": "#missing"},
				"east": {"uv": [0, 0, 4, 4], "texture": "#missing"},
				"south": {"uv": [0, 0, 4, 4], "texture": "#missing"},
				"west": {"uv": [0, 0, 4, 4], "texture": "#missing"},
				"up": {"uv": [0, 0, 4, 4], "texture": "#missing"},
				"down": {"uv": [0, 0, 4, 4], "texture": "#missing"}
			}
		},
		{
			"from": [10, 0, 0],
			"to": [14, 4, 4],
			"rotation": {"angle": 0, "axis": "y", "origin": [10, 0, 0]},
			"color": 2,
			"faces": {
				"north": {"uv": [0, 0, 4, 4], "texture": "#missing"},
				"east": {"uv": [0, 0, 4, 4], "texture": "#missing"},
				"south": {"uv": [0, 0, 4, 4], "texture": "#missing"},
				"west": {"uv": [0, 0, 4, 4], "texture": "#missing"},
				"up": {"uv": [0, 0, 4, 4], "texture": "#missing"},
				"down": {"uv": [0, 0, 4, 4], "texture": "#missing"}
			}
		},
		{
			"from": [1, 0, -5],
			"to": [15, 2, 0],
			"rotation": {"angle": 0, "axis": "y", "origin": [10, 0, -4]},
			"faces": {
				"north": {"uv": [0, 0, 14, 2], "texture": "#0"},
				"east": {"uv": [7.125, 13.5, 8.125, 16], "rotation": 90, "texture": "#0"},
				"south": {"uv": [0, 0, 14, 2], "texture": "#0"},
				"west": {"uv": [7.125, 13.5, 8.125, 16], "rotation": 90, "texture": "#0"},
				"up": {"uv": [0, 16, 7.25, 13.5], "texture": "#0"},
				"down": {"uv": [0, 0, 14, 5], "texture": "#0"}
			}
		},
		{
			"from": [1, 0.12151, -8.93015],
			"to": [15, 0.62151, -3.93015],
			"rotation": {"angle": -22.5, "axis": "x", "origin": [10, -1.37849, -7.93015]},
			"faces": {
				"north": {"uv": [0.125, 13.5, 7.125, 13.75], "texture": "#0"},
				"east": {"uv": [0.125, 13.5, 2.625, 13.75], "texture": "#0"},
				"south": {"uv": [0, 0, 14, 0.5], "texture": "#0"},
				"west": {"uv": [0.125, 13.5, 2.625, 13.75], "texture": "#0"},
				"up": {"uv": [7.25, 13.5, 0, 16], "texture": "#0"},
				"down": {"uv": [0, 0, 14, 5], "texture": "#0"}
			}
		},
		{
			"from": [10, 0, 4],
			"to": [14, 4, 8],
			"rotation": {"angle": 0, "axis": "y", "origin": [10, 0, 4]},
			"color": 2,
			"faces": {
				"north": {"uv": [0, 0, 4, 4], "texture": "#missing"},
				"east": {"uv": [0, 0, 4, 4], "texture": "#missing"},
				"south": {"uv": [0, 0, 4, 4], "texture": "#missing"},
				"west": {"uv": [0, 0, 4, 4], "texture": "#missing"},
				"up": {"uv": [0, 0, 4, 4], "texture": "#missing"},
				"down": {"uv": [0, 0, 4, 4], "texture": "#missing"}
			}
		},
		{
			"from": [2, 7, 4],
			"to": [14, 12, 8],
			"rotation": {"angle": 0, "axis": "y", "origin": [10, 8, 4]},
			"color": 2,
			"faces": {
				"north": {"uv": [0, 0, 1.5, 0.625], "texture": "#missing"},
				"east": {"uv": [0, 0, 0.5, 0.625], "texture": "#missing"},
				"south": {"uv": [0, 0, 1.5, 0.625], "texture": "#missing"},
				"west": {"uv": [0, 0, 0.5, 0.625], "texture": "#missing"},
				"up": {"uv": [0, 0, 1.5, 0.5], "texture": "#missing"},
				"down": {"uv": [0, 0, 1.5, 0.5], "texture": "#missing"}
			}
		},
		{
			"from": [3, 9, 3.5],
			"to": [5, 11, 4],
			"rotation": {"angle": 0, "axis": "y", "origin": [1, 7, 3.5]},
			"color": 2,
			"faces": {
				"north": {"uv": [0, 0, 0.25, 0.25], "texture": "#missing"},
				"east": {"uv": [0, 0, 0.0625, 0.25], "texture": "#missing"},
				"south": {"uv": [0, 0, 0.25, 0.25], "texture": "#missing"},
				"west": {"uv": [0, 0, 0.0625, 0.25], "texture": "#missing"},
				"up": {"uv": [0, 0, 0.25, 0.0625], "texture": "#missing"},
				"down": {"uv": [0, 0, 0.25, 0.0625], "texture": "#missing"}
			}
		},
		{
			"from": [5.5, 9, 3.5],
			"to": [7.5, 11, 4],
			"rotation": {"angle": 0, "axis": "y", "origin": [3.5, 7, 3.5]},
			"color": 2,
			"faces": {
				"north": {"uv": [0, 0, 0.25, 0.25], "texture": "#missing"},
				"east": {"uv": [0, 0, 0.0625, 0.25], "texture": "#missing"},
				"south": {"uv": [0, 0, 0.25, 0.25], "texture": "#missing"},
				"west": {"uv": [0, 0, 0.0625, 0.25], "texture": "#missing"},
				"up": {"uv": [0, 0, 0.25, 0.0625], "texture": "#missing"},
				"down": {"uv": [0, 0, 0.25, 0.0625], "texture": "#missing"}
			}
		},
		{
			"from": [2, 8, 8],
			"to": [6, 12, 12],
			"rotation": {"angle": 0, "axis": "y", "origin": [2, 8, 8]},
			"color": 2,
			"faces": {
				"north": {"uv": [0, 0, 4, 4], "texture": "#missing"},
				"east": {"uv": [0, 0, 4, 4], "texture": "#missing"},
				"south": {"uv": [0, 0, 4, 4], "texture": "#missing"},
				"west": {"uv": [0, 0, 4, 4], "texture": "#missing"},
				"up": {"uv": [0, 0, 4, 4], "texture": "#missing"},
				"down": {"uv": [0, 0, 4, 4], "texture": "#missing"}
			}
		},
		{
			"from": [6, 8, 8],
			"to": [10, 12, 12],
			"rotation": {"angle": 0, "axis": "y", "origin": [6, 8, 8]},
			"color": 2,
			"faces": {
				"north": {"uv": [0, 0, 4, 4], "texture": "#missing"},
				"east": {"uv": [0, 0, 4, 4], "texture": "#missing"},
				"south": {"uv": [0, 0, 4, 4], "texture": "#missing"},
				"west": {"uv": [0, 0, 4, 4], "texture": "#missing"},
				"up": {"uv": [0, 0, 4, 4], "texture": "#missing"},
				"down": {"uv": [0, 0, 4, 4], "texture": "#missing"}
			}
		},
		{
			"from": [10, 8, 8],
			"to": [14, 12, 12],
			"rotation": {"angle": 0, "axis": "y", "origin": [10, 8, 8]},
			"color": 2,
			"faces": {
				"north": {"uv": [0, 0, 4, 4], "texture": "#missing"},
				"east": {"uv": [0, 0, 4, 4], "texture": "#missing"},
				"south": {"uv": [0, 0, 4, 4], "texture": "#missing"},
				"west": {"uv": [0, 0, 4, 4], "texture": "#missing"},
				"up": {"uv": [0, 0, 4, 4], "texture": "#missing"},
				"down": {"uv": [0, 0, 4, 4], "texture": "#missing"}
			}
		},
		{
			"from": [2, 4, 8],
			"to": [6, 8, 12],
			"rotation": {"angle": 0, "axis": "y", "origin": [2, 4, 8]},
			"color": 2,
			"faces": {
				"north": {"uv": [0, 0, 4, 4], "texture": "#missing"},
				"east": {"uv": [0, 0, 4, 4], "texture": "#missing"},
				"south": {"uv": [0, 0, 4, 4], "texture": "#missing"},
				"west": {"uv": [0, 0, 4, 4], "texture": "#missing"},
				"up": {"uv": [0, 0, 4, 4], "texture": "#missing"},
				"down": {"uv": [0, 0, 4, 4], "texture": "#missing"}
			}
		},
		{
			"from": [6, 4, 8],
			"to": [10, 8, 12],
			"rotation": {"angle": 0, "axis": "y", "origin": [6, 4, 8]},
			"color": 2,
			"faces": {
				"north": {"uv": [0, 0, 4, 4], "texture": "#missing"},
				"east": {"uv": [0, 0, 4, 4], "texture": "#missing"},
				"south": {"uv": [0, 0, 4, 4], "texture": "#missing"},
				"west": {"uv": [0, 0, 4, 4], "texture": "#missing"},
				"up": {"uv": [0, 0, 4, 4], "texture": "#missing"},
				"down": {"uv": [0, 0, 4, 4], "texture": "#missing"}
			}
		},
		{
			"from": [10, 4, 8],
			"to": [14, 8, 12],
			"rotation": {"angle": 0, "axis": "y", "origin": [10, 4, 8]},
			"color": 2,
			"faces": {
				"north": {"uv": [0, 0, 4, 4], "texture": "#missing"},
				"east": {"uv": [0, 0, 4, 4], "texture": "#missing"},
				"south": {"uv": [0, 0, 4, 4], "texture": "#missing"},
				"west": {"uv": [0, 0, 4, 4], "texture": "#missing"},
				"up": {"uv": [0, 0, 4, 4], "texture": "#missing"},
				"down": {"uv": [0, 0, 4, 4], "texture": "#missing"}
			}
		},
		{
			"from": [10, 0, 8],
			"to": [14, 4, 12],
			"rotation": {"angle": 0, "axis": "y", "origin": [10, 0, 8]},
			"color": 2,
			"faces": {
				"north": {"uv": [0, 0, 4, 4], "texture": "#missing"},
				"east": {"uv": [0, 0, 4, 4], "texture": "#missing"},
				"south": {"uv": [0, 0, 4, 4], "texture": "#missing"},
				"west": {"uv": [0, 0, 4, 4], "texture": "#missing"},
				"up": {"uv": [0, 0, 4, 4], "texture": "#missing"},
				"down": {"uv": [0, 0, 4, 4], "texture": "#missing"}
			}
		},
		{
			"from": [14, 16, 4],
			"to": [18, 20, 8],
			"rotation": {"angle": 0, "axis": "y", "origin": [14, 16, 4]},
			"color": 2,
			"faces": {
				"north": {"uv": [0, 0, 0.5, 0.5], "texture": "#missing"},
				"east": {"uv": [0, 0, 0.5, 0.5], "texture": "#missing"},
				"south": {"uv": [0, 0, 0.5, 0.5], "texture": "#missing"},
				"west": {"uv": [0, 0, 0.5, 0.5], "texture": "#missing"},
				"up": {"uv": [0, 0, 0.5, 0.5], "texture": "#missing"},
				"down": {"uv": [0, 0, 0.5, 0.5], "texture": "#missing"}
			}
		},
		{
			"from": [14, 20, 4],
			"to": [18, 24, 8],
			"rotation": {"angle": 0, "axis": "y", "origin": [14, 20, 4]},
			"color": 2,
			"faces": {
				"north": {"uv": [0, 0, 0.5, 0.5], "texture": "#missing"},
				"east": {"uv": [0, 0, 0.5, 0.5], "texture": "#missing"},
				"south": {"uv": [0, 0, 0.5, 0.5], "texture": "#missing"},
				"west": {"uv": [0, 0, 0.5, 0.5], "texture": "#missing"},
				"up": {"uv": [0, 0, 0.5, 0.5], "texture": "#missing"},
				"down": {"uv": [0, 0, 0.5, 0.5], "texture": "#missing"}
			}
		},
		{
			"from": [14, 20, 8],
			"to": [18, 24, 12],
			"rotation": {"angle": 0, "axis": "y", "origin": [14, 20, 8]},
			"color": 2,
			"faces": {
				"north": {"uv": [0, 0, 0.5, 0.5], "texture": "#missing"},
				"east": {"uv": [0, 0, 0.5, 0.5], "texture": "#missing"},
				"south": {"uv": [0, 0, 0.5, 0.5], "texture": "#missing"},
				"west": {"uv": [0, 0, 0.5, 0.5], "texture": "#missing"},
				"up": {"uv": [0, 0, 0.5, 0.5], "texture": "#missing"},
				"down": {"uv": [0, 0, 0.5, 0.5], "texture": "#missing"}
			}
		},
		{
			"from": [14, 20, 12],
			"to": [18, 24, 16],
			"rotation": {"angle": 0, "axis": "y", "origin": [14, 20, 12]},
			"color": 2,
			"faces": {
				"north": {"uv": [0, 0, 0.5, 0.5], "texture": "#missing"},
				"east": {"uv": [0, 0, 0.5, 0.5], "texture": "#missing"},
				"south": {"uv": [0, 0, 0.5, 0.5], "texture": "#missing"},
				"west": {"uv": [0, 0, 0.5, 0.5], "texture": "#missing"},
				"up": {"uv": [0, 0, 0.5, 0.5], "texture": "#missing"},
				"down": {"uv": [0, 0, 0.5, 0.5], "texture": "#missing"}
			}
		},
		{
			"from": [14, 20, 16],
			"to": [18, 24, 20],
			"rotation": {"angle": 0, "axis": "y", "origin": [14, 20, 16]},
			"color": 2,
			"faces": {
				"north": {"uv": [0, 0, 0.5, 0.5], "texture": "#missing"},
				"east": {"uv": [0, 0, 0.5, 0.5], "texture": "#missing"},
				"south": {"uv": [0, 0, 0.5, 0.5], "texture": "#missing"},
				"west": {"uv": [0, 0, 0.5, 0.5], "texture": "#missing"},
				"up": {"uv": [0, 0, 0.5, 0.5], "texture": "#missing"},
				"down": {"uv": [0, 0, 0.5, 0.5], "texture": "#missing"}
			}
		},
		{
			"from": [14, 20, 24],
			"to": [18, 24, 28],
			"rotation": {"angle": 0, "axis": "y", "origin": [14, 20, 24]},
			"color": 2,
			"faces": {
				"north": {"uv": [0, 0, 0.5, 0.5], "texture": "#missing"},
				"east": {"uv": [0, 0, 0.5, 0.5], "texture": "#missing"},
				"south": {"uv": [0, 0, 0.5, 0.5], "texture": "#missing"},
				"west": {"uv": [0, 0, 0.5, 0.5], "texture": "#missing"},
				"up": {"uv": [0, 0, 0.5, 0.5], "texture": "#missing"},
				"down": {"uv": [0, 0, 0.5, 0.5], "texture": "#missing"}
			}
		},
		{
			"from": [14, 20, 20],
			"to": [18, 24, 24],
			"rotation": {"angle": 0, "axis": "y", "origin": [14, 20, 20]},
			"color": 2,
			"faces": {
				"north": {"uv": [0, 0, 0.5, 0.5], "texture": "#missing"},
				"east": {"uv": [0, 0, 0.5, 0.5], "texture": "#missing"},
				"south": {"uv": [0, 0, 0.5, 0.5], "texture": "#missing"},
				"west": {"uv": [0, 0, 0.5, 0.5], "texture": "#missing"},
				"up": {"uv": [0, 0, 0.5, 0.5], "texture": "#missing"},
				"down": {"uv": [0, 0, 0.5, 0.5], "texture": "#missing"}
			}
		},
		{
			"from": [-2, 20, 24],
			"to": [2, 24, 28],
			"rotation": {"angle": 0, "axis": "y", "origin": [-2, 20, 24]},
			"color": 2,
			"faces": {
				"north": {"uv": [0, 0, 0.5, 0.5], "texture": "#missing"},
				"east": {"uv": [0, 0, 0.5, 0.5], "texture": "#missing"},
				"south": {"uv": [0, 0, 0.5, 0.5], "texture": "#missing"},
				"west": {"uv": [0, 0, 0.5, 0.5], "texture": "#missing"},
				"up": {"uv": [0, 0, 0.5, 0.5], "texture": "#missing"},
				"down": {"uv": [0, 0, 0.5, 0.5], "texture": "#missing"}
			}
		},
		{
			"from": [-2, 20, 20],
			"to": [2, 24, 24],
			"rotation": {"angle": 0, "axis": "y", "origin": [-2, 20, 20]},
			"color": 2,
			"faces": {
				"north": {"uv": [0, 0, 0.5, 0.5], "texture": "#missing"},
				"east": {"uv": [0, 0, 0.5, 0.5], "texture": "#missing"},
				"south": {"uv": [0, 0, 0.5, 0.5], "texture": "#missing"},
				"west": {"uv": [0, 0, 0.5, 0.5], "texture": "#missing"},
				"up": {"uv": [0, 0, 0.5, 0.5], "texture": "#missing"},
				"down": {"uv": [0, 0, 0.5, 0.5], "texture": "#missing"}
			}
		},
		{
			"from": [-2, 20, 8],
			"to": [2, 24, 12],
			"rotation": {"angle": 0, "axis": "y", "origin": [-2, 20, 8]},
			"color": 2,
			"faces": {
				"north": {"uv": [0, 0, 0.5, 0.5], "texture": "#missing"},
				"east": {"uv": [0, 0, 0.5, 0.5], "texture": "#missing"},
				"south": {"uv": [0, 0, 0.5, 0.5], "texture": "#missing"},
				"west": {"uv": [0, 0, 0.5, 0.5], "texture": "#missing"},
				"up": {"uv": [0, 0, 0.5, 0.5], "texture": "#missing"},
				"down": {"uv": [0, 0, 0.5, 0.5], "texture": "#missing"}
			}
		},
		{
			"from": [-2, 20, 12],
			"to": [2, 24, 16],
			"rotation": {"angle": 0, "axis": "y", "origin": [-2, 20, 12]},
			"color": 2,
			"faces": {
				"north": {"uv": [0, 0, 0.5, 0.5], "texture": "#missing"},
				"east": {"uv": [0, 0, 0.5, 0.5], "texture": "#missing"},
				"south": {"uv": [0, 0, 0.5, 0.5], "texture": "#missing"},
				"west": {"uv": [0, 0, 0.5, 0.5], "texture": "#missing"},
				"up": {"uv": [0, 0, 0.5, 0.5], "texture": "#missing"},
				"down": {"uv": [0, 0, 0.5, 0.5], "texture": "#missing"}
			}
		},
		{
			"from": [-2, 20, 16],
			"to": [2, 24, 20],
			"rotation": {"angle": 0, "axis": "y", "origin": [-2, 20, 16]},
			"color": 2,
			"faces": {
				"north": {"uv": [0, 0, 0.5, 0.5], "texture": "#missing"},
				"east": {"uv": [0, 0, 0.5, 0.5], "texture": "#missing"},
				"south": {"uv": [0, 0, 0.5, 0.5], "texture": "#missing"},
				"west": {"uv": [0, 0, 0.5, 0.5], "texture": "#missing"},
				"up": {"uv": [0, 0, 0.5, 0.5], "texture": "#missing"},
				"down": {"uv": [0, 0, 0.5, 0.5], "texture": "#missing"}
			}
		},
		{
			"from": [-2, 20, 4],
			"to": [2, 24, 8],
			"rotation": {"angle": 0, "axis": "y", "origin": [-2, 20, 4]},
			"color": 2,
			"faces": {
				"north": {"uv": [0, 0, 0.5, 0.5], "texture": "#missing"},
				"east": {"uv": [0, 0, 0.5, 0.5], "texture": "#missing"},
				"south": {"uv": [0, 0, 0.5, 0.5], "texture": "#missing"},
				"west": {"uv": [0, 0, 0.5, 0.5], "texture": "#missing"},
				"up": {"uv": [0, 0, 0.5, 0.5], "texture": "#missing"},
				"down": {"uv": [0, 0, 0.5, 0.5], "texture": "#missing"}
			}
		},
		{
			"from": [-2, 16, 4],
			"to": [2, 20, 8],
			"rotation": {"angle": 0, "axis": "y", "origin": [-2, 16, 4]},
			"color": 2,
			"faces": {
				"north": {"uv": [0, 0, 0.5, 0.5], "texture": "#missing"},
				"east": {"uv": [0, 0, 0.5, 0.5], "texture": "#missing"},
				"south": {"uv": [0, 0, 0.5, 0.5], "texture": "#missing"},
				"west": {"uv": [0, 0, 0.5, 0.5], "texture": "#missing"},
				"up": {"uv": [0, 0, 0.5, 0.5], "texture": "#missing"},
				"down": {"uv": [0, 0, 0.5, 0.5], "texture": "#missing"}
			}
		},
		{
			"from": [18, 12, 8],
			"to": [22, 16, 12],
			"rotation": {"angle": 0, "axis": "y", "origin": [18, 12, 8]},
			"color": 2,
			"faces": {
				"north": {"uv": [0, 0, 4, 4], "texture": "#missing"},
				"east": {"uv": [0, 0, 4, 4], "texture": "#missing"},
				"south": {"uv": [0, 0, 4, 4], "texture": "#missing"},
				"west": {"uv": [0, 0, 4, 4], "texture": "#missing"},
				"up": {"uv": [0, 0, 4, 4], "texture": "#missing"},
				"down": {"uv": [0, 0, 4, 4], "texture": "#missing"}
			}
		},
		{
			"from": [14, 12, 8],
			"to": [18, 16, 12],
			"rotation": {"angle": 0, "axis": "y", "origin": [14, 12, 8]},
			"color": 2,
			"faces": {
				"north": {"uv": [0, 0, 4, 4], "texture": "#missing"},
				"east": {"uv": [0, 0, 4, 4], "texture": "#missing"},
				"south": {"uv": [0, 0, 4, 4], "texture": "#missing"},
				"west": {"uv": [0, 0, 4, 4], "texture": "#missing"},
				"up": {"uv": [0, 0, 4, 4], "texture": "#missing"},
				"down": {"uv": [0, 0, 4, 4], "texture": "#missing"}
			}
		},
		{
			"from": [18, 12, 4],
			"to": [22, 16, 8],
			"rotation": {"angle": 0, "axis": "y", "origin": [18, 12, 4]},
			"color": 2,
			"faces": {
				"north": {"uv": [0, 0, 4, 4], "texture": "#missing"},
				"east": {"uv": [0, 0, 4, 4], "texture": "#missing"},
				"south": {"uv": [0, 0, 4, 4], "texture": "#missing"},
				"west": {"uv": [0, 0, 4, 4], "texture": "#missing"},
				"up": {"uv": [0, 0, 4, 4], "texture": "#missing"},
				"down": {"uv": [0, 0, 4, 4], "texture": "#missing"}
			}
		},
		{
			"from": [14, 12, 4],
			"to": [18, 16, 8],
			"rotation": {"angle": 0, "axis": "y", "origin": [14, 12, 4]},
			"color": 2,
			"faces": {
				"north": {"uv": [0, 0, 4, 4], "texture": "#missing"},
				"east": {"uv": [0, 0, 4, 4], "texture": "#missing"},
				"south": {"uv": [0, 0, 4, 4], "texture": "#missing"},
				"west": {"uv": [0, 0, 4, 4], "texture": "#missing"},
				"up": {"uv": [0, 0, 4, 4], "texture": "#missing"},
				"down": {"uv": [0, 0, 4, 4], "texture": "#missing"}
			}
		},
		{
			"from": [14, 12, 0],
			"to": [18, 16, 4],
			"rotation": {"angle": 0, "axis": "y", "origin": [14, 12, 0]},
			"color": 2,
			"faces": {
				"north": {"uv": [0, 0, 4, 4], "texture": "#missing"},
				"east": {"uv": [0, 0, 4, 4], "texture": "#missing"},
				"south": {"uv": [0, 0, 4, 4], "texture": "#missing"},
				"west": {"uv": [0, 0, 4, 4], "texture": "#missing"},
				"up": {"uv": [0, 0, 4, 4], "texture": "#missing"},
				"down": {"uv": [0, 0, 4, 4], "texture": "#missing"}
			}
		},
		{
			"from": [18, 12, 0],
			"to": [22, 16, 4],
			"rotation": {"angle": 0, "axis": "y", "origin": [18, 12, 0]},
			"color": 2,
			"faces": {
				"north": {"uv": [0, 0, 4, 4], "texture": "#missing"},
				"east": {"uv": [0, 0, 4, 4], "texture": "#missing"},
				"south": {"uv": [0, 0, 4, 4], "texture": "#missing"},
				"west": {"uv": [0, 0, 4, 4], "texture": "#missing"},
				"up": {"uv": [0, 0, 4, 4], "texture": "#missing"},
				"down": {"uv": [0, 0, 4, 4], "texture": "#missing"}
			}
		},
		{
			"from": [18, 0, 0],
			"to": [22, 4, 4],
			"rotation": {"angle": 0, "axis": "y", "origin": [18, 0, 0]},
			"color": 2,
			"faces": {
				"north": {"uv": [0, 0, 4, 4], "texture": "#missing"},
				"east": {"uv": [0, 0, 4, 4], "texture": "#missing"},
				"south": {"uv": [0, 0, 4, 4], "texture": "#missing"},
				"west": {"uv": [0, 0, 4, 4], "texture": "#missing"},
				"up": {"uv": [0, 0, 4, 4], "texture": "#missing"},
				"down": {"uv": [0, 0, 4, 4], "texture": "#missing"}
			}
		},
		{
			"from": [14, 0, 0],
			"to": [18, 4, 4],
			"rotation": {"angle": 0, "axis": "y", "origin": [14, 0, 0]},
			"color": 2,
			"faces": {
				"north": {"uv": [0, 0, 4, 4], "texture": "#missing"},
				"east": {"uv": [0, 0, 4, 4], "texture": "#missing"},
				"south": {"uv": [0, 0, 4, 4], "texture": "#missing"},
				"west": {"uv": [0, 0, 4, 4], "texture": "#missing"},
				"up": {"uv": [0, 0, 4, 4], "texture": "#missing"},
				"down": {"uv": [0, 0, 4, 4], "texture": "#missing"}
			}
		},
		{
			"from": [14, 4, 0],
			"to": [18, 8, 4],
			"rotation": {"angle": 0, "axis": "y", "origin": [14, 4, 0]},
			"color": 2,
			"faces": {
				"north": {"uv": [0, 0, 4, 4], "texture": "#missing"},
				"east": {"uv": [0, 0, 4, 4], "texture": "#missing"},
				"south": {"uv": [0, 0, 4, 4], "texture": "#missing"},
				"west": {"uv": [0, 0, 4, 4], "texture": "#missing"},
				"up": {"uv": [0, 0, 4, 4], "texture": "#missing"},
				"down": {"uv": [0, 0, 4, 4], "texture": "#missing"}
			}
		},
		{
			"from": [18, 4, 0],
			"to": [22, 8, 4],
			"rotation": {"angle": 0, "axis": "y", "origin": [18, 4, 0]},
			"color": 2,
			"faces": {
				"north": {"uv": [0, 0, 4, 4], "texture": "#missing"},
				"east": {"uv": [0, 0, 4, 4], "texture": "#missing"},
				"south": {"uv": [0, 0, 4, 4], "texture": "#missing"},
				"west": {"uv": [0, 0, 4, 4], "texture": "#missing"},
				"up": {"uv": [0, 0, 4, 4], "texture": "#missing"},
				"down": {"uv": [0, 0, 4, 4], "texture": "#missing"}
			}
		},
		{
			"from": [18, 8, 0],
			"to": [22, 12, 4],
			"rotation": {"angle": 0, "axis": "y", "origin": [18, 8, 0]},
			"color": 2,
			"faces": {
				"north": {"uv": [0, 0, 4, 4], "texture": "#missing"},
				"east": {"uv": [0, 0, 4, 4], "texture": "#missing"},
				"south": {"uv": [0, 0, 4, 4], "texture": "#missing"},
				"west": {"uv": [0, 0, 4, 4], "texture": "#missing"},
				"up": {"uv": [0, 0, 4, 4], "texture": "#missing"},
				"down": {"uv": [0, 0, 4, 4], "texture": "#missing"}
			}
		},
		{
			"from": [14, 8, 0],
			"to": [18, 12, 4],
			"rotation": {"angle": 0, "axis": "y", "origin": [14, 8, 0]},
			"color": 2,
			"faces": {
				"north": {"uv": [0, 0, 4, 4], "texture": "#missing"},
				"east": {"uv": [0, 0, 4, 4], "texture": "#missing"},
				"south": {"uv": [0, 0, 4, 4], "texture": "#missing"},
				"west": {"uv": [0, 0, 4, 4], "texture": "#missing"},
				"up": {"uv": [0, 0, 4, 4], "texture": "#missing"},
				"down": {"uv": [0, 0, 4, 4], "texture": "#missing"}
			}
		},
		{
			"from": [18, 8, 4],
			"to": [22, 12, 8],
			"rotation": {"angle": 0, "axis": "y", "origin": [18, 8, 4]},
			"color": 2,
			"faces": {
				"north": {"uv": [0, 0, 4, 4], "texture": "#missing"},
				"east": {"uv": [0, 0, 4, 4], "texture": "#missing"},
				"south": {"uv": [0, 0, 4, 4], "texture": "#missing"},
				"west": {"uv": [0, 0, 4, 4], "texture": "#missing"},
				"up": {"uv": [0, 0, 4, 4], "texture": "#missing"},
				"down": {"uv": [0, 0, 4, 4], "texture": "#missing"}
			}
		},
		{
			"from": [18, 8, 8],
			"to": [22, 12, 12],
			"rotation": {"angle": 0, "axis": "y", "origin": [18, 8, 8]},
			"color": 2,
			"faces": {
				"north": {"uv": [0, 0, 4, 4], "texture": "#missing"},
				"east": {"uv": [0, 0, 4, 4], "texture": "#missing"},
				"south": {"uv": [0, 0, 4, 4], "texture": "#missing"},
				"west": {"uv": [0, 0, 4, 4], "texture": "#missing"},
				"up": {"uv": [0, 0, 4, 4], "texture": "#missing"},
				"down": {"uv": [0, 0, 4, 4], "texture": "#missing"}
			}
		},
		{
			"from": [18, 4, 8],
			"to": [22, 8, 12],
			"rotation": {"angle": 0, "axis": "y", "origin": [18, 4, 8]},
			"color": 2,
			"faces": {
				"north": {"uv": [0, 0, 4, 4], "texture": "#missing"},
				"east": {"uv": [0, 0, 4, 4], "texture": "#missing"},
				"south": {"uv": [0, 0, 4, 4], "texture": "#missing"},
				"west": {"uv": [0, 0, 4, 4], "texture": "#missing"},
				"up": {"uv": [0, 0, 4, 4], "texture": "#missing"},
				"down": {"uv": [0, 0, 4, 4], "texture": "#missing"}
			}
		},
		{
			"from": [18, 4, 4],
			"to": [22, 8, 8],
			"rotation": {"angle": 0, "axis": "y", "origin": [18, 4, 4]},
			"color": 2,
			"faces": {
				"north": {"uv": [0, 0, 4, 4], "texture": "#missing"},
				"east": {"uv": [0, 0, 4, 4], "texture": "#missing"},
				"south": {"uv": [0, 0, 4, 4], "texture": "#missing"},
				"west": {"uv": [0, 0, 4, 4], "texture": "#missing"},
				"up": {"uv": [0, 0, 4, 4], "texture": "#missing"},
				"down": {"uv": [0, 0, 4, 4], "texture": "#missing"}
			}
		},
		{
			"from": [18, 0, 4],
			"to": [22, 4, 8],
			"rotation": {"angle": 0, "axis": "y", "origin": [18, 0, 4]},
			"color": 2,
			"faces": {
				"north": {"uv": [0, 0, 4, 4], "texture": "#missing"},
				"east": {"uv": [0, 0, 4, 4], "texture": "#missing"},
				"south": {"uv": [0, 0, 4, 4], "texture": "#missing"},
				"west": {"uv": [0, 0, 4, 4], "texture": "#missing"},
				"up": {"uv": [0, 0, 4, 4], "texture": "#missing"},
				"down": {"uv": [0, 0, 4, 4], "texture": "#missing"}
			}
		},
		{
			"from": [18, 0, 8],
			"to": [22, 4, 12],
			"rotation": {"angle": 0, "axis": "y", "origin": [18, 0, 8]},
			"color": 2,
			"faces": {
				"north": {"uv": [0, 0, 4, 4], "texture": "#missing"},
				"east": {"uv": [0, 0, 4, 4], "texture": "#missing"},
				"south": {"uv": [0, 0, 4, 4], "texture": "#missing"},
				"west": {"uv": [0, 0, 4, 4], "texture": "#missing"},
				"up": {"uv": [0, 0, 4, 4], "texture": "#missing"},
				"down": {"uv": [0, 0, 4, 4], "texture": "#missing"}
			}
		},
		{
			"from": [14, 0, 8],
			"to": [18, 4, 12],
			"rotation": {"angle": 0, "axis": "y", "origin": [14, 0, 8]},
			"color": 2,
			"faces": {
				"north": {"uv": [0, 0, 4, 4], "texture": "#missing"},
				"east": {"uv": [0, 0, 4, 4], "texture": "#missing"},
				"south": {"uv": [0, 0, 4, 4], "texture": "#missing"},
				"west": {"uv": [0, 0, 4, 4], "texture": "#missing"},
				"up": {"uv": [0, 0, 4, 4], "texture": "#missing"},
				"down": {"uv": [0, 0, 4, 4], "texture": "#missing"}
			}
		},
		{
			"from": [14, 4, 8],
			"to": [18, 8, 12],
			"rotation": {"angle": 0, "axis": "y", "origin": [14, 4, 8]},
			"color": 2,
			"faces": {
				"north": {"uv": [0, 0, 4, 4], "texture": "#missing"},
				"east": {"uv": [0, 0, 4, 4], "texture": "#missing"},
				"south": {"uv": [0, 0, 4, 4], "texture": "#missing"},
				"west": {"uv": [0, 0, 4, 4], "texture": "#missing"},
				"up": {"uv": [0, 0, 4, 4], "texture": "#missing"},
				"down": {"uv": [0, 0, 4, 4], "texture": "#missing"}
			}
		},
		{
			"from": [14, 8, 8],
			"to": [18, 12, 12],
			"rotation": {"angle": 0, "axis": "y", "origin": [14, 8, 8]},
			"color": 2,
			"faces": {
				"north": {"uv": [0, 0, 4, 4], "texture": "#missing"},
				"east": {"uv": [0, 0, 4, 4], "texture": "#missing"},
				"south": {"uv": [0, 0, 4, 4], "texture": "#missing"},
				"west": {"uv": [0, 0, 4, 4], "texture": "#missing"},
				"up": {"uv": [0, 0, 4, 4], "texture": "#missing"},
				"down": {"uv": [0, 0, 4, 4], "texture": "#missing"}
			}
		},
		{
			"from": [14, 4, 4],
			"to": [18, 8, 8],
			"rotation": {"angle": 0, "axis": "y", "origin": [14, 4, 4]},
			"color": 2,
			"faces": {
				"north": {"uv": [0, 0, 4, 4], "texture": "#missing"},
				"east": {"uv": [0, 0, 4, 4], "texture": "#missing"},
				"south": {"uv": [0, 0, 4, 4], "texture": "#missing"},
				"west": {"uv": [0, 0, 4, 4], "texture": "#missing"},
				"up": {"uv": [0, 0, 4, 4], "texture": "#missing"},
				"down": {"uv": [0, 0, 4, 4], "texture": "#missing"}
			}
		},
		{
			"from": [14, 8, 4],
			"to": [18, 12, 8],
			"rotation": {"angle": 0, "axis": "y", "origin": [14, 8, 4]},
			"color": 2,
			"faces": {
				"north": {"uv": [0, 0, 4, 4], "texture": "#missing"},
				"east": {"uv": [0, 0, 4, 4], "texture": "#missing"},
				"south": {"uv": [0, 0, 4, 4], "texture": "#missing"},
				"west": {"uv": [0, 0, 4, 4], "texture": "#missing"},
				"up": {"uv": [0, 0, 4, 4], "texture": "#missing"},
				"down": {"uv": [0, 0, 4, 4], "texture": "#missing"}
			}
		},
		{
			"from": [14, 0, 4],
			"to": [18, 4, 8],
			"rotation": {"angle": 0, "axis": "y", "origin": [14, 0, 4]},
			"color": 2,
			"faces": {
				"north": {"uv": [0, 0, 4, 4], "texture": "#missing"},
				"east": {"uv": [0, 0, 4, 4], "texture": "#missing"},
				"south": {"uv": [0, 0, 4, 4], "texture": "#missing"},
				"west": {"uv": [0, 0, 4, 4], "texture": "#missing"},
				"up": {"uv": [0, 0, 4, 4], "texture": "#missing"},
				"down": {"uv": [0, 0, 4, 4], "texture": "#missing"}
			}
		},
		{
			"from": [-3, 0, 4],
			"to": [2, 16, 15],
			"rotation": {"angle": 0, "axis": "y", "origin": [-6, 0, 3]},
			"color": 2,
			"faces": {
				"north": {"uv": [0, 0, 0.625, 2], "texture": "#missing"},
				"east": {"uv": [0, 0, 1.375, 2], "texture": "#missing"},
				"south": {"uv": [0, 0, 0.625, 2], "texture": "#missing"},
				"west": {"uv": [0, 0, 1.375, 2], "texture": "#missing"},
				"up": {"uv": [0, 0, 0.625, 1.375], "texture": "#missing"},
				"down": {"uv": [0, 0, 0.625, 1.375], "texture": "#missing"}
			}
		},
		{
			"from": [-2.8, 0, 0.5],
			"to": [2, 16, 1.5],
			"rotation": {"angle": 0, "axis": "y", "origin": [-6, 0, -0.5]},
			"color": 2,
			"faces": {
				"north": {"uv": [0, 0, 0.6, 2], "texture": "#missing"},
				"east": {"uv": [0, 0, 0.125, 2], "texture": "#missing"},
				"south": {"uv": [0, 0, 0.6, 2], "texture": "#missing"},
				"west": {"uv": [0, 0, 0.125, 2], "texture": "#missing"},
				"up": {"uv": [0, 0, 0.6, 0.125], "texture": "#missing"},
				"down": {"uv": [0, 0, 0.6, 0.125], "texture": "#missing"}
			}
		},
		{
			"from": [-5.32843, 0, 5.61421],
			"to": [-1.52843, 16, 6.61421],
			"rotation": {"angle": 45, "axis": "y", "origin": [-8.32843, 0, 4.61421]},
			"color": 2,
			"faces": {
				"north": {"uv": [0, 0, 0.475, 2], "texture": "#missing"},
				"east": {"uv": [0, 0, 0.125, 2], "texture": "#missing"},
				"south": {"uv": [0, 0, 0.475, 2], "texture": "#missing"},
				"west": {"uv": [0, 0, 0.125, 2], "texture": "#missing"},
				"up": {"uv": [0, 0, 0.475, 0.125], "texture": "#missing"},
				"down": {"uv": [0, 0, 0.475, 0.125], "texture": "#missing"}
			}
		},
		{
			"from": [-5.5, 0, 3.2],
			"to": [-4.5, 16, 15],
			"rotation": {"angle": 0, "axis": "y", "origin": [-8.5, 0, 3]},
			"color": 2,
			"faces": {
				"north": {"uv": [0, 0, 0.125, 2], "texture": "#missing"},
				"east": {"uv": [0, 0, 1.475, 2], "texture": "#missing"},
				"south": {"uv": [0, 0, 0.125, 2], "texture": "#missing"},
				"west": {"uv": [0, 0, 1.475, 2], "texture": "#missing"},
				"up": {"uv": [0, 0, 0.125, 1.475], "texture": "#missing"},
				"down": {"uv": [0, 0, 0.125, 1.475], "texture": "#missing"}
			}
		},
		{
			"from": [1.5, 7, 0],
			"to": [2, 9, 0.5],
			"rotation": {"angle": 0, "axis": "y", "origin": [-2, 0, -3]},
			"faces": {
				"north": {"uv": [1, 0.25, 0, 0], "rotation": 90, "texture": "#0"},
				"east": {"uv": [0, 0, 0.0625, 0.25], "texture": "#0"},
				"south": {"uv": [0, 0, 0.0625, 0.25], "texture": "#0"},
				"west": {"uv": [0, 0, 0.0625, 0.25], "texture": "#0"},
				"up": {"uv": [0, 0, 0.0625, 0.0625], "texture": "#0"},
				"down": {"uv": [0, 0, 0.0625, 0.0625], "texture": "#0"}
			}
		},
		{
			"from": [-3, 0, 0],
			"to": [1.25, 12, 0.5],
			"rotation": {"angle": 0, "axis": "y", "origin": [-2, -3, -3]},
			"color": 2,
			"faces": {
				"north": {"uv": [0, 0, 0.53125, 1.5], "texture": "#missing"},
				"east": {"uv": [0, 0, 0.0625, 1.5], "texture": "#missing"},
				"south": {"uv": [0, 0, 0.53125, 1.5], "texture": "#missing"},
				"west": {"uv": [0, 0, 0.0625, 1.5], "texture": "#missing"},
				"up": {"uv": [0, 0, 0.53125, 0.0625], "texture": "#missing"},
				"down": {"uv": [0, 0, 0.53125, 0.0625], "texture": "#missing"}
			}
		},
		{
			"from": [1.80448, 7.46927, 0],
			"to": [2.30448, 9.46927, 0.5],
			"rotation": {"angle": 22.5, "axis": "z", "origin": [-1.69552, 7.46927, -3]},
			"faces": {
				"north": {"uv": [0, 0.25, 1, 0], "rotation": 90, "texture": "#0"},
				"east": {"uv": [0, 0, 0.0625, 0.25], "texture": "#0"},
				"south": {"uv": [0, 0, 0.125, 0.25], "texture": "#0"},
				"west": {"uv": [0, 0, 0.0625, 0.25], "texture": "#0"},
				"up": {"uv": [0, 0, 0.125, 0.0625], "texture": "#0"},
				"down": {"uv": [0, 0, 0.125, 0.0625], "texture": "#0"}
			}
		},
		{
			"from": [1.03912, 6.68297, 0],
			"to": [1.53912, 8.68297, 0.5],
			"rotation": {"angle": -22.5, "axis": "z", "origin": [-2.46088, 6.68297, -3]},
			"faces": {
				"north": {"uv": [0, 0.25, 1, 0], "rotation": 90, "texture": "#0"},
				"east": {"uv": [0, 0, 0.0625, 0.25], "texture": "#0"},
				"south": {"uv": [0, 0, 0.0625, 0.25], "texture": "#0"},
				"west": {"uv": [0, 0, 0.0625, 0.25], "texture": "#0"},
				"up": {"uv": [0, 0, 0.0625, 0.0625], "texture": "#0"},
				"down": {"uv": [0, 0, 0.0625, 0.0625], "texture": "#0"}
			}
		},
		{
			"from": [1.90621, 8.01933, 0],
			"to": [2.40621, 11.01933, 0.5],
			"rotation": {"angle": 45, "axis": "z", "origin": [-1.59379, 8.01933, -3]},
			"faces": {
				"north": {"uv": [0.625, 0.25, 2.125, 0], "rotation": 90, "texture": "#0"},
				"east": {"uv": [0, 0, 0.0625, 0.375], "texture": "#0"},
				"south": {"uv": [0, 0, 0.125, 0.375], "texture": "#0"},
				"west": {"uv": [0, 0, 0.0625, 0.375], "texture": "#0"},
				"up": {"uv": [0, 0, 0.125, 0.0625], "texture": "#0"},
				"down": {"uv": [0, 0, 0.125, 0.0625], "texture": "#0"}
			}
		},
		{
			"from": [-6.0052, 0, 3.0052],
			"to": [-5.5052, 9, 8.0052],
			"rotation": {"angle": 0, "axis": "y", "origin": [-5.0052, 0, 0.0052]},
			"color": 2,
			"faces": {
				"north": {"uv": [0, 0, 0.0625, 1.125], "texture": "#missing"},
				"east": {"uv": [0, 0, 0.625, 1.125], "texture": "#missing"},
				"south": {"uv": [0, 0, 0.0625, 1.125], "texture": "#missing"},
				"west": {"uv": [0, 0, 0.625, 1.125], "texture": "#missing"},
				"up": {"uv": [0, 0, 0.0625, 0.625], "texture": "#missing"},
				"down": {"uv": [0, 0, 0.0625, 0.625], "texture": "#missing"}
			}
		},
		{
			"from": [-6.0052, 9, 3.0052],
			"to": [-5.5052, 12, 8.0052],
			"rotation": {"angle": 0, "axis": "y", "origin": [-5.0052, 9, 0.0052]},
			"color": 2,
			"faces": {
				"north": {"uv": [0, 0, 0.0625, 0.375], "texture": "#missing"},
				"east": {"uv": [0, 0, 0.625, 0.375], "texture": "#missing"},
				"south": {"uv": [0, 0, 0.0625, 0.375], "texture": "#missing"},
				"west": {"uv": [0, 0, 0.625, 0.375], "texture": "#missing"},
				"up": {"uv": [0, 0, 0.0625, 0.625], "texture": "#missing"},
				"down": {"uv": [0, 0, 0.0625, 0.625], "texture": "#missing"}
			}
		},
		{
			"from": [-6.0052, 14.13762, -0.74132],
			"to": [-5.5052, 15.13762, 1.25868],
			"rotation": {"angle": 22.5, "axis": "x", "origin": [-5.0052, 2.13762, -3.74132]},
			"color": 2,
			"faces": {
				"north": {"uv": [0, 0, 0.0625, 0.125], "texture": "#missing"},
				"east": {"uv": [0, 0, 0.25, 0.125], "texture": "#missing"},
				"south": {"uv": [0, 0, 0.0625, 0.125], "texture": "#missing"},
				"west": {"uv": [0, 0, 0.25, 0.125], "texture": "#missing"},
				"up": {"uv": [0, 0, 0.0625, 0.25], "texture": "#missing"},
				"down": {"uv": [0, 0, 0.0625, 0.25], "texture": "#missing"}
			}
		},
		{
			"from": [-6.0052, 17.16357, -2.46075],
			"to": [-5.5052, 18.16357, -0.46075],
			"rotation": {"angle": 45, "axis": "x", "origin": [-5.0052, 5.16357, -5.46075]},
			"color": 2,
			"faces": {
				"north": {"uv": [0, 0, 0.0625, 0.125], "texture": "#missing"},
				"east": {"uv": [0, 0, 0.25, 0.125], "texture": "#missing"},
				"south": {"uv": [0, 0, 0.0625, 0.125], "texture": "#missing"},
				"west": {"uv": [0, 0, 0.25, 0.125], "texture": "#missing"},
				"up": {"uv": [0, 0, 0.0625, 0.25], "texture": "#missing"},
				"down": {"uv": [0, 0, 0.0625, 0.25], "texture": "#missing"}
			}
		},
		{
			"from": [-6.0052, 3.61717, 6.10869],
			"to": [-5.5052, 5.61717, 7.10869],
			"rotation": {"angle": -22.5, "axis": "x", "origin": [-5.0052, 8.61717, -5.89131]},
			"color": 2,
			"faces": {
				"north": {"uv": [0, 0, 0.0625, 0.25], "rotation": 180, "texture": "#missing"},
				"east": {"uv": [0, 0, 0.25, 0.125], "rotation": 270, "texture": "#missing"},
				"south": {"uv": [0, 0, 0.0625, 0.25], "texture": "#missing"},
				"west": {"uv": [0, 0, 0.25, 0.125], "rotation": 90, "texture": "#missing"},
				"up": {"uv": [0, 0, 0.0625, 0.125], "rotation": 180, "texture": "#missing"},
				"down": {"uv": [0, 0, 0.0625, 0.125], "texture": "#missing"}
			}
		},
		{
			"from": [-4.94975, 0, -3.29289],
			"to": [-4.44975, 13, 0.95711],
			"rotation": {"angle": -45, "axis": "y", "origin": [-7.94975, 0, 0.70711]},
			"faces": {
				"north": {"uv": [0, 0, 0.0625, 1.625], "texture": "#0"},
				"south": {"uv": [0, 0, 0.0625, 1.625], "texture": "#0"},
				"west": {"uv": [0, 0, 2.125, 6.5], "texture": "#0"},
				"up": {"uv": [0, 0, 0.53125, 0.0625], "rotation": 270, "texture": "#0"},
				"down": {"uv": [0, 0, 0.53125, 0.0625], "rotation": 90, "texture": "#0"}
			}
		},
		{
			"name": "inverted cube",
			"from": [-5.82485, 8.75, -0.49391],
			"to": [-6.32485, 7.75, -2.24391],
			"rotation": {"angle": -45, "axis": "y", "origin": [-8.87995, 4, 2.26649]},
			"faces": {
				"north": {"uv": [0.625, 3.625, 0.375, 4.125], "texture": "#0"},
				"south": {"uv": [0.375, 3.625, 0.625, 4.125], "texture": "#0"},
				"west": {"uv": [1.5, 4, 1.71875, 4.125], "texture": "#0"},
				"up": {"uv": [0.625, 4.375, 1.5, 4.125], "rotation": 270, "texture": "#0"},
				"down": {"uv": [0.625, 4.125, 1.5, 4.375], "rotation": 90, "texture": "#0"}
			}
		},
		{
			"name": "inverted cube",
			"from": [-5.82485, 8.75, -0.49391],
			"to": [-6.32485, 7.75, -2.24391],
			"rotation": {"angle": -45, "axis": "y", "origin": [-8.87995, 4, 2.26649]},
			"faces": {
				"north": {"uv": [0.625, 3.625, 0.375, 4.125], "texture": "#0"},
				"south": {"uv": [0.375, 3.625, 0.625, 4.125], "texture": "#0"},
				"west": {"uv": [1.5, 4, 1.71875, 4.125], "texture": "#0"},
				"up": {"uv": [0.625, 4.375, 1.5, 4.125], "rotation": 270, "texture": "#0"},
				"down": {"uv": [0.625, 4.125, 1.5, 4.375], "rotation": 90, "texture": "#0"}
			}
		}
	],
	"display": {
		"fixed": {
			"rotation": [-90, 0, 0],
			"translation": [0, 53.5, -32],
			"scale": [16, 16, 16]
		}
	}
}