{
	"credit": "Made with Blockbench",
	"textures": {
		"0": "item/interactable/cafting_station_1",
		"particle": "item/interactable/cafting_station_1"
	},
	"elements": [
		{
			"from": [-16, 14, 0],
			"to": [16, 16, 16],
			"faces": {
				"north": {"uv": [0, 4.25, 8, 4.75], "texture": "#0"},
				"east": {"uv": [0, 5, 4, 5.5], "texture": "#0"},
				"south": {"uv": [0, 4.25, 8, 4.75], "texture": "#0"},
				"west": {"uv": [0, 5, 4, 5.5], "texture": "#0"},
				"up": {"uv": [0, 0, 8, 4], "rotation": 180, "texture": "#0"},
				"down": {"uv": [0, 5.75, 8, 9.75], "rotation": 180, "texture": "#0"}
			}
		},
		{
			"from": [-15, 12, 1],
			"to": [15, 14, 15],
			"faces": {
				"north": {"uv": [0, 10, 7.5, 10.5], "texture": "#0"},
				"east": {"uv": [0, 10.75, 3.5, 11.25], "texture": "#0"},
				"south": {"uv": [0, 10, 7.5, 10.5], "texture": "#0"},
				"west": {"uv": [0, 10.75, 3.5, 11.25], "texture": "#0"},
				"down": {"uv": [0.25, 6, 7.75, 9.5], "rotation": 180, "texture": "#0"}
			}
		},
		{
			"from": [13, 3, 1],
			"to": [15, 12, 3],
			"faces": {
				"north": {"uv": [10.5, 0, 11, 2.25], "texture": "#0"},
				"east": {"uv": [9.75, 0, 10.25, 2.25], "texture": "#0"},
				"south": {"uv": [9, 0, 9.5, 2.25], "texture": "#0"},
				"west": {"uv": [11.25, 0, 11.75, 2.25], "texture": "#0"}
			}
		},
		{
			"from": [-13, 6, 13.5],
			"to": [13, 8, 14.5],
			"faces": {
				"north": {"uv": [8.25, 4.25, 14.75, 4.75], "texture": "#0"},
				"south": {"uv": [8.25, 4.25, 14.75, 4.75], "texture": "#0"},
				"up": {"uv": [8.25, 4.25, 14.75, 4.5], "rotation": 180, "texture": "#0"},
				"down": {"uv": [8.25, 4.5, 14.75, 4.75], "rotation": 180, "texture": "#0"}
			}
		},
		{
			"from": [13.5, 4, 3],
			"to": [14.5, 6, 13],
			"faces": {
				"east": {"uv": [8.25, 5, 10.75, 5.5], "texture": "#0"},
				"west": {"uv": [8.25, 5, 10.75, 5.5], "texture": "#0"},
				"up": {"uv": [8.25, 5, 10.75, 5.25], "rotation": 270, "texture": "#0"},
				"down": {"uv": [8.25, 5.25, 10.75, 5.5], "rotation": 270, "texture": "#0"}
			}
		},
		{
			"from": [-15.25, 0, 12.75],
			"to": [-12.75, 3, 15.25],
			"faces": {
				"north": {"uv": [9, 2.5, 9.5, 3.25], "texture": "#0"},
				"east": {"uv": [11.25, 2.5, 11.75, 3.25], "texture": "#0"},
				"south": {"uv": [10.5, 2.5, 11, 3.25], "texture": "#0"},
				"west": {"uv": [9.75, 2.5, 10.25, 3.25], "texture": "#0"},
				"up": {"uv": [9, 3.5, 9.5, 4], "texture": "#0"},
				"down": {"uv": [9.75, 3.5, 10.25, 4], "rotation": 180, "texture": "#0"}
			}
		},
		{
			"from": [-15, 3, 1],
			"to": [-13, 12, 3],
			"faces": {
				"north": {"uv": [9.75, 0, 10.25, 2.25], "texture": "#0"},
				"east": {"uv": [9, 0, 9.5, 2.25], "texture": "#0"},
				"south": {"uv": [11.25, 0, 11.75, 2.25], "texture": "#0"},
				"west": {"uv": [10.5, 0, 11, 2.25], "texture": "#0"}
			}
		},
		{
			"from": [-15, 3, 13],
			"to": [-13, 12, 15],
			"faces": {
				"north": {"uv": [9, 0, 9.5, 2.25], "texture": "#0"},
				"east": {"uv": [11.25, 0, 11.75, 2.25], "texture": "#0"},
				"south": {"uv": [10.5, 0, 11, 2.25], "texture": "#0"},
				"west": {"uv": [9.75, 0, 10.25, 2.25], "texture": "#0"}
			}
		},
		{
			"from": [13, 3, 13],
			"to": [15, 12, 15],
			"faces": {
				"north": {"uv": [11.25, 0, 11.75, 2.25], "texture": "#0"},
				"east": {"uv": [10.5, 0, 11, 2.25], "texture": "#0"},
				"south": {"uv": [9.75, 0, 10.25, 2.25], "texture": "#0"},
				"west": {"uv": [9, 0, 9.5, 2.25], "texture": "#0"}
			}
		},
		{
			"from": [-15.25, 0, 0.75],
			"to": [-12.75, 3, 3.25],
			"faces": {
				"north": {"uv": [9.75, 2.5, 10.25, 3.25], "texture": "#0"},
				"east": {"uv": [9, 2.5, 9.5, 3.25], "texture": "#0"},
				"south": {"uv": [11.25, 2.5, 11.75, 3.25], "texture": "#0"},
				"west": {"uv": [10.5, 2.5, 11, 3.25], "texture": "#0"},
				"up": {"uv": [9, 3.5, 9.5, 4], "rotation": 90, "texture": "#0"},
				"down": {"uv": [9.75, 3.5, 10.25, 4], "rotation": 180, "texture": "#0"}
			}
		},
		{
			"from": [12.75, 0, 0.75],
			"to": [15.25, 3, 3.25],
			"faces": {
				"north": {"uv": [10.5, 2.5, 11, 3.25], "texture": "#0"},
				"east": {"uv": [9.75, 2.5, 10.25, 3.25], "texture": "#0"},
				"south": {"uv": [9, 2.5, 9.5, 3.25], "texture": "#0"},
				"west": {"uv": [11.25, 2.5, 11.75, 3.25], "texture": "#0"},
				"up": {"uv": [9, 3.5, 9.5, 4], "rotation": 180, "texture": "#0"},
				"down": {"uv": [9.75, 3.5, 10.25, 4], "rotation": 180, "texture": "#0"}
			}
		},
		{
			"from": [12.75, 0, 12.75],
			"to": [15.25, 3, 15.25],
			"faces": {
				"north": {"uv": [11.25, 2.5, 11.75, 3.25], "texture": "#0"},
				"east": {"uv": [10.5, 2.5, 11, 3.25], "texture": "#0"},
				"south": {"uv": [9.75, 2.5, 10.25, 3.25], "texture": "#0"},
				"west": {"uv": [9, 2.5, 9.5, 3.25], "texture": "#0"},
				"up": {"uv": [9, 3.5, 9.5, 4], "rotation": 270, "texture": "#0"},
				"down": {"uv": [9.75, 3.5, 10.25, 4], "rotation": 180, "texture": "#0"}
			}
		},
		{
			"from": [-14.5, 4, 3],
			"to": [-13.5, 6, 13],
			"faces": {
				"east": {"uv": [8.25, 5, 10.75, 5.5], "texture": "#0"},
				"west": {"uv": [8.25, 5, 10.75, 5.5], "texture": "#0"},
				"up": {"uv": [8.25, 5, 10.75, 5.25], "rotation": 270, "texture": "#0"},
				"down": {"uv": [8.25, 5.25, 10.75, 5.5], "rotation": 270, "texture": "#0"}
			}
		}
	],
	"display": {
		"thirdperson_righthand": {
			"rotation": [0, 0, 90],
			"translation": [3.5, 2.75, 2.25],
			"scale": [0.6, 0.6, 0.6]
		},
		"firstperson_righthand": {
			"rotation": [10, 155, 0],
			"translation": [-6, -2, -6],
			"scale": [0.6, 0.6, 0.6]
		},
		"ground": {
			"translation": [4, 2, 0],
			"scale": [0.5, 0.5, 0.5]
		},
		"gui": {
			"rotation": [30, 25, 0],
			"translation": [3.75, 0, 0],
			"scale": [0.5, 0.5, 0.5]
		},
		"fixed": {
			"rotation": [-90, 0, 0],
			"translation": [0, 0, -16],
			"scale": [2, 2, 2]
		}
	}
}