{
    "variants": {
        "": [
            {
                "model": "block_random/deepslate_brick_0"
            },
            {
                "model": "block_random/deepslate_brick_1"
            },
            {
                "model": "block_random/deepslate_brick_2"
            },
            {
                "model": "block_random/deepslate_brick_3"
            },
            {
                "model": "block_random/deepslate_brick_4"
            },
            {
                "model": "block_random/deepslate_brick_5"
            },
            {
                "model": "block_random/deepslate_brick_6"
            },
            {
                "model": "block_random/deepslate_brick_7"
            }
        ]
    }
}