{
    "variants": {
        "": [
            {
                "model": "block_plant/red_tulip_0"
            },
            {
                "model": "block_plant/red_tulip_0",
                "y": 90
            },
            {
                "model": "block_plant/red_tulip_0",
                "y": 180
            },
            {
                "model": "block_plant/red_tulip_0",
                "y": 270
            },
            {
                "model": "block_plant/red_tulip_1"
            },
            {
                "model": "block_plant/red_tulip_1",
                "y": 90
            },
            {
                "model": "block_plant/red_tulip_1",
                "y": 180
            },
            {
                "model": "block_plant/red_tulip_1",
                "y": 270
            },
            {
                "model": "block_plant/red_tulip_2"
            },
            {
                "model": "block_plant/red_tulip_2",
                "y": 90
            },
            {
                "model": "block_plant/red_tulip_2",
                "y": 180
            },
            {
                "model": "block_plant/red_tulip_2",
                "y": 270
            }
        ]
    }
}