{
    "providers": [
        {
            "type": "bitmap",
            "file": "happyhud:font/assets/vanilla/exp_bar_short_outline.png",
            "height": 5,
            "ascent": -133500,
            "chars": [
                "\ue000"
            ]
        },
        {
            "type": "bitmap",
            "file": "happyhud:font/assets/vanilla/exp_bar_short_fill/horizontal/13/1.png",
            "height": 5,
            "ascent": -134500,
            "chars": [
                "\ue001"
            ]
        },
        {
            "type": "bitmap",
            "file": "happyhud:font/assets/vanilla/exp_bar_short_fill/horizontal/13/2.png",
            "height": 5,
            "ascent": -134500,
            "chars": [
                "\ue002"
            ]
        },
        {
            "type": "bitmap",
            "file": "happyhud:font/assets/vanilla/exp_bar_short_fill/horizontal/13/3.png",
            "height": 5,
            "ascent": -134500,
            "chars": [
                "\ue003"
            ]
        },
        {
            "type": "bitmap",
            "file": "happyhud:font/assets/vanilla/exp_bar_short_fill/horizontal/13/4.png",
            "height": 5,
            "ascent": -134500,
            "chars": [
                "\ue004"
            ]
        },
        {
            "type": "bitmap",
            "file": "happyhud:font/assets/vanilla/exp_bar_short_fill/horizontal/13/5.png",
            "height": 5,
            "ascent": -134500,
            "chars": [
                "\ue005"
            ]
        },
        {
            "type": "bitmap",
            "file": "happyhud:font/assets/vanilla/exp_bar_short_fill/horizontal/13/6.png",
            "height": 5,
            "ascent": -134500,
            "chars": [
                "\ue006"
            ]
        },
        {
            "type": "bitmap",
            "file": "happyhud:font/assets/vanilla/exp_bar_short_fill/horizontal/13/7.png",
            "height": 5,
            "ascent": -134500,
            "chars": [
                "\ue007"
            ]
        },
        {
            "type": "bitmap",
            "file": "happyhud:font/assets/vanilla/exp_bar_short_fill/horizontal/13/8.png",
            "height": 5,
            "ascent": -134500,
            "chars": [
                "\ue008"
            ]
        },
        {
            "type": "bitmap",
            "file": "happyhud:font/assets/vanilla/exp_bar_short_fill/horizontal/13/9.png",
            "height": 5,
            "ascent": -134500,
            "chars": [
                "\ue009"
            ]
        },
        {
            "type": "bitmap",
            "file": "happyhud:font/assets/vanilla/exp_bar_short_fill/horizontal/13/10.png",
            "height": 5,
            "ascent": -134500,
            "chars": [
                "\ue00a"
            ]
        },
        {
            "type": "bitmap",
            "file": "happyhud:font/assets/vanilla/exp_bar_short_fill/horizontal/13/11.png",
            "height": 5,
            "ascent": -134500,
            "chars": [
                "\ue00b"
            ]
        },
        {
            "type": "bitmap",
            "file": "happyhud:font/assets/vanilla/exp_bar_short_fill/horizontal/13/12.png",
            "height": 5,
            "ascent": -134500,
            "chars": [
                "\ue00c"
            ]
        },
        {
            "type": "bitmap",
            "file": "happyhud:font/assets/vanilla/exp_bar_short_fill/horizontal/13/13.png",
            "height": 5,
            "ascent": -134500,
            "chars": [
                "\ue00d"
            ]
        },
        {
            "type": "bitmap",
            "file": "happyhud:font/assets/vanilla/air.png",
            "height": 9,
            "ascent": -135500,
            "chars": [
                "\ue00e"
            ]
        },
        {
            "type": "bitmap",
            "file": "happyhud:font/assets/vanilla/exp_bar_short_outline.png",
            "height": 5,
            "ascent": -136500,
            "chars": [
                "\ue00f"
            ]
        },
        {
            "type": "bitmap",
            "file": "happyhud:font/assets/vanilla/exp_bar_short_fill/horizontal/13/1.png",
            "height": 5,
            "ascent": -137500,
            "chars": [
                "\ue010"
            ]
        },
        {
            "type": "bitmap",
            "file": "happyhud:font/assets/vanilla/exp_bar_short_fill/horizontal/13/2.png",
            "height": 5,
            "ascent": -137500,
            "chars": [
                "\ue011"
            ]
        },
        {
            "type": "bitmap",
            "file": "happyhud:font/assets/vanilla/exp_bar_short_fill/horizontal/13/3.png",
            "height": 5,
            "ascent": -137500,
            "chars": [
                "\ue012"
            ]
        },
        {
            "type": "bitmap",
            "file": "happyhud:font/assets/vanilla/exp_bar_short_fill/horizontal/13/4.png",
            "height": 5,
            "ascent": -137500,
            "chars": [
                "\ue013"
            ]
        },
        {
            "type": "bitmap",
            "file": "happyhud:font/assets/vanilla/exp_bar_short_fill/horizontal/13/5.png",
            "height": 5,
            "ascent": -137500,
            "chars": [
                "\ue014"
            ]
        },
        {
            "type": "bitmap",
            "file": "happyhud:font/assets/vanilla/exp_bar_short_fill/horizontal/13/6.png",
            "height": 5,
            "ascent": -137500,
            "chars": [
                "\ue015"
            ]
        },
        {
            "type": "bitmap",
            "file": "happyhud:font/assets/vanilla/exp_bar_short_fill/horizontal/13/7.png",
            "height": 5,
            "ascent": -137500,
            "chars": [
                "\ue016"
            ]
        },
        {
            "type": "bitmap",
            "file": "happyhud:font/assets/vanilla/exp_bar_short_fill/horizontal/13/8.png",
            "height": 5,
            "ascent": -137500,
            "chars": [
                "\ue017"
            ]
        },
        {
            "type": "bitmap",
            "file": "happyhud:font/assets/vanilla/exp_bar_short_fill/horizontal/13/9.png",
            "height": 5,
            "ascent": -137500,
            "chars": [
                "\ue018"
            ]
        },
        {
            "type": "bitmap",
            "file": "happyhud:font/assets/vanilla/exp_bar_short_fill/horizontal/13/10.png",
            "height": 5,
            "ascent": -137500,
            "chars": [
                "\ue019"
            ]
        },
        {
            "type": "bitmap",
            "file": "happyhud:font/assets/vanilla/exp_bar_short_fill/horizontal/13/11.png",
            "height": 5,
            "ascent": -137500,
            "chars": [
                "\ue01a"
            ]
        },
        {
            "type": "bitmap",
            "file": "happyhud:font/assets/vanilla/exp_bar_short_fill/horizontal/13/12.png",
            "height": 5,
            "ascent": -137500,
            "chars": [
                "\ue01b"
            ]
        },
        {
            "type": "bitmap",
            "file": "happyhud:font/assets/vanilla/exp_bar_short_fill/horizontal/13/13.png",
            "height": 5,
            "ascent": -137500,
            "chars": [
                "\ue01c"
            ]
        },
        {
            "type": "bitmap",
            "file": "happyhud:font/assets/vanilla/armor.png",
            "height": 9,
            "ascent": -138500,
            "chars": [
                "\ue01d"
            ]
        },
        {
            "type": "bitmap",
            "file": "happyhud:font/assets/vanilla/exp_bar_short_outline.png",
            "height": 5,
            "ascent": -139500,
            "chars": [
                "\ue01e"
            ]
        },
        {
            "type": "bitmap",
            "file": "happyhud:font/assets/vanilla/exp_bar_short_fill/horizontal/13/1.png",
            "height": 5,
            "ascent": -140500,
            "chars": [
                "\ue01f"
            ]
        },
        {
            "type": "bitmap",
            "file": "happyhud:font/assets/vanilla/exp_bar_short_fill/horizontal/13/2.png",
            "height": 5,
            "ascent": -140500,
            "chars": [
                "\ue020"
            ]
        },
        {
            "type": "bitmap",
            "file": "happyhud:font/assets/vanilla/exp_bar_short_fill/horizontal/13/3.png",
            "height": 5,
            "ascent": -140500,
            "chars": [
                "\ue021"
            ]
        },
        {
            "type": "bitmap",
            "file": "happyhud:font/assets/vanilla/exp_bar_short_fill/horizontal/13/4.png",
            "height": 5,
            "ascent": -140500,
            "chars": [
                "\ue022"
            ]
        },
        {
            "type": "bitmap",
            "file": "happyhud:font/assets/vanilla/exp_bar_short_fill/horizontal/13/5.png",
            "height": 5,
            "ascent": -140500,
            "chars": [
                "\ue023"
            ]
        },
        {
            "type": "bitmap",
            "file": "happyhud:font/assets/vanilla/exp_bar_short_fill/horizontal/13/6.png",
            "height": 5,
            "ascent": -140500,
            "chars": [
                "\ue024"
            ]
        },
        {
            "type": "bitmap",
            "file": "happyhud:font/assets/vanilla/exp_bar_short_fill/horizontal/13/7.png",
            "height": 5,
            "ascent": -140500,
            "chars": [
                "\ue025"
            ]
        },
        {
            "type": "bitmap",
            "file": "happyhud:font/assets/vanilla/exp_bar_short_fill/horizontal/13/8.png",
            "height": 5,
            "ascent": -140500,
            "chars": [
                "\ue026"
            ]
        },
        {
            "type": "bitmap",
            "file": "happyhud:font/assets/vanilla/exp_bar_short_fill/horizontal/13/9.png",
            "height": 5,
            "ascent": -140500,
            "chars": [
                "\ue027"
            ]
        },
        {
            "type": "bitmap",
            "file": "happyhud:font/assets/vanilla/exp_bar_short_fill/horizontal/13/10.png",
            "height": 5,
            "ascent": -140500,
            "chars": [
                "\ue028"
            ]
        },
        {
            "type": "bitmap",
            "file": "happyhud:font/assets/vanilla/exp_bar_short_fill/horizontal/13/11.png",
            "height": 5,
            "ascent": -140500,
            "chars": [
                "\ue029"
            ]
        },
        {
            "type": "bitmap",
            "file": "happyhud:font/assets/vanilla/exp_bar_short_fill/horizontal/13/12.png",
            "height": 5,
            "ascent": -140500,
            "chars": [
                "\ue02a"
            ]
        },
        {
            "type": "bitmap",
            "file": "happyhud:font/assets/vanilla/exp_bar_short_fill/horizontal/13/13.png",
            "height": 5,
            "ascent": -140500,
            "chars": [
                "\ue02b"
            ]
        },
        {
            "type": "bitmap",
            "file": "happyhud:font/assets/vanilla/food.png",
            "height": 9,
            "ascent": -141500,
            "chars": [
                "\ue02c"
            ]
        },
        {
            "type": "bitmap",
            "file": "happyhud:font/assets/vanilla/exp_bar_short_outline.png",
            "height": 5,
            "ascent": -142500,
            "chars": [
                "\ue02d"
            ]
        },
        {
            "type": "bitmap",
            "file": "happyhud:font/assets/vanilla/exp_bar_short_fill/horizontal/13/1.png",
            "height": 5,
            "ascent": -143500,
            "chars": [
                "\ue02e"
            ]
        },
        {
            "type": "bitmap",
            "file": "happyhud:font/assets/vanilla/exp_bar_short_fill/horizontal/13/2.png",
            "height": 5,
            "ascent": -143500,
            "chars": [
                "\ue02f"
            ]
        },
        {
            "type": "bitmap",
            "file": "happyhud:font/assets/vanilla/exp_bar_short_fill/horizontal/13/3.png",
            "height": 5,
            "ascent": -143500,
            "chars": [
                "\ue030"
            ]
        },
        {
            "type": "bitmap",
            "file": "happyhud:font/assets/vanilla/exp_bar_short_fill/horizontal/13/4.png",
            "height": 5,
            "ascent": -143500,
            "chars": [
                "\ue031"
            ]
        },
        {
            "type": "bitmap",
            "file": "happyhud:font/assets/vanilla/exp_bar_short_fill/horizontal/13/5.png",
            "height": 5,
            "ascent": -143500,
            "chars": [
                "\ue032"
            ]
        },
        {
            "type": "bitmap",
            "file": "happyhud:font/assets/vanilla/exp_bar_short_fill/horizontal/13/6.png",
            "height": 5,
            "ascent": -143500,
            "chars": [
                "\ue033"
            ]
        },
        {
            "type": "bitmap",
            "file": "happyhud:font/assets/vanilla/exp_bar_short_fill/horizontal/13/7.png",
            "height": 5,
            "ascent": -143500,
            "chars": [
                "\ue034"
            ]
        },
        {
            "type": "bitmap",
            "file": "happyhud:font/assets/vanilla/exp_bar_short_fill/horizontal/13/8.png",
            "height": 5,
            "ascent": -143500,
            "chars": [
                "\ue035"
            ]
        },
        {
            "type": "bitmap",
            "file": "happyhud:font/assets/vanilla/exp_bar_short_fill/horizontal/13/9.png",
            "height": 5,
            "ascent": -143500,
            "chars": [
                "\ue036"
            ]
        },
        {
            "type": "bitmap",
            "file": "happyhud:font/assets/vanilla/exp_bar_short_fill/horizontal/13/10.png",
            "height": 5,
            "ascent": -143500,
            "chars": [
                "\ue037"
            ]
        },
        {
            "type": "bitmap",
            "file": "happyhud:font/assets/vanilla/exp_bar_short_fill/horizontal/13/11.png",
            "height": 5,
            "ascent": -143500,
            "chars": [
                "\ue038"
            ]
        },
        {
            "type": "bitmap",
            "file": "happyhud:font/assets/vanilla/exp_bar_short_fill/horizontal/13/12.png",
            "height": 5,
            "ascent": -143500,
            "chars": [
                "\ue039"
            ]
        },
        {
            "type": "bitmap",
            "file": "happyhud:font/assets/vanilla/exp_bar_short_fill/horizontal/13/13.png",
            "height": 5,
            "ascent": -143500,
            "chars": [
                "\ue03a"
            ]
        },
        {
            "type": "bitmap",
            "file": "happyhud:font/assets/vanilla/heart.png",
            "height": 9,
            "ascent": -144500,
            "chars": [
                "\ue03b"
            ]
        }
    ]
}