{"textures":{"0":"modelengine:entity/chromafire_tornado_gold"},"elements":[{"from":[4.0,4.0,4.0],"to":[12.0,12.0,12.0],"faces":{"east":{"uv":[9.5,4.5,11.5,6.5],"tintindex":0,"rotation":0,"texture":"#0"},"south":{"uv":[5.0,9.5,7.0,11.5],"tintindex":0,"rotation":0,"texture":"#0"},"north":{"uv":[9.5,2.5,11.5,4.5],"tintindex":0,"rotation":0,"texture":"#0"},"west":{"uv":[9.5,6.5,11.5,8.5],"tintindex":0,"rotation":0,"texture":"#0"},"up":{"uv":[2.0,12.0,0.0,10.0],"tintindex":0,"rotation":0,"texture":"#0"},"down":{"uv":[12.0,0.0,10.0,2.0],"tintindex":0,"rotation":0,"texture":"#0"}}},{"from":[12.5,12.5,12.5],"to":[3.5,3.5,3.5],"faces":{"east":{"uv":[15.75,14.75,16.0,16.0],"tintindex":0,"rotation":0,"texture":"#0"},"south":{"uv":[15.75,14.75,16.0,16.0],"tintindex":0,"rotation":0,"texture":"#0"},"north":{"uv":[15.75,14.75,16.0,16.0],"tintindex":0,"rotation":0,"texture":"#0"},"west":{"uv":[15.75,14.75,16.0,16.0],"tintindex":0,"rotation":0,"texture":"#0"},"up":{"uv":[15.75,14.75,16.0,15.0],"tintindex":0,"rotation":0,"texture":"#0"},"down":{"uv":[15.75,15.75,16.0,16.0],"tintindex":0,"rotation":0,"texture":"#0"}}}],"display":{"gui":{"rotation":[30,225,0]}}}