{"textures":{"0":"modelengine:entity/chromafire_tornado_gold"},"elements":[{"from":[13.5,13.5,13.5],"to":[2.5,2.5,2.5],"faces":{"east":{"uv":[15.75,14.75,16.0,16.0],"tintindex":0,"rotation":0,"texture":"#0"},"south":{"uv":[15.75,14.75,16.0,16.0],"tintindex":0,"rotation":0,"texture":"#0"},"north":{"uv":[15.75,14.75,16.0,16.0],"tintindex":0,"rotation":0,"texture":"#0"},"west":{"uv":[15.75,14.75,16.0,16.0],"tintindex":0,"rotation":0,"texture":"#0"},"up":{"uv":[15.75,14.75,16.0,15.0],"tintindex":0,"rotation":0,"texture":"#0"},"down":{"uv":[15.75,15.75,16.0,16.0],"tintindex":0,"rotation":0,"texture":"#0"}}},{"from":[3.0,3.0,3.0],"to":[13.0,13.0,13.0],"faces":{"east":{"uv":[5.0,2.5,7.5,5.0],"tintindex":0,"rotation":0,"texture":"#0"},"south":{"uv":[5.0,5.0,7.5,7.5],"tintindex":0,"rotation":0,"texture":"#0"},"north":{"uv":[2.5,5.0,5.0,7.5],"tintindex":0,"rotation":0,"texture":"#0"},"west":{"uv":[0.0,7.5,2.5,10.0],"tintindex":0,"rotation":0,"texture":"#0"},"up":{"uv":[10.0,2.5,7.5,0.0],"tintindex":0,"rotation":0,"texture":"#0"},"down":{"uv":[5.0,7.5,2.5,10.0],"tintindex":0,"rotation":0,"texture":"#0"}}}],"display":{"gui":{"rotation":[30,225,0]}}}