{"textures":{"0":"modelengine:entity/copper_crate_exposed"},"elements":[{"from":[3.0,8.0,1.0],"to":[10.0,10.0,15.0],"faces":{"east":{"uv":[0.0,6.0,7.0,7.0],"tintindex":0,"rotation":0,"texture":"#0"},"south":{"uv":[3.5,0.0,7.0,1.0],"tintindex":0,"rotation":0,"texture":"#0"},"north":{"uv":[0.0,0.0,3.5,1.0],"tintindex":0,"rotation":0,"texture":"#0"},"west":{"uv":[0.0,6.0,7.0,7.0],"tintindex":0,"rotation":0,"texture":"#0"},"up":{"uv":[11.5,7.0,8.0,0.0],"tintindex":0,"rotation":0,"texture":"#0"},"down":{"uv":[11.5,0.0,8.0,7.0],"tintindex":0,"rotation":0,"texture":"#0"}}},{"from":[4.0,3.0,3.5],"to":[9.0,8.0,3.5],"faces":{"south":{"uv":[11.0,7.5,13.5,10.0],"tintindex":0,"rotation":0,"texture":"#0"},"north":{"uv":[8.5,7.5,11.0,10.0],"tintindex":0,"rotation":0,"texture":"#0"}}},{"from":[4.0,3.0,12.5],"to":[9.0,8.0,12.5],"faces":{"south":{"uv":[11.0,7.5,13.5,10.0],"tintindex":0,"rotation":0,"texture":"#0"},"north":{"uv":[8.5,7.5,11.0,10.0],"tintindex":0,"rotation":0,"texture":"#0"}}}],"display":{"gui":{"rotation":[30,225,0]}}}