{
    "credit": "Made with Blockbench",
    "textures": {
        "0": "block/plant/brown_mushroom_parts",
        "1": "block/plant/brown_mushroom_b_0",
        "particle": "block/plant/brown_mushroom_parts"
    },
    "elements": [
        {
            "from": [
                6,
                0,
                6
            ],
            "to": [
                8,
                8,
                8
            ],
            "faces": {
                "north": {
                    "uv": [
                        10,
                        0,
                        12,
                        8
                    ],
                    "texture": "#0"
                },
                "east": {
                    "uv": [
                        12,
                        0,
                        14,
                        8
                    ],
                    "texture": "#0"
                },
                "south": {
                    "uv": [
                        10,
                        0,
                        12,
                        8
                    ],
                    "texture": "#0"
                },
                "west": {
                    "uv": [
                        12,
                        0,
                        14,
                        8
                    ],
                    "texture": "#0"
                },
                "down": {
                    "uv": [
                        11,
                        6,
                        13,
                        8
                    ],
                    "texture": "#0",
                    "cullface": "down"
                }
            }
        },
        {
            "from": [
                2,
                8,
                2
            ],
            "to": [
                12,
                10,
                12
            ],
            "faces": {
                "up": {
                    "uv": [
                        2,
                        2,
                        12,
                        12
                    ],
                    "texture": "#1"
                },
                "down": {
                    "uv": [
                        0,
                        0,
                        10,
                        10
                    ],
                    "texture": "#0"
                }
            }
        },
        {
            "from": [
                2,
                8,
                12
            ],
            "to": [
                12,
                10,
                13
            ],
            "faces": {
                "east": {
                    "uv": [
                        11,
                        12,
                        12,
                        14
                    ],
                    "texture": "#1"
                },
                "south": {
                    "uv": [
                        2,
                        12,
                        12,
                        14
                    ],
                    "texture": "#1"
                },
                "west": {
                    "uv": [
                        2,
                        12,
                        3,
                        14
                    ],
                    "texture": "#1"
                },
                "up": {
                    "uv": [
                        2,
                        12,
                        12,
                        13
                    ],
                    "texture": "#1"
                },
                "down": {
                    "uv": [
                        2,
                        13,
                        12,
                        14
                    ],
                    "texture": "#1"
                }
            }
        },
        {
            "from": [
                2,
                8,
                1
            ],
            "to": [
                12,
                10,
                2
            ],
            "faces": {
                "north": {
                    "uv": [
                        12,
                        2,
                        2,
                        0
                    ],
                    "texture": "#1"
                },
                "east": {
                    "uv": [
                        11,
                        2,
                        12,
                        0
                    ],
                    "texture": "#1"
                },
                "west": {
                    "uv": [
                        2,
                        2,
                        3,
                        0
                    ],
                    "texture": "#1"
                },
                "up": {
                    "uv": [
                        2,
                        1,
                        12,
                        2
                    ],
                    "texture": "#1"
                },
                "down": {
                    "uv": [
                        2,
                        0,
                        12,
                        1
                    ],
                    "texture": "#1"
                }
            }
        },
        {
            "from": [
                12,
                8,
                2
            ],
            "to": [
                13,
                10,
                12
            ],
            "faces": {
                "north": {
                    "uv": [
                        12,
                        2,
                        14,
                        3
                    ],
                    "rotation": 90,
                    "texture": "#1"
                },
                "east": {
                    "uv": [
                        12,
                        2,
                        14,
                        12
                    ],
                    "rotation": 90,
                    "texture": "#1"
                },
                "south": {
                    "uv": [
                        12,
                        11,
                        14,
                        12
                    ],
                    "rotation": 90,
                    "texture": "#1"
                },
                "up": {
                    "uv": [
                        12,
                        2,
                        13,
                        12
                    ],
                    "texture": "#1"
                },
                "down": {
                    "uv": [
                        13,
                        12,
                        14,
                        2
                    ],
                    "texture": "#1"
                }
            }
        },
        {
            "from": [
                1,
                8,
                2
            ],
            "to": [
                2,
                10,
                12
            ],
            "faces": {
                "north": {
                    "uv": [
                        2,
                        2,
                        0,
                        3
                    ],
                    "rotation": 90,
                    "texture": "#1"
                },
                "south": {
                    "uv": [
                        2,
                        11,
                        0,
                        12
                    ],
                    "rotation": 90,
                    "texture": "#1"
                },
                "west": {
                    "uv": [
                        2,
                        2,
                        0,
                        12
                    ],
                    "rotation": 90,
                    "texture": "#1"
                },
                "up": {
                    "uv": [
                        1,
                        2,
                        2,
                        12
                    ],
                    "texture": "#1"
                },
                "down": {
                    "uv": [
                        0,
                        2,
                        1,
                        12
                    ],
                    "texture": "#1"
                }
            }
        }
    ]
}