{
    "credit": "Made with Blockbench",
    "textures": {
        "0": "block/plant/red_mushroom_b_0",
        "1": "block/plant/red_mushroom_parts",
        "particle": "block/plant/red_mushroom_b_0"
    },
    "elements": [
        {
            "from": [
                8,
                0,
                7
            ],
            "to": [
                10,
                6,
                9
            ],
            "faces": {
                "north": {
                    "uv": [
                        10,
                        0,
                        12,
                        6
                    ],
                    "texture": "#1"
                },
                "east": {
                    "uv": [
                        12,
                        0,
                        14,
                        6
                    ],
                    "texture": "#1"
                },
                "south": {
                    "uv": [
                        10,
                        0,
                        12,
                        6
                    ],
                    "texture": "#1"
                },
                "west": {
                    "uv": [
                        12,
                        0,
                        14,
                        6
                    ],
                    "texture": "#1"
                },
                "down": {
                    "uv": [
                        10,
                        5,
                        12,
                        7
                    ],
                    "texture": "#1",
                    "cullface": "down"
                }
            }
        },
        {
            "from": [
                4,
                6,
                3
            ],
            "to": [
                14,
                10,
                13
            ],
            "faces": {
                "north": {
                    "uv": [
                        13,
                        4,
                        3,
                        0
                    ],
                    "texture": "#0"
                },
                "east": {
                    "uv": [
                        12,
                        3,
                        16,
                        13
                    ],
                    "rotation": 90,
                    "texture": "#0"
                },
                "south": {
                    "uv": [
                        3,
                        12,
                        13,
                        16
                    ],
                    "texture": "#0"
                },
                "west": {
                    "uv": [
                        4,
                        13,
                        0,
                        3
                    ],
                    "rotation": 90,
                    "texture": "#0"
                },
                "up": {
                    "uv": [
                        3,
                        3,
                        13,
                        13
                    ],
                    "texture": "#0"
                },
                "down": {
                    "uv": [
                        0,
                        0,
                        10,
                        10
                    ],
                    "texture": "#1"
                }
            }
        },
        {
            "from": [
                5,
                10,
                4
            ],
            "to": [
                13,
                11,
                12
            ],
            "faces": {
                "north": {
                    "uv": [
                        12,
                        4,
                        4,
                        5
                    ],
                    "texture": "#0"
                },
                "east": {
                    "uv": [
                        11,
                        4,
                        12,
                        12
                    ],
                    "rotation": 90,
                    "texture": "#0"
                },
                "south": {
                    "uv": [
                        4,
                        11,
                        12,
                        12
                    ],
                    "texture": "#0"
                },
                "west": {
                    "uv": [
                        4,
                        12,
                        5,
                        4
                    ],
                    "rotation": 90,
                    "texture": "#0"
                },
                "up": {
                    "uv": [
                        4,
                        4,
                        12,
                        12
                    ],
                    "texture": "#0"
                }
            }
        },
        {
            "from": [
                6,
                3,
                5
            ],
            "to": [
                12,
                3,
                11
            ],
            "faces": {
                "up": {
                    "uv": [
                        0,
                        10,
                        6,
                        16
                    ],
                    "texture": "#1"
                },
                "down": {
                    "uv": [
                        0,
                        10,
                        6,
                        16
                    ],
                    "texture": "#1"
                }
            }
        }
    ]
}