{
    "providers": [
        {
            "type": "bitmap",
            "file": "happyhud:font/assets/death-message/outline.png",
            "height": 12,
            "ascent": -195500,
            "chars": [
                "\ue000"
            ]
        },
        {
            "type": "bitmap",
            "file": "happyhud:font/assets/death-message/icon.png",
            "height": 16,
            "ascent": -200500,
            "chars": [
                "\ue001"
            ]
        },
        {
            "type": "bitmap",
            "file": "happyhud:font/assets/death-message/outline.png",
            "height": 12,
            "ascent": -201500,
            "chars": [
                "\ue002"
            ]
        },
        {
            "type": "bitmap",
            "file": "happyhud:font/assets/death-message/icon.png",
            "height": 16,
            "ascent": -206500,
            "chars": [
                "\ue003"
            ]
        },
        {
            "type": "bitmap",
            "file": "happyhud:font/assets/death-message/outline.png",
            "height": 12,
            "ascent": -207500,
            "chars": [
                "\ue004"
            ]
        },
        {
            "type": "bitmap",
            "file": "happyhud:font/assets/death-message/icon.png",
            "height": 16,
            "ascent": -212500,
            "chars": [
                "\ue005"
            ]
        },
        {
            "type": "bitmap",
            "file": "happyhud:font/assets/death-message/outline.png",
            "height": 12,
            "ascent": -213500,
            "chars": [
                "\ue006"
            ]
        },
        {
            "type": "bitmap",
            "file": "happyhud:font/assets/death-message/icon.png",
            "height": 16,
            "ascent": -218500,
            "chars": [
                "\ue007"
            ]
        },
        {
            "type": "bitmap",
            "file": "happyhud:font/assets/death-message/outline.png",
            "height": 12,
            "ascent": -219500,
            "chars": [
                "\ue008"
            ]
        },
        {
            "type": "bitmap",
            "file": "happyhud:font/assets/death-message/icon.png",
            "height": 16,
            "ascent": -224500,
            "chars": [
                "\ue009"
            ]
        }
    ]
}