{
    "multipart": [
        {
            "apply": {
                "model": "block/flower_pot"
            }
        },
        {
            "apply": [
                {
                    "model": "block_plant/potted_pink_tulip"
                },
                {
                    "model": "block_plant/potted_pink_tulip",
                    "y": 90
                },
                {
                    "model": "block_plant/potted_pink_tulip",
                    "y": 180
                },
                {
                    "model": "block_plant/potted_pink_tulip",
                    "y": 270
                }
            ]
        }
    ]
}