{
    "variants": {
        "powered=false,shape=north_south": {
            "model": "block/rail_powered_off"
        },
        "powered=false,shape=east_west": {
            "model": "block/rail_powered_off",
            "y": 90
        },
        "powered=false,shape=ascending_north": {
            "model": "block/rail_powered_raised_off"
        },
        "powered=false,shape=ascending_east": {
            "model": "block/rail_powered_raised_off",
            "y": 90
        },
        "powered=false,shape=ascending_south": {
            "model": "block/rail_powered_raised_off",
            "y": 180
        },
        "powered=false,shape=ascending_west": {
            "model": "block/rail_powered_raised_off",
            "y": 270
        },
        "powered=true,shape=north_south": {
            "model": "block/rail_powered_on"
        },
        "powered=true,shape=east_west": {
            "model": "block/rail_powered_on",
            "y": 90
        },
        "powered=true,shape=ascending_north": {
            "model": "block/rail_powered_raised_on"
        },
        "powered=true,shape=ascending_east": {
            "model": "block/rail_powered_raised_on",
            "y": 90
        },
        "powered=true,shape=ascending_south": {
            "model": "block/rail_powered_raised_on",
            "y": 180
        },
        "powered=true,shape=ascending_west": {
            "model": "block/rail_powered_raised_on",
            "y": 270
        }
    }
}