{
    "variants": {
        "": [
            {
                "model": "block_random/stone_0"
            },
            {
                "model": "block_random/stone_1"
            },
            {
                "model": "block_random/stone_2"
            },
            {
                "model": "block_random/stone_3"
            },
            {
                "model": "block_random/stone_4"
            },
            {
                "model": "block_random/stone_5"
            }
        ]
    }
}