{"textures":{"0":"modelengine:entity/chromafire_meteor_gold"},"elements":[{"from":[3.5875,3.9,7.8375],"to":[12.4125,3.6,26.6625],"faces":{"east":{"uv":[15.9375,15.9375,16.0,16.0],"tintindex":0,"rotation":0,"texture":"#0"},"south":{"uv":[6.5,6.0,8.0,7.5],"tintindex":0,"rotation":270,"texture":"#0"},"north":{"uv":[5.0,6.0,6.5,7.5],"tintindex":0,"rotation":90,"texture":"#0"},"up":{"uv":[16.0,11.3125,11.9375,9.75],"tintindex":0,"rotation":270,"texture":"#0"},"down":{"uv":[11.9375,11.3125,16.0,9.75],"tintindex":0,"rotation":270,"texture":"#0"}}},{"from":[3.75,3.75,8.0],"to":[12.25,12.25,26.5],"faces":{"east":{"uv":[4.0,16.0,0.0,14.5],"tintindex":0,"rotation":0,"texture":"#0"},"south":{"uv":[6.5,6.0,8.0,7.5],"tintindex":0,"rotation":0,"texture":"#0"},"north":{"uv":[5.0,6.0,6.5,7.5],"tintindex":0,"rotation":0,"texture":"#0"},"west":{"uv":[0.0,14.5,4.0,16.0],"tintindex":0,"rotation":0,"texture":"#0"},"up":{"uv":[0.0,16.0,4.0,14.5],"tintindex":0,"rotation":90,"texture":"#0"},"down":{"uv":[4.0,14.5,0.0,16.0],"tintindex":0,"rotation":90,"texture":"#0"}}},{"from":[12.25,12.25,26.5],"to":[3.75,3.75,8.0],"faces":{"east":{"uv":[0.0,16.0,4.0,14.5],"tintindex":0,"rotation":0,"texture":"#0"},"south":{"uv":[5.0,7.5,6.5,6.0],"tintindex":0,"rotation":0,"texture":"#0"},"north":{"uv":[6.5,7.5,8.0,6.0],"tintindex":0,"rotation":0,"texture":"#0"},"west":{"uv":[4.0,14.5,0.0,16.0],"tintindex":0,"rotation":0,"texture":"#0"},"up":{"uv":[4.0,16.0,0.0,14.5],"tintindex":0,"rotation":90,"texture":"#0"},"down":{"uv":[0.0,14.5,4.0,16.0],"tintindex":0,"rotation":90,"texture":"#0"}}},{"from":[3.9,3.5875,7.8375],"to":[3.6,12.4125,26.6625],"faces":{"east":{"uv":[16.0,9.75,11.9375,11.3125],"tintindex":0,"rotation":0,"texture":"#0"},"south":{"uv":[6.5,6.0,8.0,7.5],"tintindex":0,"rotation":0,"texture":"#0"},"north":{"uv":[5.0,6.0,6.5,7.5],"tintindex":0,"rotation":0,"texture":"#0"},"west":{"uv":[11.9375,9.75,16.0,11.3125],"tintindex":0,"rotation":0,"texture":"#0"},"down":{"uv":[15.9375,15.9375,16.0,16.0],"tintindex":0,"rotation":90,"texture":"#0"}}},{"from":[3.5875,12.4,7.8375],"to":[12.4125,12.1,26.6625],"faces":{"south":{"uv":[8.0,6.0,6.5,7.5],"tintindex":0,"rotation":270,"texture":"#0"},"north":{"uv":[6.5,6.0,5.0,7.5],"tintindex":0,"rotation":90,"texture":"#0"},"west":{"uv":[15.9375,15.9375,16.0,16.0],"tintindex":0,"rotation":0,"texture":"#0"},"up":{"uv":[16.0,9.75,11.9375,11.3125],"tintindex":0,"rotation":270,"texture":"#0"},"down":{"uv":[11.9375,9.75,16.0,11.3125],"tintindex":0,"rotation":270,"texture":"#0"}}},{"from":[12.4,3.5875,7.8375],"to":[12.1,12.4125,26.6625],"faces":{"east":{"uv":[16.0,11.3125,11.9375,9.75],"tintindex":0,"rotation":0,"texture":"#0"},"south":{"uv":[8.0,6.0,6.5,7.5],"tintindex":0,"rotation":0,"texture":"#0"},"north":{"uv":[6.5,6.0,5.0,7.5],"tintindex":0,"rotation":0,"texture":"#0"},"west":{"uv":[11.9375,11.3125,16.0,9.75],"tintindex":0,"rotation":0,"texture":"#0"},"up":{"uv":[15.9375,15.9375,16.0,16.0],"tintindex":0,"rotation":90,"texture":"#0"}}}],"display":{"gui":{"rotation":[30,225,0]}}}