{"textures":{"0":"modelengine:entity/chromafire_meteor_gold"},"elements":[{"from":[16.5,16.5,16.5],"to":[-0.5,-0.5,-0.5],"faces":{"east":{"uv":[15.9375,15.5,16.0,15.8125],"tintindex":0,"rotation":0,"texture":"#0"},"south":{"uv":[15.9375,15.5,16.0,15.8125],"tintindex":0,"rotation":0,"texture":"#0"},"north":{"uv":[15.9375,15.5,16.0,15.8125],"tintindex":0,"rotation":0,"texture":"#0"},"west":{"uv":[15.9375,15.5,16.0,15.8125],"tintindex":0,"rotation":0,"texture":"#0"},"up":{"uv":[15.9375,15.5,16.0,15.5625],"tintindex":0,"rotation":0,"texture":"#0"},"down":{"uv":[15.9375,15.75,16.0,15.8125],"tintindex":0,"rotation":0,"texture":"#0"}}},{"from":[0.0,0.0,0.0],"to":[16.0,16.0,16.0],"faces":{"east":{"uv":[5.75,7.5,6.75,8.5],"tintindex":0,"rotation":0,"texture":"#0"},"south":{"uv":[6.75,7.5,7.75,8.5],"tintindex":0,"rotation":0,"texture":"#0"},"north":{"uv":[4.0,2.0,5.0,3.0],"tintindex":0,"rotation":0,"texture":"#0"},"west":{"uv":[0.0,7.75,1.0,8.75],"tintindex":0,"rotation":0,"texture":"#0"},"up":{"uv":[2.0,8.75,1.0,7.75],"tintindex":0,"rotation":0,"texture":"#0"},"down":{"uv":[3.0,7.75,2.0,8.75],"tintindex":0,"rotation":0,"texture":"#0"}}}],"display":{"gui":{"rotation":[30,225,0]}}}