{"textures":{"0":"modelengine:entity/chromafire_meteor_gold"},"elements":[{"from":[2.0,2.0,-6.0],"to":[14.0,14.0,22.0],"faces":{"east":{"uv":[0.0,7.0,1.75,7.75],"tintindex":0,"rotation":0,"texture":"#0"},"south":{"uv":[7.75,2.75,8.5,3.5],"tintindex":0,"rotation":0,"texture":"#0"},"north":{"uv":[7.75,2.0,8.5,2.75],"tintindex":0,"rotation":0,"texture":"#0"},"west":{"uv":[1.75,7.0,3.5,7.75],"tintindex":0,"rotation":0,"texture":"#0"},"up":{"uv":[7.75,3.75,7.0,2.0],"tintindex":0,"rotation":0,"texture":"#0"},"down":{"uv":[4.25,7.0,3.5,8.75],"tintindex":0,"rotation":0,"texture":"#0"}}}],"display":{"gui":{"rotation":[30,225,0]}}}