{"textures":{"0":"modelengine:entity/chromafire_meteor_gold"},"elements":[{"from":[-8.0,-8.0,-8.0],"to":[24.0,24.0,24.0],"faces":{"east":{"uv":[4.0,0.0,6.0,2.0],"tintindex":0,"rotation":0,"texture":"#0"},"south":{"uv":[5.0,2.0,7.0,4.0],"tintindex":0,"rotation":0,"texture":"#0"},"north":{"uv":[3.0,3.0,5.0,5.0],"tintindex":0,"rotation":0,"texture":"#0"},"west":{"uv":[3.0,5.0,5.0,7.0],"tintindex":0,"rotation":0,"texture":"#0"},"up":{"uv":[7.0,6.0,5.0,4.0],"tintindex":0,"rotation":0,"texture":"#0"},"down":{"uv":[8.0,0.0,6.0,2.0],"tintindex":0,"rotation":0,"texture":"#0"}}}],"display":{"gui":{"rotation":[30,225,0]}}}