{
	"credit": "Made with Blockbench",
	"textures": {
		"0": "block/plant/brown_mushroom_parts",
		"1": "block/plant/brown_mushroom_s_0",
		"particle": "block/plant/brown_mushroom_parts"
	},
	"elements": [
		{
			"from": [4, 0, 4],
			"to": [6, 4, 6],
			"faces": {
				"north": {"uv": [10, 0, 12, 4], "texture": "#0"},
				"east": {"uv": [12, 0, 14, 4], "texture": "#0"},
				"south": {"uv": [10, 0, 12, 4], "texture": "#0"},
				"west": {"uv": [12, 0, 14, 4], "texture": "#0"},
				"down": {"uv": [10, 3, 12, 5], "texture": "#0", "cullface": "down"}
			}
		},
		{
			"from": [2, 4, 2],
			"to": [8, 6, 8],
			"faces": {
				"up": {"uv": [2, 2, 8, 8], "texture": "#1"},
				"down": {"uv": [0, 0, 10, 10], "texture": "#0"}
			}
		},
		{
			"from": [2, 4, 8],
			"to": [8, 6, 9],
			"faces": {
				"east": {"uv": [7, 8, 8, 10], "texture": "#1"},
				"south": {"uv": [2, 8, 8, 10], "texture": "#1"},
				"west": {"uv": [2, 8, 3, 10], "texture": "#1"},
				"up": {"uv": [2, 8, 8, 9], "texture": "#1"},
				"down": {"uv": [2, 9, 8, 10], "texture": "#1"}
			}
		},
		{
			"from": [2, 4, 1],
			"to": [8, 6, 2],
			"faces": {
				"north": {"uv": [8, 2, 2, 0], "texture": "#1"},
				"east": {"uv": [7, 2, 8, 0], "texture": "#1"},
				"west": {"uv": [2, 2, 3, 0], "texture": "#1"},
				"up": {"uv": [2, 1, 8, 2], "texture": "#1"},
				"down": {"uv": [2, 0, 8, 1], "texture": "#1"}
			}
		},
		{
			"from": [8, 4, 2],
			"to": [9, 6, 8],
			"faces": {
				"north": {"uv": [8, 2, 10, 3], "rotation": 90, "texture": "#1"},
				"east": {"uv": [8, 2, 10, 8], "rotation": 90, "texture": "#1"},
				"south": {"uv": [8, 7, 10, 8], "rotation": 90, "texture": "#1"},
				"up": {"uv": [8, 2, 9, 8], "texture": "#1"},
				"down": {"uv": [9, 8, 10, 2], "texture": "#1"}
			}
		},
		{
			"from": [1, 4, 2],
			"to": [2, 6, 8],
			"faces": {
				"north": {"uv": [2, 2, 0, 3], "rotation": 90, "texture": "#1"},
				"south": {"uv": [2, 7, 0, 8], "rotation": 90, "texture": "#1"},
				"west": {"uv": [2, 2, 0, 8], "rotation": 90, "texture": "#1"},
				"up": {"uv": [1, 2, 2, 8], "texture": "#1"},
				"down": {"uv": [0, 2, 1, 8], "texture": "#1"}
			}
		}
	]
}