{
	"credit": "Made with Blockbench",
	"textures": {
		"0": "block/plant/red_mushroom_0",
		"1": "block/plant/red_mushroom_parts",
		"particle": "block/plant/red_mushroom_0"
	},
	"elements": [
		{
			"from": [4, 0, 5],
			"to": [6, 3, 7],
			"faces": {
				"north": {"uv": [10, 1, 12, 4], "texture": "#1"},
				"east": {"uv": [12, 1, 14, 4], "texture": "#1"},
				"south": {"uv": [10, 1, 12, 4], "texture": "#1"},
				"west": {"uv": [12, 1, 14, 4], "texture": "#1"},
				"down": {"uv": [10, 3, 12, 5], "texture": "#1"}
			}
		},
		{
			"from": [1, 3, 2],
			"to": [9, 6, 10],
			"faces": {
				"north": {"uv": [10, 3, 2, 0], "texture": "#0"},
				"east": {"uv": [9, 2, 12, 10], "rotation": 90, "texture": "#0"},
				"south": {"uv": [2, 9, 10, 12], "texture": "#0"},
				"west": {"uv": [0, 2, 3, 10], "rotation": 270, "texture": "#0"},
				"up": {"uv": [2, 2, 10, 10], "texture": "#0"},
				"down": {"uv": [1, 1, 9, 9], "texture": "#1"}
			}
		},
		{
			"from": [2, 6, 3],
			"to": [8, 7, 9],
			"faces": {
				"north": {"uv": [9, 3, 3, 4], "texture": "#0"},
				"east": {"uv": [8, 3, 9, 9], "rotation": 90, "texture": "#0"},
				"south": {"uv": [3, 8, 9, 9], "texture": "#0"},
				"west": {"uv": [3, 3, 4, 9], "rotation": 270, "texture": "#0"},
				"up": {"uv": [3, 3, 9, 9], "texture": "#0"}
			}
		},
		{
			"from": [2, 1, 3],
			"to": [8, 1, 9],
			"faces": {
				"up": {"uv": [0, 10, 6, 16], "texture": "#1"},
				"down": {"uv": [0, 10, 6, 16], "texture": "#1"}
			}
		}
	]
}