{
	"credit": "Made with Blockbench",
	"textures": {
		"0": "block/plant/brown_mushroom_parts",
		"1": "block/plant/brown_mushroom_s_0",
		"particle": "block/plant/brown_mushroom_parts"
	},
	"elements": [
		{
			"from": [10, 0, 6],
			"to": [12, 4, 8],
			"rotation": {"angle": 45, "axis": "y", "origin": [11, 0, 7]},
			"faces": {
				"north": {"uv": [12, 0, 14, 4], "texture": "#0"},
				"east": {"uv": [10, 0, 12, 4], "texture": "#0"},
				"south": {"uv": [12, 0, 14, 4], "texture": "#0"},
				"west": {"uv": [10, 0, 12, 4], "texture": "#0"},
				"down": {"uv": [10, 3, 12, 5], "rotation": 270, "texture": "#0", "cullface": "down"}
			}
		},
		{
			"from": [8, 4, 4],
			"to": [14, 6, 10],
			"rotation": {"angle": 45, "axis": "y", "origin": [11, 0, 7]},
			"faces": {
				"up": {"uv": [2, 2, 8, 8], "rotation": 90, "texture": "#1"},
				"down": {"uv": [0, 0, 10, 10], "rotation": 270, "texture": "#0"}
			}
		},
		{
			"from": [7, 4, 4],
			"to": [8, 6, 10],
			"rotation": {"angle": 45, "axis": "y", "origin": [11, 0, 7]},
			"faces": {
				"north": {"uv": [2, 8, 3, 10], "texture": "#1"},
				"south": {"uv": [7, 8, 8, 10], "texture": "#1"},
				"west": {"uv": [2, 8, 8, 10], "texture": "#1"},
				"up": {"uv": [2, 8, 8, 9], "rotation": 90, "texture": "#1"},
				"down": {"uv": [2, 9, 8, 10], "rotation": 270, "texture": "#1"}
			}
		},
		{
			"from": [14, 4, 4],
			"to": [15, 6, 10],
			"rotation": {"angle": 45, "axis": "y", "origin": [11, 0, 7]},
			"faces": {
				"north": {"uv": [2, 2, 3, 0], "texture": "#1"},
				"east": {"uv": [8, 2, 2, 0], "texture": "#1"},
				"south": {"uv": [7, 2, 8, 0], "texture": "#1"},
				"up": {"uv": [2, 1, 8, 2], "rotation": 90, "texture": "#1"},
				"down": {"uv": [2, 0, 8, 1], "rotation": 270, "texture": "#1"}
			}
		},
		{
			"from": [8, 4, 10],
			"to": [14, 6, 11],
			"rotation": {"angle": 45, "axis": "y", "origin": [11, 0, 7]},
			"faces": {
				"east": {"uv": [8, 2, 10, 3], "rotation": 90, "texture": "#1"},
				"south": {"uv": [8, 2, 10, 8], "rotation": 90, "texture": "#1"},
				"west": {"uv": [8, 7, 10, 8], "rotation": 90, "texture": "#1"},
				"up": {"uv": [8, 2, 9, 8], "rotation": 90, "texture": "#1"},
				"down": {"uv": [9, 8, 10, 2], "rotation": 270, "texture": "#1"}
			}
		},
		{
			"from": [8, 4, 3],
			"to": [14, 6, 4],
			"rotation": {"angle": 45, "axis": "y", "origin": [11, 0, 7]},
			"faces": {
				"north": {"uv": [2, 2, 0, 8], "rotation": 90, "texture": "#1"},
				"east": {"uv": [2, 2, 0, 3], "rotation": 90, "texture": "#1"},
				"west": {"uv": [2, 7, 0, 8], "rotation": 90, "texture": "#1"},
				"up": {"uv": [1, 2, 2, 8], "rotation": 90, "texture": "#1"},
				"down": {"uv": [0, 2, 1, 8], "rotation": 270, "texture": "#1"}
			}
		}
	]
}