{
    "providers": [
        {
            "type": "bitmap",
            "file": "happyhud:font/assets/death-message/outline.png",
            "height": 12,
            "ascent": -219500,
            "chars": [
                "\ue000"
            ]
        },
        {
            "type": "bitmap",
            "file": "happyhud:font/assets/death-message/icon.png",
            "height": 16,
            "ascent": -224500,
            "chars": [
                "\ue001"
            ]
        },
        {
            "type": "bitmap",
            "file": "happyhud:font/assets/death-message/outline.png",
            "height": 12,
            "ascent": -225500,
            "chars": [
                "\ue002"
            ]
        },
        {
            "type": "bitmap",
            "file": "happyhud:font/assets/death-message/icon.png",
            "height": 16,
            "ascent": -230500,
            "chars": [
                "\ue003"
            ]
        },
        {
            "type": "bitmap",
            "file": "happyhud:font/assets/death-message/outline.png",
            "height": 12,
            "ascent": -231500,
            "chars": [
                "\ue004"
            ]
        },
        {
            "type": "bitmap",
            "file": "happyhud:font/assets/death-message/icon.png",
            "height": 16,
            "ascent": -236500,
            "chars": [
                "\ue005"
            ]
        },
        {
            "type": "bitmap",
            "file": "happyhud:font/assets/death-message/outline.png",
            "height": 12,
            "ascent": -237500,
            "chars": [
                "\ue006"
            ]
        },
        {
            "type": "bitmap",
            "file": "happyhud:font/assets/death-message/icon.png",
            "height": 16,
            "ascent": -242500,
            "chars": [
                "\ue007"
            ]
        },
        {
            "type": "bitmap",
            "file": "happyhud:font/assets/death-message/outline.png",
            "height": 12,
            "ascent": -243500,
            "chars": [
                "\ue008"
            ]
        },
        {
            "type": "bitmap",
            "file": "happyhud:font/assets/death-message/icon.png",
            "height": 16,
            "ascent": -248500,
            "chars": [
                "\ue009"
            ]
        }
    ]
}