{"providers":[{"type":"bitmap","file":"happyhud:font/assets/skill_assets/unstable_curative_underlay.png","height":46,"ascent":-238500,"chars":[""]},{"type":"bitmap","file":"happyhud:font/assets/skill_assets/unstable_curative_vertical_bar/vertical/5/1.png","height":8,"ascent":-239500,"chars":[""]},{"type":"bitmap","file":"happyhud:font/assets/skill_assets/unstable_curative_vertical_bar/vertical/5/2.png","height":17,"ascent":-240500,"chars":[""]},{"type":"bitmap","file":"happyhud:font/assets/skill_assets/unstable_curative_vertical_bar/vertical/5/3.png","height":26,"ascent":-241500,"chars":[""]},{"type":"bitmap","file":"happyhud:font/assets/skill_assets/unstable_curative_vertical_bar/vertical/5/4.png","height":35,"ascent":-242500,"chars":[""]},{"type":"bitmap","file":"happyhud:font/assets/skill_assets/unstable_curative_vertical_bar/vertical/5/5.png","height":44,"ascent":-243500,"chars":[""]}]}