{
    "credit": "Made with Blockbench",
    "textures": {
        "0": "block/plant/red_mushroom_parts",
        "1": "block/plant/red_mushroom_s_0",
        "particle": "block/plant/red_mushroom_parts"
    },
    "elements": [
        {
            "from": [
                3,
                5,
                5
            ],
            "to": [
                7,
                6,
                9
            ],
            "rotation": {
                "angle": -22.5,
                "axis": "y",
                "origin": [
                    5,
                    0,
                    7
                ]
            },
            "faces": {
                "north": {
                    "uv": [
                        6,
                        2,
                        2,
                        3
                    ],
                    "texture": "#1"
                },
                "east": {
                    "uv": [
                        5,
                        2,
                        6,
                        6
                    ],
                    "rotation": 90,
                    "texture": "#1"
                },
                "south": {
                    "uv": [
                        2,
                        5,
                        6,
                        6
                    ],
                    "texture": "#1"
                },
                "west": {
                    "uv": [
                        2,
                        6,
                        3,
                        2
                    ],
                    "rotation": 90,
                    "texture": "#1"
                },
                "up": {
                    "uv": [
                        2,
                        2,
                        6,
                        6
                    ],
                    "texture": "#1"
                }
            }
        },
        {
            "from": [
                2,
                3,
                4
            ],
            "to": [
                8,
                5,
                10
            ],
            "rotation": {
                "angle": -22.5,
                "axis": "y",
                "origin": [
                    5,
                    0,
                    7
                ]
            },
            "faces": {
                "north": {
                    "uv": [
                        7,
                        2,
                        1,
                        0
                    ],
                    "texture": "#1"
                },
                "east": {
                    "uv": [
                        6,
                        1,
                        8,
                        7
                    ],
                    "rotation": 90,
                    "texture": "#1"
                },
                "south": {
                    "uv": [
                        1,
                        6,
                        7,
                        8
                    ],
                    "texture": "#1"
                },
                "west": {
                    "uv": [
                        2,
                        7,
                        0,
                        1
                    ],
                    "rotation": 90,
                    "texture": "#1"
                },
                "up": {
                    "uv": [
                        1,
                        1,
                        7,
                        7
                    ],
                    "texture": "#1"
                },
                "down": {
                    "uv": [
                        1,
                        1,
                        7,
                        7
                    ],
                    "texture": "#0"
                }
            }
        },
        {
            "from": [
                4,
                0,
                6
            ],
            "to": [
                6,
                3,
                8
            ],
            "rotation": {
                "angle": -22.5,
                "axis": "y",
                "origin": [
                    5,
                    0,
                    7
                ]
            },
            "faces": {
                "north": {
                    "uv": [
                        10,
                        1,
                        12,
                        4
                    ],
                    "texture": "#0"
                },
                "east": {
                    "uv": [
                        12,
                        1,
                        14,
                        4
                    ],
                    "texture": "#0"
                },
                "south": {
                    "uv": [
                        10,
                        1,
                        12,
                        4
                    ],
                    "texture": "#0"
                },
                "west": {
                    "uv": [
                        12,
                        1,
                        14,
                        4
                    ],
                    "texture": "#0"
                },
                "down": {
                    "uv": [
                        10,
                        3,
                        12,
                        5
                    ],
                    "texture": "#0",
                    "cullface": "down"
                }
            }
        },
        {
            "from": [
                3,
                2,
                5
            ],
            "to": [
                7,
                2,
                9
            ],
            "rotation": {
                "angle": -22.5,
                "axis": "y",
                "origin": [
                    5,
                    0,
                    7
                ]
            },
            "faces": {
                "up": {
                    "uv": [
                        1,
                        11,
                        5,
                        15
                    ],
                    "texture": "#0"
                },
                "down": {
                    "uv": [
                        1,
                        11,
                        5,
                        15
                    ],
                    "texture": "#0"
                }
            }
        }
    ]
}