{
	"textures": {
		"particle": "#0"
	},
	"elements": [
		{
			"from": [0, 5, 7],
			"to": [2, 16, 9],
			"faces": {
				"north": {"uv": [14, 0, 16, 11], "texture": "#0"},
				"east": {"uv": [0, 0, 2, 11], "texture": "#0"},
				"south": {"uv": [14, 0, 16, 11], "texture": "#0"},
				"west": {"uv": [0, 0, 2, 11], "texture": "#0", "cullface": "west"},
				"up": {"uv": [14, 11, 16, 13], "texture": "#0", "cullface": "up"},
				"down": {"uv": [14, 13, 16, 15], "texture": "#0"}
			}
		},
		{
			"from": [14, 5, 7],
			"to": [16, 16, 9],
			"faces": {
				"north": {"uv": [0, 0, 2, 11], "texture": "#0"},
				"east": {"uv": [14, 0, 16, 11], "texture": "#0", "cullface": "east"},
				"south": {"uv": [0, 0, 2, 11], "texture": "#0"},
				"west": {"uv": [14, 0, 16, 11], "texture": "#0"},
				"up": {"uv": [0, 11, 2, 13], "texture": "#0", "cullface": "up"},
				"down": {"uv": [0, 13, 2, 15], "texture": "#0"}
			}
		},
		{
			"from": [2, 6, 7],
			"to": [14, 9, 9],
			"faces": {
				"north": {"uv": [2, 6, 14, 9], "texture": "#0"},
				"south": {"uv": [2, 6, 14, 9], "texture": "#0"},
				"up": {"uv": [2, 11, 14, 13], "texture": "#0"},
				"down": {"uv": [2, 13, 14, 15], "texture": "#0"}
			}
		},
		{
			"from": [2, 12, 7],
			"to": [14, 15, 9],
			"faces": {
				"north": {"uv": [2, 0, 14, 3], "texture": "#0"},
				"south": {"uv": [2, 0, 14, 3], "texture": "#0"},
				"up": {"uv": [2, 11, 14, 13], "texture": "#0"},
				"down": {"uv": [2, 13, 14, 15], "texture": "#0"}
			}
		},
		{
			"from": [6, 9, 7],
			"to": [10, 12, 9],
			"faces": {
				"north": {"uv": [6, 3, 10, 6], "texture": "#0"},
				"east": {"uv": [8, 3, 10, 6], "texture": "#0"},
				"south": {"uv": [6, 3, 10, 6], "texture": "#0"},
				"west": {"uv": [6, 3, 8, 6], "texture": "#0"}
			}
		}
	],
	"display": {
		"thirdperson_righthand": {
			"translation": [0, 0, 0.75],
			"scale": [0.5, 0.5, 0.5]
		},
		"thirdperson_lefthand": {
			"translation": [0, 0, 0.75],
			"scale": [0.5, 0.5, 0.5]
		},
		"firstperson_righthand": {
			"rotation": [0, -45, 0],
			"scale": [0.4, 0.4, 0.4]
		},
		"firstperson_lefthand": {
			"rotation": [0, -45, 0],
			"scale": [0.4, 0.4, 0.4]
		},
		"ground": {
			"scale": [0.25, 0.25, 0.25]
		},
		"gui": {
			"rotation": [30, -45, 0],
			"translation": [0, -1.5, 0],
			"scale": [0.8, 0.8, 0.8]
		},
		"head": {
			"translation": [0, -4, -7]
		},
		"fixed": {
			"scale": [0.8, 0.8, 0.8]
		}
	}
}