{
"providers":[
{
"type":"reference",
"id":"spaces"
},
{
"type":"bitmap",
"file":"minecraft:font_custom/box_font.png",
"ascent":7,
"height":8,
"chars":[
	"\uE000\uE001\uE002\uE003\uE004\uE005\uE006\uE007\uE008\uE009\uE012\uE013\uE014\uE015\uE016\uE017",
	"\uE101\uE102\uE103\uE104\uE105\uE106\uE107\uE108\uE109\uE110\uE111\uE112\uE113\uE114\uE115\uE116",
	"\uE117\uE118\uE119\uE120\uE121\uE122\uE123\uE124\uE125\uE126\uE010\uE011\uE00A\uE00B\uE00C\uE00D"
	]
},
{
"type":"bitmap",
"file":"minecraft:font_custom/badges_staff.png",
"ascent":7,
"height":8,
"chars":["\uE901\uE902\uE903\uE904"]
},
{
"type":"bitmap",
"file":"minecraft:font_custom/badges_supporter.png",
"ascent":7,
"height":8,
"chars":["\uE910\uE911\uE912\uE913\uE914\uE915\uE916"]
},
{
"type":"bitmap",
"file":"minecraft:font_custom/images_wooden.png",
"ascent":30,
"height":56,
"chars":[
	"\uEE10\uEE11\uEE12\uEE13\uEE14\uEE15\uEE16\uEE17",
	"\uEE18\uEE19\uEE1A\uEE1B\uEE1C\uEE1D\uEE1E\uEE1F"
	]
},
{
"type":"bitmap",
"file":"minecraft:font_custom/images_copper.png",
"ascent":46,
"height":88,
"chars":[
	"\uEE20\uEE21\uEE22\uEE23\uEE24\uEE25\uEE26\uEE27",
	"\uEE28\uEE29\uEE2A\uEE2B\uEE2C\uEE2D\uEE2E\uEE2F"
	]
},
{
"type":"bitmap",
"file":"minecraft:font_custom/badges_basic.png",
"ascent":7,
"height":8,
"chars":["\uE920\uE921\uE922"]
},
{
"type":"bitmap",
"file":"minecraft:font_custom/icons_combat.png",
"ascent":8,
"height":9,
"chars":[
	"\uED00\uED01\uED02\uED03\uED04\uED05\uED06\uED07",
	"\uED08\uED09\uED0A\uED0B\uED0C\uED0D\uED0E\uED0F",
	"\uED10\uED11\uED12\uED13\uED14\uED15\uED16\uED17",
	"\uED18\uED19\uED1A\uED1B\uED1C\uED1D\uED1E\uED1F"
	]
},
{
"type":"bitmap",
"file":"minecraft:font_custom/icons_magic.png",
"ascent":13,
"height":14,
"chars":[
	"\uEC00\uEC01\uEC02\uEC03\uEC04\uEC05",
	"\uEC06\uEC07\uEC08\uEC09\uEC0A\uEC0B"
	]
},
{
"type":"bitmap",
"file":"minecraft:font_custom/npcs.png",
"ascent":4,
"height":80,
"chars":["\uEA01\uEA02\uEA03\uEA04"]
},
{
"type":"bitmap",
"file":"minecraft:font_custom/npc_chat.png",
"ascent":8,
"height":9,
"chars":["\uEA00"]
},
{
"type":"bitmap",
"file":"minecraft:font_custom/bossbar_ggolem.png",
"ascent":0,
"height":15,
"chars":[
	"\uEF0A",
	"\uEF0B"
	]
},
{
"type":"bitmap",
"file":"minecraft:font_custom/bossbar_custodian.png",
"ascent":10,
"height":57,
"chars":["\uEF0C"]
},
{
"type":"bitmap",
"file":"minecraft:font_custom/tooltip_bone.png",
"ascent":27,
"height":32,
"chars":["\uEE01"]
},
{
"type":"bitmap",
"file":"minecraft:font_custom/image_box.png",
"ascent":14,
"height":24,
"chars":["\uEE03"]
},
{
"type":"bitmap",
"file":"minecraft:font_custom/server_select.png",
"ascent":13,
"height":256,
"chars":["\uEF01"]
},
{
"type":"bitmap",
"file":"minecraft:font_custom/map_back.png",
"ascent":23,
"height":160,
"chars":["\uEF02"]
},
{
"type":"bitmap",
"file":"minecraft:font_custom/ui_hoh.png",
"ascent":32,
"height":256,
"chars":["\uEF03"]
},
{
"type":"bitmap",
"file":"minecraft:font_custom/ui_artifact_console.png",
"ascent":22,
"height":148,
"chars":["\uEF05"]
},
{
"type":"bitmap",
"file":"minecraft:font_custom/corpse_gui_9x3.png",
"ascent":4,
"height":71,
"chars":["\uEF04"]
},
{
"type":"bitmap",
"file":"minecraft:font_custom/black_screen.png",
"ascent":1000,
"height":2048,
"chars":["\uEEEE"]
},
{
"type":"bitmap",
"file":"minecraft:font_custom/ink_screen.png",
"ascent":80,
"height":156,
"chars":["\uEEEF"]
},
{
"type":"bitmap",
"file":"minecraft:font_custom/packpng.png",
"ascent":20,
"height":34,
"chars":["\uEE00"]
}
]
}