{
    "variants": {
        "": [
            {
                "model": "block_random/cobblestone_0"
            },
            {
                "model": "block_random/cobblestone_1"
            },
            {
                "model": "block_random/cobblestone_2"
            },
            {
                "model": "block_random/cobblestone_3"
            },
            {
                "model": "block_random/cobblestone_4"
            },
            {
                "model": "block_random/cobblestone_5"
            }
        ]
    }
}