{
    "variants": {
        "": [
            {
                "model": "block_random/stone_brick_mossy_0"
            },
            {
                "model": "block_random/stone_brick_mossy_1"
            },
            {
                "model": "block_random/stone_brick_mossy_2"
            },
            {
                "model": "block_random/stone_brick_mossy_3"
            },
            {
                "model": "block_random/stone_brick_mossy_4"
            },
            {
                "model": "block_random/stone_brick_mossy_5"
            },
            {
                "model": "block_random/stone_brick_mossy_6"
            },
            {
                "model": "block_random/stone_brick_mossy_7"
            }
        ]
    }
}