{
    "variants": {
        "shape=north_south": {
            "model": "block/rail"
        },
        "shape=east_west": {
            "model": "block/rail",
            "y": 90
        },
        "shape=ascending_north": {
            "model": "block/rail_raised"
        },
        "shape=ascending_east": {
            "model": "block/rail_raised",
            "y": 90
        },
        "shape=ascending_south": {
            "model": "block/rail_raised",
            "y": 180
        },
        "shape=ascending_west": {
            "model": "block/rail_raised",
            "y": 270
        },
        "shape=south_east": {
            "model": "block/rail_corner",
            "y": 180
        },
        "shape=south_west": {
            "model": "block/rail_corner",
            "y": 270
        },
        "shape=north_west": {
            "model": "block/rail_corner"
        },
        "shape=north_east": {
            "model": "block/rail_corner",
            "y": 90
        }
    }
}