{
    "variants": {
        "": [
            {
                "model": "block_random/smooth_stone_0"
            },
            {
                "model": "block_random/smooth_stone_1"
            },
            {
                "model": "block_random/smooth_stone_2"
            },
            {
                "model": "block_random/smooth_stone_3"
            },
            {
                "model": "block_random/smooth_stone_4"
            },
            {
                "model": "block_random/smooth_stone_5"
            }
        ]
    }
}