{
    "variants": {
        "hanging=false": [
            {
                "model": "minecraft:block/lantern_soul_1"
            },
            {
                "model": "minecraft:block/lantern_soul_1",
                "y": 90
            },
            {
                "model": "minecraft:block/lantern_soul_2"
            },
            {
                "model": "minecraft:block/lantern_soul_2",
                "y": 90
            }
        ],
        "hanging=true": [
            {
                "model": "minecraft:block/lantern_soul_hanging_1"
            },
            {
                "model": "minecraft:block/lantern_soul_hanging_2"
            },
            {
                "model": "minecraft:block/lantern_soul_hanging_3"
            }
        ]
    }
}