{"textures":{"0":"modelengine:entity/crates_and_barrels"},"elements":[{"from":[1.0,9.0,4.0],"to":[15.0,13.0,12.0],"faces":{"east":{"uv":[4.375,0.5,3.875,1.5],"tintindex":0,"rotation":90,"texture":"#0"},"south":{"uv":[5.375,1.75,7.125,1.25],"tintindex":0,"rotation":0,"texture":"#0"},"north":{"uv":[5.375,1.25,7.125,1.75],"tintindex":0,"rotation":0,"texture":"#0"},"west":{"uv":[3.875,0.5,4.375,1.5],"tintindex":0,"rotation":90,"texture":"#0"},"up":{"uv":[3.0,2.375,4.75,3.375],"tintindex":0,"rotation":0,"texture":"#0"},"down":{"uv":[3.0,2.375,4.75,3.375],"tintindex":0,"rotation":0,"texture":"#0"}}},{"from":[-0.35000038,6.9,9.0],"to":[0.6500001,9.9,10.0],"faces":{"east":{"uv":[5.125,2.0,5.0,2.375],"tintindex":0,"rotation":0,"texture":"#0"},"south":{"uv":[5.125,2.375,5.25,2.0],"tintindex":0,"rotation":0,"texture":"#0"},"north":{"uv":[5.125,2.375,5.25,2.0],"tintindex":0,"rotation":0,"texture":"#0"},"west":{"uv":[5.0,2.0,5.375,2.125],"tintindex":0,"rotation":90,"texture":"#0"},"down":{"uv":[5.25,2.125,5.375,2.25],"tintindex":0,"rotation":0,"texture":"#0"}},"rotation":{"origin":[8.0,8.0,8.0],"angle":-22.5,"axis":"z"}},{"from":[14.0,13.0,11.0],"to":[2.0,12.0,5.0],"faces":{"east":{"uv":[9.25,1.625,8.5,1.75],"tintindex":0,"rotation":0,"texture":"#0"},"south":{"uv":[9.25,0.125,9.375,1.625],"tintindex":0,"rotation":90,"texture":"#0"},"north":{"uv":[8.375,0.125,8.5,1.625],"tintindex":0,"rotation":90,"texture":"#0"},"west":{"uv":[8.5,0.0,9.25,0.125],"tintindex":0,"rotation":0,"texture":"#0"},"up":{"uv":[8.5,0.125,9.25,1.625],"tintindex":0,"rotation":90,"texture":"#0"}}},{"from":[-0.35000038,6.9,6.0],"to":[0.6500001,9.9,7.0],"faces":{"east":{"uv":[5.125,2.0,5.0,2.375],"tintindex":0,"rotation":0,"texture":"#0"},"south":{"uv":[5.0,2.375,5.125,2.0],"tintindex":0,"rotation":0,"texture":"#0"},"north":{"uv":[5.0,2.375,5.125,2.0],"tintindex":0,"rotation":0,"texture":"#0"},"west":{"uv":[5.125,2.375,5.25,2.0],"tintindex":0,"rotation":0,"texture":"#0"},"down":{"uv":[5.125,2.125,5.25,2.25],"tintindex":0,"rotation":0,"texture":"#0"}},"rotation":{"origin":[8.0,8.0,8.0],"angle":-22.5,"axis":"z"}},{"from":[15.35,6.9,9.0],"to":[16.35,9.9,10.0],"faces":{"east":{"uv":[5.25,2.375,5.125,2.0],"tintindex":0,"rotation":0,"texture":"#0"},"south":{"uv":[5.125,2.375,5.25,2.0],"tintindex":0,"rotation":0,"texture":"#0"},"north":{"uv":[5.125,2.375,5.25,2.0],"tintindex":0,"rotation":0,"texture":"#0"},"west":{"uv":[5.0,2.0,5.375,2.125],"tintindex":0,"rotation":90,"texture":"#0"},"down":{"uv":[5.25,2.125,5.375,2.25],"tintindex":0,"rotation":0,"texture":"#0"}},"rotation":{"origin":[8.0,8.0,8.0],"angle":22.5,"axis":"z"}},{"from":[15.35,6.9,7.0],"to":[16.35,7.9,9.0],"faces":{"east":{"uv":[5.125,2.0,5.375,2.125],"tintindex":0,"rotation":0,"texture":"#0"},"west":{"uv":[5.125,2.0,5.375,2.125],"tintindex":0,"rotation":0,"texture":"#0"},"up":{"uv":[5.125,2.0,5.25,2.25],"tintindex":0,"rotation":0,"texture":"#0"},"down":{"uv":[5.125,2.0,5.25,2.25],"tintindex":0,"rotation":0,"texture":"#0"}},"rotation":{"origin":[8.0,8.0,8.0],"angle":22.5,"axis":"z"}},{"from":[2.0,8.0,5.0],"to":[14.0,9.0,11.0],"faces":{"east":{"uv":[5.875,1.25,6.875,1.375],"tintindex":0,"rotation":0,"texture":"#0"},"south":{"uv":[5.5,1.25,7.0,1.375],"tintindex":0,"rotation":0,"texture":"#0"},"north":{"uv":[5.5,1.25,7.0,1.375],"tintindex":0,"rotation":0,"texture":"#0"},"west":{"uv":[5.875,1.25,6.875,1.375],"tintindex":0,"rotation":0,"texture":"#0"},"up":{"uv":[1.5,2.625,3.0,3.625],"tintindex":0,"rotation":0,"texture":"#0"},"down":{"uv":[1.5,2.625,3.0,3.625],"tintindex":0,"rotation":0,"texture":"#0"}}},{"from":[-0.35000038,6.9,7.0],"to":[0.6500001,7.9,9.0],"faces":{"east":{"uv":[5.25,2.25,5.0,2.375],"tintindex":0,"rotation":0,"texture":"#0"},"west":{"uv":[5.125,2.0,5.375,2.125],"tintindex":0,"rotation":0,"texture":"#0"},"up":{"uv":[5.125,2.0,5.25,2.25],"tintindex":0,"rotation":0,"texture":"#0"},"down":{"uv":[5.125,2.0,5.25,2.25],"tintindex":0,"rotation":0,"texture":"#0"}},"rotation":{"origin":[8.0,8.0,8.0],"angle":-22.5,"axis":"z"}},{"from":[15.35,6.9,6.0],"to":[16.35,9.9,7.0],"faces":{"east":{"uv":[5.125,2.375,5.0,2.0],"tintindex":0,"rotation":0,"texture":"#0"},"south":{"uv":[5.0,2.375,5.125,2.0],"tintindex":0,"rotation":0,"texture":"#0"},"north":{"uv":[5.0,2.375,5.125,2.0],"tintindex":0,"rotation":0,"texture":"#0"},"west":{"uv":[5.125,2.375,5.25,2.0],"tintindex":0,"rotation":0,"texture":"#0"},"down":{"uv":[5.125,2.125,5.25,2.25],"tintindex":0,"rotation":0,"texture":"#0"}},"rotation":{"origin":[8.0,8.0,8.0],"angle":22.5,"axis":"z"}}],"display":{"gui":{"rotation":[30,225,0]}}}