{"textures":{"0":"modelengine:entity/crates_and_barrels"},"elements":[{"from":[10.0,8.01,0.0],"to":[11.0,10.0,8.0],"faces":{"east":{"uv":[1.75,0.25,2.75,0.375],"tintindex":0,"rotation":0,"texture":"#0"},"south":{"uv":[1.75,0.25,1.875,0.375],"tintindex":0,"rotation":90,"texture":"#0"},"north":{"uv":[1.625,0.37375,1.75,0.125],"tintindex":0,"rotation":0,"texture":"#0"},"west":{"uv":[1.875,0.25,2.875,0.375],"tintindex":0,"rotation":0,"texture":"#0"},"up":{"uv":[1.875,0.25,2.875,0.375],"tintindex":0,"rotation":90,"texture":"#0"},"down":{"uv":[1.75,0.25,2.75,0.375],"tintindex":0,"rotation":90,"texture":"#0"}}},{"from":[1.0,8.0,0.0],"to":[3.0,10.0,8.0],"faces":{"east":{"uv":[3.0,0.75,3.25,1.75],"tintindex":0,"rotation":90,"texture":"#0"},"south":{"uv":[7.0,1.0,6.75,1.25],"tintindex":0,"rotation":0,"texture":"#0"},"north":{"uv":[7.25,1.0,7.0,1.25],"tintindex":0,"rotation":90,"texture":"#0"},"west":{"uv":[5.0,0.0,5.25,1.0],"tintindex":0,"rotation":90,"texture":"#0"},"up":{"uv":[7.0,0.0,6.75,1.0],"tintindex":0,"rotation":0,"texture":"#0"},"down":{"uv":[7.0,0.0,6.75,1.0],"tintindex":0,"rotation":0,"texture":"#0"}}},{"from":[3.0,8.0,1.0],"to":[13.0,9.0,7.0],"faces":{"east":{"uv":[3.0,0.75,3.125,1.75],"tintindex":0,"rotation":90,"texture":"#0"},"south":{"uv":[7.0,1.0,8.25,1.125],"tintindex":0,"rotation":0,"texture":"#0"},"north":{"uv":[4.75,3.25,6.0,3.375],"tintindex":0,"rotation":0,"texture":"#0"},"west":{"uv":[5.0,0.0,5.125,1.0],"tintindex":0,"rotation":90,"texture":"#0"},"up":{"uv":[4.75,2.375,6.0,3.375],"tintindex":0,"rotation":0,"texture":"#0"},"down":{"uv":[4.75,2.375,6.0,3.375],"tintindex":0,"rotation":0,"texture":"#0"}}},{"from":[7.0,6.0,-1.0],"to":[9.0,9.0,1.0],"faces":{"east":{"uv":[5.0,2.0,5.25,2.375],"tintindex":0,"rotation":0,"texture":"#0"},"south":{"uv":[5.125,2.0,5.375,2.375],"tintindex":0,"rotation":0,"texture":"#0"},"north":{"uv":[5.125,2.0,5.375,2.375],"tintindex":0,"rotation":0,"texture":"#0"},"west":{"uv":[5.0,2.0,5.25,2.375],"tintindex":0,"rotation":0,"texture":"#0"},"up":{"uv":[5.375,2.25,5.125,2.0],"tintindex":0,"rotation":90,"texture":"#0"},"down":{"uv":[5.0,2.125,5.25,2.375],"tintindex":0,"rotation":0,"texture":"#0"}}},{"from":[5.0,8.01,0.0],"to":[6.0,10.0,8.0],"faces":{"east":{"uv":[1.75,0.25,2.75,0.375],"tintindex":0,"rotation":0,"texture":"#0"},"south":{"uv":[1.75,0.25,1.875,0.375],"tintindex":0,"rotation":90,"texture":"#0"},"north":{"uv":[1.625,0.37375,1.75,0.125],"tintindex":0,"rotation":0,"texture":"#0"},"west":{"uv":[1.875,0.25,2.875,0.375],"tintindex":0,"rotation":0,"texture":"#0"},"up":{"uv":[1.875,0.25,2.875,0.375],"tintindex":0,"rotation":90,"texture":"#0"},"down":{"uv":[1.75,0.25,2.75,0.375],"tintindex":0,"rotation":90,"texture":"#0"}}},{"from":[13.0,8.0,0.0],"to":[15.0,10.0,8.0],"faces":{"east":{"uv":[3.0,0.75,3.25,1.75],"tintindex":0,"rotation":90,"texture":"#0"},"south":{"uv":[6.75,1.0,7.0,1.25],"tintindex":0,"rotation":0,"texture":"#0"},"north":{"uv":[7.375,1.25,7.625,1.0],"tintindex":0,"rotation":90,"texture":"#0"},"west":{"uv":[5.0,0.0,5.25,1.0],"tintindex":0,"rotation":90,"texture":"#0"},"up":{"uv":[6.75,0.0,7.0,1.0],"tintindex":0,"rotation":0,"texture":"#0"},"down":{"uv":[6.75,0.0,7.0,1.0],"tintindex":0,"rotation":0,"texture":"#0"}}}],"display":{"gui":{"rotation":[30,225,0]}}}