{
	"credit": "Made with Blockbench",
	"textures": {
		"0": "block/chain",
		"particle": "block/chain"
	},
	"elements": [
		{
			"from": [6, 0, 7.5],
			"to": [7, 2, 8.5],
			"faces": {
				"north": {"uv": [0, 1, 1, 3], "texture": "#0"},
				"east": {"uv": [0, 1, 1, 3], "texture": "#0"},
				"south": {"uv": [0, 1, 1, 3], "texture": "#0"},
				"west": {"uv": [0, 1, 1, 3], "texture": "#0"},
				"down": {"uv": [0, 2, 1, 3], "texture": "#0"}
			}
		},
		{
			"from": [9, 0, 7.5],
			"to": [10, 2, 8.5],
			"faces": {
				"north": {"uv": [3, 1, 4, 3], "texture": "#0"},
				"east": {"uv": [3, 1, 4, 3], "texture": "#0"},
				"south": {"uv": [3, 1, 4, 3], "texture": "#0"},
				"west": {"uv": [3, 1, 4, 3], "texture": "#0"},
				"down": {"uv": [3, 2, 4, 3], "texture": "#0"}
			}
		},
		{
			"from": [6, 2, 7.5],
			"to": [10, 3, 8.5],
			"faces": {
				"north": {"uv": [4, 0, 0, 1], "texture": "#0"},
				"east": {"uv": [3, 0, 4, 1], "texture": "#0"},
				"south": {"uv": [0, 0, 4, 1], "texture": "#0"},
				"west": {"uv": [0, 0, 1, 1], "texture": "#0"},
				"up": {"uv": [0, 0, 4, 1], "texture": "#0"},
				"down": {"uv": [0, 0, 4, 1], "texture": "#0"}
			}
		},
		{
			"from": [7.5, 1, 6],
			"to": [8.5, 2, 10],
			"faces": {
				"north": {"uv": [4, 5, 5, 6], "texture": "#0"},
				"east": {"uv": [8, 5, 4, 6], "texture": "#0"},
				"south": {"uv": [7, 5, 8, 6], "texture": "#0"},
				"west": {"uv": [4, 5, 8, 6], "texture": "#0"},
				"up": {"uv": [4, 5, 8, 6], "rotation": 90, "texture": "#0"},
				"down": {"uv": [8, 5, 4, 6], "rotation": 90, "texture": "#0"}
			}
		},
		{
			"from": [7.5, 2, 9],
			"to": [8.5, 6, 10],
			"faces": {
				"north": {"uv": [7, 1, 8, 5], "texture": "#0"},
				"east": {"uv": [7, 1, 8, 5], "texture": "#0"},
				"south": {"uv": [7, 1, 8, 5], "texture": "#0"},
				"west": {"uv": [7, 1, 8, 5], "texture": "#0"}
			}
		},
		{
			"from": [7.5, 2, 6],
			"to": [8.5, 6, 7],
			"faces": {
				"north": {"uv": [4, 1, 5, 5], "texture": "#0"},
				"east": {"uv": [4, 1, 5, 5], "texture": "#0"},
				"south": {"uv": [4, 1, 5, 5], "texture": "#0"},
				"west": {"uv": [4, 1, 5, 5], "texture": "#0"}
			}
		},
		{
			"from": [7.5, 6, 6],
			"to": [8.5, 7, 10],
			"faces": {
				"north": {"uv": [4, 0, 5, 1], "texture": "#0"},
				"east": {"uv": [8, 0, 4, 1], "texture": "#0"},
				"south": {"uv": [7, 0, 8, 1], "texture": "#0"},
				"west": {"uv": [4, 0, 8, 1], "texture": "#0"},
				"up": {"uv": [4, 0, 8, 1], "rotation": 90, "texture": "#0"},
				"down": {"uv": [8, 0, 4, 1], "rotation": 90, "texture": "#0"}
			}
		},
		{
			"from": [7.5, 9, 6],
			"to": [8.5, 10, 10],
			"faces": {
				"north": {"uv": [4, 11, 5, 12], "texture": "#0"},
				"east": {"uv": [8, 11, 4, 12], "texture": "#0"},
				"south": {"uv": [7, 11, 8, 12], "texture": "#0"},
				"west": {"uv": [4, 11, 8, 12], "texture": "#0"},
				"up": {"uv": [4, 11, 8, 12], "rotation": 90, "texture": "#0"},
				"down": {"uv": [8, 11, 4, 12], "rotation": 90, "texture": "#0"}
			}
		},
		{
			"from": [7.5, 10, 6],
			"to": [8.5, 14, 7],
			"faces": {
				"north": {"uv": [4, 7, 5, 11], "texture": "#0"},
				"east": {"uv": [4, 7, 5, 11], "texture": "#0"},
				"south": {"uv": [4, 7, 5, 11], "texture": "#0"},
				"west": {"uv": [4, 7, 5, 11], "texture": "#0"}
			}
		},
		{
			"from": [7.5, 10, 9],
			"to": [8.5, 14, 10],
			"faces": {
				"north": {"uv": [7, 7, 8, 11], "texture": "#0"},
				"east": {"uv": [7, 7, 8, 11], "texture": "#0"},
				"south": {"uv": [7, 7, 8, 11], "texture": "#0"},
				"west": {"uv": [7, 7, 8, 11], "texture": "#0"}
			}
		},
		{
			"from": [7.5, 14, 6],
			"to": [8.5, 15, 10],
			"faces": {
				"north": {"uv": [4, 6, 5, 7], "texture": "#0"},
				"east": {"uv": [8, 6, 4, 7], "texture": "#0"},
				"south": {"uv": [7, 6, 8, 7], "texture": "#0"},
				"west": {"uv": [4, 6, 8, 7], "texture": "#0"},
				"up": {"uv": [4, 6, 8, 7], "rotation": 90, "texture": "#0"},
				"down": {"uv": [8, 6, 4, 7], "rotation": 90, "texture": "#0"}
			}
		},
		{
			"from": [6, 10, 7.5],
			"to": [10, 11, 8.5],
			"faces": {
				"north": {"uv": [4, 6, 0, 7], "texture": "#0"},
				"east": {"uv": [3, 6, 4, 7], "texture": "#0"},
				"south": {"uv": [0, 6, 4, 7], "texture": "#0"},
				"west": {"uv": [0, 6, 1, 7], "texture": "#0"},
				"up": {"uv": [0, 6, 4, 7], "texture": "#0"},
				"down": {"uv": [0, 6, 4, 7], "texture": "#0"}
			}
		},
		{
			"from": [9, 6, 7.5],
			"to": [10, 10, 8.5],
			"faces": {
				"north": {"uv": [3, 7, 4, 11], "texture": "#0"},
				"east": {"uv": [3, 7, 4, 11], "texture": "#0"},
				"south": {"uv": [3, 7, 4, 11], "texture": "#0"},
				"west": {"uv": [3, 7, 4, 11], "texture": "#0"}
			}
		},
		{
			"from": [6, 6, 7.5],
			"to": [7, 10, 8.5],
			"faces": {
				"north": {"uv": [0, 7, 1, 11], "texture": "#0"},
				"east": {"uv": [0, 7, 1, 11], "texture": "#0"},
				"south": {"uv": [0, 7, 1, 11], "texture": "#0"},
				"west": {"uv": [0, 7, 1, 11], "texture": "#0"}
			}
		},
		{
			"from": [6, 5, 7.5],
			"to": [10, 6, 8.5],
			"faces": {
				"north": {"uv": [4, 11, 0, 12], "texture": "#0"},
				"east": {"uv": [3, 11, 4, 12], "texture": "#0"},
				"south": {"uv": [0, 11, 4, 12], "texture": "#0"},
				"west": {"uv": [0, 11, 1, 12], "texture": "#0"},
				"up": {"uv": [0, 11, 4, 12], "texture": "#0"},
				"down": {"uv": [0, 11, 4, 12], "texture": "#0"}
			}
		},
		{
			"from": [9, 14, 7.5],
			"to": [10, 16, 8.5],
			"faces": {
				"north": {"uv": [3, 3, 4, 5], "texture": "#0"},
				"east": {"uv": [3, 3, 4, 5], "texture": "#0"},
				"south": {"uv": [3, 3, 4, 5], "texture": "#0"},
				"west": {"uv": [3, 3, 4, 5], "texture": "#0"},
				"up": {"uv": [3, 3, 4, 4], "texture": "#0"}
			}
		},
		{
			"from": [6, 13, 7.5],
			"to": [10, 14, 8.5],
			"faces": {
				"north": {"uv": [4, 5, 0, 6], "texture": "#0"},
				"east": {"uv": [3, 5, 4, 6], "texture": "#0"},
				"south": {"uv": [0, 5, 4, 6], "texture": "#0"},
				"west": {"uv": [0, 5, 1, 6], "texture": "#0"},
				"up": {"uv": [0, 5, 4, 6], "texture": "#0"},
				"down": {"uv": [0, 5, 4, 6], "texture": "#0"}
			}
		},
		{
			"from": [6, 14, 7.5],
			"to": [7, 16, 8.5],
			"faces": {
				"north": {"uv": [0, 3, 1, 5], "texture": "#0"},
				"east": {"uv": [0, 3, 1, 5], "texture": "#0"},
				"south": {"uv": [0, 3, 1, 5], "texture": "#0"},
				"west": {"uv": [0, 3, 1, 5], "texture": "#0"},
				"up": {"uv": [0, 3, 1, 4], "texture": "#0"}
			}
		}
	]
}