{
	"credit": "Made with Blockbench",
	"textures": {
		"0": "block/flower_pot",
		"1": "block/block_random/dirt_0",
		"particle": "block/flower_pot"
	},
	"elements": [
		{
			"from": [5, 0, 5],
			"to": [11, 2, 11],
			"faces": {
				"north": {"uv": [0, 14, 6, 16], "texture": "#0"},
				"east": {"uv": [6, 14, 0, 16], "texture": "#0"},
				"south": {"uv": [0, 14, 6, 16], "texture": "#0"},
				"west": {"uv": [6, 14, 0, 16], "texture": "#0"},
				"down": {"uv": [10, 10, 16, 16], "texture": "#0"}
			}
		},
		{
			"from": [4, 5, 4],
			"to": [12, 6, 12],
			"faces": {
				"north": {"uv": [0, 0, 8, 1], "texture": "#0"},
				"east": {"uv": [8, 0, 0, 1], "texture": "#0"},
				"south": {"uv": [0, 0, 8, 1], "texture": "#0"},
				"west": {"uv": [8, 0, 0, 1], "texture": "#0"},
				"up": {"uv": [0, 0, 8, 8], "texture": "#0"},
				"down": {"uv": [0, 0, 8, 8], "texture": "#0"}
			}
		},
		{
			"from": [4.5, 2, 4.5],
			"to": [11.5, 5, 11.5],
			"faces": {
				"north": {"uv": [0, 11, 7, 14], "texture": "#0"},
				"east": {"uv": [7, 11, 0, 14], "texture": "#0"},
				"south": {"uv": [0, 11, 7, 14], "texture": "#0"},
				"west": {"uv": [7, 11, 0, 14], "texture": "#0"},
				"down": {"uv": [9, 0, 16, 7], "texture": "#0"}
			}
		},
		{
			"from": [11, 6, 11],
			"to": [5, 5, 5],
			"faces": {
				"north": {"uv": [1, 7, 7, 8], "texture": "#0"},
				"east": {"uv": [0, 1, 1, 7], "rotation": 90, "texture": "#0"},
				"south": {"uv": [7, 0, 1, 1], "texture": "#0"},
				"west": {"uv": [7, 1, 8, 7], "rotation": 90, "texture": "#0"},
				"up": {"uv": [6, 10, 12, 16], "texture": "#1"}
			}
		}
	]
}