{
	"credit": "Made with Blockbench",
	"textures": {
		"0": "block/iron_door_top_right",
		"1": "block/iron_door_top_side",
		"2": "block/iron_door_top_left",
		"particle": "block/iron_door_top_right"
	},
	"elements": [
		{
			"from": [0, 0, 0],
			"to": [3, 2, 16],
			"faces": {
				"north": {"uv": [9, 14, 6, 16], "texture": "#1"},
				"east": {"uv": [16, 14, 0, 16], "texture": "#0"},
				"south": {"uv": [0, 14, 3, 16], "texture": "#1"},
				"west": {"uv": [0, 14, 16, 16], "texture": "#2"},
				"up": {"uv": [0, 0, 3, 16], "texture": "#1"},
				"down": {"uv": [9, 16, 12, 0], "texture": "#1"}
			}
		},
		{
			"from": [0, 2, 0],
			"to": [3, 14, 2],
			"faces": {
				"north": {"uv": [9, 2, 6, 14], "texture": "#1"},
				"east": {"uv": [2, 2, 0, 14], "texture": "#0"},
				"south": {"uv": [0, 2, 3, 14], "texture": "#1"},
				"west": {"uv": [0, 2, 2, 14], "texture": "#2"}
			}
		},
		{
			"from": [0, 2, 14],
			"to": [3, 14, 16],
			"faces": {
				"north": {"uv": [9, 2, 12, 14], "texture": "#1"},
				"east": {"uv": [16, 2, 14, 14], "texture": "#0"},
				"south": {"uv": [0, 2, 3, 14], "texture": "#1"},
				"west": {"uv": [14, 2, 16, 14], "texture": "#2"}
			}
		},
		{
			"from": [0, 14, 0],
			"to": [3, 16, 16],
			"faces": {
				"north": {"uv": [9, 0, 6, 2], "texture": "#1"},
				"east": {"uv": [16, 0, 0, 2], "texture": "#0"},
				"south": {"uv": [0, 0, 3, 2], "texture": "#1"},
				"west": {"uv": [0, 0, 16, 2], "texture": "#2"},
				"up": {"uv": [3, 16, 6, 0], "texture": "#1"},
				"down": {"uv": [9, 0, 12, 16], "texture": "#1"}
			}
		},
		{
			"from": [0.5, 3, 2],
			"to": [2.5, 13, 3],
			"faces": {
				"east": {"uv": [3, 3, 2, 13], "texture": "#0"},
				"south": {"uv": [9, 3, 11, 13], "texture": "#0"},
				"west": {"uv": [2, 3, 3, 13], "texture": "#2"}
			}
		},
		{
			"from": [0.5, 3, 13],
			"to": [2.5, 13, 14],
			"faces": {
				"north": {"uv": [5, 3, 7, 13], "texture": "#0"},
				"east": {"uv": [14, 3, 13, 13], "texture": "#0"},
				"west": {"uv": [13, 3, 14, 13], "texture": "#2"}
			}
		},
		{
			"from": [0.5, 13, 2],
			"to": [2.5, 14, 14],
			"faces": {
				"east": {"uv": [14, 2, 2, 3], "texture": "#0"},
				"west": {"uv": [2, 2, 14, 3], "texture": "#2"},
				"down": {"uv": [12, 2, 14, 14], "texture": "#1"}
			}
		},
		{
			"from": [0.5, 2, 2],
			"to": [2.5, 3, 14],
			"faces": {
				"east": {"uv": [14, 13, 2, 14], "texture": "#0"},
				"west": {"uv": [2, 13, 14, 14], "texture": "#2"},
				"up": {"uv": [14, 2, 16, 14], "texture": "#1"}
			}
		},
		{
			"from": [0.5, 3, 5],
			"to": [2.5, 13, 7],
			"faces": {
				"north": {"uv": [5, 3, 7, 13], "texture": "#0"},
				"east": {"uv": [7, 3, 5, 13], "texture": "#0"},
				"south": {"uv": [9, 3, 11, 13], "texture": "#0"},
				"west": {"uv": [5, 3, 7, 13], "texture": "#2"}
			}
		},
		{
			"from": [0.5, 3, 9],
			"to": [2.5, 13, 11],
			"faces": {
				"north": {"uv": [5, 3, 7, 13], "texture": "#0"},
				"east": {"uv": [11, 3, 9, 13], "texture": "#0"},
				"south": {"uv": [9, 3, 11, 13], "texture": "#0"},
				"west": {"uv": [9, 3, 11, 13], "texture": "#2"}
			}
		},
		{
			"from": [0.5, 7, 2],
			"to": [2.5, 9, 14],
			"faces": {
				"east": {"uv": [14, 7, 2, 9], "texture": "#0"},
				"west": {"uv": [2, 7, 14, 9], "texture": "#2"},
				"up": {"uv": [14, 2, 16, 14], "texture": "#1"},
				"down": {"uv": [12, 2, 14, 14], "texture": "#1"}
			}
		}
	]
}