{"textures":{"0":"modelengine:entity/chromafire_aftershock_gold"},"elements":[{"from":[6.5,8.0,6.5],"to":[9.5,20.0,9.5],"faces":{"east":{"uv":[2.5,4.75,3.25,7.75],"tintindex":0,"rotation":0,"texture":"#0"},"south":{"uv":[3.25,4.75,4.0,7.75],"tintindex":0,"rotation":0,"texture":"#0"},"north":{"uv":[1.75,4.75,2.5,7.75],"tintindex":0,"rotation":0,"texture":"#0"},"west":{"uv":[4.0,4.75,4.75,7.75],"tintindex":0,"rotation":0,"texture":"#0"},"up":{"uv":[0.75,10.25,0.0,9.5],"tintindex":0,"rotation":0,"texture":"#0"},"down":{"uv":[1.5,9.5,0.75,10.25],"tintindex":0,"rotation":0,"texture":"#0"}}},{"from":[8.0,8.0,4.5],"to":[8.0,27.0,11.5],"faces":{"east":{"uv":[3.5,0.0,5.25,4.75],"tintindex":0,"rotation":0,"texture":"#0"},"west":{"uv":[0.0,4.75,1.75,9.5],"tintindex":0,"rotation":0,"texture":"#0"}}},{"from":[4.0,7.5,8.025],"to":[12.0,27.5,7.975],"faces":{"east":{"uv":[15.75,15.75,16.0,16.0],"tintindex":0,"rotation":0,"texture":"#0"},"south":{"uv":[14.0,0.0,16.0,5.0],"tintindex":0,"rotation":0,"texture":"#0"},"north":{"uv":[14.0,0.0,16.0,5.0],"tintindex":0,"rotation":0,"texture":"#0"},"west":{"uv":[15.75,15.75,16.0,16.0],"tintindex":0,"rotation":0,"texture":"#0"},"up":{"uv":[15.75,15.75,16.0,16.0],"tintindex":0,"rotation":90,"texture":"#0"},"down":{"uv":[15.75,15.75,16.0,16.0],"tintindex":0,"rotation":270,"texture":"#0"}}},{"from":[8.025,7.5,4.0],"to":[7.975,27.5,12.0],"faces":{"east":{"uv":[14.0,0.0,16.0,5.0],"tintindex":0,"rotation":0,"texture":"#0"},"south":{"uv":[15.75,15.75,16.0,16.0],"tintindex":0,"rotation":0,"texture":"#0"},"north":{"uv":[15.75,15.75,16.0,16.0],"tintindex":0,"rotation":0,"texture":"#0"},"west":{"uv":[14.0,0.0,16.0,5.0],"tintindex":0,"rotation":0,"texture":"#0"},"up":{"uv":[15.75,15.75,16.0,16.0],"tintindex":0,"rotation":0,"texture":"#0"},"down":{"uv":[15.75,15.75,16.0,16.0],"tintindex":0,"rotation":0,"texture":"#0"}}},{"from":[4.5,8.0,8.0],"to":[11.5,27.0,8.0],"faces":{"south":{"uv":[1.75,0.0,3.5,4.75],"tintindex":0,"rotation":0,"texture":"#0"},"north":{"uv":[0.0,0.0,1.75,4.75],"tintindex":0,"rotation":0,"texture":"#0"}}}],"display":{"gui":{"rotation":[30,225,0]}}}