{"textures":{"0":"modelengine:entity/chromafire_ball_gold"},"elements":[{"from":[3.0,3.0,3.0],"to":[13.0,13.0,13.0],"faces":{"east":{"uv":[0.0,5.0,5.0,10.0],"tintindex":0,"rotation":0,"texture":"#0"},"south":{"uv":[5.0,0.0,10.0,5.0],"tintindex":0,"rotation":0,"texture":"#0"},"north":{"uv":[0.0,0.0,5.0,5.0],"tintindex":0,"rotation":0,"texture":"#0"},"west":{"uv":[5.0,5.0,10.0,10.0],"tintindex":0,"rotation":0,"texture":"#0"},"up":{"uv":[5.0,15.0,0.0,10.0],"tintindex":0,"rotation":0,"texture":"#0"},"down":{"uv":[15.0,0.0,10.0,5.0],"tintindex":0,"rotation":0,"texture":"#0"}}},{"from":[13.5,13.5,13.5],"to":[2.5,2.5,2.5],"faces":{"east":{"uv":[11.0,15.5,8.5,16.0],"tintindex":0,"rotation":0,"texture":"#0"},"south":{"uv":[10.5,15.5,11.0,16.0],"tintindex":0,"rotation":0,"texture":"#0"},"north":{"uv":[8.5,15.5,9.0,16.0],"tintindex":0,"rotation":0,"texture":"#0"},"west":{"uv":[8.5,15.5,11.0,16.0],"tintindex":0,"rotation":0,"texture":"#0"},"up":{"uv":[8.5,15.5,11.0,16.0],"tintindex":0,"rotation":90,"texture":"#0"},"down":{"uv":[11.0,15.5,8.5,16.0],"tintindex":0,"rotation":90,"texture":"#0"}}}],"display":{"gui":{"rotation":[30,225,0]}}}