{"textures":{"0":"modelengine:entity/anchorworm"},"elements":[{"from":[6.49,6.49,3.99],"to":[9.51,9.51,8.01],"faces":{"east":{"uv":[2.0,4.0,0.0,5.5],"tintindex":0,"rotation":0,"texture":"#0"},"south":{"uv":[2.0,4.0,3.5,5.5],"tintindex":0,"rotation":0,"texture":"#0"},"north":{"uv":[0.0,2.0,1.5,3.5],"tintindex":0,"rotation":0,"texture":"#0"},"west":{"uv":[0.0,4.0,2.0,5.5],"tintindex":0,"rotation":0,"texture":"#0"},"up":{"uv":[1.5,2.0,0.0,4.0],"tintindex":0,"rotation":0,"texture":"#0"},"down":{"uv":[3.0,2.0,1.5,4.0],"tintindex":0,"rotation":0,"texture":"#0"}}},{"from":[7.5,6.7,4.0],"to":[8.5,6.7,8.0],"faces":{"up":{"uv":[6.0,2.0,5.5,0.0],"tintindex":0,"rotation":0,"texture":"#0"},"down":{"uv":[6.0,0.0,5.5,2.0],"tintindex":0,"rotation":0,"texture":"#0"}}},{"from":[1.5,7.0,1.0],"to":[6.5,8.0,4.0],"faces":{"east":{"uv":[0.0,0.0,0.5,1.5],"tintindex":0,"rotation":90,"texture":"#0"},"south":{"uv":[2.5,1.0,0.0,1.5],"tintindex":0,"rotation":0,"texture":"#0"},"north":{"uv":[0.0,0.0,2.5,0.5],"tintindex":0,"rotation":0,"texture":"#0"},"west":{"uv":[2.5,1.5,2.0,0.0],"tintindex":0,"rotation":90,"texture":"#0"},"up":{"uv":[2.5,0.0,0.0,1.5],"tintindex":0,"rotation":0,"texture":"#0"},"down":{"uv":[2.5,1.5,0.0,0.0],"tintindex":0,"rotation":0,"texture":"#0"}},"rotation":{"origin":[6.5,8.0,1.0],"angle":22.5,"axis":"y"}},{"from":[12.5,7.0,4.0],"to":[14.5,8.0,5.0],"faces":{"east":{"uv":[2.0,1.5,2.5,2.0],"tintindex":0,"rotation":0,"texture":"#0"},"south":{"uv":[1.5,1.5,2.5,2.0],"tintindex":0,"rotation":0,"texture":"#0"},"north":{"uv":[1.5,1.5,2.5,2.0],"tintindex":0,"rotation":0,"texture":"#0"},"west":{"uv":[1.5,1.5,2.0,2.0],"tintindex":0,"rotation":0,"texture":"#0"},"up":{"uv":[1.5,2.0,2.5,1.5],"tintindex":0,"rotation":0,"texture":"#0"},"down":{"uv":[1.5,1.5,2.5,2.0],"tintindex":0,"rotation":0,"texture":"#0"}},"rotation":{"origin":[9.5,8.0,1.0],"angle":-22.5,"axis":"y"}},{"from":[9.5,7.0,1.0],"to":[14.5,8.0,4.0],"faces":{"east":{"uv":[2.0,0.0,2.5,1.5],"tintindex":0,"rotation":90,"texture":"#0"},"south":{"uv":[0.0,1.0,2.5,1.5],"tintindex":0,"rotation":0,"texture":"#0"},"north":{"uv":[2.5,0.0,0.0,0.5],"tintindex":0,"rotation":0,"texture":"#0"},"west":{"uv":[0.0,0.0,0.5,1.5],"tintindex":0,"rotation":90,"texture":"#0"},"up":{"uv":[0.0,0.0,2.5,1.5],"tintindex":0,"rotation":0,"texture":"#0"},"down":{"uv":[0.0,1.5,2.5,0.0],"tintindex":0,"rotation":0,"texture":"#0"}},"rotation":{"origin":[9.5,8.0,1.0],"angle":-22.5,"axis":"y"}},{"from":[7.49,7.49,3.99],"to":[8.51,8.51,8.01],"faces":{"east":{"uv":[5.0,1.0,5.5,3.0],"tintindex":0,"rotation":90,"texture":"#0"},"south":{"uv":[5.0,0.0,5.5,0.5],"tintindex":0,"rotation":0,"texture":"#0"},"west":{"uv":[5.0,1.0,5.5,3.0],"tintindex":0,"rotation":90,"texture":"#0"},"up":{"uv":[5.5,3.0,5.0,1.0],"tintindex":0,"rotation":0,"texture":"#0"},"down":{"uv":[5.5,1.0,5.0,3.0],"tintindex":0,"rotation":0,"texture":"#0"}}},{"from":[1.5,7.0,4.0],"to":[3.5,8.0,5.0],"faces":{"east":{"uv":[1.5,1.5,2.0,2.0],"tintindex":0,"rotation":0,"texture":"#0"},"south":{"uv":[2.5,1.5,1.5,2.0],"tintindex":0,"rotation":0,"texture":"#0"},"north":{"uv":[1.5,1.5,2.5,2.0],"tintindex":0,"rotation":0,"texture":"#0"},"west":{"uv":[2.0,1.5,2.5,2.0],"tintindex":0,"rotation":0,"texture":"#0"},"up":{"uv":[2.5,2.0,1.5,1.5],"tintindex":0,"rotation":0,"texture":"#0"},"down":{"uv":[2.5,1.5,1.5,2.0],"tintindex":0,"rotation":0,"texture":"#0"}},"rotation":{"origin":[6.5,8.0,1.0],"angle":22.5,"axis":"y"}},{"from":[5.99,6.99,2.99],"to":[10.01,9.01,5.01],"faces":{"east":{"uv":[5.0,1.5,4.0,0.5],"tintindex":0,"rotation":0,"texture":"#0"},"south":{"uv":[2.5,0.5,4.5,1.5],"tintindex":0,"rotation":0,"texture":"#0"},"north":{"uv":[2.5,0.5,4.5,1.5],"tintindex":0,"rotation":0,"texture":"#0"},"west":{"uv":[4.0,0.5,5.0,1.5],"tintindex":0,"rotation":0,"texture":"#0"},"up":{"uv":[4.5,1.0,2.5,0.0],"tintindex":0,"rotation":0,"texture":"#0"},"down":{"uv":[4.5,2.0,2.5,1.0],"tintindex":0,"rotation":0,"texture":"#0"}}},{"from":[7.49,6.39,1.49],"to":[9.51,7.4100003,3.51],"faces":{"east":{"uv":[3.5,4.0,4.0,5.0],"tintindex":0,"rotation":90,"texture":"#0"},"south":{"uv":[4.5,4.5,3.5,5.0],"tintindex":0,"rotation":0,"texture":"#0"},"north":{"uv":[4.0,4.0,4.5,5.0],"tintindex":0,"rotation":90,"texture":"#0"},"west":{"uv":[4.5,4.5,3.5,4.0],"tintindex":0,"rotation":0,"texture":"#0"},"up":{"uv":[4.5,5.0,3.5,4.0],"tintindex":0,"rotation":90,"texture":"#0"},"down":{"uv":[3.5,5.0,4.5,4.0],"tintindex":0,"rotation":90,"texture":"#0"}},"rotation":{"origin":[8.0,8.0,2.0],"angle":-45.0,"axis":"y"}},{"from":[7.5,6.6,5.0],"to":[8.5,7.0,6.0],"faces":{"east":{"uv":[5.5,0.5,6.0,0.7],"tintindex":0,"rotation":0,"texture":"#0"},"south":{"uv":[5.5,0.5,6.0,0.7],"tintindex":0,"rotation":0,"texture":"#0"},"north":{"uv":[5.5,0.5,6.0,0.7],"tintindex":0,"rotation":0,"texture":"#0"},"west":{"uv":[5.5,0.5,6.0,0.7],"tintindex":0,"rotation":0,"texture":"#0"},"up":{"uv":[6.0,0.5,5.5,0.0],"tintindex":0,"rotation":0,"texture":"#0"},"down":{"uv":[6.0,0.0,5.5,0.5],"tintindex":0,"rotation":0,"texture":"#0"}}},{"from":[6.49,6.99,0.99],"to":[9.51,8.01,3.01],"faces":{"east":{"uv":[4.0,2.0,4.5,3.0],"tintindex":0,"rotation":90,"texture":"#0"},"south":{"uv":[3.0,2.5,4.5,3.0],"tintindex":0,"rotation":0,"texture":"#0"},"north":{"uv":[3.0,2.5,4.5,3.0],"tintindex":0,"rotation":0,"texture":"#0"},"west":{"uv":[3.0,2.0,3.5,3.0],"tintindex":0,"rotation":90,"texture":"#0"},"up":{"uv":[4.5,3.0,3.0,2.0],"tintindex":0,"rotation":0,"texture":"#0"},"down":{"uv":[4.5,4.0,3.0,3.0],"tintindex":0,"rotation":0,"texture":"#0"}}}],"display":{"gui":{"rotation":[30,225,0]}}}