{"providers":[{"type":"bitmap","file":"happyhud:font/assets/lumentest/level_frame_background.png","height":32,"ascent":-100500,"chars":[""]},{"type":"bitmap","file":"happyhud:font/assets/lumentest/level_frame_bar/vertical/26/1.png","height":1,"ascent":-101500,"chars":[""]},{"type":"bitmap","file":"happyhud:font/assets/lumentest/level_frame_bar/vertical/26/2.png","height":2,"ascent":-102500,"chars":[""]},{"type":"bitmap","file":"happyhud:font/assets/lumentest/level_frame_bar/vertical/26/3.png","height":3,"ascent":-103500,"chars":[""]},{"type":"bitmap","file":"happyhud:font/assets/lumentest/level_frame_bar/vertical/26/4.png","height":4,"ascent":-104500,"chars":[""]},{"type":"bitmap","file":"happyhud:font/assets/lumentest/level_frame_bar/vertical/26/5.png","height":5,"ascent":-105500,"chars":[""]},{"type":"bitmap","file":"happyhud:font/assets/lumentest/level_frame_bar/vertical/26/6.png","height":6,"ascent":-106500,"chars":[""]},{"type":"bitmap","file":"happyhud:font/assets/lumentest/level_frame_bar/vertical/26/7.png","height":7,"ascent":-107500,"chars":[""]},{"type":"bitmap","file":"happyhud:font/assets/lumentest/level_frame_bar/vertical/26/8.png","height":8,"ascent":-108500,"chars":[""]},{"type":"bitmap","file":"happyhud:font/assets/lumentest/level_frame_bar/vertical/26/9.png","height":9,"ascent":-109500,"chars":[""]},{"type":"bitmap","file":"happyhud:font/assets/lumentest/level_frame_bar/vertical/26/10.png","height":10,"ascent":-110500,"chars":[""]},{"type":"bitmap","file":"happyhud:font/assets/lumentest/level_frame_bar/vertical/26/11.png","height":11,"ascent":-111500,"chars":[""]},{"type":"bitmap","file":"happyhud:font/assets/lumentest/level_frame_bar/vertical/26/12.png","height":12,"ascent":-112500,"chars":[""]},{"type":"bitmap","file":"happyhud:font/assets/lumentest/level_frame_bar/vertical/26/13.png","height":13,"ascent":-113500,"chars":[""]},{"type":"bitmap","file":"happyhud:font/assets/lumentest/level_frame_bar/vertical/26/14.png","height":14,"ascent":-114500,"chars":[""]},{"type":"bitmap","file":"happyhud:font/assets/lumentest/level_frame_bar/vertical/26/15.png","height":14,"ascent":-114500,"chars":[""]},{"type":"bitmap","file":"happyhud:font/assets/lumentest/level_frame_bar/vertical/26/16.png","height":16,"ascent":-115500,"chars":[""]},{"type":"bitmap","file":"happyhud:font/assets/lumentest/level_frame_bar/vertical/26/17.png","height":17,"ascent":-116500,"chars":[""]},{"type":"bitmap","file":"happyhud:font/assets/lumentest/level_frame_bar/vertical/26/18.png","height":18,"ascent":-117500,"chars":[""]},{"type":"bitmap","file":"happyhud:font/assets/lumentest/level_frame_bar/vertical/26/19.png","height":19,"ascent":-118500,"chars":[""]},{"type":"bitmap","file":"happyhud:font/assets/lumentest/level_frame_bar/vertical/26/20.png","height":20,"ascent":-119500,"chars":[""]},{"type":"bitmap","file":"happyhud:font/assets/lumentest/level_frame_bar/vertical/26/21.png","height":21,"ascent":-120500,"chars":[""]},{"type":"bitmap","file":"happyhud:font/assets/lumentest/level_frame_bar/vertical/26/22.png","height":22,"ascent":-121500,"chars":[""]},{"type":"bitmap","file":"happyhud:font/assets/lumentest/level_frame_bar/vertical/26/23.png","height":23,"ascent":-122500,"chars":[""]},{"type":"bitmap","file":"happyhud:font/assets/lumentest/level_frame_bar/vertical/26/24.png","height":24,"ascent":-123500,"chars":[""]},{"type":"bitmap","file":"happyhud:font/assets/lumentest/level_frame_bar/vertical/26/25.png","height":25,"ascent":-124500,"chars":[""]},{"type":"bitmap","file":"happyhud:font/assets/lumentest/level_frame_bar/vertical/26/26.png","height":26,"ascent":-125500,"chars":[""]},{"type":"bitmap","file":"happyhud:font/assets/lumentest/skill_bar.png","height":36,"ascent":-128500,"chars":[""]},{"type":"bitmap","file":"happyhud:font/assets/skills/daring/icon_daring_slidingslash.png","height":29,"ascent":-129500,"chars":[""]},{"type":"bitmap","file":"happyhud:font/assets/skills/enigma/icon_enigma_transfiguration.png","height":32,"ascent":-129500,"chars":[""]},{"type":"bitmap","file":"happyhud:font/assets/skills/no_skill.png","height":32,"ascent":-129500,"chars":[""]},{"type":"bitmap","file":"happyhud:font/assets/skills/valor/icon_valor_divideandconquer.png","height":32,"ascent":-129500,"chars":[""]},{"type":"bitmap","file":"happyhud:font/assets/skills/guile/icon_guile_dreadnaughtdraught.png","height":32,"ascent":-129500,"chars":[""]},{"type":"bitmap","file":"happyhud:font/assets/skills/daring/icon_daring_sinfulshadow.png","height":29,"ascent":-129500,"chars":[""]},{"type":"bitmap","file":"happyhud:font/assets/skills/fury/icon_fury_fistofagavres.png","height":32,"ascent":-129500,"chars":[""]},{"type":"bitmap","file":"happyhud:font/assets/skills/enigma/icon_enigma_runerupture.png","height":32,"ascent":-129500,"chars":[""]},{"type":"bitmap","file":"happyhud:font/assets/skills/resonance/icon_resonance_warcant.png","height":31,"ascent":-129500,"chars":[""]},{"type":"bitmap","file":"happyhud:font/assets/skills/vigilance/icon_vigilance_seekandsunder.png","height":31,"ascent":-129500,"chars":[""]},{"type":"bitmap","file":"happyhud:font/assets/skills/focus/icon_focus_glacialshard.png","height":32,"ascent":-129500,"chars":[""]},{"type":"bitmap","file":"happyhud:font/assets/skills/guile/icon_guile_malignanthaze.png","height":32,"ascent":-129500,"chars":[""]},{"type":"bitmap","file":"happyhud:font/assets/skills/fury/icon_fury_fistofvitality.png","height":32,"ascent":-129500,"chars":[""]},{"type":"bitmap","file":"happyhud:font/assets/skills/enigma/icon_enigma_runequakepropulsion.png","height":32,"ascent":-129500,"chars":[""]},{"type":"bitmap","file":"happyhud:font/assets/skills/resonance/icon_resonance_piercingtone.png","height":30,"ascent":-129500,"chars":[""]},{"type":"bitmap","file":"happyhud:font/assets/skills/focus/icon_focus_stingofthewild.png","height":32,"ascent":-129500,"chars":[""]},{"type":"bitmap","file":"happyhud:font/assets/skills/command/icon_command_bannercharge.png","height":29,"ascent":-129500,"chars":[""]},{"type":"bitmap","file":"happyhud:font/assets/skills/fury/icon_fury_concussiveclap.png","height":32,"ascent":-129500,"chars":[""]},{"type":"bitmap","file":"happyhud:font/assets/skills/resonance/icon_resonance_boundlessballad.png","height":30,"ascent":-129500,"chars":[""]},{"type":"bitmap","file":"happyhud:font/assets/skills/vigilance/icon_guile_bolatoss.png","height":31,"ascent":-129500,"chars":[""]},{"type":"bitmap","file":"happyhud:font/assets/skills/command/icon_command_hammerdown.png","height":30,"ascent":-129500,"chars":[""]},{"type":"bitmap","file":"happyhud:font/assets/skills/command/icon_command_sustainedfortitude.png","height":29,"ascent":-129500,"chars":[""]},{"type":"bitmap","file":"happyhud:font/assets/skills/vigilance/icon_guile_honeypot.png","height":29,"ascent":-129500,"chars":[""]},{"type":"bitmap","file":"happyhud:font/assets/skills/focus/icon_focus_frigidtomb.png","height":32,"ascent":-129500,"chars":[""]},{"type":"bitmap","file":"happyhud:font/assets/skills/valor/icon_valor_riposte.png","height":31,"ascent":-129500,"chars":[""]},{"type":"bitmap","file":"happyhud:font/assets/skills/focus/icon_focus_silverstorm.png","height":32,"ascent":-129500,"chars":[""]},{"type":"bitmap","file":"happyhud:font/assets/skills/enigma/icon_enigma_runiclance.png","height":32,"ascent":-129500,"chars":[""]},{"type":"bitmap","file":"happyhud:font/assets/skills/command/icon_command_battlelinebulwark.png","height":30,"ascent":-129500,"chars":[""]},{"type":"bitmap","file":"happyhud:font/assets/skills/guile/icon_guile_vapourvault.png","height":32,"ascent":-129500,"chars":[""]},{"type":"bitmap","file":"happyhud:font/assets/skills/fury/icon_fury_recklesszealotry.png","height":32,"ascent":-129500,"chars":[""]},{"type":"bitmap","file":"happyhud:font/assets/skills/valor/icon_valor_piercingstrike.png","height":30,"ascent":-129500,"chars":[""]},{"type":"bitmap","file":"happyhud:font/assets/skills/daring/icon_daring_lockandload.png","height":30,"ascent":-129500,"chars":[""]},{"type":"bitmap","file":"happyhud:font/assets/skills/fury/icon_fury_furioussurge.png","height":32,"ascent":-129500,"chars":[""]},{"type":"bitmap","file":"happyhud:font/assets/skills/focus/icon_focus_rimesembrace.png","height":32,"ascent":-129500,"chars":[""]},{"type":"bitmap","file":"happyhud:font/assets/skills/guile/icon_guile_haveatit.png","height":32,"ascent":-129500,"chars":[""]},{"type":"bitmap","file":"happyhud:font/assets/skills/enigma/icon_enigma_transposition.png","height":32,"ascent":-129500,"chars":[""]},{"type":"bitmap","file":"happyhud:font/assets/skills/valor/icon_valor_dashingstrike.png","height":30,"ascent":-129500,"chars":[""]},{"type":"bitmap","file":"happyhud:font/assets/skills/focus/icon_focus_decreeoffrost.png","height":32,"ascent":-129500,"chars":[""]},{"type":"bitmap","file":"happyhud:font/assets/skills/valor/icon_valor_bladework.png","height":29,"ascent":-129500,"chars":[""]},{"type":"bitmap","file":"happyhud:font/assets/skills/guile/icon_guile_instantrelief.png","height":32,"ascent":-129500,"chars":[""]},{"type":"bitmap","file":"happyhud:font/assets/skills/vigilance/icon_vigilance_revealprey.png","height":28,"ascent":-129500,"chars":[""]},{"type":"bitmap","file":"happyhud:font/assets/skills/fury/icon_fury_strifeandfury.png","height":32,"ascent":-129500,"chars":[""]},{"type":"bitmap","file":"happyhud:font/assets/skills/daring/icon_daring_deathfromabove.png","height":29,"ascent":-129500,"chars":[""]},{"type":"bitmap","file":"happyhud:font/assets/skills/guile/icon_guile_unstablecurative.png","height":30,"ascent":-129500,"chars":[""]},{"type":"bitmap","file":"happyhud:font/assets/skills/daring/icon_daring_smokescreen.png","height":30,"ascent":-129500,"chars":[""]},{"type":"bitmap","file":"happyhud:font/assets/skills/command/icon_command_pennantpullback.png","height":31,"ascent":-129500,"chars":[""]},{"type":"bitmap","file":"happyhud:font/assets/skills/command/icon_command_banneramplify.png","height":29,"ascent":-129500,"chars":[""]},{"type":"bitmap","file":"happyhud:font/assets/skills/resonance/icon_resonance_helpfulhymn.png","height":29,"ascent":-129500,"chars":[""]},{"type":"bitmap","file":"happyhud:font/assets/skills/vigilance/icon_vigilance_hunterssense.png","height":28,"ascent":-129500,"chars":[""]},{"type":"bitmap","file":"happyhud:font/assets/skills/enigma/icon_enigma_runestorm.png","height":32,"ascent":-129500,"chars":[""]},{"type":"bitmap","file":"happyhud:font/assets/skills/resonance/icon_resonance_lullaby.png","height":28,"ascent":-129500,"chars":[""]},{"type":"bitmap","file":"happyhud:font/assets/skills/valor/icon_valor_utmostattention.png","height":30,"ascent":-129500,"chars":[""]},{"type":"bitmap","file":"happyhud:font/assets/skills/resonance/icon_resonance_boomingbellow.png","height":28,"ascent":-129500,"chars":[""]},{"type":"bitmap","file":"happyhud:font/assets/skills/vigilance/icon_vigilance_grapplingshot.png","height":30,"ascent":-129500,"chars":[""]},{"type":"bitmap","file":"happyhud:font/assets/skills/daring/icon_daring_shotandsteel.png","height":30,"ascent":-129500,"chars":[""]},{"type":"bitmap","file":"happyhud:font/assets/lumentest/skill_number_6.png","height":13,"ascent":-132500,"chars":[""]},{"type":"bitmap","file":"happyhud:font/assets/lumentest/skill_number_7.png","height":13,"ascent":-132500,"chars":[""]},{"type":"bitmap","file":"happyhud:font/assets/skills/daring/icon_daring_slidingslash.png","height":29,"ascent":-133500,"chars":[""]},{"type":"bitmap","file":"happyhud:font/assets/skills/enigma/icon_enigma_transfiguration.png","height":32,"ascent":-133500,"chars":[""]},{"type":"bitmap","file":"happyhud:font/assets/skills/no_skill.png","height":32,"ascent":-133500,"chars":[""]},{"type":"bitmap","file":"happyhud:font/assets/skills/valor/icon_valor_divideandconquer.png","height":32,"ascent":-133500,"chars":[""]},{"type":"bitmap","file":"happyhud:font/assets/skills/guile/icon_guile_dreadnaughtdraught.png","height":32,"ascent":-133500,"chars":[""]},{"type":"bitmap","file":"happyhud:font/assets/skills/daring/icon_daring_sinfulshadow.png","height":29,"ascent":-133500,"chars":[""]},{"type":"bitmap","file":"happyhud:font/assets/skills/fury/icon_fury_fistofagavres.png","height":32,"ascent":-133500,"chars":[""]},{"type":"bitmap","file":"happyhud:font/assets/skills/enigma/icon_enigma_runerupture.png","height":32,"ascent":-133500,"chars":[""]},{"type":"bitmap","file":"happyhud:font/assets/skills/resonance/icon_resonance_warcant.png","height":31,"ascent":-133500,"chars":[""]},{"type":"bitmap","file":"happyhud:font/assets/skills/vigilance/icon_vigilance_seekandsunder.png","height":31,"ascent":-133500,"chars":[""]},{"type":"bitmap","file":"happyhud:font/assets/skills/focus/icon_focus_glacialshard.png","height":32,"ascent":-133500,"chars":[""]},{"type":"bitmap","file":"happyhud:font/assets/skills/guile/icon_guile_malignanthaze.png","height":32,"ascent":-133500,"chars":[""]},{"type":"bitmap","file":"happyhud:font/assets/skills/fury/icon_fury_fistofvitality.png","height":32,"ascent":-133500,"chars":[""]},{"type":"bitmap","file":"happyhud:font/assets/skills/enigma/icon_enigma_runequakepropulsion.png","height":32,"ascent":-133500,"chars":[""]},{"type":"bitmap","file":"happyhud:font/assets/skills/resonance/icon_resonance_piercingtone.png","height":30,"ascent":-133500,"chars":[""]},{"type":"bitmap","file":"happyhud:font/assets/skills/focus/icon_focus_stingofthewild.png","height":32,"ascent":-133500,"chars":[""]},{"type":"bitmap","file":"happyhud:font/assets/skills/command/icon_command_bannercharge.png","height":29,"ascent":-133500,"chars":[""]},{"type":"bitmap","file":"happyhud:font/assets/skills/fury/icon_fury_concussiveclap.png","height":32,"ascent":-133500,"chars":[""]},{"type":"bitmap","file":"happyhud:font/assets/skills/resonance/icon_resonance_boundlessballad.png","height":30,"ascent":-133500,"chars":[""]},{"type":"bitmap","file":"happyhud:font/assets/skills/vigilance/icon_guile_bolatoss.png","height":31,"ascent":-133500,"chars":[""]},{"type":"bitmap","file":"happyhud:font/assets/skills/command/icon_command_hammerdown.png","height":30,"ascent":-133500,"chars":[""]},{"type":"bitmap","file":"happyhud:font/assets/skills/command/icon_command_sustainedfortitude.png","height":29,"ascent":-133500,"chars":[""]},{"type":"bitmap","file":"happyhud:font/assets/skills/vigilance/icon_guile_honeypot.png","height":29,"ascent":-133500,"chars":[""]},{"type":"bitmap","file":"happyhud:font/assets/skills/focus/icon_focus_frigidtomb.png","height":32,"ascent":-133500,"chars":[""]},{"type":"bitmap","file":"happyhud:font/assets/skills/valor/icon_valor_riposte.png","height":31,"ascent":-133500,"chars":[""]},{"type":"bitmap","file":"happyhud:font/assets/skills/focus/icon_focus_silverstorm.png","height":32,"ascent":-133500,"chars":[""]},{"type":"bitmap","file":"happyhud:font/assets/skills/enigma/icon_enigma_runiclance.png","height":32,"ascent":-133500,"chars":[""]},{"type":"bitmap","file":"happyhud:font/assets/skills/command/icon_command_battlelinebulwark.png","height":30,"ascent":-133500,"chars":[""]},{"type":"bitmap","file":"happyhud:font/assets/skills/guile/icon_guile_vapourvault.png","height":32,"ascent":-133500,"chars":[""]},{"type":"bitmap","file":"happyhud:font/assets/skills/fury/icon_fury_recklesszealotry.png","height":32,"ascent":-133500,"chars":[""]},{"type":"bitmap","file":"happyhud:font/assets/skills/valor/icon_valor_piercingstrike.png","height":30,"ascent":-133500,"chars":[""]},{"type":"bitmap","file":"happyhud:font/assets/skills/daring/icon_daring_lockandload.png","height":30,"ascent":-133500,"chars":[""]},{"type":"bitmap","file":"happyhud:font/assets/skills/fury/icon_fury_furioussurge.png","height":32,"ascent":-133500,"chars":[""]},{"type":"bitmap","file":"happyhud:font/assets/skills/focus/icon_focus_rimesembrace.png","height":32,"ascent":-133500,"chars":[""]},{"type":"bitmap","file":"happyhud:font/assets/skills/guile/icon_guile_haveatit.png","height":32,"ascent":-133500,"chars":[""]},{"type":"bitmap","file":"happyhud:font/assets/skills/enigma/icon_enigma_transposition.png","height":32,"ascent":-133500,"chars":[""]},{"type":"bitmap","file":"happyhud:font/assets/skills/valor/icon_valor_dashingstrike.png","height":30,"ascent":-133500,"chars":[""]},{"type":"bitmap","file":"happyhud:font/assets/skills/focus/icon_focus_decreeoffrost.png","height":32,"ascent":-133500,"chars":[""]},{"type":"bitmap","file":"happyhud:font/assets/skills/valor/icon_valor_bladework.png","height":29,"ascent":-133500,"chars":[""]},{"type":"bitmap","file":"happyhud:font/assets/skills/guile/icon_guile_instantrelief.png","height":32,"ascent":-133500,"chars":[""]},{"type":"bitmap","file":"happyhud:font/assets/skills/vigilance/icon_vigilance_revealprey.png","height":28,"ascent":-133500,"chars":[""]},{"type":"bitmap","file":"happyhud:font/assets/skills/fury/icon_fury_strifeandfury.png","height":32,"ascent":-133500,"chars":[""]},{"type":"bitmap","file":"happyhud:font/assets/skills/daring/icon_daring_deathfromabove.png","height":29,"ascent":-133500,"chars":[""]},{"type":"bitmap","file":"happyhud:font/assets/skills/guile/icon_guile_unstablecurative.png","height":30,"ascent":-133500,"chars":[""]},{"type":"bitmap","file":"happyhud:font/assets/skills/daring/icon_daring_smokescreen.png","height":30,"ascent":-133500,"chars":[""]},{"type":"bitmap","file":"happyhud:font/assets/skills/command/icon_command_pennantpullback.png","height":31,"ascent":-133500,"chars":[""]},{"type":"bitmap","file":"happyhud:font/assets/skills/command/icon_command_banneramplify.png","height":29,"ascent":-133500,"chars":[""]},{"type":"bitmap","file":"happyhud:font/assets/skills/resonance/icon_resonance_helpfulhymn.png","height":29,"ascent":-133500,"chars":[""]},{"type":"bitmap","file":"happyhud:font/assets/skills/vigilance/icon_vigilance_hunterssense.png","height":28,"ascent":-133500,"chars":[""]},{"type":"bitmap","file":"happyhud:font/assets/skills/enigma/icon_enigma_runestorm.png","height":32,"ascent":-133500,"chars":[""]},{"type":"bitmap","file":"happyhud:font/assets/skills/resonance/icon_resonance_lullaby.png","height":28,"ascent":-133500,"chars":[""]},{"type":"bitmap","file":"happyhud:font/assets/skills/valor/icon_valor_utmostattention.png","height":30,"ascent":-133500,"chars":[""]},{"type":"bitmap","file":"happyhud:font/assets/skills/resonance/icon_resonance_boomingbellow.png","height":28,"ascent":-133500,"chars":[""]},{"type":"bitmap","file":"happyhud:font/assets/skills/vigilance/icon_vigilance_grapplingshot.png","height":30,"ascent":-133500,"chars":[""]},{"type":"bitmap","file":"happyhud:font/assets/skills/daring/icon_daring_shotandsteel.png","height":30,"ascent":-133500,"chars":[""]},{"type":"bitmap","file":"happyhud:font/assets/lumentest/skill_number_5.png","height":13,"ascent":-136500,"chars":[""]},{"type":"bitmap","file":"happyhud:font/assets/lumentest/skill_number_6.png","height":13,"ascent":-136500,"chars":[""]},{"type":"bitmap","file":"happyhud:font/assets/skills/daring/icon_daring_slidingslash.png","height":29,"ascent":-137500,"chars":[""]},{"type":"bitmap","file":"happyhud:font/assets/skills/enigma/icon_enigma_transfiguration.png","height":32,"ascent":-137500,"chars":[""]},{"type":"bitmap","file":"happyhud:font/assets/skills/no_skill.png","height":32,"ascent":-137500,"chars":[""]},{"type":"bitmap","file":"happyhud:font/assets/skills/valor/icon_valor_divideandconquer.png","height":32,"ascent":-137500,"chars":[""]},{"type":"bitmap","file":"happyhud:font/assets/skills/guile/icon_guile_dreadnaughtdraught.png","height":32,"ascent":-137500,"chars":[""]},{"type":"bitmap","file":"happyhud:font/assets/skills/daring/icon_daring_sinfulshadow.png","height":29,"ascent":-137500,"chars":[""]},{"type":"bitmap","file":"happyhud:font/assets/skills/fury/icon_fury_fistofagavres.png","height":32,"ascent":-137500,"chars":[""]},{"type":"bitmap","file":"happyhud:font/assets/skills/enigma/icon_enigma_runerupture.png","height":32,"ascent":-137500,"chars":[""]},{"type":"bitmap","file":"happyhud:font/assets/skills/resonance/icon_resonance_warcant.png","height":31,"ascent":-137500,"chars":[""]},{"type":"bitmap","file":"happyhud:font/assets/skills/vigilance/icon_vigilance_seekandsunder.png","height":31,"ascent":-137500,"chars":[""]},{"type":"bitmap","file":"happyhud:font/assets/skills/focus/icon_focus_glacialshard.png","height":32,"ascent":-137500,"chars":[""]},{"type":"bitmap","file":"happyhud:font/assets/skills/guile/icon_guile_malignanthaze.png","height":32,"ascent":-137500,"chars":[""]},{"type":"bitmap","file":"happyhud:font/assets/skills/fury/icon_fury_fistofvitality.png","height":32,"ascent":-137500,"chars":[""]},{"type":"bitmap","file":"happyhud:font/assets/skills/enigma/icon_enigma_runequakepropulsion.png","height":32,"ascent":-137500,"chars":[""]},{"type":"bitmap","file":"happyhud:font/assets/skills/resonance/icon_resonance_piercingtone.png","height":30,"ascent":-137500,"chars":[""]},{"type":"bitmap","file":"happyhud:font/assets/skills/focus/icon_focus_stingofthewild.png","height":32,"ascent":-137500,"chars":[""]},{"type":"bitmap","file":"happyhud:font/assets/skills/command/icon_command_bannercharge.png","height":29,"ascent":-137500,"chars":[""]},{"type":"bitmap","file":"happyhud:font/assets/skills/fury/icon_fury_concussiveclap.png","height":32,"ascent":-137500,"chars":[""]},{"type":"bitmap","file":"happyhud:font/assets/skills/resonance/icon_resonance_boundlessballad.png","height":30,"ascent":-137500,"chars":[""]},{"type":"bitmap","file":"happyhud:font/assets/skills/vigilance/icon_guile_bolatoss.png","height":31,"ascent":-137500,"chars":[""]},{"type":"bitmap","file":"happyhud:font/assets/skills/command/icon_command_hammerdown.png","height":30,"ascent":-137500,"chars":[""]},{"type":"bitmap","file":"happyhud:font/assets/skills/command/icon_command_sustainedfortitude.png","height":29,"ascent":-137500,"chars":[""]},{"type":"bitmap","file":"happyhud:font/assets/skills/vigilance/icon_guile_honeypot.png","height":29,"ascent":-137500,"chars":[""]},{"type":"bitmap","file":"happyhud:font/assets/skills/focus/icon_focus_frigidtomb.png","height":32,"ascent":-137500,"chars":[""]},{"type":"bitmap","file":"happyhud:font/assets/skills/valor/icon_valor_riposte.png","height":31,"ascent":-137500,"chars":[""]},{"type":"bitmap","file":"happyhud:font/assets/skills/focus/icon_focus_silverstorm.png","height":32,"ascent":-137500,"chars":[""]},{"type":"bitmap","file":"happyhud:font/assets/skills/enigma/icon_enigma_runiclance.png","height":32,"ascent":-137500,"chars":[""]},{"type":"bitmap","file":"happyhud:font/assets/skills/command/icon_command_battlelinebulwark.png","height":30,"ascent":-137500,"chars":[""]},{"type":"bitmap","file":"happyhud:font/assets/skills/guile/icon_guile_vapourvault.png","height":32,"ascent":-137500,"chars":[""]},{"type":"bitmap","file":"happyhud:font/assets/skills/fury/icon_fury_recklesszealotry.png","height":32,"ascent":-137500,"chars":[""]},{"type":"bitmap","file":"happyhud:font/assets/skills/valor/icon_valor_piercingstrike.png","height":30,"ascent":-137500,"chars":[""]},{"type":"bitmap","file":"happyhud:font/assets/skills/daring/icon_daring_lockandload.png","height":30,"ascent":-137500,"chars":[""]},{"type":"bitmap","file":"happyhud:font/assets/skills/fury/icon_fury_furioussurge.png","height":32,"ascent":-137500,"chars":[""]},{"type":"bitmap","file":"happyhud:font/assets/skills/focus/icon_focus_rimesembrace.png","height":32,"ascent":-137500,"chars":[""]},{"type":"bitmap","file":"happyhud:font/assets/skills/guile/icon_guile_haveatit.png","height":32,"ascent":-137500,"chars":[""]},{"type":"bitmap","file":"happyhud:font/assets/skills/enigma/icon_enigma_transposition.png","height":32,"ascent":-137500,"chars":[""]},{"type":"bitmap","file":"happyhud:font/assets/skills/valor/icon_valor_dashingstrike.png","height":30,"ascent":-137500,"chars":[""]},{"type":"bitmap","file":"happyhud:font/assets/skills/focus/icon_focus_decreeoffrost.png","height":32,"ascent":-137500,"chars":[""]},{"type":"bitmap","file":"happyhud:font/assets/skills/valor/icon_valor_bladework.png","height":29,"ascent":-137500,"chars":[""]},{"type":"bitmap","file":"happyhud:font/assets/skills/guile/icon_guile_instantrelief.png","height":32,"ascent":-137500,"chars":[""]},{"type":"bitmap","file":"happyhud:font/assets/skills/vigilance/icon_vigilance_revealprey.png","height":28,"ascent":-137500,"chars":[""]},{"type":"bitmap","file":"happyhud:font/assets/skills/fury/icon_fury_strifeandfury.png","height":32,"ascent":-137500,"chars":[""]},{"type":"bitmap","file":"happyhud:font/assets/skills/daring/icon_daring_deathfromabove.png","height":29,"ascent":-137500,"chars":[""]},{"type":"bitmap","file":"happyhud:font/assets/skills/guile/icon_guile_unstablecurative.png","height":30,"ascent":-137500,"chars":[""]},{"type":"bitmap","file":"happyhud:font/assets/skills/daring/icon_daring_smokescreen.png","height":30,"ascent":-137500,"chars":[""]},{"type":"bitmap","file":"happyhud:font/assets/skills/command/icon_command_pennantpullback.png","height":31,"ascent":-137500,"chars":[""]},{"type":"bitmap","file":"happyhud:font/assets/skills/command/icon_command_banneramplify.png","height":29,"ascent":-137500,"chars":[""]},{"type":"bitmap","file":"happyhud:font/assets/skills/resonance/icon_resonance_helpfulhymn.png","height":29,"ascent":-137500,"chars":[""]},{"type":"bitmap","file":"happyhud:font/assets/skills/vigilance/icon_vigilance_hunterssense.png","height":28,"ascent":-137500,"chars":[""]},{"type":"bitmap","file":"happyhud:font/assets/skills/enigma/icon_enigma_runestorm.png","height":32,"ascent":-137500,"chars":[""]},{"type":"bitmap","file":"happyhud:font/assets/skills/resonance/icon_resonance_lullaby.png","height":28,"ascent":-137500,"chars":[""]},{"type":"bitmap","file":"happyhud:font/assets/skills/valor/icon_valor_utmostattention.png","height":30,"ascent":-137500,"chars":[""]},{"type":"bitmap","file":"happyhud:font/assets/skills/resonance/icon_resonance_boomingbellow.png","height":28,"ascent":-137500,"chars":[""]},{"type":"bitmap","file":"happyhud:font/assets/skills/vigilance/icon_vigilance_grapplingshot.png","height":30,"ascent":-137500,"chars":[""]},{"type":"bitmap","file":"happyhud:font/assets/skills/daring/icon_daring_shotandsteel.png","height":30,"ascent":-137500,"chars":[""]},{"type":"bitmap","file":"happyhud:font/assets/lumentest/skill_number_5.png","height":13,"ascent":-140500,"chars":[""]},{"type":"bitmap","file":"happyhud:font/assets/lumentest/skill_number_4.png","height":13,"ascent":-140500,"chars":[""]},{"type":"bitmap","file":"happyhud:font/assets/skills/daring/icon_daring_slidingslash.png","height":29,"ascent":-141500,"chars":[""]},{"type":"bitmap","file":"happyhud:font/assets/skills/enigma/icon_enigma_transfiguration.png","height":32,"ascent":-141500,"chars":[""]},{"type":"bitmap","file":"happyhud:font/assets/skills/no_skill.png","height":32,"ascent":-141500,"chars":[""]},{"type":"bitmap","file":"happyhud:font/assets/skills/valor/icon_valor_divideandconquer.png","height":32,"ascent":-141500,"chars":[""]},{"type":"bitmap","file":"happyhud:font/assets/skills/guile/icon_guile_dreadnaughtdraught.png","height":32,"ascent":-141500,"chars":[""]},{"type":"bitmap","file":"happyhud:font/assets/skills/daring/icon_daring_sinfulshadow.png","height":29,"ascent":-141500,"chars":[""]},{"type":"bitmap","file":"happyhud:font/assets/skills/fury/icon_fury_fistofagavres.png","height":32,"ascent":-141500,"chars":[""]},{"type":"bitmap","file":"happyhud:font/assets/skills/enigma/icon_enigma_runerupture.png","height":32,"ascent":-141500,"chars":[""]},{"type":"bitmap","file":"happyhud:font/assets/skills/resonance/icon_resonance_warcant.png","height":31,"ascent":-141500,"chars":[""]},{"type":"bitmap","file":"happyhud:font/assets/skills/vigilance/icon_vigilance_seekandsunder.png","height":31,"ascent":-141500,"chars":[""]},{"type":"bitmap","file":"happyhud:font/assets/skills/focus/icon_focus_glacialshard.png","height":32,"ascent":-141500,"chars":[""]},{"type":"bitmap","file":"happyhud:font/assets/skills/guile/icon_guile_malignanthaze.png","height":32,"ascent":-141500,"chars":[""]},{"type":"bitmap","file":"happyhud:font/assets/skills/fury/icon_fury_fistofvitality.png","height":32,"ascent":-141500,"chars":[""]},{"type":"bitmap","file":"happyhud:font/assets/skills/enigma/icon_enigma_runequakepropulsion.png","height":32,"ascent":-141500,"chars":[""]},{"type":"bitmap","file":"happyhud:font/assets/skills/resonance/icon_resonance_piercingtone.png","height":30,"ascent":-141500,"chars":[""]},{"type":"bitmap","file":"happyhud:font/assets/skills/focus/icon_focus_stingofthewild.png","height":32,"ascent":-141500,"chars":[""]},{"type":"bitmap","file":"happyhud:font/assets/skills/command/icon_command_bannercharge.png","height":29,"ascent":-141500,"chars":[""]},{"type":"bitmap","file":"happyhud:font/assets/skills/fury/icon_fury_concussiveclap.png","height":32,"ascent":-141500,"chars":[""]},{"type":"bitmap","file":"happyhud:font/assets/skills/resonance/icon_resonance_boundlessballad.png","height":30,"ascent":-141500,"chars":[""]},{"type":"bitmap","file":"happyhud:font/assets/skills/vigilance/icon_guile_bolatoss.png","height":31,"ascent":-141500,"chars":[""]},{"type":"bitmap","file":"happyhud:font/assets/skills/command/icon_command_hammerdown.png","height":30,"ascent":-141500,"chars":[""]},{"type":"bitmap","file":"happyhud:font/assets/skills/command/icon_command_sustainedfortitude.png","height":29,"ascent":-141500,"chars":[""]},{"type":"bitmap","file":"happyhud:font/assets/skills/vigilance/icon_guile_honeypot.png","height":29,"ascent":-141500,"chars":[""]},{"type":"bitmap","file":"happyhud:font/assets/skills/focus/icon_focus_frigidtomb.png","height":32,"ascent":-141500,"chars":[""]},{"type":"bitmap","file":"happyhud:font/assets/skills/valor/icon_valor_riposte.png","height":31,"ascent":-141500,"chars":[""]},{"type":"bitmap","file":"happyhud:font/assets/skills/focus/icon_focus_silverstorm.png","height":32,"ascent":-141500,"chars":[""]},{"type":"bitmap","file":"happyhud:font/assets/skills/enigma/icon_enigma_runiclance.png","height":32,"ascent":-141500,"chars":[""]},{"type":"bitmap","file":"happyhud:font/assets/skills/command/icon_command_battlelinebulwark.png","height":30,"ascent":-141500,"chars":[""]},{"type":"bitmap","file":"happyhud:font/assets/skills/guile/icon_guile_vapourvault.png","height":32,"ascent":-141500,"chars":[""]},{"type":"bitmap","file":"happyhud:font/assets/skills/fury/icon_fury_recklesszealotry.png","height":32,"ascent":-141500,"chars":[""]},{"type":"bitmap","file":"happyhud:font/assets/skills/valor/icon_valor_piercingstrike.png","height":30,"ascent":-141500,"chars":[""]},{"type":"bitmap","file":"happyhud:font/assets/skills/daring/icon_daring_lockandload.png","height":30,"ascent":-141500,"chars":[""]},{"type":"bitmap","file":"happyhud:font/assets/skills/fury/icon_fury_furioussurge.png","height":32,"ascent":-141500,"chars":[""]},{"type":"bitmap","file":"happyhud:font/assets/skills/focus/icon_focus_rimesembrace.png","height":32,"ascent":-141500,"chars":[""]},{"type":"bitmap","file":"happyhud:font/assets/skills/guile/icon_guile_haveatit.png","height":32,"ascent":-141500,"chars":[""]},{"type":"bitmap","file":"happyhud:font/assets/skills/enigma/icon_enigma_transposition.png","height":32,"ascent":-141500,"chars":[""]},{"type":"bitmap","file":"happyhud:font/assets/skills/valor/icon_valor_dashingstrike.png","height":30,"ascent":-141500,"chars":[""]},{"type":"bitmap","file":"happyhud:font/assets/skills/focus/icon_focus_decreeoffrost.png","height":32,"ascent":-141500,"chars":[""]},{"type":"bitmap","file":"happyhud:font/assets/skills/valor/icon_valor_bladework.png","height":29,"ascent":-141500,"chars":[""]},{"type":"bitmap","file":"happyhud:font/assets/skills/guile/icon_guile_instantrelief.png","height":32,"ascent":-141500,"chars":[""]},{"type":"bitmap","file":"happyhud:font/assets/skills/vigilance/icon_vigilance_revealprey.png","height":28,"ascent":-141500,"chars":[""]},{"type":"bitmap","file":"happyhud:font/assets/skills/fury/icon_fury_strifeandfury.png","height":32,"ascent":-141500,"chars":[""]},{"type":"bitmap","file":"happyhud:font/assets/skills/daring/icon_daring_deathfromabove.png","height":29,"ascent":-141500,"chars":[""]},{"type":"bitmap","file":"happyhud:font/assets/skills/guile/icon_guile_unstablecurative.png","height":30,"ascent":-141500,"chars":[""]},{"type":"bitmap","file":"happyhud:font/assets/skills/daring/icon_daring_smokescreen.png","height":30,"ascent":-141500,"chars":[""]},{"type":"bitmap","file":"happyhud:font/assets/skills/command/icon_command_pennantpullback.png","height":31,"ascent":-141500,"chars":[""]},{"type":"bitmap","file":"happyhud:font/assets/skills/command/icon_command_banneramplify.png","height":29,"ascent":-141500,"chars":[""]},{"type":"bitmap","file":"happyhud:font/assets/skills/resonance/icon_resonance_helpfulhymn.png","height":29,"ascent":-141500,"chars":[""]},{"type":"bitmap","file":"happyhud:font/assets/skills/vigilance/icon_vigilance_hunterssense.png","height":28,"ascent":-141500,"chars":[""]},{"type":"bitmap","file":"happyhud:font/assets/skills/enigma/icon_enigma_runestorm.png","height":32,"ascent":-141500,"chars":[""]},{"type":"bitmap","file":"happyhud:font/assets/skills/resonance/icon_resonance_lullaby.png","height":28,"ascent":-141500,"chars":[""]},{"type":"bitmap","file":"happyhud:font/assets/skills/valor/icon_valor_utmostattention.png","height":30,"ascent":-141500,"chars":[""]},{"type":"bitmap","file":"happyhud:font/assets/skills/resonance/icon_resonance_boomingbellow.png","height":28,"ascent":-141500,"chars":[""]},{"type":"bitmap","file":"happyhud:font/assets/skills/vigilance/icon_vigilance_grapplingshot.png","height":30,"ascent":-141500,"chars":[""]},{"type":"bitmap","file":"happyhud:font/assets/skills/daring/icon_daring_shotandsteel.png","height":30,"ascent":-141500,"chars":[""]},{"type":"bitmap","file":"happyhud:font/assets/lumentest/skill_number_4.png","height":13,"ascent":-144500,"chars":[""]},{"type":"bitmap","file":"happyhud:font/assets/lumentest/skill_number_3.png","height":13,"ascent":-144500,"chars":[""]},{"type":"bitmap","file":"happyhud:font/assets/skills/daring/icon_daring_slidingslash.png","height":29,"ascent":-145500,"chars":[""]},{"type":"bitmap","file":"happyhud:font/assets/skills/enigma/icon_enigma_transfiguration.png","height":32,"ascent":-145500,"chars":[""]},{"type":"bitmap","file":"happyhud:font/assets/skills/no_skill.png","height":32,"ascent":-145500,"chars":[""]},{"type":"bitmap","file":"happyhud:font/assets/skills/valor/icon_valor_divideandconquer.png","height":32,"ascent":-145500,"chars":[""]},{"type":"bitmap","file":"happyhud:font/assets/skills/guile/icon_guile_dreadnaughtdraught.png","height":32,"ascent":-145500,"chars":[""]},{"type":"bitmap","file":"happyhud:font/assets/skills/daring/icon_daring_sinfulshadow.png","height":29,"ascent":-145500,"chars":[""]},{"type":"bitmap","file":"happyhud:font/assets/skills/fury/icon_fury_fistofagavres.png","height":32,"ascent":-145500,"chars":[""]},{"type":"bitmap","file":"happyhud:font/assets/skills/enigma/icon_enigma_runerupture.png","height":32,"ascent":-145500,"chars":[""]},{"type":"bitmap","file":"happyhud:font/assets/skills/resonance/icon_resonance_warcant.png","height":31,"ascent":-145500,"chars":[""]},{"type":"bitmap","file":"happyhud:font/assets/skills/vigilance/icon_vigilance_seekandsunder.png","height":31,"ascent":-145500,"chars":[""]},{"type":"bitmap","file":"happyhud:font/assets/skills/focus/icon_focus_glacialshard.png","height":32,"ascent":-145500,"chars":[""]},{"type":"bitmap","file":"happyhud:font/assets/skills/guile/icon_guile_malignanthaze.png","height":32,"ascent":-145500,"chars":[""]},{"type":"bitmap","file":"happyhud:font/assets/skills/fury/icon_fury_fistofvitality.png","height":32,"ascent":-145500,"chars":[""]},{"type":"bitmap","file":"happyhud:font/assets/skills/enigma/icon_enigma_runequakepropulsion.png","height":32,"ascent":-145500,"chars":[""]},{"type":"bitmap","file":"happyhud:font/assets/skills/resonance/icon_resonance_piercingtone.png","height":30,"ascent":-145500,"chars":[""]},{"type":"bitmap","file":"happyhud:font/assets/skills/focus/icon_focus_stingofthewild.png","height":32,"ascent":-145500,"chars":[""]},{"type":"bitmap","file":"happyhud:font/assets/skills/command/icon_command_bannercharge.png","height":29,"ascent":-145500,"chars":[""]},{"type":"bitmap","file":"happyhud:font/assets/skills/fury/icon_fury_concussiveclap.png","height":32,"ascent":-145500,"chars":[""]},{"type":"bitmap","file":"happyhud:font/assets/skills/resonance/icon_resonance_boundlessballad.png","height":30,"ascent":-145500,"chars":[""]},{"type":"bitmap","file":"happyhud:font/assets/skills/vigilance/icon_guile_bolatoss.png","height":31,"ascent":-145500,"chars":[""]},{"type":"bitmap","file":"happyhud:font/assets/skills/command/icon_command_hammerdown.png","height":30,"ascent":-145500,"chars":[""]},{"type":"bitmap","file":"happyhud:font/assets/skills/command/icon_command_sustainedfortitude.png","height":29,"ascent":-145500,"chars":[""]},{"type":"bitmap","file":"happyhud:font/assets/skills/vigilance/icon_guile_honeypot.png","height":29,"ascent":-145500,"chars":[""]},{"type":"bitmap","file":"happyhud:font/assets/skills/focus/icon_focus_frigidtomb.png","height":32,"ascent":-145500,"chars":[""]},{"type":"bitmap","file":"happyhud:font/assets/skills/valor/icon_valor_riposte.png","height":31,"ascent":-145500,"chars":[""]},{"type":"bitmap","file":"happyhud:font/assets/skills/focus/icon_focus_silverstorm.png","height":32,"ascent":-145500,"chars":[""]},{"type":"bitmap","file":"happyhud:font/assets/skills/enigma/icon_enigma_runiclance.png","height":32,"ascent":-145500,"chars":[""]},{"type":"bitmap","file":"happyhud:font/assets/skills/command/icon_command_battlelinebulwark.png","height":30,"ascent":-145500,"chars":[""]},{"type":"bitmap","file":"happyhud:font/assets/skills/guile/icon_guile_vapourvault.png","height":32,"ascent":-145500,"chars":[""]},{"type":"bitmap","file":"happyhud:font/assets/skills/fury/icon_fury_recklesszealotry.png","height":32,"ascent":-145500,"chars":[""]},{"type":"bitmap","file":"happyhud:font/assets/skills/valor/icon_valor_piercingstrike.png","height":30,"ascent":-145500,"chars":[""]},{"type":"bitmap","file":"happyhud:font/assets/skills/daring/icon_daring_lockandload.png","height":30,"ascent":-145500,"chars":[""]},{"type":"bitmap","file":"happyhud:font/assets/skills/fury/icon_fury_furioussurge.png","height":32,"ascent":-145500,"chars":[""]},{"type":"bitmap","file":"happyhud:font/assets/skills/focus/icon_focus_rimesembrace.png","height":32,"ascent":-145500,"chars":[""]},{"type":"bitmap","file":"happyhud:font/assets/skills/guile/icon_guile_haveatit.png","height":32,"ascent":-145500,"chars":[""]},{"type":"bitmap","file":"happyhud:font/assets/skills/enigma/icon_enigma_transposition.png","height":32,"ascent":-145500,"chars":[""]},{"type":"bitmap","file":"happyhud:font/assets/skills/valor/icon_valor_dashingstrike.png","height":30,"ascent":-145500,"chars":[""]},{"type":"bitmap","file":"happyhud:font/assets/skills/focus/icon_focus_decreeoffrost.png","height":32,"ascent":-145500,"chars":[""]},{"type":"bitmap","file":"happyhud:font/assets/skills/valor/icon_valor_bladework.png","height":29,"ascent":-145500,"chars":[""]},{"type":"bitmap","file":"happyhud:font/assets/skills/guile/icon_guile_instantrelief.png","height":32,"ascent":-145500,"chars":[""]},{"type":"bitmap","file":"happyhud:font/assets/skills/vigilance/icon_vigilance_revealprey.png","height":28,"ascent":-145500,"chars":[""]},{"type":"bitmap","file":"happyhud:font/assets/skills/fury/icon_fury_strifeandfury.png","height":32,"ascent":-145500,"chars":[""]},{"type":"bitmap","file":"happyhud:font/assets/skills/daring/icon_daring_deathfromabove.png","height":29,"ascent":-145500,"chars":[""]},{"type":"bitmap","file":"happyhud:font/assets/skills/guile/icon_guile_unstablecurative.png","height":30,"ascent":-145500,"chars":[""]},{"type":"bitmap","file":"happyhud:font/assets/skills/daring/icon_daring_smokescreen.png","height":30,"ascent":-145500,"chars":[""]},{"type":"bitmap","file":"happyhud:font/assets/skills/command/icon_command_pennantpullback.png","height":31,"ascent":-145500,"chars":[""]},{"type":"bitmap","file":"happyhud:font/assets/skills/command/icon_command_banneramplify.png","height":29,"ascent":-145500,"chars":[""]},{"type":"bitmap","file":"happyhud:font/assets/skills/resonance/icon_resonance_helpfulhymn.png","height":29,"ascent":-145500,"chars":[""]},{"type":"bitmap","file":"happyhud:font/assets/skills/vigilance/icon_vigilance_hunterssense.png","height":28,"ascent":-145500,"chars":[""]},{"type":"bitmap","file":"happyhud:font/assets/skills/enigma/icon_enigma_runestorm.png","height":32,"ascent":-145500,"chars":[""]},{"type":"bitmap","file":"happyhud:font/assets/skills/resonance/icon_resonance_lullaby.png","height":28,"ascent":-145500,"chars":[""]},{"type":"bitmap","file":"happyhud:font/assets/skills/valor/icon_valor_utmostattention.png","height":30,"ascent":-145500,"chars":[""]},{"type":"bitmap","file":"happyhud:font/assets/skills/resonance/icon_resonance_boomingbellow.png","height":28,"ascent":-145500,"chars":[""]},{"type":"bitmap","file":"happyhud:font/assets/skills/vigilance/icon_vigilance_grapplingshot.png","height":30,"ascent":-145500,"chars":[""]},{"type":"bitmap","file":"happyhud:font/assets/skills/daring/icon_daring_shotandsteel.png","height":30,"ascent":-145500,"chars":[""]},{"type":"bitmap","file":"happyhud:font/assets/lumentest/skill_number_3.png","height":13,"ascent":-148500,"chars":[""]},{"type":"bitmap","file":"happyhud:font/assets/lumentest/skill_number_2.png","height":13,"ascent":-148500,"chars":[""]},{"type":"bitmap","file":"happyhud:font/assets/skills/daring/icon_daring_slidingslash.png","height":29,"ascent":-149500,"chars":[""]},{"type":"bitmap","file":"happyhud:font/assets/skills/enigma/icon_enigma_transfiguration.png","height":32,"ascent":-149500,"chars":[""]},{"type":"bitmap","file":"happyhud:font/assets/skills/no_skill.png","height":32,"ascent":-149500,"chars":[""]},{"type":"bitmap","file":"happyhud:font/assets/skills/valor/icon_valor_divideandconquer.png","height":32,"ascent":-149500,"chars":[""]},{"type":"bitmap","file":"happyhud:font/assets/skills/guile/icon_guile_dreadnaughtdraught.png","height":32,"ascent":-149500,"chars":[""]},{"type":"bitmap","file":"happyhud:font/assets/skills/daring/icon_daring_sinfulshadow.png","height":29,"ascent":-149500,"chars":[""]},{"type":"bitmap","file":"happyhud:font/assets/skills/fury/icon_fury_fistofagavres.png","height":32,"ascent":-149500,"chars":[""]},{"type":"bitmap","file":"happyhud:font/assets/skills/enigma/icon_enigma_runerupture.png","height":32,"ascent":-149500,"chars":[""]},{"type":"bitmap","file":"happyhud:font/assets/skills/resonance/icon_resonance_warcant.png","height":31,"ascent":-149500,"chars":[""]},{"type":"bitmap","file":"happyhud:font/assets/skills/vigilance/icon_vigilance_seekandsunder.png","height":31,"ascent":-149500,"chars":[""]},{"type":"bitmap","file":"happyhud:font/assets/skills/focus/icon_focus_glacialshard.png","height":32,"ascent":-149500,"chars":[""]},{"type":"bitmap","file":"happyhud:font/assets/skills/guile/icon_guile_malignanthaze.png","height":32,"ascent":-149500,"chars":[""]},{"type":"bitmap","file":"happyhud:font/assets/skills/fury/icon_fury_fistofvitality.png","height":32,"ascent":-149500,"chars":[""]},{"type":"bitmap","file":"happyhud:font/assets/skills/enigma/icon_enigma_runequakepropulsion.png","height":32,"ascent":-149500,"chars":[""]},{"type":"bitmap","file":"happyhud:font/assets/skills/resonance/icon_resonance_piercingtone.png","height":30,"ascent":-149500,"chars":[""]},{"type":"bitmap","file":"happyhud:font/assets/skills/focus/icon_focus_stingofthewild.png","height":32,"ascent":-149500,"chars":[""]},{"type":"bitmap","file":"happyhud:font/assets/skills/command/icon_command_bannercharge.png","height":29,"ascent":-149500,"chars":[""]},{"type":"bitmap","file":"happyhud:font/assets/skills/fury/icon_fury_concussiveclap.png","height":32,"ascent":-149500,"chars":[""]},{"type":"bitmap","file":"happyhud:font/assets/skills/resonance/icon_resonance_boundlessballad.png","height":30,"ascent":-149500,"chars":[""]},{"type":"bitmap","file":"happyhud:font/assets/skills/vigilance/icon_guile_bolatoss.png","height":31,"ascent":-149500,"chars":[""]},{"type":"bitmap","file":"happyhud:font/assets/skills/command/icon_command_hammerdown.png","height":30,"ascent":-149500,"chars":[""]},{"type":"bitmap","file":"happyhud:font/assets/skills/command/icon_command_sustainedfortitude.png","height":29,"ascent":-149500,"chars":[""]},{"type":"bitmap","file":"happyhud:font/assets/skills/vigilance/icon_guile_honeypot.png","height":29,"ascent":-149500,"chars":[""]},{"type":"bitmap","file":"happyhud:font/assets/skills/focus/icon_focus_frigidtomb.png","height":32,"ascent":-149500,"chars":[""]},{"type":"bitmap","file":"happyhud:font/assets/skills/valor/icon_valor_riposte.png","height":31,"ascent":-149500,"chars":[""]},{"type":"bitmap","file":"happyhud:font/assets/skills/focus/icon_focus_silverstorm.png","height":32,"ascent":-149500,"chars":[""]},{"type":"bitmap","file":"happyhud:font/assets/skills/enigma/icon_enigma_runiclance.png","height":32,"ascent":-149500,"chars":[""]},{"type":"bitmap","file":"happyhud:font/assets/skills/command/icon_command_battlelinebulwark.png","height":30,"ascent":-149500,"chars":[""]},{"type":"bitmap","file":"happyhud:font/assets/skills/guile/icon_guile_vapourvault.png","height":32,"ascent":-149500,"chars":[""]},{"type":"bitmap","file":"happyhud:font/assets/skills/fury/icon_fury_recklesszealotry.png","height":32,"ascent":-149500,"chars":[""]},{"type":"bitmap","file":"happyhud:font/assets/skills/valor/icon_valor_piercingstrike.png","height":30,"ascent":-149500,"chars":[""]},{"type":"bitmap","file":"happyhud:font/assets/skills/daring/icon_daring_lockandload.png","height":30,"ascent":-149500,"chars":[""]},{"type":"bitmap","file":"happyhud:font/assets/skills/fury/icon_fury_furioussurge.png","height":32,"ascent":-149500,"chars":[""]},{"type":"bitmap","file":"happyhud:font/assets/skills/focus/icon_focus_rimesembrace.png","height":32,"ascent":-149500,"chars":[""]},{"type":"bitmap","file":"happyhud:font/assets/skills/guile/icon_guile_haveatit.png","height":32,"ascent":-149500,"chars":[""]},{"type":"bitmap","file":"happyhud:font/assets/skills/enigma/icon_enigma_transposition.png","height":32,"ascent":-149500,"chars":[""]},{"type":"bitmap","file":"happyhud:font/assets/skills/valor/icon_valor_dashingstrike.png","height":30,"ascent":-149500,"chars":[""]},{"type":"bitmap","file":"happyhud:font/assets/skills/focus/icon_focus_decreeoffrost.png","height":32,"ascent":-149500,"chars":[""]},{"type":"bitmap","file":"happyhud:font/assets/skills/valor/icon_valor_bladework.png","height":29,"ascent":-149500,"chars":[""]},{"type":"bitmap","file":"happyhud:font/assets/skills/guile/icon_guile_instantrelief.png","height":32,"ascent":-149500,"chars":[""]},{"type":"bitmap","file":"happyhud:font/assets/skills/vigilance/icon_vigilance_revealprey.png","height":28,"ascent":-149500,"chars":[""]},{"type":"bitmap","file":"happyhud:font/assets/skills/fury/icon_fury_strifeandfury.png","height":32,"ascent":-149500,"chars":[""]},{"type":"bitmap","file":"happyhud:font/assets/skills/daring/icon_daring_deathfromabove.png","height":29,"ascent":-149500,"chars":[""]},{"type":"bitmap","file":"happyhud:font/assets/skills/guile/icon_guile_unstablecurative.png","height":30,"ascent":-149500,"chars":[""]},{"type":"bitmap","file":"happyhud:font/assets/skills/daring/icon_daring_smokescreen.png","height":30,"ascent":-149500,"chars":[""]},{"type":"bitmap","file":"happyhud:font/assets/skills/command/icon_command_pennantpullback.png","height":31,"ascent":-149500,"chars":[""]},{"type":"bitmap","file":"happyhud:font/assets/skills/command/icon_command_banneramplify.png","height":29,"ascent":-149500,"chars":[""]},{"type":"bitmap","file":"happyhud:font/assets/skills/resonance/icon_resonance_helpfulhymn.png","height":29,"ascent":-149500,"chars":[""]},{"type":"bitmap","file":"happyhud:font/assets/skills/vigilance/icon_vigilance_hunterssense.png","height":28,"ascent":-149500,"chars":[""]},{"type":"bitmap","file":"happyhud:font/assets/skills/enigma/icon_enigma_runestorm.png","height":32,"ascent":-149500,"chars":[""]},{"type":"bitmap","file":"happyhud:font/assets/skills/resonance/icon_resonance_lullaby.png","height":28,"ascent":-149500,"chars":[""]},{"type":"bitmap","file":"happyhud:font/assets/skills/valor/icon_valor_utmostattention.png","height":30,"ascent":-149500,"chars":[""]},{"type":"bitmap","file":"happyhud:font/assets/skills/resonance/icon_resonance_boomingbellow.png","height":28,"ascent":-149500,"chars":[""]},{"type":"bitmap","file":"happyhud:font/assets/skills/vigilance/icon_vigilance_grapplingshot.png","height":30,"ascent":-149500,"chars":[""]},{"type":"bitmap","file":"happyhud:font/assets/skills/daring/icon_daring_shotandsteel.png","height":30,"ascent":-149500,"chars":[""]},{"type":"bitmap","file":"happyhud:font/assets/lumentest/skill_number_2.png","height":13,"ascent":-152500,"chars":[""]},{"type":"bitmap","file":"happyhud:font/assets/lumentest/skill_number_empty.png","height":13,"ascent":-152500,"chars":[""]},{"type":"bitmap","file":"happyhud:font/assets/lumentest/skill_number_1.png","height":13,"ascent":-152500,"chars":[""]},{"type":"bitmap","file":"happyhud:font/assets/lumentest/health_bar.png","height":14,"ascent":-153500,"chars":[""]},{"type":"bitmap","file":"happyhud:font/assets/lumentest/energy_bar_full/horizontal/15/1.png","height":12,"ascent":-154500,"chars":[""]},{"type":"bitmap","file":"happyhud:font/assets/lumentest/energy_bar_full/horizontal/15/2.png","height":12,"ascent":-154500,"chars":[""]},{"type":"bitmap","file":"happyhud:font/assets/lumentest/energy_bar_full/horizontal/15/3.png","height":12,"ascent":-154500,"chars":[""]},{"type":"bitmap","file":"happyhud:font/assets/lumentest/energy_bar_full/horizontal/15/4.png","height":12,"ascent":-154500,"chars":[""]},{"type":"bitmap","file":"happyhud:font/assets/lumentest/energy_bar_full/horizontal/15/5.png","height":12,"ascent":-154500,"chars":[""]},{"type":"bitmap","file":"happyhud:font/assets/lumentest/energy_bar_full/horizontal/15/6.png","height":12,"ascent":-154500,"chars":[""]},{"type":"bitmap","file":"happyhud:font/assets/lumentest/energy_bar_full/horizontal/15/7.png","height":12,"ascent":-154500,"chars":[""]},{"type":"bitmap","file":"happyhud:font/assets/lumentest/energy_bar_full/horizontal/15/8.png","height":12,"ascent":-154500,"chars":[""]},{"type":"bitmap","file":"happyhud:font/assets/lumentest/energy_bar_full/horizontal/15/9.png","height":12,"ascent":-154500,"chars":[""]},{"type":"bitmap","file":"happyhud:font/assets/lumentest/energy_bar_full/horizontal/15/10.png","height":12,"ascent":-154500,"chars":[""]},{"type":"bitmap","file":"happyhud:font/assets/lumentest/energy_bar_full/horizontal/15/11.png","height":12,"ascent":-154500,"chars":[""]},{"type":"bitmap","file":"happyhud:font/assets/lumentest/energy_bar_full/horizontal/15/12.png","height":12,"ascent":-154500,"chars":[""]},{"type":"bitmap","file":"happyhud:font/assets/lumentest/energy_bar_full/horizontal/15/13.png","height":12,"ascent":-154500,"chars":[""]},{"type":"bitmap","file":"happyhud:font/assets/lumentest/energy_bar_full/horizontal/15/14.png","height":12,"ascent":-154500,"chars":[""]},{"type":"bitmap","file":"happyhud:font/assets/lumentest/energy_bar_full/horizontal/15/15.png","height":12,"ascent":-154500,"chars":[""]},{"type":"bitmap","file":"happyhud:font/assets/lumentest/health_bar.png","height":14,"ascent":-157500,"chars":[""]},{"type":"bitmap","file":"happyhud:font/assets/lumentest/health_bar_full/horizontal/15/1.png","height":12,"ascent":-158500,"chars":[""]},{"type":"bitmap","file":"happyhud:font/assets/lumentest/health_bar_full/horizontal/15/2.png","height":12,"ascent":-158500,"chars":[""]},{"type":"bitmap","file":"happyhud:font/assets/lumentest/health_bar_full/horizontal/15/3.png","height":12,"ascent":-158500,"chars":[""]},{"type":"bitmap","file":"happyhud:font/assets/lumentest/health_bar_full/horizontal/15/4.png","height":12,"ascent":-158500,"chars":[""]},{"type":"bitmap","file":"happyhud:font/assets/lumentest/health_bar_full/horizontal/15/5.png","height":12,"ascent":-158500,"chars":[""]},{"type":"bitmap","file":"happyhud:font/assets/lumentest/health_bar_full/horizontal/15/6.png","height":12,"ascent":-158500,"chars":[""]},{"type":"bitmap","file":"happyhud:font/assets/lumentest/health_bar_full/horizontal/15/7.png","height":12,"ascent":-158500,"chars":[""]},{"type":"bitmap","file":"happyhud:font/assets/lumentest/health_bar_full/horizontal/15/8.png","height":12,"ascent":-158500,"chars":[""]},{"type":"bitmap","file":"happyhud:font/assets/lumentest/health_bar_full/horizontal/15/9.png","height":12,"ascent":-158500,"chars":[""]},{"type":"bitmap","file":"happyhud:font/assets/lumentest/health_bar_full/horizontal/15/10.png","height":12,"ascent":-158500,"chars":[""]},{"type":"bitmap","file":"happyhud:font/assets/lumentest/health_bar_full/horizontal/15/11.png","height":12,"ascent":-158500,"chars":[""]},{"type":"bitmap","file":"happyhud:font/assets/lumentest/health_bar_full/horizontal/15/12.png","height":12,"ascent":-158500,"chars":[""]},{"type":"bitmap","file":"happyhud:font/assets/lumentest/health_bar_full/horizontal/15/13.png","height":12,"ascent":-158500,"chars":[""]},{"type":"bitmap","file":"happyhud:font/assets/lumentest/health_bar_full/horizontal/15/14.png","height":12,"ascent":-158500,"chars":[""]},{"type":"bitmap","file":"happyhud:font/assets/lumentest/health_bar_full/horizontal/15/15.png","height":12,"ascent":-158500,"chars":[""]}]}