{
	"credit": "Made with Blockbench",
	"texture_size": [32, 32],
	"textures": {
		"0": "item/decorations/chandelier_ship_helm",
		"particle": "item/decorations/chandelier_ship_helm"
	},
	"elements": [
		{
			"from": [10.81151, 0, 7.25],
			"to": [12.81151, 1.5, 8.75],
			"rotation": {"angle": 0, "axis": "y", "origin": [-0.18849, 0, 0]},
			"faces": {
				"north": {"uv": [2, 5.5, 2.75, 6.5], "rotation": 90, "texture": "#0"},
				"east": {"uv": [2, 6.25, 2.75, 7], "texture": "#0"},
				"south": {"uv": [2.75, 6.5, 2, 5.5], "rotation": 90, "texture": "#0"},
				"up": {"uv": [2, 6.5, 2.75, 5.5], "rotation": 90, "texture": "#0"},
				"down": {"uv": [2, 6.5, 2.75, 5.5], "rotation": 90, "texture": "#0"}
			}
		},
		{
			"from": [16.81151, 0, 7.25],
			"to": [20.31151, 1.5, 8.75],
			"rotation": {"angle": 0, "axis": "y", "origin": [-0.18849, 0, 0]},
			"faces": {
				"north": {"uv": [6.25, 4.75, 8, 5.5], "texture": "#0"},
				"east": {"uv": [5.5, 4.75, 6.25, 5.5], "texture": "#0"},
				"south": {"uv": [6.25, 4.75, 8, 5.5], "texture": "#0"},
				"west": {"uv": [5.5, 4.75, 6.25, 5.5], "texture": "#0"},
				"up": {"uv": [6.25, 4.75, 8, 5.5], "texture": "#0"},
				"down": {"uv": [6.25, 4.75, 8, 5.5], "texture": "#0"}
			}
		},
		{
			"from": [22.31151, 0, 7.25],
			"to": [25.31151, 1.5, 8.75],
			"rotation": {"angle": 0, "axis": "y", "origin": [-0.18849, 0, 0]},
			"faces": {
				"north": {"uv": [3.5, 5.5, 5, 6.25], "texture": "#0"},
				"east": {"uv": [2.75, 5.5, 3.5, 6.25], "texture": "#0"},
				"south": {"uv": [5, 5.5, 3.5, 6.25], "texture": "#0"},
				"west": {"uv": [4.25, 5.5, 5, 6.25], "texture": "#0"},
				"up": {"uv": [3.5, 5.5, 5, 6.25], "texture": "#0"},
				"down": {"uv": [7.75, 5.5, 6.25, 4.75], "texture": "#0"}
			}
		},
		{
			"from": [17.81151, -0.5, 5.75],
			"to": [19.31151, 2, 10.25],
			"rotation": {"angle": 0, "axis": "y", "origin": [-0.18849, 0, 0]},
			"faces": {
				"east": {"uv": [5, 6.25, 7.25, 7.5], "texture": "#0"},
				"west": {"uv": [5, 6.25, 7.25, 7.5], "texture": "#0"},
				"up": {"uv": [5.5, 5.5, 7.75, 6.25], "rotation": 90, "texture": "#0"},
				"down": {"uv": [5.75, 7.5, 8, 8.25], "rotation": 90, "texture": "#0"}
			}
		},
		{
			"from": [17.27677, -0.51, 9.10196],
			"to": [18.79677, 2.01, 13.62196],
			"rotation": {"angle": 22.5, "axis": "y", "origin": [-0.71323, 0, 8.36196]},
			"faces": {
				"north": {"uv": [0, 0, 0.75, 1.25], "texture": "#0"},
				"east": {"uv": [5.5, 6.25, 7.75, 7.5], "texture": "#0"},
				"south": {"uv": [0, 0, 0.75, 1.25], "texture": "#0"},
				"west": {"uv": [5.5, 6.25, 7.75, 7.5], "texture": "#0"},
				"up": {"uv": [5.5, 5.5, 7.75, 6.25], "rotation": 90, "texture": "#0"},
				"down": {"uv": [5.5, 7.5, 7.75, 8.25], "rotation": 90, "texture": "#0"}
			}
		},
		{
			"from": [21.62408, -0.5, 10.95435],
			"to": [23.12408, 2, 15.45435],
			"rotation": {"angle": 45, "axis": "y", "origin": [3.62408, 0, 15.20435]},
			"faces": {
				"east": {"uv": [5.5, 6.25, 7.75, 7.5], "texture": "#0"},
				"west": {"uv": [5.5, 6.25, 7.75, 7.5], "texture": "#0"},
				"up": {"uv": [5.5, 5.5, 7.75, 6.25], "rotation": 90, "texture": "#0"},
				"down": {"uv": [5.5, 7.5, 7.75, 8.25], "rotation": 90, "texture": "#0"}
			}
		},
		{
			"from": [1.92132, -0.51, -0.50067],
			"to": [6.44132, 2.01, 1.01933],
			"rotation": {"angle": -22.5, "axis": "y", "origin": [13.18132, 0, 19.00933]},
			"faces": {
				"north": {"uv": [7.25, 6.25, 9.5, 7.5], "texture": "#0"},
				"south": {"uv": [7.25, 6.25, 9.5, 7.5], "texture": "#0"},
				"up": {"uv": [7.25, 5.5, 9.5, 6.25], "texture": "#0"},
				"down": {"uv": [7.25, 8.25, 9.5, 7.5], "texture": "#0"}
			}
		},
		{
			"from": [-7.12408, -0.5, 10.95435],
			"to": [-5.62408, 2, 15.45435],
			"rotation": {"angle": -45, "axis": "y", "origin": [12.37592, 0, 15.20435]},
			"faces": {
				"east": {"uv": [5.5, 6.25, 7.75, 7.5], "texture": "#0"},
				"west": {"uv": [5.5, 6.25, 7.75, 7.5], "texture": "#0"},
				"up": {"uv": [5.5, 5.5, 7.75, 6.25], "rotation": 90, "texture": "#0"},
				"down": {"uv": [5.5, 8.25, 7.75, 7.5], "rotation": 90, "texture": "#0"}
			}
		},
		{
			"from": [-2.79677, -0.51, 9.10196],
			"to": [-1.27677, 2.01, 13.62196],
			"rotation": {"angle": -22.5, "axis": "y", "origin": [16.71323, 0, 8.36196]},
			"faces": {
				"east": {"uv": [7.25, 6.25, 9.5, 7.5], "texture": "#0"},
				"west": {"uv": [7.25, 6.25, 9.5, 7.5], "texture": "#0"},
				"up": {"uv": [7.25, 5.5, 9.5, 6.25], "rotation": 90, "texture": "#0"},
				"down": {"uv": [7.25, 8.25, 9.5, 7.5], "rotation": 90, "texture": "#0"}
			}
		},
		{
			"from": [9.55868, -0.51, -0.50067],
			"to": [14.07868, 2.01, 1.01933],
			"rotation": {"angle": 22.5, "axis": "y", "origin": [2.81868, 0, 19.00933]},
			"faces": {
				"north": {"uv": [5.5, 6.25, 7.75, 7.5], "texture": "#0"},
				"south": {"uv": [5.5, 6.25, 7.75, 7.5], "texture": "#0"},
				"up": {"uv": [5.5, 5.5, 7.75, 6.25], "texture": "#0"},
				"down": {"uv": [5.5, 8.25, 7.75, 7.5], "texture": "#0"}
			}
		},
		{
			"from": [5.75, -0.5, -3.31151],
			"to": [10.25, 2, -1.81151],
			"rotation": {"angle": 0, "axis": "y", "origin": [1.18849, 0, 14.18849]},
			"faces": {
				"north": {"uv": [5.25, 6.25, 7.5, 7.5], "texture": "#0"},
				"south": {"uv": [5.25, 6.25, 7.5, 7.5], "texture": "#0"},
				"up": {"uv": [5.25, 5.5, 7.5, 6.25], "texture": "#0"},
				"down": {"uv": [5.25, 8.25, 7.5, 7.5], "texture": "#0"}
			}
		},
		{
			"from": [16.81151, 0, 7.25],
			"to": [20.31151, 1.5, 8.75],
			"rotation": {"angle": 45, "axis": "y", "origin": [7.81151, 0, 8]},
			"faces": {
				"north": {"uv": [6.25, 4.75, 8, 5.5], "texture": "#0"},
				"east": {"uv": [5.5, 4.75, 6.25, 5.5], "texture": "#0"},
				"south": {"uv": [6.25, 4.75, 8, 5.5], "texture": "#0"},
				"west": {"uv": [5.5, 4.75, 6.25, 5.5], "texture": "#0"},
				"up": {"uv": [6.25, 4.75, 8, 5.5], "texture": "#0"},
				"down": {"uv": [6.25, 4.75, 8, 5.5], "texture": "#0"}
			}
		},
		{
			"from": [11.31151, 0, 7.25],
			"to": [12.81151, 1.5, 8.75],
			"rotation": {"angle": 45, "axis": "y", "origin": [7.81151, 0, 8]},
			"faces": {
				"north": {"uv": [2.75, 5.5, 2, 6.25], "rotation": 90, "texture": "#0"},
				"east": {"uv": [2, 6.25, 2.75, 7], "texture": "#0"},
				"south": {"uv": [2.75, 6.25, 2, 5.5], "rotation": 90, "texture": "#0"},
				"up": {"uv": [2, 6.25, 2.75, 5.5], "rotation": 90, "texture": "#0"},
				"down": {"uv": [2, 6.25, 2.75, 5.5], "rotation": 90, "texture": "#0"}
			}
		},
		{
			"from": [22.31151, 0, 7.25],
			"to": [25.31151, 1.5, 8.75],
			"rotation": {"angle": 45, "axis": "y", "origin": [7.81151, 0, 8]},
			"faces": {
				"north": {"uv": [3.5, 5.5, 5, 6.25], "texture": "#0"},
				"east": {"uv": [2.75, 5.5, 3.5, 6.25], "texture": "#0"},
				"south": {"uv": [5, 5.5, 3.5, 6.25], "texture": "#0"},
				"west": {"uv": [4.25, 5.5, 5, 6.25], "texture": "#0"},
				"up": {"uv": [5, 5.5, 3.5, 6.25], "texture": "#0"},
				"down": {"uv": [7.75, 4.75, 6.25, 5.5], "texture": "#0"}
			}
		},
		{
			"from": [-9.31151, 0, 7.25],
			"to": [-6.31151, 1.5, 8.75],
			"rotation": {"angle": 0, "axis": "y", "origin": [7.98849, 0, 8]},
			"faces": {
				"north": {"uv": [5, 5.5, 3.5, 6.25], "texture": "#0"},
				"east": {"uv": [4.25, 5.5, 5, 6.25], "texture": "#0"},
				"south": {"uv": [3.5, 5.5, 5, 6.25], "texture": "#0"},
				"west": {"uv": [2.75, 5.5, 3.5, 6.25], "texture": "#0"},
				"up": {"uv": [2.75, 5.5, 4.25, 6.25], "texture": "#0"},
				"down": {"uv": [6.25, 4.75, 7.75, 5.5], "texture": "#0"}
			}
		},
		{
			"from": [-3.31151, -0.5, 5.75],
			"to": [-1.81151, 2, 10.25],
			"rotation": {"angle": 0, "axis": "y", "origin": [16.18849, 0, 0]},
			"faces": {
				"east": {"uv": [5.5, 6.25, 7.75, 7.5], "texture": "#0"},
				"west": {"uv": [5.5, 6.25, 7.75, 7.5], "texture": "#0"},
				"up": {"uv": [5.5, 6.25, 7.75, 5.5], "rotation": 90, "texture": "#0"},
				"down": {"uv": [5.5, 8.25, 7.75, 7.5], "rotation": 90, "texture": "#0"}
			}
		},
		{
			"from": [-4.31151, 0, 7.25],
			"to": [-0.81151, 1.5, 8.75],
			"rotation": {"angle": 0, "axis": "y", "origin": [7.98849, 0, 8]},
			"faces": {
				"north": {"uv": [6.25, 4.75, 8, 5.5], "texture": "#0"},
				"east": {"uv": [5.5, 4.75, 6.25, 5.5], "texture": "#0"},
				"south": {"uv": [6.25, 4.75, 8, 5.5], "texture": "#0"},
				"west": {"uv": [5.5, 4.75, 6.25, 5.5], "texture": "#0"},
				"up": {"uv": [6.25, 4.75, 8, 5.5], "texture": "#0"},
				"down": {"uv": [6.25, 4.75, 8, 5.5], "texture": "#0"}
			}
		},
		{
			"from": [3.18849, 0, 7.25],
			"to": [5.18849, 1.5, 8.75],
			"rotation": {"angle": 0, "axis": "y", "origin": [7.98849, 0, 8]},
			"faces": {
				"north": {"uv": [2, 6.5, 2.75, 5.5], "rotation": 90, "texture": "#0"},
				"south": {"uv": [2, 5.5, 2.75, 6.5], "rotation": 90, "texture": "#0"},
				"west": {"uv": [2, 6.25, 2.75, 7], "texture": "#0"},
				"up": {"uv": [2, 5.5, 2.75, 6.5], "rotation": 90, "texture": "#0"},
				"down": {"uv": [2, 5.5, 2.75, 6.5], "rotation": 90, "texture": "#0"}
			}
		},
		{
			"from": [5.68849, -1.7, 5.75],
			"to": [10.18849, -0.7, 10.25],
			"rotation": {"angle": 0, "axis": "y", "origin": [7.98849, 0, 8]},
			"faces": {
				"north": {"uv": [8.75, 2.75, 11, 2.25], "texture": "#0"},
				"east": {"uv": [8.75, 2.75, 11, 2.25], "texture": "#0"},
				"south": {"uv": [8.75, 2.75, 11, 2.25], "texture": "#0"},
				"west": {"uv": [8.75, 2.75, 11, 2.25], "texture": "#0"},
				"down": {"uv": [8.75, 0, 11, 2.25], "texture": "#0"}
			}
		},
		{
			"from": [5.68849, 2.3, 5.75],
			"to": [10.18849, 3.3, 10.25],
			"rotation": {"angle": 0, "axis": "y", "origin": [7.98849, 0, 8]},
			"faces": {
				"north": {"uv": [8.75, 2.25, 11, 2.75], "texture": "#0"},
				"east": {"uv": [8.75, 2.25, 11, 2.75], "texture": "#0"},
				"south": {"uv": [8.75, 2.25, 11, 2.75], "texture": "#0"},
				"west": {"uv": [8.75, 2.25, 11, 2.75], "texture": "#0"},
				"up": {"uv": [8.75, 0, 11, 2.25], "texture": "#0"}
			}
		},
		{
			"from": [6.68849, 12.5, 6.75],
			"to": [9.18849, 13.5, 9.25],
			"rotation": {"angle": 0, "axis": "y", "origin": [7.98849, 0, 8]},
			"faces": {
				"north": {"uv": [9.25, 2.75, 10.5, 2.25], "texture": "#0"},
				"east": {"uv": [9.25, 2.75, 10.5, 2.25], "texture": "#0"},
				"south": {"uv": [9.25, 2.75, 10.5, 2.25], "texture": "#0"},
				"west": {"uv": [9.25, 2.75, 10.5, 2.25], "texture": "#0"},
				"down": {"uv": [9.25, 0.5, 10.5, 1.75], "texture": "#0"}
			}
		},
		{
			"from": [6.68849, 14, 6.75],
			"to": [9.18849, 16, 9.25],
			"rotation": {"angle": 0, "axis": "y", "origin": [7.98849, 0, 8]},
			"faces": {
				"north": {"uv": [9.25, 0.5, 10.5, 1.5], "texture": "#0"},
				"east": {"uv": [9.25, 0.5, 10.5, 1.5], "texture": "#0"},
				"south": {"uv": [9.25, 0.5, 10.5, 1.5], "texture": "#0"},
				"west": {"uv": [9.25, 0.5, 10.5, 1.5], "texture": "#0"},
				"up": {"uv": [9.25, 0.5, 10.5, 1.75], "texture": "#0"},
				"down": {"uv": [9.25, 0.5, 10.5, 1.75], "texture": "#0"}
			}
		},
		{
			"from": [6.18849, 13.5, 6.25],
			"to": [9.68849, 15.5, 9.75],
			"rotation": {"angle": 0, "axis": "y", "origin": [7.98849, 0, 8]},
			"faces": {
				"north": {"uv": [8.75, 2.75, 10.5, 3.75], "texture": "#0"},
				"east": {"uv": [8.75, 2.75, 10.5, 3.75], "texture": "#0"},
				"south": {"uv": [8.75, 2.75, 10.5, 3.75], "texture": "#0"},
				"west": {"uv": [8.75, 2.75, 10.5, 3.75], "texture": "#0"},
				"up": {"uv": [8.75, 3.75, 10.5, 5.5], "texture": "#0"},
				"down": {"uv": [8.75, 3.75, 10.5, 5.5], "texture": "#0"}
			}
		},
		{
			"from": [4.68849, -0.7, 4.75],
			"to": [11.18849, 2.3, 11.25],
			"rotation": {"angle": 0, "axis": "y", "origin": [7.98849, 0, 8]},
			"faces": {
				"north": {"uv": [5.5, 3.25, 8.75, 4.75], "texture": "#0"},
				"east": {"uv": [5.5, 3.25, 8.75, 4.75], "texture": "#0"},
				"south": {"uv": [5.5, 3.25, 8.75, 4.75], "texture": "#0"},
				"west": {"uv": [5.5, 3.25, 8.75, 4.75], "texture": "#0"},
				"up": {"uv": [5.5, 0, 8.75, 3.25], "texture": "#0"},
				"down": {"uv": [5.5, 0, 8.75, 3.25], "texture": "#0"}
			}
		},
		{
			"from": [-3.31151, 1.5, 7.95],
			"to": [7.68849, 12.5, 7.95],
			"rotation": {"angle": 0, "axis": "y", "origin": [7.98849, 0, 8]},
			"faces": {
				"north": {"uv": [5.5, 0, 0, 5.5], "texture": "#0"},
				"south": {"uv": [0, 0, 5.5, 5.5], "texture": "#0"}
			}
		},
		{
			"from": [8.28849, 1.5, 8.05],
			"to": [19.28849, 12.5, 8.05],
			"rotation": {"angle": -45, "axis": "y", "origin": [7.98849, 0, 8]},
			"faces": {
				"north": {"uv": [0, 0, 5.5, 5.5], "texture": "#0"},
				"south": {"uv": [5.5, 0, 0, 5.5], "texture": "#0"}
			}
		},
		{
			"from": [-3.31151, 1.5, 8.05],
			"to": [7.68849, 12.5, 8.05],
			"rotation": {"angle": -45, "axis": "y", "origin": [7.98849, 0, 8]},
			"faces": {
				"north": {"uv": [5.5, 0, 0, 5.5], "texture": "#0"},
				"south": {"uv": [0, 0, 5.5, 5.5], "texture": "#0"}
			}
		},
		{
			"from": [7.93849, 1.5, 8.3],
			"to": [7.93849, 12.5, 19.3],
			"rotation": {"angle": 0, "axis": "y", "origin": [7.98849, 0, 8]},
			"faces": {
				"east": {"uv": [0, 0, 5.5, 5.5], "texture": "#0"},
				"west": {"uv": [5.5, 0, 0, 5.5], "texture": "#0"}
			}
		},
		{
			"from": [7.93849, 1.5, -3.3],
			"to": [7.93849, 12.5, 7.7],
			"rotation": {"angle": 0, "axis": "y", "origin": [7.98849, 0, 8]},
			"faces": {
				"east": {"uv": [5.5, 0, 0, 5.5], "texture": "#0"},
				"west": {"uv": [0, 0, 5.5, 5.5], "texture": "#0"}
			}
		},
		{
			"from": [7.93849, 1.5, 8.3],
			"to": [7.93849, 12.5, 19.3],
			"rotation": {"angle": -45, "axis": "y", "origin": [7.98849, 0, 8]},
			"faces": {
				"east": {"uv": [0, 0, 5.5, 5.5], "texture": "#0"},
				"west": {"uv": [5.5, 0, 0, 5.5], "texture": "#0"}
			}
		},
		{
			"from": [7.93849, 1.5, -3.3],
			"to": [7.93849, 12.5, 7.7],
			"rotation": {"angle": -45, "axis": "y", "origin": [7.98849, 0, 8]},
			"faces": {
				"east": {"uv": [5.5, 0, 0, 5.5], "texture": "#0"},
				"west": {"uv": [0, 0, 5.5, 5.5], "texture": "#0"}
			}
		},
		{
			"from": [8.28849, 1.5, 7.95],
			"to": [19.28849, 12.5, 7.95],
			"rotation": {"angle": 0, "axis": "y", "origin": [7.98849, 0, 8]},
			"faces": {
				"north": {"uv": [0, 0, 5.5, 5.5], "texture": "#0"},
				"south": {"uv": [5.5, 0, 0, 5.5], "texture": "#0"}
			}
		},
		{
			"from": [7.23849, 0, 3.2],
			"to": [8.73849, 1.5, 4.7],
			"rotation": {"angle": 45, "axis": "y", "origin": [7.98849, 0, 8]},
			"faces": {
				"north": {"uv": [2, 6.25, 2.75, 7], "texture": "#0"},
				"east": {"uv": [2.75, 6.25, 2, 5.5], "rotation": 90, "texture": "#0"},
				"west": {"uv": [2, 5.5, 2.75, 6.25], "rotation": 90, "texture": "#0"},
				"up": {"uv": [2, 6.25, 2.75, 5.5], "texture": "#0"},
				"down": {"uv": [2, 5.5, 2.75, 6.25], "texture": "#0"}
			}
		},
		{
			"from": [7.48849, 0.25, -6.3],
			"to": [8.48849, 1.25, -4.3],
			"rotation": {"angle": 45, "axis": "y", "origin": [7.98849, 0, 8]},
			"faces": {
				"east": {"uv": [1, 5.5, 0, 6], "texture": "#0", "tintindex": 0},
				"west": {"uv": [0, 5.5, 1, 6], "texture": "#0", "tintindex": 0},
				"up": {"uv": [0, 5.5, 1, 6], "rotation": 90, "texture": "#0", "tintindex": 0},
				"down": {"uv": [0, 5.5, 1, 6], "rotation": 270, "texture": "#0", "tintindex": 0}
			}
		},
		{
			"from": [-6.31151, 0.25, 7.5],
			"to": [-4.31151, 1.25, 8.5],
			"rotation": {"angle": 0, "axis": "y", "origin": [7.98849, 0, 8]},
			"faces": {
				"north": {"uv": [1, 6, 0, 5.5], "texture": "#0", "tintindex": 0},
				"south": {"uv": [0, 6, 1, 6.5], "texture": "#0", "tintindex": 0},
				"up": {"uv": [0, 5.75, 1, 6.25], "texture": "#0", "tintindex": 0},
				"down": {"uv": [0, 7, 1, 6.5], "texture": "#0", "tintindex": 0}
			}
		},
		{
			"from": [7.48849, 0.25, 20.3],
			"to": [8.48849, 1.25, 22.3],
			"rotation": {"angle": -45, "axis": "y", "origin": [7.98849, 0, 8]},
			"faces": {
				"east": {"uv": [0, 6, 1, 6.5], "texture": "#0", "tintindex": 0},
				"west": {"uv": [1, 5.5, 0, 6], "texture": "#0", "tintindex": 0},
				"up": {"uv": [1, 5.5, 0, 6], "rotation": 90, "texture": "#0", "tintindex": 0},
				"down": {"uv": [1, 5.5, 0, 6], "rotation": 270, "texture": "#0", "tintindex": 0}
			}
		},
		{
			"from": [7.48849, 0.25, 20.3],
			"to": [8.48849, 1.25, 22.3],
			"rotation": {"angle": 0, "axis": "y", "origin": [7.98849, 0, 8]},
			"faces": {
				"east": {"uv": [0, 5.5, 1, 6], "texture": "#0", "tintindex": 0},
				"west": {"uv": [1, 5.5, 0, 6], "texture": "#0", "tintindex": 0},
				"up": {"uv": [1, 5.5, 0, 6], "rotation": 90, "texture": "#0", "tintindex": 0},
				"down": {"uv": [1, 5.5, 0, 6], "rotation": 270, "texture": "#0", "tintindex": 0}
			}
		},
		{
			"from": [21.72027, 0.25, 7.25],
			"to": [23.72027, 1.25, 8.25],
			"rotation": {"angle": -45, "axis": "y", "origin": [8.22027, 0.5, 6.09895]},
			"faces": {
				"north": {"uv": [0, 5.75, 1, 6.25], "texture": "#0", "tintindex": 0},
				"south": {"uv": [1, 5.75, 0, 6.25], "texture": "#0", "tintindex": 0},
				"up": {"uv": [1, 5.5, 0, 6], "texture": "#0", "tintindex": 0},
				"down": {"uv": [1, 5.75, 0, 6.25], "texture": "#0", "tintindex": 0}
			}
		},
		{
			"from": [20.31151, 0.25, 7.5],
			"to": [22.31151, 1.25, 8.5],
			"rotation": {"angle": 0, "axis": "y", "origin": [-0.18849, -0.2, -0.2]},
			"faces": {
				"north": {"uv": [0, 6, 1, 6.5], "texture": "#0", "tintindex": 0},
				"south": {"uv": [1, 5.5, 0, 6], "texture": "#0", "tintindex": 0},
				"up": {"uv": [1, 5.75, 0, 6.25], "texture": "#0", "tintindex": 0},
				"down": {"uv": [1, 6.5, 0, 7], "texture": "#0", "tintindex": 0}
			}
		},
		{
			"from": [20.31151, 0.25, 7.5],
			"to": [22.31151, 1.25, 8.5],
			"rotation": {"angle": 45, "axis": "y", "origin": [7.81151, 0, 8]},
			"faces": {
				"north": {"uv": [0, 6, 1, 6.5], "texture": "#0", "tintindex": 0},
				"east": {"uv": [0, 0, 0.5, 0.5], "texture": "#0", "tintindex": 0},
				"south": {"uv": [1, 5.75, 0, 6.25], "texture": "#0", "tintindex": 0},
				"west": {"uv": [0, 0, 0.5, 0.5], "texture": "#0", "tintindex": 0},
				"up": {"uv": [1, 5.5, 0, 6], "texture": "#0", "tintindex": 0},
				"down": {"uv": [0.75, 6.5, 1.75, 7], "texture": "#0", "tintindex": 0}
			}
		},
		{
			"from": [7.48849, 0.25, -6.3],
			"to": [8.48849, 1.25, -4.3],
			"rotation": {"angle": 0, "axis": "y", "origin": [7.98849, 0, 8]},
			"faces": {
				"east": {"uv": [1, 5.5, 0, 6], "texture": "#0", "tintindex": 0},
				"west": {"uv": [0, 5.5, 1, 6], "texture": "#0", "tintindex": 0},
				"up": {"uv": [0, 5.5, 1, 6], "rotation": 90, "texture": "#0", "tintindex": 0},
				"down": {"uv": [0, 5.5, 1, 6], "rotation": 270, "texture": "#0", "tintindex": 0}
			}
		},
		{
			"from": [7.48849, 0.25, -0.8],
			"to": [8.48849, 1.25, 3.2],
			"rotation": {"angle": 45, "axis": "y", "origin": [7.98849, 0, 8]},
			"faces": {
				"east": {"uv": [0, 6, 2, 6.5], "texture": "#0", "tintindex": 0},
				"west": {"uv": [0, 6, 2, 6.5], "texture": "#0", "tintindex": 0},
				"up": {"uv": [0, 5.5, 2, 6], "rotation": 90, "texture": "#0", "tintindex": 0},
				"down": {"uv": [0, 6.5, 2, 7], "rotation": 270, "texture": "#0", "tintindex": 0}
			}
		},
		{
			"from": [-0.81151, 0.25, 7.5],
			"to": [3.18849, 1.25, 8.5],
			"rotation": {"angle": 0, "axis": "y", "origin": [7.98849, 0, 8]},
			"faces": {
				"north": {"uv": [0, 6, 2, 6.5], "texture": "#0", "tintindex": 0},
				"south": {"uv": [0, 6, 2, 6.5], "texture": "#0", "tintindex": 0},
				"up": {"uv": [0, 5.5, 2, 6], "texture": "#0", "tintindex": 0},
				"down": {"uv": [0, 6.5, 2, 7], "texture": "#0", "tintindex": 0}
			}
		},
		{
			"from": [7.48849, 0.25, 12.8],
			"to": [8.48849, 1.25, 16.8],
			"rotation": {"angle": -45, "axis": "y", "origin": [7.98849, 0, 8]},
			"faces": {
				"east": {"uv": [2, 6, 0, 6.5], "texture": "#0", "tintindex": 0},
				"west": {"uv": [2, 6, 0, 6.5], "texture": "#0", "tintindex": 0},
				"up": {"uv": [2, 5.5, 0, 6], "rotation": 90, "texture": "#0", "tintindex": 0},
				"down": {"uv": [2, 6.5, 0, 7], "rotation": 270, "texture": "#0", "tintindex": 0}
			}
		},
		{
			"from": [7.48849, 0.25, 12.8],
			"to": [8.48849, 1.25, 16.8],
			"rotation": {"angle": 0, "axis": "y", "origin": [7.98849, 0, 8]},
			"faces": {
				"east": {"uv": [2, 6, 0, 6.5], "texture": "#0", "tintindex": 0},
				"west": {"uv": [2, 6, 0, 6.5], "texture": "#0", "tintindex": 0},
				"up": {"uv": [2, 5.5, 0, 6], "rotation": 90, "texture": "#0", "tintindex": 0},
				"down": {"uv": [2, 6.5, 0, 7], "rotation": 270, "texture": "#0", "tintindex": 0}
			}
		},
		{
			"from": [12.81151, 0.25, 7.5],
			"to": [16.81151, 1.25, 8.5],
			"rotation": {"angle": -45, "axis": "y", "origin": [7.81151, 0, 8]},
			"faces": {
				"north": {"uv": [2, 6, 0, 6.5], "texture": "#0", "tintindex": 0},
				"south": {"uv": [2, 6, 0, 6.5], "texture": "#0", "tintindex": 0},
				"up": {"uv": [0, 6, 2, 5.5], "texture": "#0", "tintindex": 0},
				"down": {"uv": [0, 7, 2, 6.5], "texture": "#0", "tintindex": 0}
			}
		},
		{
			"from": [12.81151, 0.25, 7.5],
			"to": [16.81151, 1.25, 8.5],
			"rotation": {"angle": 0, "axis": "y", "origin": [-0.18849, -0.2, -0.2]},
			"faces": {
				"north": {"uv": [0, 6, 2, 6.5], "texture": "#0", "tintindex": 0},
				"south": {"uv": [0, 6, 2, 6.5], "texture": "#0", "tintindex": 0},
				"up": {"uv": [0, 5.5, 2, 6], "texture": "#0", "tintindex": 0},
				"down": {"uv": [0, 6.5, 2, 7], "texture": "#0", "tintindex": 0}
			}
		},
		{
			"from": [12.81151, 0.25, 7.5],
			"to": [16.81151, 1.25, 8.5],
			"rotation": {"angle": 45, "axis": "y", "origin": [7.81151, 0, 8]},
			"faces": {
				"north": {"uv": [0, 6, 2, 6.5], "texture": "#0", "tintindex": 0},
				"south": {"uv": [0, 6, 2, 6.5], "texture": "#0", "tintindex": 0},
				"up": {"uv": [0, 5.5, 2, 6], "texture": "#0", "tintindex": 0},
				"down": {"uv": [0, 6.5, 2, 7], "texture": "#0", "tintindex": 0}
			}
		},
		{
			"from": [7.48849, 0.25, -0.8],
			"to": [8.48849, 1.25, 3.2],
			"rotation": {"angle": 0, "axis": "y", "origin": [7.98849, 0, 8]},
			"faces": {
				"east": {"uv": [0, 6, 2, 6.5], "texture": "#0", "tintindex": 0},
				"west": {"uv": [0, 6, 2, 6.5], "texture": "#0", "tintindex": 0},
				"up": {"uv": [0, 5.5, 2, 6], "rotation": 90, "texture": "#0", "tintindex": 0},
				"down": {"uv": [0, 6.5, 2, 7], "rotation": 270, "texture": "#0", "tintindex": 0}
			}
		},
		{
			"from": [7.23849, 0, -4.3],
			"to": [8.73849, 1.5, -0.8],
			"rotation": {"angle": 45, "axis": "y", "origin": [7.98849, 0, 8]},
			"faces": {
				"north": {"uv": [5.5, 4.75, 6.25, 5.5], "texture": "#0"},
				"east": {"uv": [6.25, 4.75, 8, 5.5], "texture": "#0"},
				"south": {"uv": [5.5, 4.75, 6.25, 5.5], "texture": "#0"},
				"west": {"uv": [6.25, 4.75, 8, 5.5], "texture": "#0"},
				"up": {"uv": [6.25, 4.75, 8, 5.5], "rotation": 90, "texture": "#0"},
				"down": {"uv": [6.25, 4.75, 8, 5.5], "rotation": 270, "texture": "#0"}
			}
		},
		{
			"from": [7.23849, 0, -9.3],
			"to": [8.73849, 1.5, -6.3],
			"rotation": {"angle": 45, "axis": "y", "origin": [7.98849, 0, 8]},
			"faces": {
				"north": {"uv": [2.75, 5.5, 3.5, 6.25], "texture": "#0"},
				"east": {"uv": [5, 5.5, 3.5, 6.25], "texture": "#0"},
				"south": {"uv": [4.25, 5.5, 5, 6.25], "texture": "#0"},
				"west": {"uv": [3.5, 5.5, 5, 6.25], "texture": "#0"},
				"up": {"uv": [2.75, 5.5, 4.25, 6.25], "rotation": 90, "texture": "#0"},
				"down": {"uv": [6.25, 4.75, 7.75, 5.5], "rotation": 270, "texture": "#0"}
			}
		},
		{
			"from": [7.23849, 0, 3.2],
			"to": [8.73849, 1.5, 5.2],
			"rotation": {"angle": 0, "axis": "y", "origin": [7.98849, 0, 8]},
			"faces": {
				"north": {"uv": [2, 6.25, 2.75, 7], "texture": "#0"},
				"east": {"uv": [2.75, 6.5, 2, 5.5], "rotation": 90, "texture": "#0"},
				"west": {"uv": [2, 5.5, 2.75, 6.5], "rotation": 90, "texture": "#0"},
				"up": {"uv": [2, 6.5, 2.75, 5.5], "texture": "#0"},
				"down": {"uv": [2, 5.5, 2.75, 6.5], "texture": "#0"}
			}
		},
		{
			"from": [7.23849, 0, -4.3],
			"to": [8.73849, 1.5, -0.8],
			"rotation": {"angle": 0, "axis": "y", "origin": [7.98849, 0, 8]},
			"faces": {
				"north": {"uv": [5.5, 4.75, 6.25, 5.5], "texture": "#0"},
				"east": {"uv": [6.25, 4.75, 8, 5.5], "texture": "#0"},
				"south": {"uv": [5.5, 4.75, 6.25, 5.5], "texture": "#0"},
				"west": {"uv": [6.25, 4.75, 8, 5.5], "texture": "#0"},
				"up": {"uv": [6.25, 4.75, 8, 5.5], "rotation": 90, "texture": "#0"},
				"down": {"uv": [6.25, 4.75, 8, 5.5], "rotation": 270, "texture": "#0"}
			}
		},
		{
			"from": [7.23849, 0, -9.3],
			"to": [8.73849, 1.5, -6.3],
			"rotation": {"angle": 0, "axis": "y", "origin": [7.98849, 0, 8]},
			"faces": {
				"north": {"uv": [2.75, 5.5, 3.5, 6.25], "texture": "#0"},
				"east": {"uv": [5, 5.5, 3.5, 6.25], "texture": "#0"},
				"south": {"uv": [4.25, 5.5, 5, 6.25], "texture": "#0"},
				"west": {"uv": [3.5, 5.5, 5, 6.25], "texture": "#0"},
				"up": {"uv": [3.5, 5.5, 5, 6.25], "rotation": 90, "texture": "#0"},
				"down": {"uv": [6.25, 4.75, 7.75, 5.5], "rotation": 270, "texture": "#0"}
			}
		},
		{
			"from": [17.27677, -0.51, 2.37804],
			"to": [18.79677, 2.01, 6.89804],
			"rotation": {"angle": -22.5, "axis": "y", "origin": [-0.71323, 0, 7.63804]},
			"faces": {
				"east": {"uv": [9.5, 6.25, 7.25, 7.5], "texture": "#0"},
				"west": {"uv": [9.5, 6.25, 7.25, 7.5], "texture": "#0"},
				"up": {"uv": [7.25, 6.25, 9.5, 5.5], "rotation": 90, "texture": "#0"},
				"down": {"uv": [7.25, 7.5, 9.5, 8.25], "rotation": 90, "texture": "#0"}
			}
		},
		{
			"from": [21.62408, -0.5, 0.54565],
			"to": [23.12408, 2, 5.04565],
			"rotation": {"angle": -45, "axis": "y", "origin": [3.62408, 0, 0.79565]},
			"faces": {
				"east": {"uv": [7.75, 6.25, 5.5, 7.5], "texture": "#0"},
				"west": {"uv": [7.75, 6.25, 5.5, 7.5], "texture": "#0"},
				"up": {"uv": [5.5, 5.5, 7.75, 6.25], "rotation": 90, "texture": "#0"},
				"down": {"uv": [5.5, 7.5, 7.75, 8.25], "rotation": 90, "texture": "#0"}
			}
		},
		{
			"from": [5.75, -0.5, 17.81151],
			"to": [10.25, 2, 19.31151],
			"rotation": {"angle": 0, "axis": "y", "origin": [1.18849, 0, 1.81151]},
			"faces": {
				"north": {"uv": [7.75, 6.25, 5.5, 7.5], "texture": "#0"},
				"south": {"uv": [7.75, 6.25, 5.5, 7.5], "texture": "#0"},
				"up": {"uv": [7.75, 6.25, 5.5, 5.5], "texture": "#0"},
				"down": {"uv": [7.75, 7.5, 5.5, 8.25], "texture": "#0"}
			}
		},
		{
			"from": [1.92132, -0.51, 14.98067],
			"to": [6.44132, 2.01, 16.50067],
			"rotation": {"angle": 22.5, "axis": "y", "origin": [13.18132, 0, -3.00933]},
			"faces": {
				"north": {"uv": [7.75, 6.25, 5.5, 7.5], "texture": "#0"},
				"south": {"uv": [7.75, 6.25, 5.5, 7.5], "texture": "#0"},
				"up": {"uv": [7.75, 5.5, 5.5, 6.25], "texture": "#0"},
				"down": {"uv": [7.75, 7.5, 5.5, 8.25], "texture": "#0"}
			}
		},
		{
			"from": [9.55868, -0.51, 14.98067],
			"to": [14.07868, 2.01, 16.50067],
			"rotation": {"angle": -22.5, "axis": "y", "origin": [2.81868, 0, -3.00933]},
			"faces": {
				"north": {"uv": [9.5, 6.25, 7.25, 7.5], "texture": "#0"},
				"south": {"uv": [9.5, 6.25, 7.25, 7.5], "texture": "#0"},
				"up": {"uv": [9.5, 5.5, 7.25, 6.25], "texture": "#0"},
				"down": {"uv": [9.5, 7.5, 7.25, 8.25], "texture": "#0"}
			}
		},
		{
			"from": [-2.79677, -0.51, 2.37804],
			"to": [-1.27677, 2.01, 6.89804],
			"rotation": {"angle": 22.5, "axis": "y", "origin": [16.71323, 0, 7.63804]},
			"faces": {
				"east": {"uv": [7.75, 6.25, 5.5, 7.5], "texture": "#0"},
				"west": {"uv": [7.75, 6.25, 5.5, 7.5], "texture": "#0"},
				"up": {"uv": [5.5, 5.5, 7.75, 6.25], "rotation": 90, "texture": "#0"},
				"down": {"uv": [5.5, 8.25, 7.75, 7.5], "rotation": 90, "texture": "#0"}
			}
		},
		{
			"from": [-7.12408, -0.5, 0.54565],
			"to": [-5.62408, 2, 5.04565],
			"rotation": {"angle": 45, "axis": "y", "origin": [12.37592, 0, 0.79565]},
			"faces": {
				"east": {"uv": [7.75, 6.25, 5.5, 7.5], "texture": "#0"},
				"west": {"uv": [7.75, 6.25, 5.5, 7.5], "texture": "#0"},
				"up": {"uv": [5.5, 6.25, 7.75, 5.5], "rotation": 90, "texture": "#0"},
				"down": {"uv": [5.5, 8.25, 7.75, 7.5], "rotation": 90, "texture": "#0"}
			}
		},
		{
			"from": [23.72027, 0, 7],
			"to": [26.72027, 1.5, 8.5],
			"rotation": {"angle": -45, "axis": "y", "origin": [8.22027, 0.5, 6.09895]},
			"faces": {
				"north": {"uv": [3.5, 5.5, 5, 6.25], "texture": "#0"},
				"east": {"uv": [2.75, 5.5, 3.5, 6.25], "texture": "#0"},
				"south": {"uv": [5, 5.5, 3.5, 6.25], "texture": "#0"},
				"west": {"uv": [4.25, 5.5, 5, 6.25], "texture": "#0"},
				"up": {"uv": [3.5, 5.5, 5, 6.25], "texture": "#0"},
				"down": {"uv": [7.75, 4.75, 6.25, 5.5], "texture": "#0"}
			}
		},
		{
			"from": [11.31151, 0, 7.25],
			"to": [12.81151, 1.5, 8.75],
			"rotation": {"angle": -45, "axis": "y", "origin": [7.81151, 0, 8]},
			"faces": {
				"north": {"uv": [2.75, 5.5, 2, 6.25], "rotation": 90, "texture": "#0"},
				"east": {"uv": [2.75, 6.25, 2, 7], "texture": "#0"},
				"south": {"uv": [2, 6.25, 2.75, 5.5], "rotation": 90, "texture": "#0"},
				"west": {"uv": [2.75, 5.5, 2, 6.25], "texture": "#0"},
				"up": {"uv": [2.75, 6.25, 2, 5.5], "rotation": 90, "texture": "#0"},
				"down": {"uv": [2.75, 6.25, 2, 5.5], "rotation": 90, "texture": "#0"}
			}
		},
		{
			"from": [16.81151, 0, 7.25],
			"to": [20.31151, 1.5, 8.75],
			"rotation": {"angle": -45, "axis": "y", "origin": [7.81151, 0, 8]},
			"faces": {
				"north": {"uv": [6.25, 4.75, 8, 5.5], "texture": "#0"},
				"east": {"uv": [5.5, 4.75, 6.25, 5.5], "texture": "#0"},
				"south": {"uv": [6.25, 4.75, 8, 5.5], "texture": "#0"},
				"west": {"uv": [5.5, 4.75, 6.25, 5.5], "texture": "#0"},
				"up": {"uv": [6.25, 4.75, 8, 5.5], "texture": "#0"},
				"down": {"uv": [6.25, 4.75, 8, 5.5], "texture": "#0"}
			}
		},
		{
			"from": [7.23849, 0, 11.3],
			"to": [8.73849, 1.5, 12.8],
			"rotation": {"angle": -45, "axis": "y", "origin": [7.98849, 0, 8]},
			"faces": {
				"east": {"uv": [2.75, 5.5, 2, 6.25], "rotation": 90, "texture": "#0"},
				"south": {"uv": [2.75, 6.25, 2, 7], "texture": "#0"},
				"west": {"uv": [2, 6.25, 2.75, 5.5], "rotation": 90, "texture": "#0"},
				"up": {"uv": [2.75, 5.5, 2, 6.25], "texture": "#0"},
				"down": {"uv": [2.75, 6.25, 2, 5.5], "texture": "#0"}
			}
		},
		{
			"from": [7.23849, 0, 16.8],
			"to": [8.73849, 1.5, 20.3],
			"rotation": {"angle": -45, "axis": "y", "origin": [7.98849, 0, 8]},
			"faces": {
				"north": {"uv": [5.5, 4.75, 6.25, 5.5], "texture": "#0"},
				"east": {"uv": [6.25, 4.75, 8, 5.5], "texture": "#0"},
				"south": {"uv": [5.5, 4.75, 6.25, 5.5], "texture": "#0"},
				"west": {"uv": [6.25, 4.75, 8, 5.5], "texture": "#0"},
				"up": {"uv": [6.25, 4.75, 8, 5.5], "rotation": 90, "texture": "#0"},
				"down": {"uv": [6.25, 4.75, 8, 5.5], "rotation": 270, "texture": "#0"}
			}
		},
		{
			"from": [7.23849, 0, 22.3],
			"to": [8.73849, 1.5, 25.3],
			"rotation": {"angle": -45, "axis": "y", "origin": [7.98849, 0, 8]},
			"faces": {
				"north": {"uv": [5, 5.5, 4.25, 6.25], "texture": "#0"},
				"east": {"uv": [5, 5.5, 3.5, 6.25], "texture": "#0"},
				"south": {"uv": [3.5, 5.5, 2.75, 6.25], "texture": "#0"},
				"west": {"uv": [5, 5.5, 3.5, 6.25], "texture": "#0"},
				"up": {"uv": [5, 5.5, 3.5, 6.25], "rotation": 90, "texture": "#0"},
				"down": {"uv": [7.75, 4.75, 6.25, 5.5], "rotation": 270, "texture": "#0"}
			}
		},
		{
			"from": [7.23849, 0, 10.8],
			"to": [8.73849, 1.5, 12.8],
			"rotation": {"angle": 0, "axis": "y", "origin": [7.98849, 0, 8]},
			"faces": {
				"north": {"uv": [4.25, 5.5, 5, 6.25], "texture": "#0"},
				"east": {"uv": [2, 5.5, 2.75, 6.5], "rotation": 90, "texture": "#0"},
				"south": {"uv": [2, 6.25, 2.75, 7], "texture": "#0"},
				"west": {"uv": [2.75, 6.5, 2, 5.5], "rotation": 90, "texture": "#0"},
				"up": {"uv": [2, 5.5, 2.75, 6.5], "texture": "#0"},
				"down": {"uv": [2, 6.5, 2.75, 5.5], "texture": "#0"}
			}
		},
		{
			"from": [7.23849, 0, 16.8],
			"to": [8.73849, 1.5, 20.3],
			"rotation": {"angle": 0, "axis": "y", "origin": [7.98849, 0, 8]},
			"faces": {
				"north": {"uv": [5.5, 4.75, 6.25, 5.5], "texture": "#0"},
				"east": {"uv": [6.25, 4.75, 8, 5.5], "texture": "#0"},
				"south": {"uv": [5.5, 4.75, 6.25, 5.5], "texture": "#0"},
				"west": {"uv": [6.25, 4.75, 8, 5.5], "texture": "#0"},
				"up": {"uv": [6.25, 4.75, 8, 5.5], "rotation": 90, "texture": "#0"},
				"down": {"uv": [6.25, 4.75, 8, 5.5], "rotation": 270, "texture": "#0"}
			}
		},
		{
			"from": [7.23849, 0, 22.3],
			"to": [8.73849, 1.5, 25.3],
			"rotation": {"angle": 0, "axis": "y", "origin": [7.98849, 0, 8]},
			"faces": {
				"north": {"uv": [5, 5.5, 4.25, 6.25], "texture": "#0"},
				"east": {"uv": [5, 5.5, 3.5, 6.25], "texture": "#0"},
				"south": {"uv": [3.5, 5.5, 2.75, 6.25], "texture": "#0"},
				"west": {"uv": [5, 5.5, 3.5, 6.25], "texture": "#0"},
				"up": {"uv": [5, 5.5, 3.5, 6.25], "rotation": 90, "texture": "#0"},
				"down": {"uv": [7.75, 4.75, 6.25, 5.5], "rotation": 270, "texture": "#0"}
			}
		}
	],
	"display": {
		"fixed": {
			"rotation": [-90, 0, 0],
			"translation": [0, 0, -32],
			"scale": [4, 4, 4]
		}
	}
}