{
	"credit": "Made with Blockbench",
	"textures": {
		"0": "item/decorations/coinpile",
		"particle": "item/decorations/coinpile"
	},
	"elements": [
		{
			"from": [6, -0.1, 6],
			"to": [13, 2.9, 11],
			"rotation": {"angle": 0, "axis": "z", "origin": [4, 0, 0]},
			"faces": {
				"north": {"uv": [9, 5, 16, 8], "texture": "#0"},
				"east": {"uv": [9, 8, 14, 11], "texture": "#0"},
				"south": {"uv": [9, 5, 16, 8], "texture": "#0"},
				"west": {"uv": [9, 8, 14, 11], "texture": "#0"},
				"up": {"uv": [9, 0, 16, 5], "rotation": 180, "texture": "#0"},
				"down": {"uv": [9, 0, 16, 5], "texture": "#0"}
			}
		},
		{
			"from": [1.3, 0, 3.25],
			"to": [4.3, 1, 6.25],
			"rotation": {"angle": 22.5, "axis": "y", "origin": [2.6, 0, -5]},
			"faces": {
				"north": {"uv": [3, 0, 6, 1], "texture": "#0"},
				"east": {"uv": [3, 0, 6, 1], "texture": "#0"},
				"south": {"uv": [3, 0, 6, 1], "texture": "#0"},
				"west": {"uv": [3, 0, 6, 1], "texture": "#0"},
				"up": {"uv": [3, 12, 6, 15], "texture": "#0"}
			}
		},
		{
			"from": [2, -0.1, 6.05],
			"to": [5, 0.9, 9.05],
			"rotation": {"angle": 0, "axis": "x", "origin": [6, 0, 0]},
			"faces": {
				"north": {"uv": [0, 0, 3, 1], "texture": "#0"},
				"east": {"uv": [0, 0, 3, 1], "texture": "#0"},
				"south": {"uv": [0, 12, 3, 13], "rotation": 180, "texture": "#0"},
				"west": {"uv": [0, 13, 3, 14], "texture": "#0"},
				"up": {"uv": [0, 12, 3, 15], "rotation": 180, "texture": "#0"},
				"down": {"uv": [0, 12, 3, 15], "rotation": 270, "texture": "#0"}
			}
		}
	],
	"display": {
		"fixed": {
			"rotation": [-90, 0, 0],
			"translation": [0, 0, -16],
			"scale": [2, 2, 2]
		}
	}
}