{
	"credit": "Made with Blockbench",
	"texture_size": [32, 32],
	"textures": {
		"0": "item/decorations/incense_burner",
		"particle": "item/decorations/incense_burner"
	},
	"elements": [
		{
			"from": [0, 2, 0],
			"to": [16, 9, 16],
			"faces": {
				"north": {"uv": [0, 9.5, 8, 13], "texture": "#0", "tintindex": 0},
				"east": {"uv": [0, 9.5, 8, 13], "texture": "#0", "tintindex": 0},
				"south": {"uv": [0, 9.5, 8, 13], "texture": "#0", "tintindex": 0},
				"west": {"uv": [0, 9.5, 8, 13], "texture": "#0", "tintindex": 0},
				"up": {"uv": [0, 0, 8, 8], "texture": "#0", "tintindex": 0},
				"down": {"uv": [8, 6, 16, 14], "texture": "#0", "tintindex": 0}
			}
		},
		{
			"from": [13, 9, 13],
			"to": [3, 5, 3],
			"rotation": {"angle": 0, "axis": "y", "origin": [-2, 1, 4]},
			"faces": {
				"north": {"uv": [6.5, 9.5, 1.5, 7.5], "texture": "#0", "tintindex": 0},
				"east": {"uv": [1.5, 9.5, 6.5, 7.5], "texture": "#0", "tintindex": 0},
				"south": {"uv": [6.5, 9.5, 1.5, 7.5], "texture": "#0", "tintindex": 0},
				"west": {"uv": [1.5, 9.5, 6.5, 7.5], "texture": "#0", "tintindex": 0},
				"up": {"uv": [9.5, 7.5, 14.5, 12.5], "texture": "#0", "tintindex": 0}
			}
		},
		{
			"from": [0, 0, 0],
			"to": [2, 2, 2],
			"faces": {
				"north": {"uv": [1, 13, 0, 14], "texture": "#0", "tintindex": 0},
				"east": {"uv": [1, 13, 0.5, 14], "texture": "#0", "tintindex": 0},
				"south": {"uv": [0.5, 13, 1, 14], "texture": "#0", "tintindex": 0},
				"west": {"uv": [0, 13, 1, 14], "texture": "#0", "tintindex": 0},
				"down": {"uv": [0, 13, 1, 14], "texture": "#0", "tintindex": 0}
			}
		},
		{
			"from": [14, 0, 0],
			"to": [16, 2, 2],
			"faces": {
				"north": {"uv": [0, 13, 1, 14], "texture": "#0", "tintindex": 0},
				"east": {"uv": [1, 13, 0, 14], "texture": "#0", "tintindex": 0},
				"south": {"uv": [0.5, 13, 1, 14], "texture": "#0", "tintindex": 0},
				"west": {"uv": [0.5, 13, 1, 14], "texture": "#0", "tintindex": 0},
				"down": {"uv": [0, 13, 1, 14], "texture": "#0", "tintindex": 0}
			}
		},
		{
			"from": [0, 0, 14],
			"to": [2, 2, 16],
			"faces": {
				"north": {"uv": [1, 13, 0.5, 14], "texture": "#0", "tintindex": 0},
				"east": {"uv": [0.5, 13, 1, 14], "texture": "#0", "tintindex": 0},
				"south": {"uv": [0, 13, 1, 14], "texture": "#0", "tintindex": 0},
				"west": {"uv": [1, 13, 0, 14], "texture": "#0", "tintindex": 0},
				"down": {"uv": [0, 13, 1, 14], "texture": "#0", "tintindex": 0}
			}
		},
		{
			"from": [14, 0, 14],
			"to": [16, 2, 16],
			"faces": {
				"north": {"uv": [1, 13, 0.5, 14], "texture": "#0", "tintindex": 0},
				"east": {"uv": [0, 13, 1, 14], "texture": "#0", "tintindex": 0},
				"south": {"uv": [1, 13, 0, 14], "texture": "#0", "tintindex": 0},
				"west": {"uv": [1, 13, 0.5, 14], "texture": "#0", "tintindex": 0},
				"down": {"uv": [0, 13, 1, 14], "texture": "#0", "tintindex": 0}
			}
		},
		{
			"from": [-10.4, 5.6, 7],
			"to": [-8.4, 7.6, 9],
			"rotation": {"angle": -22.5, "axis": "z", "origin": [0, 0, 0]},
			"faces": {
				"north": {"uv": [1, 15, 0, 16], "rotation": 90, "texture": "#0", "tintindex": 0},
				"south": {"uv": [0, 15, 1, 16], "rotation": 270, "texture": "#0", "tintindex": 0},
				"west": {"uv": [0, 14, 1, 15], "rotation": 270, "texture": "#0", "tintindex": 0},
				"up": {"uv": [0, 15, 1, 16], "rotation": 270, "texture": "#0", "tintindex": 0},
				"down": {"uv": [1, 15, 0, 16], "rotation": 270, "texture": "#0", "tintindex": 0}
			}
		},
		{
			"from": [-8.4, 0.6, 2],
			"to": [-6.4, 12.6, 14],
			"rotation": {"angle": -22.5, "axis": "z", "origin": [0, 0, 0]},
			"faces": {
				"north": {"uv": [1, 12, 7, 13], "rotation": 90, "texture": "#0", "tintindex": 0},
				"east": {"uv": [8, 0, 14, 6], "rotation": 270, "texture": "#0", "tintindex": 0},
				"south": {"uv": [1, 12, 7, 13], "rotation": 270, "texture": "#0", "tintindex": 0},
				"west": {"uv": [8, 0, 14, 6], "rotation": 270, "texture": "#0", "tintindex": 0},
				"up": {"uv": [1, 12, 7, 13], "rotation": 270, "texture": "#0", "tintindex": 0},
				"down": {"uv": [1, 12, 7, 13], "rotation": 270, "texture": "#0", "tintindex": 0}
			}
		},
		{
			"from": [-6.4, -1.4, 0],
			"to": [-3.4, 14.6, 16],
			"rotation": {"angle": -22.5, "axis": "z", "origin": [0, 0, 0]},
			"faces": {
				"north": {"uv": [0, 8, 8, 9.5], "rotation": 90, "texture": "#0", "tintindex": 0},
				"east": {"uv": [8, 6, 16, 14], "rotation": 270, "texture": "#0", "tintindex": 0},
				"south": {"uv": [0, 8, 8, 9.5], "rotation": 270, "texture": "#0", "tintindex": 0},
				"west": {"uv": [0, 0, 8, 8], "rotation": 270, "texture": "#0", "tintindex": 0},
				"up": {"uv": [0, 8, 8, 9.5], "rotation": 270, "texture": "#0", "tintindex": 0},
				"down": {"uv": [0, 8, 8, 9.5], "rotation": 270, "texture": "#0", "tintindex": 0}
			}
		},
		{
			"from": [5.4, 3.4, 9],
			"to": [19.4, 5.4, 11],
			"rotation": {"angle": 22.5, "axis": "z", "origin": [0, 0, 0]},
			"faces": {
				"north": {"uv": [1, 15, 8, 16], "texture": "#0"},
				"east": {"uv": [1, 15, 2, 16], "texture": "#0"},
				"south": {"uv": [8, 15, 1, 16], "texture": "#0"},
				"west": {"uv": [7, 15, 8, 16], "texture": "#0"},
				"up": {"uv": [8, 15, 1, 16], "texture": "#0"},
				"down": {"uv": [8, 15, 1, 16], "texture": "#0"}
			}
		}
	]
}