{
	"credit": "Made with Blockbench",
	"texture_size": [128, 128],
	"textures": {
		"0": "item/decorations/safe_large",
		"1": "item/decorations/safe_small"
	},
	"elements": [
		{
			"from": [13, 13, 14],
			"to": [3, 3, 2],
			"rotation": {"angle": 0, "axis": "y", "origin": [10, -2, 8]},
			"faces": {
				"north": {"uv": [4, 0.5, 6.5, 3], "texture": "#1"},
				"east": {"uv": [0.5, 3.75, 3, 6.75], "rotation": 90, "texture": "#1"},
				"west": {"uv": [0.5, 3.75, 3, 6.75], "rotation": 90, "texture": "#1"},
				"up": {"uv": [0.5, 3.75, 3, 6.75], "texture": "#1"},
				"down": {"uv": [0.5, 3.75, 3, 6.75], "texture": "#1"}
			}
		},
		{
			"from": [1, 1, 2],
			"to": [15, 15, 16],
			"rotation": {"angle": 0, "axis": "y", "origin": [8, 0, 1]},
			"faces": {
				"north": {"uv": [7, 7, 14, 14], "texture": "#1"},
				"east": {"uv": [0, 0, 7, 7], "texture": "#1"},
				"south": {"uv": [0, 0, 7, 7], "texture": "#1"},
				"west": {"uv": [0, 0, 7, 7], "texture": "#1"},
				"up": {"uv": [0, 7, 7, 14], "texture": "#1"},
				"down": {"uv": [0, 7, 7, 14], "texture": "#1"}
			}
		},
		{
			"from": [2, 0, 3],
			"to": [14, 1, 15],
			"rotation": {"angle": 0, "axis": "y", "origin": [8, 0, 8]},
			"faces": {
				"north": {"uv": [0.5, 0, 6.5, 0.5], "texture": "#1"},
				"east": {"uv": [0.5, 0, 6.5, 0.5], "texture": "#1"},
				"south": {"uv": [0.5, 0, 6.5, 0.5], "texture": "#1"},
				"west": {"uv": [0.5, 0, 6.5, 0.5], "texture": "#1"},
				"down": {"uv": [0.5, 0.5, 6.5, 6.5], "texture": "#1"}
			}
		},
		{
			"from": [0, 2, 1],
			"to": [2, 4, 3],
			"rotation": {"angle": 45, "axis": "y", "origin": [1, 1, 2]},
			"faces": {
				"north": {"uv": [15.75, 2.5, 15.25, 3], "texture": "#0"},
				"east": {"uv": [15.5, 2.5, 16, 3], "texture": "#0"},
				"south": {"uv": [15.5, 2.5, 16, 3], "texture": "#0"},
				"west": {"uv": [15.5, 2.5, 16, 3], "texture": "#0"},
				"up": {"uv": [15.5, 2, 16, 2.5], "rotation": 90, "texture": "#0"},
				"down": {"uv": [15.5, 2.75, 16, 3.25], "texture": "#0"}
			}
		},
		{
			"from": [0, 12, 1],
			"to": [2, 14, 3],
			"rotation": {"angle": 45, "axis": "y", "origin": [1, 1, 2]},
			"faces": {
				"north": {"uv": [15.75, 2.5, 15.25, 3], "texture": "#0"},
				"east": {"uv": [15.5, 2.5, 16, 3], "texture": "#0"},
				"south": {"uv": [15.5, 2.5, 16, 3], "texture": "#0"},
				"west": {"uv": [15.5, 2.5, 16, 3], "texture": "#0"},
				"up": {"uv": [15.5, 2, 16, 2.5], "rotation": 90, "texture": "#0"},
				"down": {"uv": [15.5, 2.75, 16, 3.25], "texture": "#0"}
			}
		},
		{
			"from": [3, 6.3, -0.5],
			"to": [8, 12.3, -0.5],
			"rotation": {"angle": 45, "axis": "y", "origin": [1, 10, 2]},
			"faces": {
				"north": {"uv": [7.125, 2.125, 7.75, 2.875], "texture": "#0"}
			}
		},
		{
			"from": [3.5, 7.3, -1],
			"to": [7.5, 11.3, 0],
			"rotation": {"angle": 45, "axis": "y", "origin": [1, 10, 2]},
			"faces": {
				"north": {"uv": [7.25, 0.25, 7.75, 0.75], "texture": "#0"},
				"east": {"uv": [7.25, 0.25, 7.375, 0.75], "texture": "#0"},
				"west": {"uv": [7.625, 0.25, 7.75, 0.75], "texture": "#0"},
				"up": {"uv": [7.25, 0.25, 7.75, 0.375], "texture": "#0"},
				"down": {"uv": [7.25, 0.625, 7.75, 0.75], "texture": "#0"}
			}
		},
		{
			"from": [1, 1, 0],
			"to": [15, 15, 2],
			"rotation": {"angle": 45, "axis": "y", "origin": [1, 10, 2]},
			"faces": {
				"north": {"uv": [7, 0, 14, 7], "texture": "#1"},
				"east": {"uv": [0, 15.5, 7, 14.5], "rotation": 90, "texture": "#1"},
				"south": {"uv": [0, 0, 7, 7], "texture": "#1"},
				"west": {"uv": [0, 14.5, 7, 15.5], "rotation": 90, "texture": "#1"},
				"up": {"uv": [0, 15.5, 7, 14.5], "texture": "#1"},
				"down": {"uv": [0, 14.5, 7, 15.5], "texture": "#1"}
			}
		},
		{
			"from": [9, 5, -2],
			"to": [12, 8, 0],
			"rotation": {"angle": 45, "axis": "y", "origin": [1, 10, 2]},
			"faces": {
				"north": {"uv": [7.5, 1.625, 7.875, 2], "texture": "#0"},
				"east": {"uv": [7.375, 1.125, 7.125, 1.5], "texture": "#0"},
				"south": {"uv": [7.5, 1.625, 7.875, 2], "texture": "#0"},
				"west": {"uv": [7.5, 1.125, 7.25, 1.5], "texture": "#0"},
				"up": {"uv": [7.125, 1.125, 7.5, 1.375], "texture": "#0"},
				"down": {"uv": [7.125, 1.25, 7.5, 1.5], "texture": "#0"}
			}
		}
	],
	"groups": [
		{
			"name": "bone",
			"origin": [1, 1, 2],
			"color": 0,
			"children": [
				0,
				1,
				2,
				3,
				4,
				{
					"name": "door",
					"origin": [1, 1, 2],
					"color": 0,
					"children": [
						{
							"name": "wheel",
							"origin": [5.5, 9.3, -1],
							"color": 0,
							"children": [5, 6]
						},
						7,
						{
							"name": "handle",
							"origin": [8, 0, 8],
							"color": 0,
							"children": [8]
						}
					]
				}
			]
		}
	]
}