{
	"textures":{
		"0":"item/decorations/sign_little_cauldron"
	},
	"elements":[
		{
			"from":[-10,-7,7.9],
			"to":[26,2,9.9],
			"faces":{
				"north":{"uv":[0,4.5,9,9],"texture":"#0"},
				"east":{"uv":[8.5,4.5,9,9],"texture":"#0"},
				"south":{"uv":[0,8.5,9,13],"texture":"#0"},
				"west":{"uv":[0,4.5,0.5,9],"texture":"#0"},
				"up":{"uv":[9,4.5,0,5.5],"texture":"#0"},
				"down":{"uv":[0,12.5,9,13.5],"texture":"#0"}
			}
		},
		{
			"from":[-5.5,12,8],
			"to":[21.5,21,10],
			"faces":{
				"north":{"uv":[0,0,6.75,4.5],"texture":"#0"},
				"east":{"uv":[6.25,0,6.75,4.5],"texture":"#0"},
				"south":{"uv":[1.25,8.5,8,13],"texture":"#0"},
				"west":{"uv":[0,0,0.5,4.5],"texture":"#0"},
				"up":{"uv":[0,0,6.75,0.5],"texture":"#0"},
				"down":{"uv":[6.75,5,0,4],"texture":"#0"}
			}
		},
		{
			"from":[5,9,6],
			"to":[11,10,12],
			"faces":{
				"north":{"uv":[7,1,8.5,1.5],"texture":"#0"},
				"east":{"uv":[7,1,8.5,1.5],"texture":"#0"},
				"south":{"uv":[7,1,8.5,1.5],"texture":"#0"},
				"west":{"uv":[7,1,8.5,1.5],"texture":"#0"}
			}
		},
		{
			"from":[10,3,6],
			"to":[11,4,7],
			"faces":{
				"north":{"uv":[8.25,4,8.5,4.5],"texture":"#0"},
				"east":{"uv":[8.25,4,8.5,4.5],"texture":"#0"},
				"south":{"uv":[8.25,4,8.5,4.5],"texture":"#0"},
				"west":{"uv":[8.25,4,8.5,4.5],"texture":"#0"},
				"down":{"uv":[8.25,4,8.5,4.5],"texture":"#0"}
			}
		},
		{
			"from":[5,3,6],
			"to":[6,4,7],
			"faces":{
				"north":{"uv":[7,4,7.25,4.5],"texture":"#0"},
				"east":{"uv":[7,4,7.25,4.5],"texture":"#0"},
				"south":{"uv":[7,4,7.25,4.5],"texture":"#0"},
				"west":{"uv":[7,4,7.25,4.5],"texture":"#0"},
				"down":{"uv":[7,4,7.25,4.5],"texture":"#0"}
			}
		},
		{
			"from":[5,11,8.5],
			"to":[6,12,9.5],
			"faces":{
				"north":{"uv":[7,2.5,7.25,3],"texture":"#0"},
				"east":{"uv":[7,2.5,7.25,3],"texture":"#0"},
				"south":{"uv":[7,2.5,7.25,3],"texture":"#0"},
				"west":{"uv":[7.25,1,7.5,1.5],"texture":"#0"}
			}
		},
		{
			"from":[10,11,8.5],
			"to":[11,12,9.5],
			"faces":{
				"north":{"uv":[8.25,1,8.5,1.5],"texture":"#0"},
				"east":{"uv":[7.25,2,7.5,2.5],"texture":"#0"},
				"south":{"uv":[7.75,2,8,2.5],"texture":"#0"},
				"west":{"uv":[7.5,2,7.75,2.5],"texture":"#0"}
			}
		},
		{
			"from":[10,3,11],
			"to":[11,4,12],
			"faces":{
				"north":{"uv":[8.25,4,8.5,4.5],"texture":"#0"},
				"east":{"uv":[8.25,4,8.5,4.5],"texture":"#0"},
				"south":{"uv":[8.25,4,8.5,4.5],"texture":"#0"},
				"west":{"uv":[8.25,4,8.5,4.5],"texture":"#0"},
				"down":{"uv":[8.25,4,8.5,4.5],"texture":"#0"}
			}
		},
		{
			"from":[5,3,11],
			"to":[6,4,12],
			"faces":{
				"north":{"uv":[7,4,7.25,4.5],"texture":"#0"},
				"east":{"uv":[7,4,7.25,4.5],"texture":"#0"},
				"south":{"uv":[7,4,7.25,4.5],"texture":"#0"},
				"west":{"uv":[7,4,7.25,4.5],"texture":"#0"},
				"down":{"uv":[7,4,7.25,4.5],"texture":"#0"}
			}
		},
		{
			"from":[4,10,5],
			"to":[12,11,13],
			"faces":{
				"north":{"uv":[6.75,0.5,8.75,1],"texture":"#0"},
				"east":{"uv":[6.75,4,8.75,4.5],"texture":"#0"},
				"south":{"uv":[6.75,0.5,8.75,1],"texture":"#0"},
				"west":{"uv":[6.75,4,8.75,4.5],"texture":"#0"},
				"up":{"uv":[9.75,4,11.75,8],"texture":"#0"},
				"down":{"uv":[9.75,4,11.75,8],"texture":"#0"}
			}
		},
		{
			"from":[4,4,5],
			"to":[12,9,13],
			"faces":{
				"north":{"uv":[6.75,1.5,8.75,4],"texture":"#0"},
				"east":{"uv":[6.75,1.5,8.75,4],"texture":"#0"},
				"south":{"uv":[6.75,1.5,8.75,4],"texture":"#0"},
				"west":{"uv":[6.75,1.5,8.75,4],"texture":"#0"},
				"up":{"uv":[9.75,0,11.75,4],"texture":"#0"},
				"down":{"uv":[9.75,0,11.75,4],"texture":"#0"}
			}
		},
		{
			"from":[14.5,1,7.5],
			"to":[17.5,3,10.5],
			"faces":{
				"north":{"uv":[7.25,1,8,0],"texture":"#0"},
				"east":{"uv":[8,1,8.5,0],"texture":"#0"},
				"south":{"uv":[6.75,1,7.5,0],"texture":"#0"},
				"west":{"uv":[7.75,1,8.25,0],"texture":"#0"},
				"up":{"uv":[7,1.5,7.75,2.5],"texture":"#0"},
				"down":{"uv":[7.5,3,8.25,4],"texture":"#0"}
			}
		},
		{
			"from":[-1.5,1,7.5],
			"to":[1.5,3,10.5],
			"faces":{
				"north":{"uv":[7.25,1,8,0],"texture":"#0"},
				"east":{"uv":[8,1,8.5,0],"texture":"#0"},
				"south":{"uv":[6.75,1,7.5,0],"texture":"#0"},
				"west":{"uv":[7.75,1,8.25,0],"texture":"#0"},
				"up":{"uv":[7,1.5,7.75,2.5],"texture":"#0"},
				"down":{"uv":[7.5,3,8.25,4],"texture":"#0"}
			}
		},
		{
			"from":[-1.5,11,7.5],
			"to":[1.5,13,10.5],
			"faces":{
				"north":{"uv":[7.25,0,8,1],"texture":"#0"},
				"east":{"uv":[8,0,8.5,1],"texture":"#0"},
				"south":{"uv":[6.75,0,7.5,1],"texture":"#0"},
				"west":{"uv":[7.75,0,8.25,1],"texture":"#0"},
				"up":{"uv":[7,1.5,7.75,2.5],"texture":"#0"},
				"down":{"uv":[7.5,3,8.25,4],"texture":"#0"}
			}
		},
		{
			"from":[14.5,11,7.5],
			"to":[17.5,13,10.5],
			"faces":{
				"north":{"uv":[7.25,0,8,1],"texture":"#0"},
				"east":{"uv":[8,0,8.5,1],"texture":"#0"},
				"south":{"uv":[6.75,0,7.5,1],"texture":"#0"},
				"west":{"uv":[7.75,0,8.25,1],"texture":"#0"},
				"up":{"uv":[7,1.5,7.75,2.5],"texture":"#0"},
				"down":{"uv":[7.5,3,8.25,4],"texture":"#0"}
			}
		},
		{
			"from":[-1,2,8],
			"to":[1,12,10],
			"faces":{
				"north":{"uv":[9.25,0,9.75,5],"texture":"#0"},
				"east":{"uv":[9,0,9.5,5],"texture":"#0"},
				"south":{"uv":[9.5,0,9,5],"texture":"#0"},
				"west":{"uv":[9.75,0,9.25,5],"texture":"#0"}
			}
		},
		{
			"from":[15,2,8],
			"to":[17,12,10],
			"faces":{
				"north":{"uv":[9.25,0,9.75,5],"texture":"#0"},
				"east":{"uv":[9,0,9.5,5],"texture":"#0"},
				"south":{"uv":[9.5,0,9,5],"texture":"#0"},
				"west":{"uv":[9.75,0,9.25,5],"texture":"#0"}
			}
		},
		{
			"from":[-1,21,8],
			"to":[1,32,10],
			"faces":{
				"north":{"uv":[9.25,0,9.75,5.5],"texture":"#0"},
				"east":{"uv":[9,0,9.5,5.5],"texture":"#0"},
				"south":{"uv":[9.5,0,9,5.5],"texture":"#0"},
				"west":{"uv":[9.75,0,9.25,5.5],"texture":"#0"},
				"up":{"uv":[9,0,9.5,0.5],"texture":"#0"}
			}
		},
		{
			"from":[-1.5,20,7.5],
			"to":[1.5,22,10.5],
			"faces":{
				"north":{"uv":[7.25,1,8,0],"texture":"#0"},
				"east":{"uv":[8,1,8.5,0],"texture":"#0"},
				"south":{"uv":[6.75,1,7.5,0],"texture":"#0"},
				"west":{"uv":[7.75,1,8.25,0],"texture":"#0"},
				"up":{"uv":[7,1.5,7.75,2.5],"texture":"#0"},
				"down":{"uv":[7.5,3,8.25,4],"texture":"#0"}
			}
		},
		{
			"from":[14.5,20,7.5],
			"to":[17.5,22,10.5],
			"faces":{
				"north":{"uv":[7.25,1,8,0],"texture":"#0"},
				"east":{"uv":[8,1,8.5,0],"texture":"#0"},
				"south":{"uv":[6.75,1,7.5,0],"texture":"#0"},
				"west":{"uv":[7.75,1,8.25,0],"texture":"#0"},
				"up":{"uv":[7,1.5,7.75,2.5],"texture":"#0"},
				"down":{"uv":[7.5,3,8.25,4],"texture":"#0"}
			}
		},
		{
			"from":[15,21,8],
			"to":[17,32,10],
			"faces":{
				"north":{"uv":[9.25,0,9.75,5.5],"texture":"#0"},
				"east":{"uv":[9,0,9.5,5.5],"texture":"#0"},
				"south":{"uv":[9.5,0,9,5.5],"texture":"#0"},
				"west":{"uv":[9.75,0,9.25,5.5],"texture":"#0"},
				"up":{"uv":[9,0,9.5,0.5],"texture":"#0"}
			}
		}
	]
}