{
	"credit": "Made with Blockbench",
	"texture_size": [64, 64],
	"textures": {
		"0": "item/decorations/wall_shelf_spruce",
		"particle": "item/decorations/wall_shelf_spruce"
	},
	"elements": [
		{
			"from": [0, 12, 0],
			"to": [16, 16, 16],
			"faces": {
				"north": {"uv": [0, 10, 4, 11], "texture": "#0"},
				"east": {"uv": [7.75, 4, 11.75, 5], "texture": "#0"},
				"south": {"uv": [4, 10, 0, 11], "texture": "#0"},
				"west": {"uv": [11.75, 4, 7.75, 5], "texture": "#0"},
				"up": {"uv": [4, 11, 8, 7], "rotation": 180, "texture": "#0"},
				"down": {"uv": [4, 7, 0, 11], "texture": "#0"}
			}
		},
		{
			"from": [2, 0, 2],
			"to": [5, 14, 5],
			"faces": {
				"north": {"uv": [9.25, 0, 8.5, 3.5], "texture": "#0"},
				"east": {"uv": [8.5, 0, 9.25, 3.5], "texture": "#0"},
				"south": {"uv": [9.25, 0, 8.5, 3.5], "texture": "#0"},
				"west": {"uv": [8.5, 0, 9.25, 3.5], "texture": "#0"}
			}
		},
		{
			"from": [2, 0, 11],
			"to": [5, 14, 14],
			"faces": {
				"north": {"uv": [8.5, 0, 9.25, 3.5], "texture": "#0"},
				"east": {"uv": [9.25, 0, 8.5, 3.5], "texture": "#0"},
				"south": {"uv": [8.5, 0, 9.25, 3.5], "texture": "#0"},
				"west": {"uv": [9.25, 0, 8.5, 3.5], "texture": "#0"}
			}
		},
		{
			"from": [11, 0, 2],
			"to": [14, 14, 5],
			"faces": {
				"north": {"uv": [9.25, 0, 8.5, 3.5], "texture": "#0"},
				"east": {"uv": [8.5, 0, 9.25, 3.5], "texture": "#0"},
				"south": {"uv": [9.25, 0, 8.5, 3.5], "texture": "#0"},
				"west": {"uv": [8.5, 0, 9.25, 3.5], "texture": "#0"}
			}
		},
		{
			"from": [11, 0, 11],
			"to": [14, 14, 14],
			"faces": {
				"north": {"uv": [8.5, 0, 9.25, 3.5], "texture": "#0"},
				"east": {"uv": [9.25, 0, 8.5, 3.5], "texture": "#0"},
				"south": {"uv": [8.5, 0, 9.25, 3.5], "texture": "#0"},
				"west": {"uv": [9.25, 0, 8.5, 3.5], "texture": "#0"}
			}
		},
		{
			"from": [1, 7, 1],
			"to": [15, 9, 15],
			"faces": {
				"north": {"uv": [8.25, 0, 8.75, 3.5], "rotation": 90, "texture": "#0"},
				"east": {"uv": [7.75, 0, 8.25, 3.5], "rotation": 90, "texture": "#0"},
				"south": {"uv": [8.25, 3.5, 8.75, 0], "rotation": 90, "texture": "#0"},
				"west": {"uv": [7.75, 3.5, 8.25, 0], "rotation": 90, "texture": "#0"},
				"up": {"uv": [0.25, 10.75, 3.75, 7.25], "rotation": 180, "texture": "#0"},
				"down": {"uv": [3.75, 7.25, 0.25, 10.75], "texture": "#0"}
			}
		}
	],
	"display": {
		"thirdperson_righthand": {
			"rotation": [58, 32, 0],
			"translation": [-0.75, 2.75, 2],
			"scale": [0.2, 0.2, 0.2]
		},
		"thirdperson_lefthand": {
			"rotation": [58, 32, 0],
			"translation": [-0.75, 2.75, 2],
			"scale": [0.2, 0.2, 0.2]
		},
		"firstperson_righthand": {
			"rotation": [0, 29, 0],
			"translation": [16.25, 9, -18]
		},
		"firstperson_lefthand": {
			"rotation": [0, 29, 0],
			"translation": [16.25, 9, -18]
		},
		"ground": {
			"translation": [0, 8.25, 0],
			"scale": [0.4, 0.4, 0.4]
		},
		"gui": {
			"rotation": [30, 135, 0],
			"translation": [0, -0.75, 0],
			"scale": [0.5, 0.5, 0.5]
		},
		"head": {
			"translation": [0, 2, -3.5]
		},
		"fixed": {
			"rotation": [-90, 0, 0],
			"translation": [0, 0, -16],
			"scale": [2, 2, 2]
		}
	}
}