{
	"credit": "Made with Blockbench",
	"texture_size": [64, 64],
	"textures": {
		"0": "item/decorations/wall_shelf_spruce",
		"particle": "item/decorations/wall_shelf_spruce"
	},
	"elements": [
		{
			"from": [-16, 13, 2],
			"to": [8, 16, 16],
			"faces": {
				"north": {"uv": [6, 6.25, 12, 7], "texture": "#0"},
				"east": {"uv": [8, 0, 8.75, 3.5], "rotation": 90, "texture": "#0"},
				"south": {"uv": [12, 6.25, 6, 7], "texture": "#0"},
				"west": {"uv": [8, 3.5, 8.75, 0], "rotation": 90, "texture": "#0"},
				"up": {"uv": [6, 7, 12, 3.5], "rotation": 180, "texture": "#0"},
				"down": {"uv": [12, 3.5, 6, 7], "texture": "#0"}
			}
		},
		{
			"from": [8, 13, 2],
			"to": [32, 16, 16],
			"faces": {
				"north": {"uv": [0, 6.25, 6, 7], "texture": "#0"},
				"east": {"uv": [8, 0.5, 8.75, 4], "rotation": 90, "texture": "#0"},
				"south": {"uv": [6, 6.25, 0, 7], "texture": "#0"},
				"west": {"uv": [8, 3.5, 8.75, 0], "rotation": 90, "texture": "#0"},
				"up": {"uv": [0, 7, 6, 3.5], "rotation": 180, "texture": "#0"},
				"down": {"uv": [6, 3.5, 0, 7], "texture": "#0"}
			}
		},
		{
			"from": [-10, 4, 14],
			"to": [-8, 13, 16],
			"faces": {
				"north": {"uv": [8.5, 0, 9, 2.25], "texture": "#0"},
				"east": {"uv": [9, 0, 8.5, 2.25], "texture": "#0"},
				"south": {"uv": [8.5, 0, 9, 2.25], "texture": "#0"},
				"west": {"uv": [8.5, 0.25, 9, 2.5], "texture": "#0"},
				"down": {"uv": [8.5, 2.25, 9, 2.75], "texture": "#0"}
			}
		},
		{
			"from": [24, 4, 14],
			"to": [26, 13, 16],
			"rotation": {"angle": 0, "axis": "y", "origin": [34, 8, 8]},
			"faces": {
				"north": {"uv": [8.5, 0, 9, 2.25], "texture": "#0"},
				"east": {"uv": [8.5, 0, 9, 2.25], "texture": "#0"},
				"south": {"uv": [8.5, 0, 9, 2.25], "texture": "#0"},
				"west": {"uv": [8.5, 0.25, 9, 2.5], "texture": "#0"},
				"down": {"uv": [8.5, 2.25, 9, 2.75], "texture": "#0"}
			}
		},
		{
			"from": [24, 11, 6],
			"to": [26, 13, 14],
			"rotation": {"angle": 0, "axis": "y", "origin": [34, 8, 8]},
			"faces": {
				"north": {"uv": [9, 2, 8.5, 2.5], "rotation": 90, "texture": "#0"},
				"east": {"uv": [9.5, 2, 9, 0], "rotation": 90, "texture": "#0"},
				"west": {"uv": [9.5, 0.25, 9, 2.25], "rotation": 90, "texture": "#0"},
				"down": {"uv": [8.5, 0, 9, 2], "texture": "#0"}
			}
		},
		{
			"from": [7, 11, 6],
			"to": [9, 13, 14],
			"rotation": {"angle": 0, "axis": "y", "origin": [34, 8, 8]},
			"faces": {
				"north": {"uv": [9, 2.25, 8.5, 2.75], "rotation": 90, "texture": "#0"},
				"east": {"uv": [9.5, 2, 9, 0], "rotation": 90, "texture": "#0"},
				"west": {"uv": [9.5, 0.25, 9, 2.25], "rotation": 90, "texture": "#0"},
				"down": {"uv": [8.5, 0, 9, 2], "texture": "#0"}
			}
		},
		{
			"from": [7, 4, 14],
			"to": [9, 13, 16],
			"rotation": {"angle": 0, "axis": "y", "origin": [34, 8, 8]},
			"faces": {
				"north": {"uv": [8.5, 0, 9, 2.25], "texture": "#0"},
				"east": {"uv": [8.5, 0, 9, 2.25], "texture": "#0"},
				"south": {"uv": [8.5, 0, 9, 2.25], "texture": "#0"},
				"west": {"uv": [8.5, 0.25, 9, 2.5], "texture": "#0"},
				"down": {"uv": [8.5, 2.25, 9, 2.75], "texture": "#0"}
			}
		},
		{
			"from": [-10, 11, 6],
			"to": [-8, 13, 14],
			"rotation": {"angle": 0, "axis": "y", "origin": [34, 8, 8]},
			"faces": {
				"north": {"uv": [9, 2, 8.5, 2.5], "rotation": 90, "texture": "#0"},
				"east": {"uv": [9.5, 2, 9, 0], "rotation": 90, "texture": "#0"},
				"west": {"uv": [9.5, 0.25, 9, 2.25], "rotation": 90, "texture": "#0"},
				"down": {"uv": [8.5, 0, 9, 2], "texture": "#0"}
			}
		}
	],
	"display": {
		"thirdperson_righthand": {
			"rotation": [58, 32, 0],
			"translation": [-0.75, 2.75, 2],
			"scale": [0.2, 0.2, 0.2]
		},
		"thirdperson_lefthand": {
			"rotation": [58, 32, 0],
			"translation": [-0.75, 2.75, 2],
			"scale": [0.2, 0.2, 0.2]
		},
		"firstperson_righthand": {
			"rotation": [0, 150, 0],
			"translation": [16.25, -8, -14],
			"scale": [0.79, 0.79, 0.79]
		},
		"firstperson_lefthand": {
			"rotation": [0, 150, 0],
			"translation": [16.25, -8, -14],
			"scale": [0.79, 0.79, 0.79]
		},
		"ground": {
			"translation": [0, -1.5, 0],
			"scale": [0.4, 0.4, 0.4]
		},
		"gui": {
			"rotation": [30, 135, 0],
			"translation": [-0.75, 3.5, 0],
			"scale": [0.5, 0.5, 0.5]
		},
		"head": {
			"translation": [0, 2, -3.5]
		},
		"fixed": {
			"translation": [0, 0, -16],
			"scale": [2, 2, 2]
		}
	},
	"groups": [
		0,
		1,
		{
			"name": "group",
			"origin": [8, 8, 8],
			"color": 0,
			"children": [2]
		},
		{
			"name": "group",
			"origin": [8, 8, 8],
			"color": 0,
			"children": [3, 4, 5, 6, 7]
		}
	]
}