{
"variants":{
"":[
{"model":"block_random/coarse_dirt_0"},
{"model":"block_random/coarse_dirt_0","y":90},
{"model":"block_random/coarse_dirt_0","y":180},
{"model":"block_random/coarse_dirt_0","y":270},
{"model":"block_random/coarse_dirt_1"},
{"model":"block_random/coarse_dirt_1","y":90},
{"model":"block_random/coarse_dirt_1","y":180},
{"model":"block_random/coarse_dirt_1","y":270},
{"model":"block_random/coarse_dirt_2"},
{"model":"block_random/coarse_dirt_2","y":90},
{"model":"block_random/coarse_dirt_2","y":180},
{"model":"block_random/coarse_dirt_2","y":270},
{"model":"block_random/coarse_dirt_3"},
{"model":"block_random/coarse_dirt_3","y":90},
{"model":"block_random/coarse_dirt_3","y":180},
{"model":"block_random/coarse_dirt_3","y":270},
{"model":"block_random/coarse_dirt_4"},
{"model":"block_random/coarse_dirt_4","y":90},
{"model":"block_random/coarse_dirt_4","y":180},
{"model":"block_random/coarse_dirt_4","y":270},
{"model":"block_random/coarse_dirt_5"},
{"model":"block_random/coarse_dirt_5","y":90},
{"model":"block_random/coarse_dirt_5","y":180},
{"model":"block_random/coarse_dirt_5","y":270},
{"model":"block_random/coarse_dirt_6"},
{"model":"block_random/coarse_dirt_6","y":90},
{"model":"block_random/coarse_dirt_6","y":180},
{"model":"block_random/coarse_dirt_6","y":270},
{"model":"block_random/coarse_dirt_7"},
{"model":"block_random/coarse_dirt_7","y":90},
{"model":"block_random/coarse_dirt_7","y":180},
{"model":"block_random/coarse_dirt_7","y":270}
]
}
}