{
"variants":{
"type=bottom":[
{"model":"block_random/stone_brick_slab_0"},
{"model":"block_random/stone_brick_slab_1"},
{"model":"block_random/stone_brick_slab_2"},
{"model":"block_random/stone_brick_slab_3"},
{"model":"block_random/stone_brick_slab_4"},
{"model":"block_random/stone_brick_slab_5"},
{"model":"block_random/stone_brick_slab_6"},
{"model":"block_random/stone_brick_slab_7"}
],
"type=top":[
{"model":"block_random/stone_brick_slab_top_0"},
{"model":"block_random/stone_brick_slab_top_1"},
{"model":"block_random/stone_brick_slab_top_2"},
{"model":"block_random/stone_brick_slab_top_3"},
{"model":"block_random/stone_brick_slab_top_4"},
{"model":"block_random/stone_brick_slab_top_5"},
{"model":"block_random/stone_brick_slab_top_6"},
{"model":"block_random/stone_brick_slab_top_7"}
],
"type=double":[
{"model":"block_random/stone_brick_d_slab_0"},
{"model":"block_random/stone_brick_d_slab_1"},
{"model":"block_random/stone_brick_d_slab_2"},
{"model":"block_random/stone_brick_d_slab_3"}
]
}
}