{
	"credit": "Made with Blockbench",
	"texture_size": [128, 128],
	"textures": {
		"0": "item/decorations/crates_and_barrels",
		"particle": "item/decorations/crates_and_barrels"
	},
	"elements": [
		{
			"from": [6.95, 16, -8],
			"to": [9.05, 19, 14],
			"rotation": {"angle": 0, "axis": "y", "origin": [0, 19, 0]},
			"faces": {
				"north": {"uv": [12.2625, 4.25, 12, 4.625], "texture": "#0"},
				"east": {"uv": [14.75, 4.25, 12, 4.625], "texture": "#0"},
				"south": {"uv": [12.2625, 4.25, 12, 4.625], "texture": "#0"},
				"west": {"uv": [14.75, 4.25, 12, 4.625], "texture": "#0"},
				"up": {"uv": [12, 3.375, 12.2625, 0.625], "texture": "#0"},
				"down": {"uv": [12, 3.375, 12.2625, 0.625], "texture": "#0"}
			}
		},
		{
			"from": [6, 16, 14],
			"to": [10, 29, 16],
			"rotation": {"angle": 0, "axis": "y", "origin": [0, 19, 0]},
			"faces": {
				"north": {"uv": [12.25, 1.25, 11.75, 2.875], "texture": "#0"},
				"east": {"uv": [11.75, 1.375, 11.5, 3], "texture": "#0"},
				"south": {"uv": [11.75, 1.375, 11.25, 3], "texture": "#0"},
				"west": {"uv": [11.5, 1.375, 11.25, 3], "texture": "#0"},
				"up": {"uv": [12.125, 0.25, 12.625, 0], "texture": "#0"},
				"down": {"uv": [12.125, 0.25, 12.625, 0], "texture": "#0"}
			}
		},
		{
			"from": [7, 17.9, -5],
			"to": [9, 20.9, 16],
			"rotation": {"angle": -22.5, "axis": "x", "origin": [0, 19, 0]},
			"faces": {
				"north": {"uv": [12.25, 4.25, 12, 4.625], "texture": "#0"},
				"east": {"uv": [14.625, 4.25, 12, 4.625], "texture": "#0"},
				"south": {"uv": [12.25, 4.25, 12, 4.625], "texture": "#0"},
				"west": {"uv": [14.625, 4.25, 12, 4.625], "texture": "#0"},
				"up": {"uv": [12.125, 3.875, 12.375, 1.25], "texture": "#0"},
				"down": {"uv": [12.125, 3.875, 12.375, 1.25], "texture": "#0"}
			}
		}
	],
	"display": {
		"gui": {
			"rotation": [30, 134, 0],
			"translation": [1.25, -8, 0],
			"scale": [0.7, 0.7, 0.7]
		},
		"fixed": {
			"translation": [0, -32, -16],
			"scale": [2, 2, 2]
		}
	}
}