{
	"credit": "Made with Blockbench",
	"texture_size": [128, 128],
	"textures": {
		"0": "item/decorations/crates_and_barrels",
		"particle": "item/decorations/crates_and_barrels"
	},
	"elements": [
		{
			"from": [6, 15, -16],
			"to": [10, 19, 22],
			"rotation": {"angle": 0, "axis": "y", "origin": [0, 19, 8]},
			"faces": {
				"north": {"uv": [5.875, 1.875, 5.375, 2.375], "texture": "#0"},
				"east": {"uv": [16, 4.625, 12, 5.125], "texture": "#0"},
				"west": {"uv": [16, 4.625, 12, 5.125], "texture": "#0"},
				"up": {"uv": [12, 5.125, 16, 4.625], "rotation": 90, "texture": "#0"},
				"down": {"uv": [12, 5.125, 16, 4.625], "rotation": 90, "texture": "#0"}
			}
		},
		{
			"from": [5, 14, 22],
			"to": [11, 32, 24],
			"rotation": {"angle": 0, "axis": "y", "origin": [0, 19, 8]},
			"faces": {
				"north": {"uv": [15.375, 1.125, 14.625, 3.375], "texture": "#0"},
				"east": {"uv": [15.125, 1, 14.875, 3.25], "texture": "#0"},
				"south": {"uv": [15.375, 1.125, 14.625, 3.375], "texture": "#0"},
				"west": {"uv": [14.875, 1, 14.625, 3.25], "texture": "#0"},
				"up": {"uv": [12.125, 0.25, 12.875, 0], "texture": "#0"},
				"down": {"uv": [12.125, 0.25, 12.875, 0], "texture": "#0"}
			}
		},
		{
			"from": [7, 19.9, -2],
			"to": [9, 22.9, 25],
			"rotation": {"angle": -22.5, "axis": "x", "origin": [0, 19, 8]},
			"faces": {
				"north": {"uv": [12.25, 4.25, 12, 4.625], "texture": "#0"},
				"east": {"uv": [15.5, 4.25, 12.125, 4.625], "texture": "#0"},
				"south": {"uv": [12.25, 4.25, 12, 4.625], "texture": "#0"},
				"west": {"uv": [15.5, 4.25, 12.125, 4.625], "texture": "#0"},
				"up": {"uv": [12, 3.625, 12.25, 0.25], "texture": "#0"},
				"down": {"uv": [12, 3.625, 12.25, 0.25], "texture": "#0"}
			}
		}
	],
	"display": {
		"gui": {
			"rotation": [30, 134, 0],
			"translation": [1.25, -8, 0],
			"scale": [0.7, 0.7, 0.7]
		},
		"fixed": {
			"translation": [0, -30, -32],
			"scale": [2, 2, 2]
		}
	}
}