{
	"credit": "Made with Blockbench",
	"textures": {
		"1": "item/decorations/chair_cushion_recolorable",
		"2": "block/spruce_planks",
		"particle": "item/decorations/chair_cushion_recolorable"
	},
	"elements": [
		{
			"from": [0, 4, 0],
			"to": [16, 5, 16],
			"faces": {
				"north": {"uv": [0, 8, 16, 9], "texture": "#2"},
				"east": {"uv": [0, 12, 16, 13], "texture": "#2"},
				"south": {"uv": [0, 5, 16, 6], "texture": "#2"},
				"west": {"uv": [0, 9, 16, 10], "texture": "#2"},
				"up": {"uv": [0, 0, 16, 16], "texture": "#2"},
				"down": {"uv": [0, 0, 16, 16], "texture": "#2"}
			}
		},
		{
			"from": [0, 5, 0],
			"to": [12, 8, 12],
			"faces": {
				"north": {"uv": [4.5, 4, 7.5, 4.75], "texture": "#1", "tintindex": 0},
				"east": {"uv": [0.5, 4, 3.5, 4.75], "texture": "#1", "tintindex": 0},
				"south": {"uv": [4.5, 4, 7.5, 4.75], "texture": "#1", "tintindex": 0},
				"west": {"uv": [0.5, 4, 3.5, 4.75], "texture": "#1", "tintindex": 0},
				"up": {"uv": [8.5, 0.5, 11.5, 3.5], "texture": "#1", "tintindex": 0}
			}
		},
		{
			"from": [0.001, 5.001, 12.001],
			"to": [11.999, 16.999, 15.999],
			"faces": {
				"north": {"uv": [4.5, 5, 7.5, 8], "texture": "#1", "tintindex": 0},
				"east": {"uv": [4.75, 5, 5.75, 8], "texture": "#1", "tintindex": 0},
				"south": {"uv": [0.75, 8.75, 3.75, 11.75], "texture": "#1", "tintindex": 0},
				"west": {"uv": [6.25, 4.5, 7.25, 7.5], "texture": "#1", "tintindex": 0},
				"up": {"uv": [4.75, 5.75, 7.75, 4.75], "texture": "#1", "tintindex": 0}
			}
		},
		{
			"from": [12.001, 5.001, 0.001],
			"to": [15.999, 16.999, 15.999],
			"faces": {
				"north": {"uv": [2.25, 5, 3.25, 8], "texture": "#1", "tintindex": 0},
				"east": {"uv": [3.25, 8.75, 7.25, 11.75], "texture": "#1", "tintindex": 0},
				"south": {"uv": [0, 8.75, 1, 11.75], "texture": "#1", "tintindex": 0},
				"west": {"uv": [0.5, 5, 4.5, 8], "texture": "#1", "tintindex": 0},
				"up": {"uv": [7.5, 4.75, 3.5, 5.75], "rotation": 90, "texture": "#1", "tintindex": 0}
			}
		},
		{
			"from": [0, 5, 0],
			"to": [16, 12, 16],
			"faces": {
				"east": {"uv": [0, 7, 16, 14], "texture": "#2"},
				"south": {"uv": [0, 7, 16, 14], "texture": "#2"}
			}
		},
		{
			"from": [12, 0, 1],
			"to": [15, 4, 4],
			"faces": {
				"north": {"uv": [0, 0, 3, 4], "texture": "#2"},
				"east": {"uv": [0, 0, 3, 4], "texture": "#2"},
				"south": {"uv": [0, 0, 3, 4], "texture": "#2"},
				"west": {"uv": [0, 0, 3, 4], "texture": "#2"}
			}
		},
		{
			"from": [12, 0, 12],
			"to": [15, 4, 15],
			"faces": {
				"north": {"uv": [0, 0, 3, 4], "texture": "#2"},
				"east": {"uv": [0, 0, 3, 4], "texture": "#2"},
				"south": {"uv": [0, 0, 3, 4], "texture": "#2"},
				"west": {"uv": [0, 0, 3, 4], "texture": "#2"}
			}
		},
		{
			"from": [1, 0, 12],
			"to": [4, 4, 15],
			"faces": {
				"north": {"uv": [0, 0, 3, 4], "texture": "#2"},
				"east": {"uv": [0, 0, 3, 4], "texture": "#2"},
				"south": {"uv": [0, 0, 3, 4], "texture": "#2"},
				"west": {"uv": [0, 0, 3, 4], "texture": "#2"}
			}
		},
		{
			"from": [1, 0, 1],
			"to": [4, 4, 4],
			"faces": {
				"north": {"uv": [0, 0, 3, 4], "texture": "#2"},
				"east": {"uv": [0, 0, 3, 4], "texture": "#2"},
				"south": {"uv": [0, 0, 3, 4], "texture": "#2"},
				"west": {"uv": [0, 0, 3, 4], "texture": "#2"}
			}
		}
	],
	"display": {
		"thirdperson_righthand": {
			"rotation": [57, 0, 0],
			"translation": [0, 2, 1],
			"scale": [0.2, 0.2, 0.2]
		},
		"firstperson_righthand": {
			"rotation": [0, 25, 10],
			"translation": [8.25, -1.5, -7.5],
			"scale": [0.79, 0.79, 0.79]
		},
		"ground": {
			"scale": [0.4, 0.4, 0.4]
		},
		"gui": {
			"rotation": [30, 130, 0],
			"translation": [0, -0.5, 0],
			"scale": [0.6, 0.6, 0.6]
		},
		"fixed": {
			"rotation": [-90, 0, 0],
			"translation": [0, 0, -16],
			"scale": [2, 2, 2]
		}
	}
}