{
	"credit": "Made with Blockbench",
	"textures": {
		"1": "item/decorations/chair_cushion_recolorable",
		"2": "block/spruce_planks",
		"particle": "item/decorations/chair_cushion_recolorable"
	},
	"elements": [
		{
			"from": [0, 4, 0],
			"to": [16, 5, 16],
			"faces": {
				"north": {"uv": [0, 8, 16, 9], "texture": "#2"},
				"east": {"uv": [0, 12, 16, 13], "texture": "#2"},
				"south": {"uv": [0, 5, 16, 6], "texture": "#2"},
				"west": {"uv": [0, 4, 16, 5], "texture": "#2"},
				"up": {"uv": [0, 0, 16, 16], "texture": "#2"},
				"down": {"uv": [0, 0, 16, 16], "texture": "#2"}
			}
		},
		{
			"from": [14, 5, 0],
			"to": [16, 8, 16],
			"faces": {
				"north": {"uv": [3, 8, 5, 11], "texture": "#2"},
				"east": {"uv": [0, 9, 16, 12], "texture": "#2"},
				"south": {"uv": [2, 5, 4, 8], "texture": "#2"},
				"west": {"uv": [0, 4, 16, 7], "texture": "#2"},
				"up": {"uv": [0, 1, 16, 3], "rotation": 90, "texture": "#2"}
			}
		},
		{
			"from": [14, 8, 12],
			"to": [16, 13, 16],
			"faces": {
				"north": {"uv": [1, 8, 6, 10], "rotation": 90, "texture": "#2"},
				"east": {"uv": [5, 10, 9, 15], "texture": "#2"},
				"south": {"uv": [11, 8, 16, 10], "rotation": 90, "texture": "#2"},
				"west": {"uv": [0, 4, 4, 9], "texture": "#2"},
				"up": {"uv": [5, 8, 9, 10], "rotation": 90, "texture": "#2"}
			}
		},
		{
			"from": [14.5, 8, 8.5],
			"to": [15.5, 11, 9.5],
			"faces": {
				"north": {"uv": [12, 9, 13, 12], "texture": "#2"},
				"east": {"uv": [12, 9, 13, 12], "texture": "#2"},
				"south": {"uv": [12, 9, 13, 12], "texture": "#2"},
				"west": {"uv": [12, 9, 13, 12], "texture": "#2"}
			}
		},
		{
			"from": [14.5, 8, 4.5],
			"to": [15.5, 11, 5.5],
			"faces": {
				"north": {"uv": [12, 9, 13, 12], "texture": "#2"},
				"east": {"uv": [12, 9, 13, 12], "texture": "#2"},
				"south": {"uv": [12, 9, 13, 12], "texture": "#2"},
				"west": {"uv": [12, 9, 13, 12], "texture": "#2"}
			}
		},
		{
			"from": [14, 11, 0],
			"to": [16, 13, 12],
			"faces": {
				"north": {"uv": [0, 8, 2, 10], "texture": "#2"},
				"east": {"uv": [0, 8, 12, 10], "texture": "#2"},
				"west": {"uv": [0, 8, 12, 10], "texture": "#2"},
				"up": {"uv": [0, 8, 12, 10], "rotation": 90, "texture": "#2"},
				"down": {"uv": [0, 9, 12, 11], "rotation": 90, "texture": "#2"}
			}
		},
		{
			"from": [14, 8, 0],
			"to": [16, 11, 2],
			"faces": {
				"north": {"uv": [0, 8, 2, 11], "texture": "#2"},
				"east": {"uv": [0, 12, 2, 15], "texture": "#2"},
				"south": {"uv": [0, 5, 2, 8], "texture": "#2"},
				"west": {"uv": [0, 4, 2, 7], "texture": "#2"},
				"up": {"uv": [0, 0, 2, 2], "texture": "#2"},
				"down": {"uv": [0, 0, 2, 2], "texture": "#2"}
			}
		},
		{
			"from": [0, 5, 0],
			"to": [14, 8, 12],
			"faces": {
				"north": {"uv": [4.25, 4, 7.75, 4.75], "texture": "#1", "tintindex": 0},
				"east": {"uv": [0, 4, 3, 4.75], "texture": "#1", "tintindex": 0},
				"south": {"uv": [4, 4, 7.5, 4.75], "texture": "#1", "tintindex": 0},
				"west": {"uv": [0.5, 4, 3.5, 4.75], "texture": "#1", "tintindex": 0},
				"up": {"uv": [8.25, 0.5, 11.75, 3.5], "texture": "#1", "tintindex": 0}
			}
		},
		{
			"from": [0.001, 5.001, 12.001],
			"to": [13.999, 16.999, 15.999],
			"faces": {
				"north": {"uv": [4.25, 5.75, 7.75, 8.75], "texture": "#1", "tintindex": 0},
				"east": {"uv": [4.75, 5, 5.75, 8], "texture": "#1", "tintindex": 0},
				"south": {"uv": [0.25, 8.75, 3.75, 11.75], "texture": "#1", "tintindex": 0},
				"west": {"uv": [6.25, 4.5, 7.25, 7.5], "texture": "#1", "tintindex": 0},
				"up": {"uv": [4.25, 5.75, 7.75, 4.75], "texture": "#1", "tintindex": 0}
			}
		},
		{
			"from": [0.001, 5.001, 12.001],
			"to": [13.999, 11.999, 15.999],
			"faces": {
				"south": {"uv": [0, 7, 13.998, 13.998], "texture": "#2"}
			}
		},
		{
			"from": [1, 0, 1],
			"to": [4, 4, 4],
			"faces": {
				"north": {"uv": [0, 0, 3, 4], "texture": "#2"},
				"east": {"uv": [0, 0, 3, 4], "texture": "#2"},
				"south": {"uv": [0, 0, 3, 4], "texture": "#2"},
				"west": {"uv": [0, 0, 3, 4], "texture": "#2"}
			}
		},
		{
			"from": [1, 0, 12],
			"to": [4, 4, 15],
			"faces": {
				"north": {"uv": [0, 0, 3, 4], "texture": "#2"},
				"east": {"uv": [0, 0, 3, 4], "texture": "#2"},
				"south": {"uv": [0, 0, 3, 4], "texture": "#2"},
				"west": {"uv": [0, 0, 3, 4], "texture": "#2"}
			}
		},
		{
			"from": [12, 0, 12],
			"to": [15, 4, 15],
			"faces": {
				"north": {"uv": [0, 0, 3, 4], "texture": "#2"},
				"east": {"uv": [0, 0, 3, 4], "texture": "#2"},
				"south": {"uv": [0, 0, 3, 4], "texture": "#2"},
				"west": {"uv": [0, 0, 3, 4], "texture": "#2"}
			}
		},
		{
			"from": [12, 0, 1],
			"to": [15, 4, 4],
			"faces": {
				"north": {"uv": [0, 0, 3, 4], "texture": "#2"},
				"east": {"uv": [0, 0, 3, 4], "texture": "#2"},
				"south": {"uv": [0, 0, 3, 4], "texture": "#2"},
				"west": {"uv": [0, 0, 3, 4], "texture": "#2"}
			}
		}
	],
	"display": {
		"thirdperson_righthand": {
			"rotation": [57, 0, 0],
			"translation": [0, 2, 1],
			"scale": [0.2, 0.2, 0.2]
		},
		"firstperson_righthand": {
			"rotation": [0, 50, 0],
			"translation": [6, 0, -4],
			"scale": [0.79, 0.79, 0.79]
		},
		"ground": {
			"scale": [0.4, 0.4, 0.4]
		},
		"gui": {
			"rotation": [30, 130, 0],
			"translation": [0, -0.25, 0],
			"scale": [0.6, 0.6, 0.6]
		},
		"fixed": {
			"rotation": [-90, 0, 0],
			"translation": [0, 0, -16],
			"scale": [2, 2, 2]
		}
	}
}