{
	"credit": "Made with Blockbench",
	"textures": {
		"0": "item/decorations/coinpile",
		"particle": "item/decorations/coinpile"
	},
	"elements": [
		{
			"from": [5, 0, 7.75],
			"to": [8, 8, 10.75],
			"faces": {
				"north": {"uv": [3, 0, 6, 8], "texture": "#0"},
				"east": {"uv": [3, 0, 6, 8], "texture": "#0"},
				"south": {"uv": [3, 0, 6, 8], "texture": "#0"},
				"west": {"uv": [3, 0, 6, 8], "texture": "#0"},
				"up": {"uv": [3, 12, 6, 15], "texture": "#0"}
			}
		},
		{
			"from": [9, 0, 9.75],
			"to": [12, 5, 12.75],
			"faces": {
				"north": {"uv": [0, 0, 3, 5], "texture": "#0"},
				"east": {"uv": [0, 0, 3, 5], "texture": "#0"},
				"south": {"uv": [0, 0, 3, 5], "texture": "#0"},
				"west": {"uv": [0, 0, 3, 5], "texture": "#0"},
				"up": {"uv": [0, 12, 3, 15], "texture": "#0"}
			}
		},
		{
			"from": [4, 9.2, 5.95],
			"to": [7, 10.2, 8.95],
			"rotation": {"angle": 45, "axis": "x", "origin": [0, 0, -0.25]},
			"faces": {
				"north": {"uv": [3, 13, 0, 14], "texture": "#0"},
				"east": {"uv": [0, 13, 3, 14], "texture": "#0"},
				"south": {"uv": [0, 14, 3, 15], "texture": "#0"},
				"west": {"uv": [3, 14, 0, 15], "texture": "#0"},
				"up": {"uv": [0, 12, 3, 15], "texture": "#0"},
				"down": {"uv": [0, 0, 3, 3], "texture": "#0"}
			}
		},
		{
			"from": [10, 0, -3.25],
			"to": [13, 10, -0.25],
			"rotation": {"angle": -45, "axis": "y", "origin": [0, 0, -0.25]},
			"faces": {
				"north": {"uv": [0, 0, 3, 10], "texture": "#0"},
				"east": {"uv": [0, 0, 3, 10], "texture": "#0"},
				"south": {"uv": [0, 0, 3, 10], "texture": "#0"},
				"west": {"uv": [0, 0, 3, 10], "texture": "#0"},
				"up": {"uv": [0, 12, 3, 15], "texture": "#0"}
			}
		},
		{
			"from": [6, 0, 0.95],
			"to": [9, 6, 3.95],
			"rotation": {"angle": -22.5, "axis": "y", "origin": [0, 0, -0.25]},
			"faces": {
				"north": {"uv": [6, 0, 9, 6], "texture": "#0"},
				"east": {"uv": [6, 0, 9, 6], "texture": "#0"},
				"south": {"uv": [6, 0, 9, 6], "texture": "#0"},
				"west": {"uv": [6, 0, 9, 6], "texture": "#0"},
				"up": {"uv": [6, 12, 9, 15], "texture": "#0"}
			}
		},
		{
			"from": [-2, 0, 6.75],
			"to": [1, 3, 9.75],
			"rotation": {"angle": 22.5, "axis": "y", "origin": [0, 0, -0.25]},
			"faces": {
				"north": {"uv": [6, 0, 9, 3], "texture": "#0"},
				"east": {"uv": [6, 0, 9, 3], "texture": "#0"},
				"south": {"uv": [6, 0, 9, 3], "texture": "#0"},
				"west": {"uv": [6, 0, 9, 3], "texture": "#0"},
				"up": {"uv": [6, 12, 9, 15], "rotation": 90, "texture": "#0"}
			}
		},
		{
			"from": [1.7, 0, 12.95],
			"to": [4.7, 3, 15.95],
			"rotation": {"angle": 45, "axis": "y", "origin": [0, 0, -0.25]},
			"faces": {
				"north": {"uv": [6, 0, 9, 3], "texture": "#0"},
				"east": {"uv": [6, 0, 9, 3], "texture": "#0"},
				"south": {"uv": [6, 0, 9, 3], "texture": "#0"},
				"west": {"uv": [6, 0, 9, 3], "texture": "#0"},
				"up": {"uv": [6, 12, 9, 15], "rotation": 90, "texture": "#0"}
			}
		}
	],
	"display": {
		"fixed": {
			"rotation": [-90, 0, 0],
			"translation": [0, 0, -16],
			"scale": [2, 2, 2]
		}
	}
}