{
	"textures":{
		"1":"item/expeditions/door_barrier_overlay1",
		"2":"item/expeditions/door_barrier_overlay2",
		"3":"item/expeditions/door_barrier_symbols"
	},
	"elements":[
		{
			"from":[-14.5,10.5,16],
			"to":[5.5,30.5,16],
			"rotation":{"angle":45,"axis":"z","origin":[8,8,16]},
			"faces":{
				"north":{"uv":[16,16,0,0],"texture":"#2","tintindex":0},
				"south":{"uv":[16,0,0,16],"rotation":180,"texture":"#2"}
			}
		},
		{
			"from":[10.5,10.5,16],
			"to":[30.5,30.5,16],
			"rotation":{"angle":45,"axis":"z","origin":[8,8,16]},
			"faces":{
				"north":{"uv":[0,16,16,0],"texture":"#2","tintindex":0},
				"south":{"uv":[16,0,0,16],"rotation":270,"texture":"#2"}
			}
		},
		{
			"from":[5.5,10.5,16],
			"to":[10.5,30.5,16],
			"rotation":{"angle":45,"axis":"z","origin":[8,8,16]},
			"faces":{
				"north":{"uv":[16,16,12,0],"texture":"#1","tintindex":0},
				"south":{"uv":[16,16,12,0],"texture":"#1"}
			}
		},
		{
			"from":[-14.5,-14.5,16],
			"to":[5.5,5.5,16],
			"rotation":{"angle":45,"axis":"z","origin":[8,8,16]},
			"faces":{
				"north":{"uv":[16,0,0,16],"texture":"#2","tintindex":0},
				"south":{"uv":[16,16,0,0],"rotation":180,"texture":"#2"}
			}
		},
		{
			"from":[5.5,-14.5,16],
			"to":[10.5,5.5,16],
			"rotation":{"angle":45,"axis":"z","origin":[8,8,16]},
			"faces":{
				"north":{"uv":[16,0,12,16],"texture":"#1","tintindex":0},
				"south":{"uv":[16,0,12,16],"texture":"#1"}
			}
		},
		{
			"from":[10.5,-14.5,16],
			"to":[30.5,5.5,16],
			"rotation":{"angle":45,"axis":"z","origin":[8,8,16]},
			"faces":{
				"north":{"uv":[0,0,16,16],"texture":"#2","tintindex":0},
				"south":{"uv":[16,16,0,0],"rotation":90,"texture":"#2"}
			}
		},
		{
			"from":[-14.5,5.5,16],
			"to":[5.5,10.5,16],
			"rotation":{"angle":45,"axis":"z","origin":[8,8,16]},
			"faces":{
				"north":{"uv":[16,0,0,4],"texture":"#1","tintindex":0},
				"south":{"uv":[0,4,16,0],"texture":"#1"}
			}
		},
		{
			"from":[5.5,5.5,16],
			"to":[10.5,10.5,16],
			"rotation":{"angle":45,"axis":"z","origin":[8,8,16]},
			"faces":{
				"north":{"uv":[16,0,12,4],"texture":"#1","tintindex":0},
				"south":{"uv":[16,4,12,0],"texture":"#1"}
			}
		},
		{
			"from":[10.5,5.5,16],
			"to":[30.5,10.5,16],
			"rotation":{"angle":45,"axis":"z","origin":[8,8,16]},
			"faces":{
				"north":{"uv":[0,0,16,4],"texture":"#1","tintindex":0},
				"south":{"uv":[16,0,0,4],"texture":"#1"}
			}
		},
		{
			"from":[-2,-2,16],
			"to":[18,18,16],
			"rotation":{"angle":0,"axis":"z","origin":[8,8,16]},
			"faces":{
				"north":{"uv":[0,0,16,16],"texture":"#3","tintindex":0},
				"south":{"uv":[16,0,0,16],"texture":"#3","tintindex":0}
			}
		}
	],
	"display":{
		"fixed":{
			"rotation":[-90,0,0],
			"translation":[0,0,-48],
			"scale":[2,2,2]
		}
	}
}