{
	"credit": "Made with Blockbench",
	"texture_size": [32, 32],
	"textures": {
		"0": "item/decorations/bone_pile",
		"1": "item/decorations/bone_pile_b",
		"particle": "item/decorations/bone_pile"
	},
	"elements": [
		{
			"from": [8, -4, -16],
			"to": [16, 2, -7],
			"rotation": {"angle": 22.5, "axis": "x", "origin": [4, 0, 0]},
			"faces": {
				"north": {"uv": [0, 5, 4, 8], "texture": "#0", "tintindex": 0},
				"east": {"uv": [0, 7.5, 4.5, 10.5], "texture": "#0", "tintindex": 0},
				"south": {"uv": [4, 4.5, 8, 7.5], "texture": "#0", "tintindex": 0},
				"west": {"uv": [0, 7.5, 4.5, 10.5], "texture": "#0", "tintindex": 0},
				"up": {"uv": [0, 0, 4, 4.5], "texture": "#0", "tintindex": 0},
				"down": {"uv": [4, 0, 8, 4.5], "texture": "#0", "tintindex": 0}
			}
		},
		{
			"from": [10, -6, -16],
			"to": [14, -4, -11],
			"rotation": {"angle": 22.5, "axis": "x", "origin": [4, 0, 0]},
			"faces": {
				"north": {"uv": [7, 8, 8, 10], "rotation": 90, "texture": "#0", "tintindex": 0},
				"east": {"uv": [7, 10, 8, 7.5], "rotation": 90, "texture": "#0", "tintindex": 0},
				"south": {"uv": [4.5, 8.5, 6.5, 9.5], "texture": "#0", "tintindex": 0},
				"west": {"uv": [7, 7.5, 8, 10], "rotation": 90, "texture": "#0", "tintindex": 0},
				"down": {"uv": [4.5, 9.5, 6.5, 7], "texture": "#0", "tintindex": 0}
			}
		},
		{
			"from": [4, 10, -11],
			"to": [8, 12, -6],
			"rotation": {"angle": 22.5, "axis": "x", "origin": [4, 0, 0]},
			"faces": {
				"north": {"uv": [7, 8, 8, 10], "rotation": 90, "texture": "#0", "tintindex": 0},
				"east": {"uv": [7, 10, 8, 7.5], "rotation": 90, "texture": "#0", "tintindex": 0},
				"south": {"uv": [4.5, 8.5, 6.5, 9.5], "texture": "#0", "tintindex": 0},
				"west": {"uv": [7, 7.5, 8, 10], "rotation": 90, "texture": "#0", "tintindex": 0},
				"down": {"uv": [4.5, 9.5, 6.5, 7], "texture": "#0", "tintindex": 0}
			}
		},
		{
			"from": [2, 12, -11],
			"to": [10, 18, -2],
			"rotation": {"angle": 22.5, "axis": "x", "origin": [4, 0, 0]},
			"faces": {
				"north": {"uv": [0, 5, 4, 8], "texture": "#0", "tintindex": 0},
				"east": {"uv": [0, 7.5, 4.5, 10.5], "texture": "#0", "tintindex": 0},
				"south": {"uv": [4, 4.5, 8, 7.5], "texture": "#0", "tintindex": 0},
				"west": {"uv": [0, 7.5, 4.5, 10.5], "texture": "#0", "tintindex": 0},
				"up": {"uv": [0, 0, 4, 4.5], "texture": "#0", "tintindex": 0},
				"down": {"uv": [4, 0, 8, 4.5], "texture": "#0", "tintindex": 0}
			}
		},
		{
			"from": [8, 8, -15],
			"to": [15, 13, -7],
			"rotation": {"angle": -22.5, "axis": "y", "origin": [4, 0, 0]},
			"faces": {
				"north": {"uv": [8, 4, 11.5, 6.5], "texture": "#0", "tintindex": 0},
				"east": {"uv": [8, 6.5, 12, 9], "texture": "#0", "tintindex": 0},
				"south": {"uv": [11.5, 4, 15, 6.5], "texture": "#0", "tintindex": 0},
				"west": {"uv": [8, 6.5, 12, 9], "texture": "#0", "tintindex": 0},
				"up": {"uv": [8, 0, 11.5, 4], "texture": "#0", "tintindex": 0},
				"down": {"uv": [11.5, 0, 15, 4], "texture": "#0", "tintindex": 0}
			}
		},
		{
			"from": [-5, 7.5, -11],
			"to": [2, 12.5, -3],
			"rotation": {"angle": 45, "axis": "y", "origin": [4, 0, 0]},
			"faces": {
				"north": {"uv": [8, 4.5, 11.5, 7], "texture": "#0", "tintindex": 0},
				"east": {"uv": [8, 6.5, 12, 9], "texture": "#0", "tintindex": 0},
				"south": {"uv": [11.5, 4, 15, 6.5], "texture": "#0", "tintindex": 0},
				"west": {"uv": [8, 6.5, 12, 9], "texture": "#0", "tintindex": 0},
				"up": {"uv": [8, 0, 11.5, 4], "texture": "#0", "tintindex": 0},
				"down": {"uv": [11.5, 0, 15, 4], "texture": "#0", "tintindex": 0}
			}
		},
		{
			"from": [10, 6, -15],
			"to": [13, 8, -11],
			"rotation": {"angle": -22.5, "axis": "y", "origin": [4, 0, 0]},
			"faces": {
				"north": {"uv": [12, 6.5, 13.5, 7.5], "texture": "#0", "tintindex": 0},
				"east": {"uv": [15, 5.5, 13, 6.5], "texture": "#0", "tintindex": 0},
				"south": {"uv": [12, 8.5, 13.5, 9.5], "texture": "#0", "tintindex": 0},
				"west": {"uv": [13, 5.5, 15, 6.5], "texture": "#0", "tintindex": 0},
				"down": {"uv": [12, 9.5, 13.5, 7.5], "texture": "#0", "tintindex": 0}
			}
		},
		{
			"from": [25, -8, -16],
			"to": [32, -3, -8],
			"rotation": {"angle": 22.5, "axis": "x", "origin": [4, 0, 0]},
			"faces": {
				"north": {"uv": [8, 4, 11.5, 6.5], "texture": "#0", "tintindex": 0},
				"east": {"uv": [8, 6.5, 12, 9], "texture": "#0", "tintindex": 0},
				"south": {"uv": [11.5, 4, 15, 6.5], "texture": "#0", "tintindex": 0},
				"west": {"uv": [8, 6.5, 12, 9], "texture": "#0", "tintindex": 0},
				"up": {"uv": [8, 0, 11.5, 4], "texture": "#0", "tintindex": 0},
				"down": {"uv": [11.5, 0, 15, 4], "texture": "#0", "tintindex": 0}
			}
		},
		{
			"from": [8, 18, -9],
			"to": [11, 20, -5],
			"rotation": {"angle": 22.5, "axis": "x", "origin": [4, 2, 0]},
			"faces": {
				"north": {"uv": [12, 6.5, 13.5, 7.5], "texture": "#0", "tintindex": 0},
				"east": {"uv": [15, 5.5, 13, 6.5], "texture": "#0", "tintindex": 0},
				"south": {"uv": [12, 8.5, 13.5, 9.5], "texture": "#0", "tintindex": 0},
				"west": {"uv": [13, 5.5, 15, 6.5], "texture": "#0", "tintindex": 0},
				"down": {"uv": [12, 9.5, 13.5, 7.5], "texture": "#0", "tintindex": 0}
			}
		},
		{
			"from": [6, 20, -9],
			"to": [13, 25, -1],
			"rotation": {"angle": 22.5, "axis": "x", "origin": [4, 2, 0]},
			"faces": {
				"north": {"uv": [8, 4, 11.5, 6.5], "texture": "#0", "tintindex": 0},
				"east": {"uv": [8, 6.5, 12, 9], "texture": "#0", "tintindex": 0},
				"south": {"uv": [11.5, 4, 15, 6.5], "texture": "#0", "tintindex": 0},
				"west": {"uv": [8, 6.5, 12, 9], "texture": "#0", "tintindex": 0},
				"up": {"uv": [8, 0, 11.5, 4], "texture": "#0", "tintindex": 0},
				"down": {"uv": [11.5, 0, 15, 4], "texture": "#0", "tintindex": 0}
			}
		},
		{
			"from": [-3, 12, -8],
			"to": [0, 14, -4],
			"rotation": {"angle": 45, "axis": "y", "origin": [4, 0, 0]},
			"faces": {
				"north": {"uv": [12, 6.5, 13.5, 7.5], "texture": "#0", "tintindex": 0},
				"east": {"uv": [15, 5.5, 13, 6.5], "texture": "#0", "tintindex": 0},
				"west": {"uv": [13, 5.5, 15, 6.5], "texture": "#0", "tintindex": 0},
				"down": {"uv": [12, 9.5, 13.5, 7.5], "texture": "#0", "tintindex": 0}
			}
		},
		{
			"from": [-5, 14, -8],
			"to": [2, 19, 0],
			"rotation": {"angle": 45, "axis": "y", "origin": [4, 0, 0]},
			"faces": {
				"north": {"uv": [8, 4, 11.5, 6.5], "texture": "#0", "tintindex": 0},
				"east": {"uv": [8, 6.5, 12, 9], "texture": "#0", "tintindex": 0},
				"south": {"uv": [11.5, 4, 15, 6.5], "texture": "#0", "tintindex": 0},
				"west": {"uv": [8, 6.5, 12, 9], "texture": "#0", "tintindex": 0},
				"up": {"uv": [8, 0, 11.5, 4], "texture": "#0", "tintindex": 0},
				"down": {"uv": [11.5, 0, 15, 4], "texture": "#0", "tintindex": 0}
			}
		},
		{
			"from": [-14, 4, 13],
			"to": [-6, 9, 20],
			"rotation": {"angle": -45, "axis": "z", "origin": [4, 0, 0]},
			"faces": {
				"north": {"uv": [8, 6.5, 12, 9], "texture": "#0", "tintindex": 0},
				"east": {"uv": [11.5, 4, 15, 6.5], "texture": "#0", "tintindex": 0},
				"south": {"uv": [8, 6.5, 12, 9], "texture": "#0", "tintindex": 0},
				"west": {"uv": [8, 4, 11.5, 6.5], "texture": "#0", "tintindex": 0},
				"up": {"uv": [8, 0, 11.5, 4], "rotation": 270, "texture": "#0", "tintindex": 0},
				"down": {"uv": [11.5, 0, 15, 4], "rotation": 90, "texture": "#0", "tintindex": 0}
			}
		},
		{
			"from": [24, 5.5, 12.9],
			"to": [28, 7.5, 15.9],
			"rotation": {"angle": 0, "axis": "x", "origin": [12, 0, 1]},
			"faces": {
				"north": {"uv": [13, 5.5, 15, 6.5], "texture": "#0", "tintindex": 0},
				"east": {"uv": [13.5, 6.5, 12, 7.5], "texture": "#0", "tintindex": 0},
				"south": {"uv": [15, 5.5, 13, 6.5], "texture": "#0", "tintindex": 0},
				"west": {"uv": [13.5, 8.5, 12, 9.5], "texture": "#0", "tintindex": 0},
				"down": {"uv": [12, 7.5, 13.5, 9.5], "rotation": 90, "texture": "#0", "tintindex": 0}
			}
		},
		{
			"from": [20, 7.5, 10.9],
			"to": [28, 12.5, 17.9],
			"rotation": {"angle": 0, "axis": "x", "origin": [12, 0, 1]},
			"faces": {
				"north": {"uv": [12, 6.5, 8, 9], "texture": "#0", "tintindex": 0},
				"east": {"uv": [11.5, 4, 8, 6.5], "texture": "#0", "tintindex": 0},
				"south": {"uv": [12, 6.5, 8, 9], "texture": "#0", "tintindex": 0},
				"west": {"uv": [15, 4, 11.5, 6.5], "texture": "#0", "tintindex": 0},
				"up": {"uv": [8, 4, 11.5, 0], "rotation": 270, "texture": "#0", "tintindex": 0},
				"down": {"uv": [11.5, 4, 15, 0], "rotation": 90, "texture": "#0", "tintindex": 0}
			}
		},
		{
			"from": [10, 3, -10],
			"to": [13, 5, -6],
			"rotation": {"angle": 22.5, "axis": "z", "origin": [4, 0, 0]},
			"faces": {
				"north": {"uv": [12, 6.5, 13.5, 7.5], "texture": "#0", "tintindex": 0},
				"east": {"uv": [15, 5.5, 13, 6.5], "texture": "#0", "tintindex": 0},
				"south": {"uv": [12, 8.5, 13.5, 9.5], "texture": "#0", "tintindex": 0},
				"west": {"uv": [13, 5.5, 15, 6.5], "texture": "#0", "tintindex": 0},
				"down": {"uv": [12, 9.5, 13.5, 7.5], "texture": "#0", "tintindex": 0}
			}
		},
		{
			"from": [8, 5, -10],
			"to": [15, 10, -2],
			"rotation": {"angle": 22.5, "axis": "z", "origin": [4, 0, 0]},
			"faces": {
				"north": {"uv": [8, 4, 11.5, 6.5], "texture": "#0", "tintindex": 0},
				"east": {"uv": [8, 6.5, 12, 9], "texture": "#0", "tintindex": 0},
				"south": {"uv": [11.5, 4, 15, 6.5], "texture": "#0", "tintindex": 0},
				"west": {"uv": [8, 6.5, 12, 9], "texture": "#0", "tintindex": 0},
				"up": {"uv": [8, 0, 11.5, 4], "texture": "#0", "tintindex": 0},
				"down": {"uv": [11.5, 0, 15, 4], "texture": "#0", "tintindex": 0}
			}
		},
		{
			"from": [-1, 0, -13],
			"to": [3, 2, -8],
			"rotation": {"angle": 45, "axis": "y", "origin": [4, 0, 0]},
			"faces": {
				"north": {"uv": [7, 8, 8, 10], "rotation": 90, "texture": "#0", "tintindex": 0},
				"east": {"uv": [7, 10, 8, 7.5], "rotation": 90, "texture": "#0", "tintindex": 0},
				"west": {"uv": [7, 7.5, 8, 10], "rotation": 90, "texture": "#0", "tintindex": 0},
				"down": {"uv": [4.5, 9.5, 6.5, 7], "texture": "#0", "tintindex": 0}
			}
		},
		{
			"from": [-3, 2, -13],
			"to": [5, 8, -4],
			"rotation": {"angle": 45, "axis": "y", "origin": [4, 0, 0]},
			"faces": {
				"north": {"uv": [0, 5, 4, 8], "texture": "#0", "tintindex": 0},
				"east": {"uv": [0, 7.5, 4.5, 10.5], "texture": "#0", "tintindex": 0},
				"south": {"uv": [4, 4.5, 8, 7.5], "texture": "#0", "tintindex": 0},
				"west": {"uv": [0, 7.5, 4.5, 10.5], "texture": "#0", "tintindex": 0},
				"up": {"uv": [0, 0, 4, 4.5], "texture": "#0", "tintindex": 0},
				"down": {"uv": [4, 0, 8, 4.5], "texture": "#0", "tintindex": 0}
			}
		},
		{
			"from": [1, 5, -9],
			"to": [5, 7, -4],
			"rotation": {"angle": 22.5, "axis": "y", "origin": [4, 0, 0]},
			"faces": {
				"north": {"uv": [7, 8, 8, 10], "rotation": 90, "texture": "#0", "tintindex": 0},
				"east": {"uv": [7, 10, 8, 7.5], "rotation": 90, "texture": "#0", "tintindex": 0},
				"south": {"uv": [4.5, 8.5, 6.5, 9.5], "texture": "#0", "tintindex": 0},
				"west": {"uv": [7, 7.5, 8, 10], "rotation": 90, "texture": "#0", "tintindex": 0},
				"down": {"uv": [4.5, 9.5, 6.5, 7], "texture": "#0", "tintindex": 0}
			}
		},
		{
			"from": [-1, 7, -9],
			"to": [7, 13, 0],
			"rotation": {"angle": 22.5, "axis": "y", "origin": [4, 0, 0]},
			"faces": {
				"north": {"uv": [0, 5, 4, 8], "texture": "#0", "tintindex": 0},
				"east": {"uv": [0, 7.5, 4.5, 10.5], "texture": "#0", "tintindex": 0},
				"south": {"uv": [4, 4.5, 8, 7.5], "texture": "#0", "tintindex": 0},
				"west": {"uv": [0, 7.5, 4.5, 10.5], "texture": "#0", "tintindex": 0},
				"up": {"uv": [0, 0, 4, 4.5], "texture": "#0", "tintindex": 0},
				"down": {"uv": [4, 0, 8, 4.5], "texture": "#0", "tintindex": 0}
			}
		},
		{
			"from": [17.74447, 0, -12.17528],
			"to": [21.74447, 2, -7.17528],
			"rotation": {"angle": -22.5, "axis": "y", "origin": [18, 0, -6]},
			"faces": {
				"north": {"uv": [7, 8, 8, 10], "rotation": 90, "texture": "#0", "tintindex": 0},
				"east": {"uv": [7, 10, 8, 7.5], "rotation": 90, "texture": "#0", "tintindex": 0},
				"west": {"uv": [7, 7.5, 8, 10], "rotation": 90, "texture": "#0", "tintindex": 0}
			}
		},
		{
			"from": [15.74447, 2, -12.17528],
			"to": [23.74447, 8, -3.17528],
			"rotation": {"angle": -22.5, "axis": "y", "origin": [18, 0, -6]},
			"faces": {
				"north": {"uv": [0, 5, 4, 8], "texture": "#0", "tintindex": 0},
				"east": {"uv": [0, 7.5, 4.5, 10.5], "texture": "#0", "tintindex": 0},
				"south": {"uv": [4, 4.5, 8, 7.5], "texture": "#0", "tintindex": 0},
				"west": {"uv": [0, 7.5, 4.5, 10.5], "texture": "#0", "tintindex": 0},
				"up": {"uv": [0, 0, 4, 4.5], "texture": "#0", "tintindex": 0},
				"down": {"uv": [4, 0, 8, 4.5], "texture": "#0", "tintindex": 0}
			}
		},
		{
			"from": [14.74447, 23, 5.82472],
			"to": [18.74447, 25, 10.82472],
			"rotation": {"angle": -22.5, "axis": "y", "origin": [18, 0, -6]},
			"faces": {
				"north": {"uv": [7, 8, 8, 10], "rotation": 90, "texture": "#0", "tintindex": 0},
				"east": {"uv": [7, 10, 8, 7.5], "rotation": 90, "texture": "#0", "tintindex": 0},
				"south": {"uv": [4.5, 8.5, 6.5, 9.5], "texture": "#0", "tintindex": 0},
				"west": {"uv": [7, 7.5, 8, 10], "rotation": 90, "texture": "#0", "tintindex": 0},
				"down": {"uv": [4.5, 9.5, 6.5, 7], "texture": "#0", "tintindex": 0}
			}
		},
		{
			"from": [12.74447, 25, 5.82472],
			"to": [20.74447, 31, 14.82472],
			"rotation": {"angle": -22.5, "axis": "y", "origin": [18, 0, -6]},
			"faces": {
				"north": {"uv": [0, 5, 4, 8], "texture": "#0", "tintindex": 0},
				"east": {"uv": [0, 7.5, 4.5, 10.5], "texture": "#0", "tintindex": 0},
				"south": {"uv": [4, 4.5, 8, 7.5], "texture": "#0", "tintindex": 0},
				"west": {"uv": [0, 7.5, 4.5, 10.5], "texture": "#0", "tintindex": 0},
				"up": {"uv": [0, 0, 4, 4.5], "texture": "#0", "tintindex": 0},
				"down": {"uv": [4, 0, 8, 4.5], "texture": "#0", "tintindex": 0}
			}
		},
		{
			"from": [-4.25553, 19, -7.17528],
			"to": [3.74447, 25, 1.82472],
			"rotation": {"angle": 22.5, "axis": "y", "origin": [18, 2, -6]},
			"faces": {
				"north": {"uv": [0, 5, 4, 8], "texture": "#0", "tintindex": 0},
				"east": {"uv": [0, 7.5, 4.5, 10.5], "texture": "#0", "tintindex": 0},
				"south": {"uv": [4, 4.5, 8, 7.5], "texture": "#0", "tintindex": 0},
				"west": {"uv": [0, 7.5, 4.5, 10.5], "texture": "#0", "tintindex": 0},
				"up": {"uv": [0, 0, 4, 4.5], "texture": "#0", "tintindex": 0},
				"down": {"uv": [4, 0, 8, 4.5], "texture": "#0", "tintindex": 0}
			}
		},
		{
			"from": [12.74447, 13, -6.17528],
			"to": [20.74447, 19, 2.82472],
			"rotation": {"angle": -22.5, "axis": "y", "origin": [18, 0, -6]},
			"faces": {
				"north": {"uv": [0, 5, 4, 8], "texture": "#0", "tintindex": 0},
				"east": {"uv": [0, 7.5, 4.5, 10.5], "texture": "#0", "tintindex": 0},
				"south": {"uv": [4, 4.5, 8, 7.5], "texture": "#0", "tintindex": 0},
				"west": {"uv": [0, 7.5, 4.5, 10.5], "texture": "#0", "tintindex": 0},
				"up": {"uv": [0, 0, 4, 4.5], "texture": "#0", "tintindex": 0},
				"down": {"uv": [4, 0, 8, 4.5], "texture": "#0", "tintindex": 0}
			}
		},
		{
			"from": [21.74447, 5.5, -12.17528],
			"to": [25.74447, 7.5, -7.17528],
			"rotation": {"angle": -45, "axis": "y", "origin": [18, 0, -6]},
			"faces": {
				"north": {"uv": [7, 8, 8, 10], "rotation": 90, "texture": "#0", "tintindex": 0},
				"east": {"uv": [7, 10, 8, 7.5], "rotation": 90, "texture": "#0", "tintindex": 0},
				"south": {"uv": [4.5, 8.5, 6.5, 9.5], "texture": "#0", "tintindex": 0},
				"west": {"uv": [7, 7.5, 8, 10], "rotation": 90, "texture": "#0", "tintindex": 0},
				"down": {"uv": [4.5, 9.5, 6.5, 7], "texture": "#0", "tintindex": 0}
			}
		},
		{
			"from": [19.74447, 7.5, -12.17528],
			"to": [27.74447, 13.5, -3.17528],
			"rotation": {"angle": -45, "axis": "y", "origin": [18, 0, -6]},
			"faces": {
				"north": {"uv": [0, 5, 4, 8], "texture": "#0", "tintindex": 0},
				"east": {"uv": [0, 7.5, 4.5, 10.5], "texture": "#0", "tintindex": 0},
				"south": {"uv": [4, 4.5, 8, 7.5], "texture": "#0", "tintindex": 0},
				"west": {"uv": [0, 7.5, 4.5, 10.5], "texture": "#0", "tintindex": 0},
				"up": {"uv": [0, 0, 4, 4.5], "texture": "#0", "tintindex": 0},
				"down": {"uv": [4, 0, 8, 4.5], "texture": "#0", "tintindex": 0}
			}
		},
		{
			"from": [2, 0, -13],
			"to": [10, 6, -4],
			"rotation": {"angle": 22.5, "axis": "y", "origin": [4, 0, 0]},
			"faces": {
				"north": {"uv": [0, 5, 4, 8], "texture": "#0", "tintindex": 0},
				"east": {"uv": [0, 7.5, 4.5, 10.5], "texture": "#0", "tintindex": 0},
				"south": {"uv": [4, 4.5, 8, 7.5], "texture": "#0", "tintindex": 0},
				"west": {"uv": [0, 7.5, 4.5, 10.5], "texture": "#0", "tintindex": 0},
				"up": {"uv": [0, 0, 4, 4.5], "texture": "#0", "tintindex": 0},
				"down": {"uv": [4, 0, 8, 4.5], "texture": "#0", "tintindex": 0}
			}
		},
		{
			"from": [27, -13, 8],
			"to": [32, -11, 12],
			"rotation": {"angle": 22.5, "axis": "z", "origin": [0, 0, 17]},
			"faces": {
				"north": {"uv": [7, 7.5, 8, 10], "rotation": 90, "texture": "#0", "tintindex": 0},
				"east": {"uv": [7, 10, 8, 8], "rotation": 90, "texture": "#0", "tintindex": 0},
				"south": {"uv": [7, 10, 8, 7.5], "rotation": 90, "texture": "#0", "tintindex": 0},
				"west": {"uv": [6.5, 8.5, 4.5, 9.5], "texture": "#0", "tintindex": 0},
				"down": {"uv": [4.5, 7, 6.5, 9.5], "rotation": 90, "texture": "#0", "tintindex": 0}
			}
		},
		{
			"from": [23, -11, 6],
			"to": [32, -5, 14],
			"rotation": {"angle": 22.5, "axis": "z", "origin": [0, 0, 17]},
			"faces": {
				"north": {"uv": [4.5, 7.5, 0, 10.5], "texture": "#0", "tintindex": 0},
				"east": {"uv": [4, 5, 0, 8], "texture": "#0", "tintindex": 0},
				"south": {"uv": [4.5, 7.5, 0, 10.5], "texture": "#0", "tintindex": 0},
				"west": {"uv": [8, 4.5, 4, 7.5], "texture": "#0", "tintindex": 0},
				"up": {"uv": [0, 4.5, 4, 0], "rotation": 270, "texture": "#0", "tintindex": 0},
				"down": {"uv": [4, 4.5, 8, 0], "rotation": 90, "texture": "#0", "tintindex": 0}
			}
		},
		{
			"from": [21, 11, 3],
			"to": [26, 13, 7],
			"rotation": {"angle": 22.5, "axis": "z", "origin": [0, 2, 17]},
			"faces": {
				"north": {"uv": [7, 7.5, 8, 10], "rotation": 90, "texture": "#0", "tintindex": 0},
				"east": {"uv": [7, 10, 8, 8], "rotation": 90, "texture": "#0", "tintindex": 0},
				"south": {"uv": [7, 10, 8, 7.5], "rotation": 90, "texture": "#0", "tintindex": 0},
				"west": {"uv": [6.5, 8.5, 4.5, 9.5], "texture": "#0", "tintindex": 0},
				"down": {"uv": [4.5, 7, 6.5, 9.5], "rotation": 90, "texture": "#0", "tintindex": 0}
			}
		},
		{
			"from": [17, 13, 1],
			"to": [26, 19, 9],
			"rotation": {"angle": 22.5, "axis": "z", "origin": [0, 2, 17]},
			"faces": {
				"north": {"uv": [4.5, 7.5, 0, 10.5], "texture": "#0", "tintindex": 0},
				"east": {"uv": [4, 5, 0, 8], "texture": "#0", "tintindex": 0},
				"south": {"uv": [4.5, 7.5, 0, 10.5], "texture": "#0", "tintindex": 0},
				"west": {"uv": [8, 4.5, 4, 7.5], "texture": "#0", "tintindex": 0},
				"up": {"uv": [0, 4.5, 4, 0], "rotation": 270, "texture": "#0", "tintindex": 0},
				"down": {"uv": [4, 4.5, 8, 0], "rotation": 90, "texture": "#0", "tintindex": 0}
			}
		},
		{
			"from": [20, -6, 9],
			"to": [29, 0, 17],
			"rotation": {"angle": 45, "axis": "z", "origin": [0, 0, 17]},
			"faces": {
				"north": {"uv": [4.5, 7.5, 0, 10.5], "texture": "#0", "tintindex": 0},
				"east": {"uv": [4, 5, 0, 8], "texture": "#0", "tintindex": 0},
				"south": {"uv": [4.5, 7.5, 0, 10.5], "texture": "#0", "tintindex": 0},
				"west": {"uv": [8, 4.5, 4, 7.5], "texture": "#0", "tintindex": 0},
				"up": {"uv": [0, 4.5, 4, 0], "rotation": 270, "texture": "#0", "tintindex": 0},
				"down": {"uv": [4, 4.5, 8, 0], "rotation": 90, "texture": "#0", "tintindex": 0}
			}
		},
		{
			"from": [24, -8, 11],
			"to": [29, -6, 15],
			"rotation": {"angle": 45, "axis": "z", "origin": [0, 0, 17]},
			"faces": {
				"north": {"uv": [7, 7.5, 8, 10], "rotation": 90, "texture": "#0", "tintindex": 0},
				"east": {"uv": [7, 10, 8, 8], "rotation": 90, "texture": "#0", "tintindex": 0},
				"south": {"uv": [7, 10, 8, 7.5], "rotation": 90, "texture": "#0", "tintindex": 0},
				"west": {"uv": [6.5, 8.5, 4.5, 9.5], "texture": "#0", "tintindex": 0},
				"down": {"uv": [4.5, 7, 6.5, 9.5], "rotation": 90, "texture": "#0", "tintindex": 0}
			}
		},
		{
			"from": [23, 3, 3],
			"to": [28, 5, 7],
			"rotation": {"angle": 22.5, "axis": "z", "origin": [0, 0, 17]},
			"faces": {
				"north": {"uv": [7, 7.5, 8, 10], "rotation": 90, "texture": "#0", "tintindex": 0},
				"east": {"uv": [7, 10, 8, 8], "rotation": 90, "texture": "#0", "tintindex": 0},
				"south": {"uv": [7, 10, 8, 7.5], "rotation": 90, "texture": "#0", "tintindex": 0},
				"west": {"uv": [6.5, 8.5, 4.5, 9.5], "texture": "#0", "tintindex": 0},
				"down": {"uv": [4.5, 7, 6.5, 9.5], "rotation": 90, "texture": "#0", "tintindex": 0}
			}
		},
		{
			"from": [19, 5, 1],
			"to": [28, 11, 9],
			"rotation": {"angle": 22.5, "axis": "z", "origin": [0, 0, 17]},
			"faces": {
				"north": {"uv": [4.5, 7.5, 0, 10.5], "texture": "#0", "tintindex": 0},
				"east": {"uv": [4, 5, 0, 8], "texture": "#0", "tintindex": 0},
				"south": {"uv": [4.5, 7.5, 0, 10.5], "texture": "#0", "tintindex": 0},
				"west": {"uv": [8, 4.5, 4, 7.5], "texture": "#0", "tintindex": 0},
				"up": {"uv": [0, 4.5, 4, 0], "rotation": 270, "texture": "#0", "tintindex": 0},
				"down": {"uv": [4, 4.5, 8, 0], "rotation": 90, "texture": "#0", "tintindex": 0}
			}
		},
		{
			"from": [21.39317, 6, 0.98246],
			"to": [30.39317, 12, 8.98246],
			"rotation": {"angle": 22.5, "axis": "y", "origin": [27, 10, 8]},
			"faces": {
				"north": {"uv": [4.5, 7.5, 0, 10.5], "texture": "#0", "tintindex": 0},
				"east": {"uv": [4, 5, 0, 8], "texture": "#0", "tintindex": 0},
				"south": {"uv": [4.5, 7.5, 0, 10.5], "texture": "#0", "tintindex": 0},
				"west": {"uv": [8, 4.5, 4, 7.5], "texture": "#0", "tintindex": 0},
				"up": {"uv": [0, 4.5, 4, 0], "rotation": 270, "texture": "#0", "tintindex": 0},
				"down": {"uv": [4, 4.5, 8, 0], "rotation": 90, "texture": "#0", "tintindex": 0}
			}
		},
		{
			"from": [10.39317, 19.1, 8.98246],
			"to": [19.39317, 25.1, 16.98246],
			"rotation": {"angle": 0, "axis": "y", "origin": [27, 12, 8]},
			"faces": {
				"north": {"uv": [4.5, 7.5, 0, 10.5], "texture": "#0", "tintindex": 0},
				"east": {"uv": [4, 5, 0, 8], "texture": "#0", "tintindex": 0},
				"south": {"uv": [4.5, 7.5, 0, 10.5], "texture": "#0", "tintindex": 0},
				"west": {"uv": [8, 4.5, 4, 7.5], "texture": "#0", "tintindex": 0},
				"up": {"uv": [0, 4.5, 4, 0], "rotation": 270, "texture": "#0", "tintindex": 0},
				"down": {"uv": [4, 4.5, 8, 0], "rotation": 90, "texture": "#0", "tintindex": 0}
			}
		},
		{
			"from": [21.25975, 0, -0.79548],
			"to": [30.25975, 6, 7.20452],
			"rotation": {"angle": 22.5, "axis": "y", "origin": [20, 0, 2]},
			"faces": {
				"north": {"uv": [4.5, 7.5, 0, 10.5], "texture": "#0", "tintindex": 0},
				"east": {"uv": [4, 5, 0, 8], "texture": "#0", "tintindex": 0},
				"south": {"uv": [4.5, 7.5, 0, 10.5], "texture": "#0", "tintindex": 0},
				"west": {"uv": [8, 4.5, 4, 7.5], "texture": "#0", "tintindex": 0},
				"up": {"uv": [0, 4.5, 4, 0], "rotation": 270, "texture": "#0", "tintindex": 0},
				"down": {"uv": [4, 4.5, 8, 0], "rotation": 90, "texture": "#0", "tintindex": 0}
			}
		},
		{
			"from": [-16, 0, 11],
			"to": [-11, 2, 15],
			"rotation": {"angle": 0, "axis": "y", "origin": [16, 0, 16]},
			"faces": {
				"north": {"uv": [7, 10, 8, 7.5], "rotation": 90, "texture": "#0", "tintindex": 0},
				"east": {"uv": [4.5, 8.5, 6.5, 9.5], "texture": "#0", "tintindex": 0},
				"south": {"uv": [7, 7.5, 8, 10], "rotation": 90, "texture": "#0", "tintindex": 0},
				"west": {"uv": [7, 8, 8, 10], "rotation": 90, "texture": "#0", "tintindex": 0},
				"down": {"uv": [4.5, 9.5, 6.5, 7], "rotation": 90, "texture": "#0", "tintindex": 0}
			}
		},
		{
			"from": [-16, 2, 9],
			"to": [-7, 8, 17],
			"rotation": {"angle": 0, "axis": "y", "origin": [16, 0, 16]},
			"faces": {
				"north": {"uv": [0, 7.5, 4.5, 10.5], "texture": "#0", "tintindex": 0},
				"east": {"uv": [4, 4.5, 8, 7.5], "texture": "#0", "tintindex": 0},
				"south": {"uv": [0, 7.5, 4.5, 10.5], "texture": "#0", "tintindex": 0},
				"west": {"uv": [0, 5, 4, 8], "texture": "#0", "tintindex": 0},
				"up": {"uv": [0, 0, 4, 4.5], "rotation": 270, "texture": "#0", "tintindex": 0},
				"down": {"uv": [4, 0, 8, 4.5], "rotation": 90, "texture": "#0", "tintindex": 0}
			}
		},
		{
			"from": [-3, 19, 17],
			"to": [2, 21, 21],
			"rotation": {"angle": -22.5, "axis": "y", "origin": [16, 0, 16]},
			"faces": {
				"north": {"uv": [7, 10, 8, 7.5], "rotation": 90, "texture": "#0", "tintindex": 0},
				"east": {"uv": [4.5, 8.5, 6.5, 9.5], "texture": "#0", "tintindex": 0},
				"south": {"uv": [7, 7.5, 8, 10], "rotation": 90, "texture": "#0", "tintindex": 0},
				"west": {"uv": [7, 8, 8, 10], "rotation": 90, "texture": "#0", "tintindex": 0},
				"down": {"uv": [4.5, 9.5, 6.5, 7], "rotation": 90, "texture": "#0", "tintindex": 0}
			}
		},
		{
			"from": [-3, 21, 15],
			"to": [6, 27, 23],
			"rotation": {"angle": -22.5, "axis": "y", "origin": [16, 0, 16]},
			"faces": {
				"north": {"uv": [0, 7.5, 4.5, 10.5], "texture": "#0", "tintindex": 0},
				"east": {"uv": [4, 4.5, 8, 7.5], "texture": "#0", "tintindex": 0},
				"south": {"uv": [0, 7.5, 4.5, 10.5], "texture": "#0", "tintindex": 0},
				"west": {"uv": [0, 5, 4, 8], "texture": "#0", "tintindex": 0},
				"up": {"uv": [0, 0, 4, 4.5], "rotation": 270, "texture": "#0", "tintindex": 0},
				"down": {"uv": [4, 0, 8, 4.5], "rotation": 90, "texture": "#0", "tintindex": 0}
			}
		},
		{
			"from": [-10, 3, 7],
			"to": [-5, 5, 11],
			"rotation": {"angle": -22.5, "axis": "z", "origin": [16, 0, 16]},
			"faces": {
				"north": {"uv": [7, 10, 8, 7.5], "rotation": 90, "texture": "#0", "tintindex": 0},
				"south": {"uv": [7, 7.5, 8, 10], "rotation": 90, "texture": "#0", "tintindex": 0},
				"west": {"uv": [7, 8, 8, 10], "rotation": 90, "texture": "#0", "tintindex": 0},
				"down": {"uv": [4.5, 9.5, 6.5, 7], "rotation": 90, "texture": "#0", "tintindex": 0}
			}
		},
		{
			"from": [-10, 5, 5],
			"to": [-1, 11, 13],
			"rotation": {"angle": -22.5, "axis": "z", "origin": [16, 0, 16]},
			"faces": {
				"north": {"uv": [0, 7.5, 4.5, 10.5], "texture": "#0", "tintindex": 0},
				"east": {"uv": [4, 4.5, 8, 7.5], "texture": "#0", "tintindex": 0},
				"south": {"uv": [0, 7.5, 4.5, 10.5], "texture": "#0", "tintindex": 0},
				"west": {"uv": [0, 5, 4, 8], "texture": "#0", "tintindex": 0},
				"up": {"uv": [0, 0, 4, 4.5], "rotation": 270, "texture": "#0", "tintindex": 0},
				"down": {"uv": [4, 0, 8, 4.5], "rotation": 90, "texture": "#0", "tintindex": 0}
			}
		},
		{
			"from": [-11, 5, 8],
			"to": [-6, 7, 12],
			"rotation": {"angle": 22.5, "axis": "x", "origin": [16, 0, 16]},
			"faces": {
				"north": {"uv": [7, 10, 8, 7.5], "rotation": 90, "texture": "#0", "tintindex": 0},
				"east": {"uv": [4.5, 8.5, 6.5, 9.5], "texture": "#0", "tintindex": 0},
				"south": {"uv": [7, 7.5, 8, 10], "rotation": 90, "texture": "#0", "tintindex": 0},
				"west": {"uv": [7, 8, 8, 10], "rotation": 90, "texture": "#0", "tintindex": 0},
				"down": {"uv": [4.5, 9.5, 6.5, 7], "rotation": 90, "texture": "#0", "tintindex": 0}
			}
		},
		{
			"from": [-11, 7, 6],
			"to": [-2, 13, 14],
			"rotation": {"angle": 22.5, "axis": "x", "origin": [16, 0, 16]},
			"faces": {
				"north": {"uv": [0, 7.5, 4.5, 10.5], "texture": "#0", "tintindex": 0},
				"east": {"uv": [4, 4.5, 8, 7.5], "texture": "#0", "tintindex": 0},
				"south": {"uv": [0, 7.5, 4.5, 10.5], "texture": "#0", "tintindex": 0},
				"west": {"uv": [0, 5, 4, 8], "texture": "#0", "tintindex": 0},
				"up": {"uv": [0, 0, 4, 4.5], "rotation": 270, "texture": "#0", "tintindex": 0},
				"down": {"uv": [4, 0, 8, 4.5], "rotation": 90, "texture": "#0", "tintindex": 0}
			}
		},
		{
			"from": [-16, 0, 10],
			"to": [-7, 6, 18],
			"rotation": {"angle": -22.5, "axis": "y", "origin": [16, 0, 14]},
			"faces": {
				"north": {"uv": [0, 7.5, 4.5, 10.5], "texture": "#0", "tintindex": 0},
				"east": {"uv": [4, 4.5, 8, 7.5], "texture": "#0", "tintindex": 0},
				"south": {"uv": [0, 7.5, 4.5, 10.5], "texture": "#0", "tintindex": 0},
				"west": {"uv": [0, 5, 4, 8], "texture": "#0", "tintindex": 0},
				"up": {"uv": [0, 0, 4, 4.5], "rotation": 270, "texture": "#0", "tintindex": 0},
				"down": {"uv": [4, 0, 8, 4.5], "rotation": 90, "texture": "#0", "tintindex": 0}
			}
		},
		{
			"from": [-13, -5, 4],
			"to": [-8, -3, 8],
			"rotation": {"angle": -22.5, "axis": "z", "origin": [16, 0, 14]},
			"faces": {
				"north": {"uv": [7, 10, 8, 7.5], "rotation": 90, "texture": "#0", "tintindex": 0},
				"east": {"uv": [4.5, 8.5, 6.5, 9.5], "texture": "#0", "tintindex": 0},
				"south": {"uv": [7, 7.5, 8, 10], "rotation": 90, "texture": "#0", "tintindex": 0},
				"west": {"uv": [7, 8, 8, 10], "rotation": 90, "texture": "#0", "tintindex": 0},
				"down": {"uv": [4.5, 9.5, 6.5, 7], "rotation": 90, "texture": "#0", "tintindex": 0}
			}
		},
		{
			"from": [-13, -3, 2],
			"to": [-4, 3, 10],
			"rotation": {"angle": -22.5, "axis": "z", "origin": [16, 0, 14]},
			"faces": {
				"north": {"uv": [0, 7.5, 4.5, 10.5], "texture": "#0", "tintindex": 0},
				"east": {"uv": [4, 4.5, 8, 7.5], "texture": "#0", "tintindex": 0},
				"south": {"uv": [0, 7.5, 4.5, 10.5], "texture": "#0", "tintindex": 0},
				"west": {"uv": [0, 5, 4, 8], "texture": "#0", "tintindex": 0},
				"up": {"uv": [0, 0, 4, 4.5], "rotation": 270, "texture": "#0", "tintindex": 0},
				"down": {"uv": [4, 0, 8, 4.5], "rotation": 90, "texture": "#0", "tintindex": 0}
			}
		},
		{
			"from": [-15.02303, 11.9791, 3],
			"to": [-1.02303, 14.9791, 6],
			"rotation": {"angle": -22.5, "axis": "z", "origin": [-5, 14, 5]},
			"faces": {
				"north": {"uv": [0, 10.5, 7, 12], "texture": "#0", "tintindex": 0},
				"south": {"uv": [7, 10.5, 0, 12], "texture": "#0", "tintindex": 0},
				"west": {"uv": [13.5, 6.5, 15, 8], "texture": "#0", "tintindex": 0},
				"up": {"uv": [7, 10.5, 0, 12], "texture": "#0", "tintindex": 0},
				"down": {"uv": [0, 10.5, 7, 12], "rotation": 180, "texture": "#0", "tintindex": 0}
			}
		},
		{
			"from": [-15.02303, 13.9791, 6],
			"to": [-8.02303, 13.9791, 9],
			"rotation": {"angle": -22.5, "axis": "z", "origin": [-5, 14, 5]},
			"faces": {
				"up": {"uv": [1.5, 12, 0, 15.5], "rotation": 90, "texture": "#0", "tintindex": 0},
				"down": {"uv": [0, 12, 1.5, 15.5], "rotation": 90, "texture": "#0", "tintindex": 0}
			}
		},
		{
			"from": [-15.02303, 13.9791, 0],
			"to": [-8.02303, 13.9791, 3],
			"rotation": {"angle": -22.5, "axis": "z", "origin": [-5, 14, 5]},
			"faces": {
				"up": {"uv": [0, 12, 1.5, 15.5], "rotation": 90, "texture": "#0", "tintindex": 0},
				"down": {"uv": [1.5, 12, 0, 15.5], "rotation": 90, "texture": "#0", "tintindex": 0}
			}
		},
		{
			"from": [-12.15511, 9.03771, 1.1],
			"to": [3.84489, 24.03771, 16.1],
			"rotation": {"angle": -45, "axis": "z", "origin": [-1.15511, 1.03771, -2.9]},
			"faces": {
				"north": {"uv": [0, 0, 8, 7.5], "texture": "#1", "tintindex": 0},
				"south": {"uv": [2.5, 3, 10.5, 10.5], "texture": "#1", "tintindex": 0},
				"west": {"uv": [0, 0, 7.5, 7.5], "texture": "#1", "tintindex": 0},
				"up": {"uv": [2.5, 3, 10.5, 10.5], "texture": "#1", "tintindex": 0}
			}
		},
		{
			"from": [-9.01252, -3.36453, 1.099],
			"to": [6.98748, 11.63547, 16.099],
			"rotation": {"angle": -22.5, "axis": "z", "origin": [0.98748, -1.36453, -9.9]},
			"faces": {
				"south": {"uv": [4, 5.5, 12, 13], "texture": "#1", "tintindex": 0},
				"west": {"uv": [0, 0, 7.5, 7.5], "texture": "#1", "tintindex": 0}
			}
		},
		{
			"from": [8.22149, -9.27488, 0.098],
			"to": [24.22149, 5.72512, 16.098],
			"rotation": {"angle": 22.5, "axis": "z", "origin": [1.22149, -4.27488, -10.9]},
			"faces": {
				"north": {"uv": [0, 0, 8, 7.5], "texture": "#1", "tintindex": 0},
				"east": {"uv": [0, 0, 8, 7.5], "texture": "#1", "tintindex": 0},
				"south": {"uv": [0, 5.5, 8, 13], "texture": "#1", "tintindex": 0}
			}
		},
		{
			"from": [-1, -3, -6],
			"to": [19, 17, 10],
			"rotation": {"angle": 22.5, "axis": "x", "origin": [0, 0, 0]},
			"faces": {
				"north": {"uv": [3, 3, 11, 11], "texture": "#1", "tintindex": 0},
				"east": {"uv": [3, 3, 11, 11], "texture": "#1", "tintindex": 0},
				"west": {"uv": [3, 3, 11, 11], "texture": "#1", "tintindex": 0}
			}
		},
		{
			"from": [18.17157, 11.95837, -1],
			"to": [21.17157, 25.95837, 2],
			"rotation": {"angle": -45, "axis": "z", "origin": [19, 15, 0]},
			"faces": {
				"north": {"uv": [13.5, 7, 15, 0], "texture": "#1", "tintindex": 0},
				"east": {"uv": [15, 7, 13.5, 0], "texture": "#1", "tintindex": 0},
				"south": {"uv": [13.5, 7, 15, 0], "texture": "#1", "tintindex": 0},
				"west": {"uv": [13.5, 7, 15, 0], "texture": "#1", "tintindex": 0},
				"up": {"uv": [15, 7, 13.5, 8.5], "texture": "#1", "tintindex": 0},
				"down": {"uv": [13.5, 0, 15, 1.5], "texture": "#1", "tintindex": 0}
			}
		},
		{
			"from": [18.17157, 25.95837, -1],
			"to": [22.17157, 28.95837, 4],
			"rotation": {"angle": -45, "axis": "z", "origin": [19, 15, 0]},
			"faces": {
				"north": {"uv": [13, 9.5, 15, 8], "texture": "#1", "tintindex": 0},
				"east": {"uv": [14.5, 11.5, 13, 9], "rotation": 90, "texture": "#1", "tintindex": 0},
				"south": {"uv": [13, 9, 15, 7.5], "texture": "#1", "tintindex": 0},
				"west": {"uv": [14.5, 9, 13, 11.5], "rotation": 90, "texture": "#1", "tintindex": 0},
				"up": {"uv": [15, 9, 13, 11.5], "texture": "#1", "tintindex": 0},
				"down": {"uv": [13, 9, 15, 11.5], "texture": "#1", "tintindex": 0}
			}
		}
	],
	"display": {
		"thirdperson_righthand": {
			"scale": [0.2, 0.2, 0.2]
		},
		"firstperson_righthand": {
			"scale": [0.1, 0.1, 0.1]
		},
		"gui": {
			"rotation": [45, -130, 0],
			"scale": [0.35, 0.35, 0.35]
		},
		"fixed": {
			"rotation": [-90, 0, 0],
			"translation": [-32, 0, -16],
			"scale": [2, 2, 2]
		}
	}
}