{
	"credit": "Made with Blockbench",
	"texture_size": [32, 32],
	"textures": {
		"0": "item/decorations/palisade"
	},
	"elements": [
		{
			"from": [6.3, -7, 7.2],
			"to": [11.3, 25, 12.2],
			"rotation": {"angle": -45, "axis": "y", "origin": [9.3, 0, 9.7]},
			"faces": {
				"north": {"uv": [0, 0, 2.5, 16], "texture": "#0"},
				"east": {"uv": [0, 0, 2.5, 16], "texture": "#0"},
				"south": {"uv": [0, 0, 2.5, 16], "texture": "#0"},
				"west": {"uv": [0, 0, 2.5, 16], "texture": "#0"}
			}
		},
		{
			"from": [6.1, 6.8, 7],
			"to": [11.5, 9.2, 12.4],
			"rotation": {"angle": -45, "axis": "y", "origin": [9.3, 0, 9.7]},
			"faces": {
				"north": {"uv": [4, 4.5, 6.5, 5.5], "texture": "#0"},
				"east": {"uv": [4, 4.5, 6.5, 5.5], "texture": "#0"},
				"south": {"uv": [4, 4.5, 6.5, 5.5], "texture": "#0"},
				"west": {"uv": [4, 4.5, 6.5, 5.5], "texture": "#0"}
			}
		},
		{
			"from": [6.1, -3.2, 7],
			"to": [11.5, -0.8, 12.4],
			"rotation": {"angle": -45, "axis": "y", "origin": [9.3, 0, 9.7]},
			"faces": {
				"north": {"uv": [4, 3.5, 6.5, 4.5], "texture": "#0"},
				"east": {"uv": [4, 3.5, 6.5, 4.5], "texture": "#0"},
				"south": {"uv": [4, 3.5, 6.5, 4.5], "texture": "#0"},
				"west": {"uv": [4, 3.5, 6.5, 4.5], "texture": "#0"}
			}
		},
		{
			"from": [6.1, 15.6, 7],
			"to": [11.5, 25, 12.4],
			"rotation": {"angle": -45, "axis": "y", "origin": [9.3, 0, 9.7]},
			"faces": {
				"north": {"uv": [4, 8, 6.5, 12.5], "texture": "#0"},
				"east": {"uv": [4, 8, 6.5, 12.5], "texture": "#0"},
				"south": {"uv": [4, 8, 6.5, 12.5], "texture": "#0"},
				"west": {"uv": [4, 8, 6.5, 12.5], "texture": "#0"},
				"up": {"uv": [4, 5.5, 6.5, 8], "texture": "#0"}
			}
		},
		{
			"from": [9, 25, 6.2],
			"to": [9, 32, 12.2],
			"rotation": {"angle": 0, "axis": "y", "origin": [9.3, 0, 9.7]},
			"faces": {
				"east": {"uv": [6.5, 0, 9.5, 3.5], "texture": "#0"},
				"west": {"uv": [6.5, 0, 9.5, 3.5], "texture": "#0"}
			}
		},
		{
			"from": [6, 25, 9.3],
			"to": [12, 32, 9.3],
			"rotation": {"angle": 0, "axis": "y", "origin": [9.3, 0, 9.7]},
			"faces": {
				"north": {"uv": [6.5, 0, 9.5, 3.5], "texture": "#0"},
				"south": {"uv": [6.5, 0, 9.5, 3.5], "texture": "#0"}
			}
		},
		{
			"from": [-0.7, 21, -3.9],
			"to": [-0.7, 28, 1.1],
			"rotation": {"angle": 45, "axis": "y", "origin": [5, 0, -3]},
			"faces": {
				"east": {"uv": [4, 0, 6.5, 3.5], "texture": "#0"},
				"west": {"uv": [4, 0, 6.5, 3.5], "texture": "#0"}
			}
		},
		{
			"from": [-3.2, 21, -1.4],
			"to": [1.8, 28, -1.4],
			"rotation": {"angle": 45, "axis": "y", "origin": [5, 0, -3]},
			"faces": {
				"north": {"uv": [4, 0, 6.5, 3.5], "texture": "#0"},
				"south": {"uv": [4, 0, 6.5, 3.5], "texture": "#0"}
			}
		},
		{
			"from": [11, 16.1, 13.3],
			"to": [16, 23.1, 13.3],
			"rotation": {"angle": 22.5, "axis": "x", "origin": [14.5, 0, 14.1]},
			"faces": {
				"north": {"uv": [4, 0, 6.5, 3.5], "texture": "#0"},
				"south": {"uv": [4, 0, 6.5, 3.5], "texture": "#0"}
			}
		},
		{
			"from": [13.5, 16.1, 10.8],
			"to": [13.5, 23.1, 15.8],
			"rotation": {"angle": 22.5, "axis": "x", "origin": [14.5, 0, 14.1]},
			"faces": {
				"east": {"uv": [4, 0, 6.5, 3.5], "texture": "#0"},
				"west": {"uv": [4, 0, 6.5, 3.5], "texture": "#0"}
			}
		},
		{
			"from": [11, -8.9, 10.8],
			"to": [16, 15.1, 15.8],
			"rotation": {"angle": 22.5, "axis": "x", "origin": [14.5, 0, 14.1]},
			"faces": {
				"north": {"uv": [1.5, 4, 4, 16], "texture": "#0"},
				"east": {"uv": [1.5, 4, 4, 16], "texture": "#0"},
				"south": {"uv": [1.5, 4, 4, 16], "texture": "#0"},
				"west": {"uv": [1.5, 4, 4, 16], "texture": "#0"}
			}
		},
		{
			"from": [10.8, 1.9, 10.6],
			"to": [16.2, 4.3, 16],
			"rotation": {"angle": 22.5, "axis": "x", "origin": [14.5, 0, 14.1]},
			"faces": {
				"north": {"uv": [4, 3.5, 6.5, 4.5], "texture": "#0"},
				"east": {"uv": [4, 3.5, 6.5, 4.5], "texture": "#0"},
				"south": {"uv": [4, 3.5, 6.5, 4.5], "texture": "#0"},
				"west": {"uv": [4, 3.5, 6.5, 4.5], "texture": "#0"}
			}
		},
		{
			"from": [10.8, 6.9, 10.6],
			"to": [16.2, 16.3, 16],
			"rotation": {"angle": 22.5, "axis": "x", "origin": [14.5, 0, 14.1]},
			"faces": {
				"north": {"uv": [6.5, 8, 9, 12.5], "texture": "#0"},
				"east": {"uv": [6.5, 8, 9, 12.5], "texture": "#0"},
				"south": {"uv": [6.5, 8, 9, 12.5], "texture": "#0"},
				"west": {"uv": [6.5, 8, 9, 12.5], "texture": "#0"},
				"up": {"uv": [6.5, 5.5, 9, 8], "texture": "#0"},
				"down": {"uv": [6.5, 5.5, 9, 8], "texture": "#0"}
			}
		},
		{
			"from": [0, -7, 0],
			"to": [4, 21, 4],
			"rotation": {"angle": 0, "axis": "y", "origin": [3, 0, -3]},
			"faces": {
				"north": {"uv": [0, 2, 2, 16], "texture": "#0"},
				"east": {"uv": [0, 2, 2, 16], "texture": "#0"},
				"south": {"uv": [0, 2, 2, 16], "texture": "#0"},
				"west": {"uv": [0, 2, 2, 16], "texture": "#0"},
				"up": {"uv": [0, 0, 2, 2], "texture": "#0"},
				"down": {"uv": [0, 0, 2, 2], "texture": "#0"}
			}
		},
		{
			"from": [-0.2, 4.8, -0.2],
			"to": [4.2, 7.2, 4.2],
			"rotation": {"angle": 0, "axis": "y", "origin": [3, 0, -3]},
			"faces": {
				"north": {"uv": [4, 3.5, 6, 4.5], "texture": "#0"},
				"east": {"uv": [4, 3.5, 6, 4.5], "texture": "#0"},
				"south": {"uv": [6, 3.5, 8, 4.5], "texture": "#0"},
				"west": {"uv": [4, 4.5, 6, 5.5], "texture": "#0"}
			}
		},
		{
			"from": [-0.2, 12.8, -0.2],
			"to": [4.2, 21.2, 4.2],
			"rotation": {"angle": 0, "axis": "y", "origin": [3, 0, -3]},
			"faces": {
				"north": {"uv": [6.5, 8, 8.5, 12], "texture": "#0"},
				"east": {"uv": [7, 7.5, 9, 11.5], "texture": "#0"},
				"south": {"uv": [4, 9, 6, 13], "texture": "#0"},
				"west": {"uv": [5, 8.5, 7, 12.5], "texture": "#0"},
				"up": {"uv": [4, 5.5, 6, 7.5], "texture": "#0"}
			}
		},
		{
			"from": [1.8, -0.9, 4.2],
			"to": [6.2, 1.5, 8.6],
			"rotation": {"angle": 22.5, "axis": "z", "origin": [3, 0, 6]},
			"faces": {
				"north": {"uv": [4, 3.5, 6, 4.5], "texture": "#0"},
				"east": {"uv": [4, 3.5, 6, 4.5], "texture": "#0"},
				"south": {"uv": [6, 3.5, 8, 4.5], "texture": "#0"},
				"west": {"uv": [4, 4.5, 6, 5.5], "texture": "#0"}
			}
		},
		{
			"from": [1.8, 8.1, 4.2],
			"to": [6.2, 10.5, 8.6],
			"rotation": {"angle": 22.5, "axis": "z", "origin": [3, 0, 6]},
			"faces": {
				"north": {"uv": [4, 3.5, 6, 4.5], "texture": "#0"},
				"east": {"uv": [6.5, 3.5, 8.5, 4.5], "texture": "#0"},
				"south": {"uv": [6, 4.5, 8, 5.5], "texture": "#0"},
				"west": {"uv": [4, 4.5, 6, 5.5], "texture": "#0"}
			}
		},
		{
			"from": [1.8, 11.1, 4.2],
			"to": [6.2, 19.5, 8.6],
			"rotation": {"angle": 22.5, "axis": "z", "origin": [3, 0, 6]},
			"faces": {
				"north": {"uv": [6.5, 8, 8.5, 12], "texture": "#0"},
				"east": {"uv": [7, 7.5, 9, 11.5], "texture": "#0"},
				"south": {"uv": [4, 9, 6, 13], "texture": "#0"},
				"west": {"uv": [5, 8.5, 7, 12.5], "texture": "#0"},
				"up": {"uv": [4, 5.5, 6, 7.5], "texture": "#0"}
			}
		},
		{
			"from": [2, -8.7, 4.4],
			"to": [6, 19.3, 8.4],
			"rotation": {"angle": 22.5, "axis": "z", "origin": [3, 0, 6]},
			"faces": {
				"north": {"uv": [0, 2, 2, 16], "texture": "#0"},
				"east": {"uv": [0, 2, 2, 16], "texture": "#0"},
				"south": {"uv": [0, 2, 2, 16], "texture": "#0"},
				"west": {"uv": [0, 2, 2, 16], "texture": "#0"},
				"up": {"uv": [0, 0, 2, 2], "texture": "#0"},
				"down": {"uv": [0, 0, 2, 2], "texture": "#0"}
			}
		},
		{
			"from": [4, 19.3, 4.3],
			"to": [4, 26.3, 8.3],
			"rotation": {"angle": 22.5, "axis": "z", "origin": [5, 0, 6]},
			"faces": {
				"east": {"uv": [6, 0, 4, 3.5], "texture": "#0"},
				"west": {"uv": [4, 0, 6, 3.5], "texture": "#0"}
			}
		},
		{
			"from": [2, 19.3, 6.4],
			"to": [6, 26.3, 6.4],
			"rotation": {"angle": 22.5, "axis": "z", "origin": [5, 0, 6]},
			"faces": {
				"north": {"uv": [6, 0, 4, 3.5], "texture": "#0"},
				"south": {"uv": [4, 0, 6, 3.5], "texture": "#0"}
			}
		}
	],
	"display": {
		"fixed": {
			"rotation": [-90, -135, 0],
			"translation": [-3.75, 0, -30],
			"scale": [2, 2, 2]
		}
	}
}