{
	"textures": {
		"0": "item/decorations/sign_viatos_bodega",
		"particle": "item/decorations/sign_viatos_bodega"
	},
	"elements": [
		{
			"from": [-11.5, -7, 7.5],
			"to": [27.5, 16, 8.5],
			"faces": {
				"north": {"uv": [0.5, 1, 10.25, 12.5], "texture": "#0"},
				"south": {"uv": [10.25, 1, 0.5, 12.5], "texture": "#0"}
			}
		},
		{
			"from": [-11.5, -9, 7],
			"to": [-9.5, 4, 9],
			"faces": {
				"north": {"uv": [9.75, 7, 10.25, 13.5], "texture": "#0"},
				"east": {"uv": [9.75, 7, 10.25, 13.5], "texture": "#0"},
				"south": {"uv": [10.25, 7, 9.75, 13.5], "texture": "#0"},
				"west": {"uv": [9.75, 7, 10.25, 13.5], "texture": "#0"},
				"up": {"uv": [9.75, 7, 10.25, 8], "texture": "#0"},
				"down": {"uv": [9.75, 12.5, 10.25, 13.5], "texture": "#0"}
			}
		},
		{
			"from": [-13.5, 2, 7],
			"to": [-11.5, 18, 9],
			"faces": {
				"north": {"uv": [10.25, 0, 10.75, 8], "texture": "#0"},
				"east": {"uv": [10.25, 0, 10.75, 8], "texture": "#0"},
				"south": {"uv": [10.75, 0, 10.25, 8], "texture": "#0"},
				"west": {"uv": [10.25, 0, 10.75, 8], "texture": "#0"},
				"up": {"uv": [10.25, 0, 10.75, 1], "texture": "#0"},
				"down": {"uv": [10.25, 7, 10.75, 8], "texture": "#0"}
			}
		},
		{
			"from": [-11.5, 16, 7],
			"to": [27.5, 18, 9],
			"faces": {
				"north": {"uv": [0.5, 0, 10.25, 1], "texture": "#0"},
				"south": {"uv": [0.5, 0, 10.25, 1], "texture": "#0"},
				"up": {"uv": [0.5, 0, 10.25, 1], "texture": "#0"},
				"down": {"uv": [0.5, 0, 10.25, 1], "texture": "#0"}
			}
		},
		{
			"from": [-9.5, -9, 7],
			"to": [25.5, -7, 9],
			"faces": {
				"north": {"uv": [1, 12.5, 9.75, 13.5], "texture": "#0"},
				"south": {"uv": [1, 12.5, 9.75, 13.5], "texture": "#0"},
				"up": {"uv": [1, 12.5, 9.75, 13.5], "texture": "#0"},
				"down": {"uv": [1, 12.5, 9.75, 13.5], "texture": "#0"}
			}
		},
		{
			"from": [25.5, -9, 7],
			"to": [27.5, 4, 9],
			"faces": {
				"north": {"uv": [0.5, 7, 1, 13.5], "texture": "#0"},
				"east": {"uv": [0.5, 7, 1, 13.5], "texture": "#0"},
				"south": {"uv": [1, 7, 0.5, 13.5], "texture": "#0"},
				"west": {"uv": [0.5, 7, 1, 13.5], "texture": "#0"},
				"up": {"uv": [0.5, 7, 1, 8], "texture": "#0"},
				"down": {"uv": [0.5, 12.5, 1, 13.5], "texture": "#0"}
			}
		},
		{
			"from": [27.5, 2, 7],
			"to": [29.5, 18, 9],
			"faces": {
				"north": {"uv": [0, 0, 0.5, 8], "texture": "#0"},
				"east": {"uv": [0, 0, 0.5, 8], "texture": "#0"},
				"south": {"uv": [0.5, 0, 0, 8], "texture": "#0"},
				"west": {"uv": [0, 0, 0.5, 8], "texture": "#0"},
				"up": {"uv": [0, 0, 0.5, 1], "texture": "#0"},
				"down": {"uv": [0, 7, 0.5, 8], "texture": "#0"}
			}
		},
		{
			"from": [0, 2, 8],
			"to": [2, 4, 24],
			"faces": {
				"east": {"uv": [10.75, 0, 11.25, 8], "rotation": 90, "texture": "#0"},
				"south": {"uv": [10.75, 7, 11.25, 8], "texture": "#0"},
				"west": {"uv": [10.75, 0, 11.25, 8], "rotation": 90, "texture": "#0"},
				"up": {"uv": [10.75, 0, 11.25, 8], "texture": "#0"},
				"down": {"uv": [10.75, 0, 11.25, 8], "texture": "#0"}
			}
		},
		{
			"from": [14, 2, 8],
			"to": [16, 4, 24],
			"faces": {
				"east": {"uv": [10.75, 0, 11.25, 8], "rotation": 90, "texture": "#0"},
				"south": {"uv": [10.75, 7, 11.25, 8], "texture": "#0"},
				"west": {"uv": [10.75, 0, 11.25, 8], "rotation": 90, "texture": "#0"},
				"up": {"uv": [10.75, 0, 11.25, 8], "texture": "#0"},
				"down": {"uv": [10.75, 0, 11.25, 8], "texture": "#0"}
			}
		}
	],
	"display": {
		"fixed": {
			"scale": [2, 2, 2]
		}
	}
}