{
	"credit": "Made with Blockbench",
	"texture_size": [64, 64],
	"textures": {
		"0": "item/decorations/wall_shelf_spruce",
		"particle": "item/decorations/wall_shelf_spruce"
	},
	"elements": [
		{
			"from": [-0.5, 13, 0],
			"to": [15.5, 16, 16],
			"faces": {
				"north": {"uv": [1.5, 5.25, 5.5, 6], "texture": "#0"},
				"east": {"uv": [8.75, 0, 9.5, 4], "rotation": 90, "texture": "#0"},
				"south": {"uv": [0, 0.5, 4, 1.25], "texture": "#0"},
				"west": {"uv": [6.25, 4.75, 7, 0.75], "rotation": 90, "texture": "#0"},
				"up": {"uv": [1.5, 1.5, 5.5, 5.5], "rotation": 180, "texture": "#0"},
				"down": {"uv": [0, 6.5, 4, 10.5], "texture": "#0"}
			}
		},
		{
			"from": [2, 0, 2],
			"to": [14, 2, 14],
			"faces": {
				"north": {"uv": [0, 2.75, 3, 3.25], "texture": "#0"},
				"east": {"uv": [7.75, 0.25, 8.25, 3.25], "rotation": 90, "texture": "#0"},
				"south": {"uv": [0, 2.75, 3, 3.25], "texture": "#0"},
				"west": {"uv": [7.75, 3.25, 8.25, 0.25], "rotation": 90, "texture": "#0"},
				"up": {"uv": [0.25, 0, 3.25, 3], "rotation": 180, "texture": "#0"},
				"down": {"uv": [0.25, 0, 3.25, 3], "texture": "#0"}
			}
		},
		{
			"from": [6, 2, 6],
			"to": [10, 13, 10],
			"rotation": {"angle": 0, "axis": "y", "origin": [34, 8, 8]},
			"faces": {
				"north": {"uv": [0.25, 5.25, 3, 6.25], "rotation": 90, "texture": "#0"},
				"east": {"uv": [0.25, 0.25, 3, 1.25], "rotation": 90, "texture": "#0"},
				"south": {"uv": [5.75, 4.25, 8.5, 5.25], "rotation": 90, "texture": "#0"},
				"west": {"uv": [0.5, 0.5, 3.25, 1.5], "rotation": 90, "texture": "#0"},
				"down": {"uv": [0.25, 4.25, 1.25, 5.25], "rotation": 90, "texture": "#0"}
			}
		}
	],
	"display": {
		"thirdperson_righthand": {
			"rotation": [58, 32, 0],
			"translation": [-0.75, 2.75, 2],
			"scale": [0.2, 0.2, 0.2]
		},
		"thirdperson_lefthand": {
			"rotation": [58, 32, 0],
			"translation": [-0.75, 2.75, 2],
			"scale": [0.2, 0.2, 0.2]
		},
		"firstperson_righthand": {
			"rotation": [0, 150, 0],
			"translation": [12.75, -4, -16.5],
			"scale": [0.79, 0.79, 0.79]
		},
		"firstperson_lefthand": {
			"rotation": [0, -50, 0],
			"translation": [16.25, -3.25, -18],
			"scale": [0.79, 0.79, 0.79]
		},
		"ground": {
			"scale": [0.4, 0.4, 0.4]
		},
		"gui": {
			"rotation": [30, 135, 0],
			"translation": [-0.75, 3.5, 0],
			"scale": [0.5, 0.5, 0.5]
		},
		"head": {
			"translation": [-8.5, 2, -3.5]
		},
		"fixed": {
			"rotation": [-90, 0, 0],
			"translation": [-17, 0, -16],
			"scale": [2, 2, 2]
		}
	}
}