{"textures":{"0":"modelengine:entity/chromafire_split_gold"},"elements":[{"from":[4.5,0.5,8.025],"to":[24.5,10.5,7.975],"faces":{"east":{"uv":[15.75,15.75,16.0,16.0],"tintindex":0,"rotation":0,"texture":"#0"},"south":{"uv":[14.0,13.0,9.0,15.5],"tintindex":0,"rotation":0,"texture":"#0"},"north":{"uv":[9.0,13.0,14.0,15.5],"tintindex":0,"rotation":0,"texture":"#0"},"west":{"uv":[15.75,15.75,16.0,16.0],"tintindex":0,"rotation":0,"texture":"#0"},"up":{"uv":[15.75,15.75,16.0,16.0],"tintindex":0,"rotation":0,"texture":"#0"},"down":{"uv":[15.75,15.75,16.0,16.0],"tintindex":0,"rotation":0,"texture":"#0"}}},{"from":[5.0,1.0,8.0],"to":[24.0,10.0,8.0],"faces":{"south":{"uv":[12.75,0.0,8.0,2.25],"tintindex":0,"rotation":0,"texture":"#0"},"north":{"uv":[8.0,0.0,12.75,2.25],"tintindex":0,"rotation":0,"texture":"#0"}}}],"display":{"gui":{"rotation":[30,225,0]}}}