{"textures":{"0":"modelengine:entity/chromafire_split_gold"},"elements":[{"from":[8.0,8.0,-8.0],"to":[8.0,25.0,24.0],"faces":{"east":{"uv":[8.0,0.0,0.0,4.25],"tintindex":0,"rotation":0,"texture":"#0"},"west":{"uv":[0.0,0.0,8.0,4.25],"tintindex":0,"rotation":0,"texture":"#0"}}},{"from":[8.025,7.5,-8.5],"to":[7.975,25.5,24.5],"faces":{"east":{"uv":[0.0,11.5,8.25,16.0],"tintindex":0,"rotation":0,"texture":"#0"},"south":{"uv":[15.75,15.75,16.0,16.0],"tintindex":0,"rotation":0,"texture":"#0"},"north":{"uv":[15.75,15.75,16.0,16.0],"tintindex":0,"rotation":0,"texture":"#0"},"west":{"uv":[8.25,11.5,0.0,16.0],"tintindex":0,"rotation":0,"texture":"#0"},"up":{"uv":[15.75,15.75,16.0,16.0],"tintindex":0,"rotation":0,"texture":"#0"},"down":{"uv":[15.75,15.75,16.0,16.0],"tintindex":0,"rotation":0,"texture":"#0"}}}],"display":{"gui":{"rotation":[30,225,0]}}}