{"textures":{"0":"modelengine:entity/chromafire_split_gold"},"elements":[{"from":[12.5,12.5,12.5],"to":[3.5,3.5,3.5],"faces":{"east":{"uv":[8.5,14.75,8.75,16.0],"tintindex":0,"rotation":0,"texture":"#0"},"south":{"uv":[8.5,14.75,8.75,16.0],"tintindex":0,"rotation":0,"texture":"#0"},"north":{"uv":[8.5,14.75,8.75,16.0],"tintindex":0,"rotation":0,"texture":"#0"},"west":{"uv":[8.5,14.75,8.75,16.0],"tintindex":0,"rotation":0,"texture":"#0"},"up":{"uv":[8.5,14.75,8.75,15.0],"tintindex":0,"rotation":90,"texture":"#0"},"down":{"uv":[8.5,15.75,8.75,16.0],"tintindex":0,"rotation":270,"texture":"#0"}}},{"from":[4.0,4.0,4.0],"to":[12.0,12.0,12.0],"faces":{"east":{"uv":[2.0,8.5,0.0,10.5],"tintindex":0,"rotation":0,"texture":"#0"},"south":{"uv":[10.0,6.5,8.0,8.5],"tintindex":0,"rotation":0,"texture":"#0"},"north":{"uv":[4.0,8.5,2.0,10.5],"tintindex":0,"rotation":0,"texture":"#0"},"west":{"uv":[10.0,4.5,8.0,6.5],"tintindex":0,"rotation":0,"texture":"#0"},"up":{"uv":[6.0,8.5,4.0,10.5],"tintindex":0,"rotation":90,"texture":"#0"},"down":{"uv":[8.0,10.5,6.0,8.5],"tintindex":0,"rotation":270,"texture":"#0"}}}],"display":{"gui":{"rotation":[30,225,0]}}}