{
    "providers": [
        {
            "type": "bitmap",
            "file": "happyhud:font/assets/sword/outline.png",
            "height": 23,
            "ascent": -170500,
            "chars": [
                "\ue000"
            ]
        },
        {
            "type": "bitmap",
            "file": "happyhud:font/assets/sword/fill_mana/horizontal/15/1.png",
            "height": 5,
            "ascent": -171500,
            "chars": [
                "\ue001"
            ]
        },
        {
            "type": "bitmap",
            "file": "happyhud:font/assets/sword/fill_mana/horizontal/15/2.png",
            "height": 5,
            "ascent": -171500,
            "chars": [
                "\ue002"
            ]
        },
        {
            "type": "bitmap",
            "file": "happyhud:font/assets/sword/fill_mana/horizontal/15/3.png",
            "height": 5,
            "ascent": -171500,
            "chars": [
                "\ue003"
            ]
        },
        {
            "type": "bitmap",
            "file": "happyhud:font/assets/sword/fill_mana/horizontal/15/4.png",
            "height": 5,
            "ascent": -171500,
            "chars": [
                "\ue004"
            ]
        },
        {
            "type": "bitmap",
            "file": "happyhud:font/assets/sword/fill_mana/horizontal/15/5.png",
            "height": 5,
            "ascent": -171500,
            "chars": [
                "\ue005"
            ]
        },
        {
            "type": "bitmap",
            "file": "happyhud:font/assets/sword/fill_mana/horizontal/15/6.png",
            "height": 5,
            "ascent": -171500,
            "chars": [
                "\ue006"
            ]
        },
        {
            "type": "bitmap",
            "file": "happyhud:font/assets/sword/fill_mana/horizontal/15/7.png",
            "height": 5,
            "ascent": -171500,
            "chars": [
                "\ue007"
            ]
        },
        {
            "type": "bitmap",
            "file": "happyhud:font/assets/sword/fill_mana/horizontal/15/8.png",
            "height": 5,
            "ascent": -171500,
            "chars": [
                "\ue008"
            ]
        },
        {
            "type": "bitmap",
            "file": "happyhud:font/assets/sword/fill_mana/horizontal/15/9.png",
            "height": 5,
            "ascent": -171500,
            "chars": [
                "\ue009"
            ]
        },
        {
            "type": "bitmap",
            "file": "happyhud:font/assets/sword/fill_mana/horizontal/15/10.png",
            "height": 5,
            "ascent": -171500,
            "chars": [
                "\ue00a"
            ]
        },
        {
            "type": "bitmap",
            "file": "happyhud:font/assets/sword/fill_mana/horizontal/15/11.png",
            "height": 5,
            "ascent": -171500,
            "chars": [
                "\ue00b"
            ]
        },
        {
            "type": "bitmap",
            "file": "happyhud:font/assets/sword/fill_mana/horizontal/15/12.png",
            "height": 5,
            "ascent": -171500,
            "chars": [
                "\ue00c"
            ]
        },
        {
            "type": "bitmap",
            "file": "happyhud:font/assets/sword/fill_mana/horizontal/15/13.png",
            "height": 5,
            "ascent": -171500,
            "chars": [
                "\ue00d"
            ]
        },
        {
            "type": "bitmap",
            "file": "happyhud:font/assets/sword/fill_mana/horizontal/15/14.png",
            "height": 5,
            "ascent": -171500,
            "chars": [
                "\ue00e"
            ]
        },
        {
            "type": "bitmap",
            "file": "happyhud:font/assets/sword/fill_mana/horizontal/15/15.png",
            "height": 5,
            "ascent": -171500,
            "chars": [
                "\ue00f"
            ]
        },
        {
            "type": "bitmap",
            "file": "happyhud:font/assets/sword/fill_health/horizontal/15/1.png",
            "height": 5,
            "ascent": -174500,
            "chars": [
                "\ue010"
            ]
        },
        {
            "type": "bitmap",
            "file": "happyhud:font/assets/sword/fill_health/horizontal/15/2.png",
            "height": 5,
            "ascent": -174500,
            "chars": [
                "\ue011"
            ]
        },
        {
            "type": "bitmap",
            "file": "happyhud:font/assets/sword/fill_health/horizontal/15/3.png",
            "height": 5,
            "ascent": -174500,
            "chars": [
                "\ue012"
            ]
        },
        {
            "type": "bitmap",
            "file": "happyhud:font/assets/sword/fill_health/horizontal/15/4.png",
            "height": 5,
            "ascent": -174500,
            "chars": [
                "\ue013"
            ]
        },
        {
            "type": "bitmap",
            "file": "happyhud:font/assets/sword/fill_health/horizontal/15/5.png",
            "height": 5,
            "ascent": -174500,
            "chars": [
                "\ue014"
            ]
        },
        {
            "type": "bitmap",
            "file": "happyhud:font/assets/sword/fill_health/horizontal/15/6.png",
            "height": 5,
            "ascent": -174500,
            "chars": [
                "\ue015"
            ]
        },
        {
            "type": "bitmap",
            "file": "happyhud:font/assets/sword/fill_health/horizontal/15/7.png",
            "height": 5,
            "ascent": -174500,
            "chars": [
                "\ue016"
            ]
        },
        {
            "type": "bitmap",
            "file": "happyhud:font/assets/sword/fill_health/horizontal/15/8.png",
            "height": 5,
            "ascent": -174500,
            "chars": [
                "\ue017"
            ]
        },
        {
            "type": "bitmap",
            "file": "happyhud:font/assets/sword/fill_health/horizontal/15/9.png",
            "height": 5,
            "ascent": -174500,
            "chars": [
                "\ue018"
            ]
        },
        {
            "type": "bitmap",
            "file": "happyhud:font/assets/sword/fill_health/horizontal/15/10.png",
            "height": 5,
            "ascent": -174500,
            "chars": [
                "\ue019"
            ]
        },
        {
            "type": "bitmap",
            "file": "happyhud:font/assets/sword/fill_health/horizontal/15/11.png",
            "height": 5,
            "ascent": -174500,
            "chars": [
                "\ue01a"
            ]
        },
        {
            "type": "bitmap",
            "file": "happyhud:font/assets/sword/fill_health/horizontal/15/12.png",
            "height": 5,
            "ascent": -174500,
            "chars": [
                "\ue01b"
            ]
        },
        {
            "type": "bitmap",
            "file": "happyhud:font/assets/sword/fill_health/horizontal/15/13.png",
            "height": 5,
            "ascent": -174500,
            "chars": [
                "\ue01c"
            ]
        },
        {
            "type": "bitmap",
            "file": "happyhud:font/assets/sword/fill_health/horizontal/15/14.png",
            "height": 5,
            "ascent": -174500,
            "chars": [
                "\ue01d"
            ]
        },
        {
            "type": "bitmap",
            "file": "happyhud:font/assets/sword/fill_health/horizontal/15/15.png",
            "height": 5,
            "ascent": -174500,
            "chars": [
                "\ue01e"
            ]
        }
    ]
}