{"textures":{"0":"modelengine:entity/grave_golem"},"elements":[{"from":[4.2506857,2.8833084,13.0],"to":[7.250685,14.883308,16.0],"faces":{"east":{"uv":[7.875,10.0,8.25,11.5],"tintindex":0,"rotation":0,"texture":"#0"},"south":{"uv":[7.875,10.0,8.25,11.5],"tintindex":0,"rotation":0,"texture":"#0"},"north":{"uv":[7.875,10.0,8.25,11.5],"tintindex":0,"rotation":0,"texture":"#0"},"west":{"uv":[7.875,10.0,8.25,11.5],"tintindex":0,"rotation":0,"texture":"#0"},"up":{"uv":[5.25,2.875,5.625,3.25],"tintindex":0,"rotation":0,"texture":"#0"},"down":{"uv":[5.25,2.875,5.625,3.25],"tintindex":0,"rotation":0,"texture":"#0"}},"rotation":{"origin":[7.0,8.0,8.0],"angle":22.5,"axis":"z"}},{"from":[7.535534,6.0,3.7365441],"to":[16.535534,12.0,11.736544],"faces":{"east":{"uv":[5.25,4.375,6.25,5.125],"tintindex":0,"rotation":0,"texture":"#0"},"south":{"uv":[7.25,4.375,6.125,5.125],"tintindex":0,"rotation":0,"texture":"#0"},"north":{"uv":[6.125,4.375,7.25,5.125],"tintindex":0,"rotation":0,"texture":"#0"},"up":{"uv":[6.25,4.375,5.25,3.25],"tintindex":0,"rotation":90,"texture":"#0"},"down":{"uv":[6.25,4.375,7.25,3.25],"tintindex":0,"rotation":90,"texture":"#0"}},"rotation":{"origin":[7.0,8.0,8.0],"angle":-45.0,"axis":"y"}},{"from":[0.24491453,9.269544,13.0],"to":[0.24491453,13.269544,15.0],"faces":{"west":{"uv":[5.75,7.75,6.0,8.25],"tintindex":0,"rotation":0,"texture":"#0"}},"rotation":{"origin":[7.0,8.0,8.0],"angle":22.5,"axis":"z"}},{"from":[1.0,2.0,2.0],"to":[13.0,14.0,14.0],"faces":{"east":{"uv":[11.0,2.5,12.5,4.0],"tintindex":0,"rotation":0,"texture":"#0"},"south":{"uv":[10.5,2.5,12.0,4.0],"tintindex":0,"rotation":0,"texture":"#0"},"north":{"uv":[9.75,2.5,11.25,4.0],"tintindex":0,"rotation":0,"texture":"#0"},"west":{"uv":[11.0,2.5,12.5,4.0],"tintindex":0,"rotation":0,"texture":"#0"},"up":{"uv":[14.25,4.375,15.75,5.875],"tintindex":0,"rotation":0,"texture":"#0"},"down":{"uv":[11.0,4.0,12.5,2.5],"tintindex":0,"rotation":0,"texture":"#0"}}},{"from":[2.99,11.364273,1.0263803],"to":[11.01,17.384274,10.046381],"faces":{"east":{"uv":[5.25,3.25,4.125,4.0],"tintindex":0,"rotation":0,"texture":"#0"},"south":{"uv":[6.25,4.375,7.25,5.125],"tintindex":0,"rotation":0,"texture":"#0"},"north":{"uv":[5.25,4.375,6.25,5.125],"tintindex":0,"rotation":0,"texture":"#0"},"west":{"uv":[4.125,3.25,5.25,4.0],"tintindex":0,"rotation":0,"texture":"#0"},"up":{"uv":[5.25,4.375,6.25,3.25],"tintindex":0,"rotation":0,"texture":"#0"},"down":{"uv":[6.25,3.25,7.25,4.375],"tintindex":0,"rotation":0,"texture":"#0"}},"rotation":{"origin":[7.0,8.0,8.0],"angle":-22.5,"axis":"x"}},{"from":[7.842915,18.0,10.057334],"to":[10.842915,21.0,14.057334],"faces":{"east":{"uv":[5.125,2.875,5.625,3.25],"tintindex":0,"rotation":0,"texture":"#0"},"south":{"uv":[5.625,2.875,5.25,3.25],"tintindex":0,"rotation":0,"texture":"#0"},"north":{"uv":[5.25,2.875,5.625,3.25],"tintindex":0,"rotation":0,"texture":"#0"},"west":{"uv":[5.625,2.875,5.125,3.25],"tintindex":0,"rotation":0,"texture":"#0"},"up":{"uv":[2.25,4.75,2.625,5.25],"tintindex":0,"rotation":0,"texture":"#0"},"down":{"uv":[5.125,2.875,5.625,3.25],"tintindex":0,"rotation":90,"texture":"#0"}},"rotation":{"origin":[7.0,8.0,8.0],"angle":22.5,"axis":"y"}},{"from":[11.535534,3.0,5.736544],"to":[16.535534,6.0,9.736544],"faces":{"east":{"uv":[5.125,2.875,5.625,3.25],"tintindex":0,"rotation":0,"texture":"#0"},"south":{"uv":[3.25,6.375,3.875,6.75],"tintindex":0,"rotation":0,"texture":"#0"},"north":{"uv":[3.25,6.375,3.875,6.75],"tintindex":0,"rotation":0,"texture":"#0"},"down":{"uv":[3.75,6.5,3.25,5.875],"tintindex":0,"rotation":90,"texture":"#0"}},"rotation":{"origin":[7.0,8.0,8.0],"angle":-45.0,"axis":"y"}},{"from":[4.4784646,0.2999998,4.142652],"to":[11.278463,2.1,11.942652],"faces":{"down":{"uv":[4.25,6.0,4.375,5.875],"tintindex":0,"rotation":90,"texture":"#0"}},"rotation":{"origin":[7.0,8.0,8.0],"angle":22.5,"axis":"y"}},{"from":[8.342915,13.0,10.557334],"to":[10.342915,18.0,13.557334],"faces":{"east":{"uv":[1.75,5.5,2.125,6.125],"tintindex":0,"rotation":0,"texture":"#0"},"south":{"uv":[1.875,4.625,2.125,5.25],"tintindex":0,"rotation":0,"texture":"#0"},"north":{"uv":[1.875,4.625,2.125,5.25],"tintindex":0,"rotation":0,"texture":"#0"},"west":{"uv":[1.75,5.5,2.125,6.125],"tintindex":0,"rotation":0,"texture":"#0"},"up":{"uv":[4.0,15.625,4.25,16.0],"tintindex":0,"rotation":0,"texture":"#0"},"down":{"uv":[15.0,15.625,15.25,16.0],"tintindex":0,"rotation":0,"texture":"#0"}},"rotation":{"origin":[7.0,8.0,8.0],"angle":22.5,"axis":"y"}},{"from":[7.899495,19.020815,8.5],"to":[9.899495,21.020815,11.5],"faces":{"east":{"uv":[1.875,4.75,2.25,5.0],"tintindex":0,"rotation":0,"texture":"#0"},"south":{"uv":[1.875,2.875,2.125,3.125],"tintindex":0,"rotation":0,"texture":"#0"},"north":{"uv":[1.75,4.625,2.0,4.875],"tintindex":0,"rotation":0,"texture":"#0"},"west":{"uv":[1.875,4.75,2.25,5.0],"tintindex":0,"rotation":0,"texture":"#0"},"up":{"uv":[1.875,3.0,2.125,3.375],"tintindex":0,"rotation":0,"texture":"#0"},"down":{"uv":[1.75,4.625,2.0,5.0],"tintindex":0,"rotation":0,"texture":"#0"}},"rotation":{"origin":[7.0,8.0,8.0],"angle":45.0,"axis":"z"}},{"from":[-1.0,4.0,4.0],"to":[1.0,11.0,12.0],"faces":{"south":{"uv":[2.625,4.0,2.875,3.125],"tintindex":0,"rotation":0,"texture":"#0"},"north":{"uv":[2.875,3.125,2.625,4.0],"tintindex":0,"rotation":0,"texture":"#0"},"west":{"uv":[3.125,3.125,4.125,4.0],"tintindex":0,"rotation":0,"texture":"#0"},"up":{"uv":[4.5,4.0,4.75,5.0],"tintindex":0,"rotation":0,"texture":"#0"},"down":{"uv":[4.5,4.0,4.75,5.0],"tintindex":0,"rotation":0,"texture":"#0"}}},{"from":[4.3784647,0.0,4.042652],"to":[11.378464,2.0,12.042652],"faces":{"east":{"uv":[6.25,4.125,7.25,4.375],"tintindex":0,"rotation":0,"texture":"#0"},"south":{"uv":[7.25,4.875,6.25,5.125],"tintindex":0,"rotation":0,"texture":"#0"},"north":{"uv":[6.25,4.875,7.25,5.125],"tintindex":0,"rotation":0,"texture":"#0"},"west":{"uv":[5.25,4.125,6.25,4.375],"tintindex":0,"rotation":0,"texture":"#0"},"down":{"uv":[5.25,5.125,6.25,4.375],"tintindex":0,"rotation":90,"texture":"#0"}},"rotation":{"origin":[7.0,8.0,8.0],"angle":22.5,"axis":"y"}},{"from":[4.99,9.364273,1.0263803],"to":[9.01,11.384274,5.046381],"faces":{"east":{"uv":[4.375,6.5,3.875,6.75],"tintindex":0,"rotation":0,"texture":"#0"},"north":{"uv":[3.375,6.5,3.875,6.75],"tintindex":0,"rotation":0,"texture":"#0"},"west":{"uv":[3.875,6.5,4.375,6.75],"tintindex":0,"rotation":0,"texture":"#0"},"down":{"uv":[3.25,6.0,3.75,6.5],"tintindex":0,"rotation":0,"texture":"#0"}},"rotation":{"origin":[7.0,8.0,8.0],"angle":-22.5,"axis":"x"}},{"from":[3.0,11.374273,1.0363803],"to":[11.0,17.374273,10.036381],"faces":{"north":{"uv":[5.625,5.0,5.75,5.125],"tintindex":0,"rotation":0,"texture":"#0"}},"rotation":{"origin":[7.0,8.0,8.0],"angle":-22.5,"axis":"x"}},{"from":[0.24491453,5.269543,15.0],"to":[4.2449145,13.269544,15.0],"faces":{"south":{"uv":[6.5,7.25,6.0,8.25],"tintindex":0,"rotation":0,"texture":"#0"},"north":{"uv":[6.0,7.25,6.5,8.25],"tintindex":0,"rotation":0,"texture":"#0"}},"rotation":{"origin":[7.0,8.0,8.0],"angle":22.5,"axis":"z"}},{"from":[11.378464,0.0,6.042652],"to":[14.378464,4.0,10.042652],"faces":{"east":{"uv":[3.25,6.0,3.75,6.5],"tintindex":0,"rotation":0,"texture":"#0"},"south":{"uv":[5.25,4.125,5.625,4.625],"tintindex":0,"rotation":0,"texture":"#0"},"north":{"uv":[5.25,4.125,5.625,4.625],"tintindex":0,"rotation":0,"texture":"#0"},"up":{"uv":[3.25,5.875,3.75,6.25],"tintindex":0,"rotation":90,"texture":"#0"},"down":{"uv":[3.75,6.75,3.25,6.375],"tintindex":0,"rotation":90,"texture":"#0"}},"rotation":{"origin":[7.0,8.0,8.0],"angle":22.5,"axis":"y"}},{"from":[7.435534,6.1,3.836544],"to":[16.235533,11.9,11.636543],"faces":{"east":{"uv":[4.25,5.875,4.375,6.0],"tintindex":0,"rotation":0,"texture":"#0"}},"rotation":{"origin":[7.0,8.0,8.0],"angle":-45.0,"axis":"y"}},{"from":[6.3137083,12.606602,9.0],"to":[8.313708,18.606602,11.0],"faces":{"east":{"uv":[1.875,2.875,2.125,3.875],"tintindex":0,"rotation":0,"texture":"#0"},"south":{"uv":[1.875,2.875,2.125,3.875],"tintindex":0,"rotation":0,"texture":"#0"},"north":{"uv":[1.875,2.875,2.125,3.875],"tintindex":0,"rotation":0,"texture":"#0"},"west":{"uv":[1.875,2.875,2.125,3.875],"tintindex":0,"rotation":0,"texture":"#0"},"up":{"uv":[1.875,2.875,2.125,3.125],"tintindex":0,"rotation":0,"texture":"#0"}},"rotation":{"origin":[5.0,8.0,8.0],"angle":45.0,"axis":"z"}}],"display":{"gui":{"rotation":[30,225,0]}}}