{
    "multipart": [
        {
            "when": {
                "up": "true"
            },
            "apply": [
                {
                    "model": "minecraft:block_random/stone_brick_wall_post_0"
                },
                {
                    "model": "minecraft:block_random/stone_brick_wall_post_1"
                },
                {
                    "model": "minecraft:block_random/stone_brick_wall_post_2"
                },
                {
                    "model": "minecraft:block_random/stone_brick_wall_post_3"
                },
                {
                    "model": "minecraft:block_random/stone_brick_wall_post_4"
                },
                {
                    "model": "minecraft:block_random/stone_brick_wall_post_5"
                },
                {
                    "model": "minecraft:block_random/stone_brick_wall_post_6"
                },
                {
                    "model": "minecraft:block_random/stone_brick_wall_post_7"
                }
            ]
        },
        {
            "when": {
                "north": "low"
            },
            "apply": [
                {
                    "model": "minecraft:block_random/stone_brick_wall_side_0",
                    "uvlock": true
                },
                {
                    "model": "minecraft:block_random/stone_brick_wall_side_1",
                    "uvlock": true
                },
                {
                    "model": "minecraft:block_random/stone_brick_wall_side_2",
                    "uvlock": true
                },
                {
                    "model": "minecraft:block_random/stone_brick_wall_side_3",
                    "uvlock": true
                },
                {
                    "model": "minecraft:block_random/stone_brick_wall_side_4",
                    "uvlock": true
                },
                {
                    "model": "minecraft:block_random/stone_brick_wall_side_5",
                    "uvlock": true
                },
                {
                    "model": "minecraft:block_random/stone_brick_wall_side_6",
                    "uvlock": true
                },
                {
                    "model": "minecraft:block_random/stone_brick_wall_side_7",
                    "uvlock": true
                }
            ]
        },
        {
            "when": {
                "east": "low"
            },
            "apply": [
                {
                    "model": "minecraft:block_random/stone_brick_wall_side_0",
                    "y": 90,
                    "uvlock": true
                },
                {
                    "model": "minecraft:block_random/stone_brick_wall_side_1",
                    "y": 90,
                    "uvlock": true
                },
                {
                    "model": "minecraft:block_random/stone_brick_wall_side_2",
                    "y": 90,
                    "uvlock": true
                },
                {
                    "model": "minecraft:block_random/stone_brick_wall_side_3",
                    "y": 90,
                    "uvlock": true
                },
                {
                    "model": "minecraft:block_random/stone_brick_wall_side_4",
                    "y": 90,
                    "uvlock": true
                },
                {
                    "model": "minecraft:block_random/stone_brick_wall_side_5",
                    "y": 90,
                    "uvlock": true
                },
                {
                    "model": "minecraft:block_random/stone_brick_wall_side_6",
                    "y": 90,
                    "uvlock": true
                },
                {
                    "model": "minecraft:block_random/stone_brick_wall_side_7",
                    "y": 90,
                    "uvlock": true
                }
            ]
        },
        {
            "when": {
                "south": "low"
            },
            "apply": [
                {
                    "model": "minecraft:block_random/stone_brick_wall_side_0",
                    "y": 180,
                    "uvlock": true
                },
                {
                    "model": "minecraft:block_random/stone_brick_wall_side_1",
                    "y": 180,
                    "uvlock": true
                },
                {
                    "model": "minecraft:block_random/stone_brick_wall_side_2",
                    "y": 180,
                    "uvlock": true
                },
                {
                    "model": "minecraft:block_random/stone_brick_wall_side_3",
                    "y": 180,
                    "uvlock": true
                },
                {
                    "model": "minecraft:block_random/stone_brick_wall_side_4",
                    "y": 180,
                    "uvlock": true
                },
                {
                    "model": "minecraft:block_random/stone_brick_wall_side_5",
                    "y": 180,
                    "uvlock": true
                },
                {
                    "model": "minecraft:block_random/stone_brick_wall_side_6",
                    "y": 180,
                    "uvlock": true
                },
                {
                    "model": "minecraft:block_random/stone_brick_wall_side_7",
                    "y": 180,
                    "uvlock": true
                }
            ]
        },
        {
            "when": {
                "west": "low"
            },
            "apply": [
                {
                    "model": "minecraft:block_random/stone_brick_wall_side_0",
                    "y": 270,
                    "uvlock": true
                },
                {
                    "model": "minecraft:block_random/stone_brick_wall_side_1",
                    "y": 270,
                    "uvlock": true
                },
                {
                    "model": "minecraft:block_random/stone_brick_wall_side_2",
                    "y": 270,
                    "uvlock": true
                },
                {
                    "model": "minecraft:block_random/stone_brick_wall_side_3",
                    "y": 270,
                    "uvlock": true
                },
                {
                    "model": "minecraft:block_random/stone_brick_wall_side_4",
                    "y": 270,
                    "uvlock": true
                },
                {
                    "model": "minecraft:block_random/stone_brick_wall_side_5",
                    "y": 270,
                    "uvlock": true
                },
                {
                    "model": "minecraft:block_random/stone_brick_wall_side_6",
                    "y": 270,
                    "uvlock": true
                },
                {
                    "model": "minecraft:block_random/stone_brick_wall_side_7",
                    "y": 270,
                    "uvlock": true
                }
            ]
        },
        {
            "when": {
                "north": "tall"
            },
            "apply": [
                {
                    "model": "minecraft:block_random/stone_brick_wall_side_tall_0",
                    "uvlock": true
                },
                {
                    "model": "minecraft:block_random/stone_brick_wall_side_tall_1",
                    "uvlock": true
                },
                {
                    "model": "minecraft:block_random/stone_brick_wall_side_tall_2",
                    "uvlock": true
                },
                {
                    "model": "minecraft:block_random/stone_brick_wall_side_tall_3",
                    "uvlock": true
                },
                {
                    "model": "minecraft:block_random/stone_brick_wall_side_tall_4",
                    "uvlock": true
                },
                {
                    "model": "minecraft:block_random/stone_brick_wall_side_tall_5",
                    "uvlock": true
                },
                {
                    "model": "minecraft:block_random/stone_brick_wall_side_tall_6",
                    "uvlock": true
                },
                {
                    "model": "minecraft:block_random/stone_brick_wall_side_tall_7",
                    "uvlock": true
                }
            ]
        },
        {
            "when": {
                "east": "tall"
            },
            "apply": [
                {
                    "model": "minecraft:block_random/stone_brick_wall_side_tall_0",
                    "y": 90,
                    "uvlock": true
                },
                {
                    "model": "minecraft:block_random/stone_brick_wall_side_tall_1",
                    "y": 90,
                    "uvlock": true
                },
                {
                    "model": "minecraft:block_random/stone_brick_wall_side_tall_2",
                    "y": 90,
                    "uvlock": true
                },
                {
                    "model": "minecraft:block_random/stone_brick_wall_side_tall_3",
                    "y": 90,
                    "uvlock": true
                },
                {
                    "model": "minecraft:block_random/stone_brick_wall_side_tall_4",
                    "y": 90,
                    "uvlock": true
                },
                {
                    "model": "minecraft:block_random/stone_brick_wall_side_tall_5",
                    "y": 90,
                    "uvlock": true
                },
                {
                    "model": "minecraft:block_random/stone_brick_wall_side_tall_6",
                    "y": 90,
                    "uvlock": true
                },
                {
                    "model": "minecraft:block_random/stone_brick_wall_side_tall_7",
                    "y": 90,
                    "uvlock": true
                }
            ]
        },
        {
            "when": {
                "south": "tall"
            },
            "apply": [
                {
                    "model": "minecraft:block_random/stone_brick_wall_side_tall_0",
                    "y": 180,
                    "uvlock": true
                },
                {
                    "model": "minecraft:block_random/stone_brick_wall_side_tall_1",
                    "y": 180,
                    "uvlock": true
                },
                {
                    "model": "minecraft:block_random/stone_brick_wall_side_tall_2",
                    "y": 180,
                    "uvlock": true
                },
                {
                    "model": "minecraft:block_random/stone_brick_wall_side_tall_3",
                    "y": 180,
                    "uvlock": true
                },
                {
                    "model": "minecraft:block_random/stone_brick_wall_side_tall_4",
                    "y": 180,
                    "uvlock": true
                },
                {
                    "model": "minecraft:block_random/stone_brick_wall_side_tall_5",
                    "y": 180,
                    "uvlock": true
                },
                {
                    "model": "minecraft:block_random/stone_brick_wall_side_tall_6",
                    "y": 180,
                    "uvlock": true
                },
                {
                    "model": "minecraft:block_random/stone_brick_wall_side_tall_7",
                    "y": 180,
                    "uvlock": true
                }
            ]
        },
        {
            "when": {
                "west": "tall"
            },
            "apply": [
                {
                    "model": "minecraft:block_random/stone_brick_wall_side_tall_0",
                    "y": 270,
                    "uvlock": true
                },
                {
                    "model": "minecraft:block_random/stone_brick_wall_side_tall_1",
                    "y": 270,
                    "uvlock": true
                },
                {
                    "model": "minecraft:block_random/stone_brick_wall_side_tall_2",
                    "y": 270,
                    "uvlock": true
                },
                {
                    "model": "minecraft:block_random/stone_brick_wall_side_tall_3",
                    "y": 270,
                    "uvlock": true
                },
                {
                    "model": "minecraft:block_random/stone_brick_wall_side_tall_4",
                    "y": 270,
                    "uvlock": true
                },
                {
                    "model": "minecraft:block_random/stone_brick_wall_side_tall_5",
                    "y": 270,
                    "uvlock": true
                },
                {
                    "model": "minecraft:block_random/stone_brick_wall_side_tall_6",
                    "y": 270,
                    "uvlock": true
                },
                {
                    "model": "minecraft:block_random/stone_brick_wall_side_tall_7",
                    "y": 270,
                    "uvlock": true
                }
            ]
        }
    ]
}