{
	"credit": "Made with Blockbench",
	"texture_size": [32, 32],
	"textures": {
		"0": "block/plant/blimpshroom",
		"particle": "block/plant/blimpshroom"
	},
	"elements": [
		{
			"from": [1.2, -0.3, 1.2],
			"to": [14.8, 12.3, 14.8],
			"faces": {
				"north": {"uv": [3, 3.5, 9.5, 9.5], "texture": "#0"},
				"east": {"uv": [3, 3.5, 9.5, 9.5], "texture": "#0"},
				"south": {"uv": [3, 3.5, 9.5, 9.5], "texture": "#0"},
				"west": {"uv": [3, 3.5, 9.5, 9.5], "texture": "#0"}
			}
		},
		{
			"from": [1.5, 3, 1.5],
			"to": [14.5, 16, 14.5],
			"faces": {
				"north": {"uv": [3, 9.5, 9.5, 16], "texture": "#0"},
				"east": {"uv": [3, 9.5, 9.5, 16], "texture": "#0"},
				"south": {"uv": [3, 9.5, 9.5, 16], "texture": "#0"},
				"west": {"uv": [3, 9.5, 9.5, 16], "texture": "#0"},
				"up": {"uv": [9.5, 3, 16, 9.5], "texture": "#0", "cullface": "up"},
				"down": {"uv": [9.5, 9.5, 16, 16], "texture": "#0"}
			}
		},
		{
			"from": [4.5, 2.75, 4.5],
			"to": [11.5, 2.75, 11.5],
			"faces": {
				"up": {"uv": [0, 0, 3.5, 3.5], "texture": "#0"},
				"down": {"uv": [0, 0, 3.5, 3.5], "texture": "#0"}
			}
		},
		{
			"from": [6.5, 0, 6.5],
			"to": [9.5, 3, 9.5],
			"faces": {
				"north": {"uv": [0, 10.5, 1.5, 12], "texture": "#0"},
				"east": {"uv": [0, 10.5, 1.5, 12], "texture": "#0"},
				"south": {"uv": [0, 10.5, 1.5, 12], "texture": "#0"},
				"west": {"uv": [0, 10.5, 1.5, 12], "texture": "#0"},
				"down": {"uv": [0, 12, 1.5, 13.5], "texture": "#0", "cullface": "down"}
			}
		}
	]
}