{
	"credit": "Made with Blockbench",
	"elements": [
		{
			"from": [7.25, 5, 8],
			"to": [8.25, 10, 8],
			"rotation": {"angle": 45, "axis": "y", "origin": [7.75, 0, 8]},
			"faces": {
				"north": {"uv": [8, 10, 9, 15], "texture": "#0"},
				"south": {"uv": [8, 10, 9, 15], "texture": "#0"}
			}
		},
		{
			"from": [7.75, 5, 6.5],
			"to": [7.75, 10, 9.5],
			"rotation": {"angle": -22.5, "axis": "z", "origin": [7.75, 5, 0]},
			"faces": {
				"east": {"uv": [16, 11, 13, 16], "texture": "#0"},
				"west": {"uv": [13, 11, 16, 16], "texture": "#0"}
			}
		},
		{
			"from": [9.66342, 9.6194, 6.5],
			"to": [9.66342, 12.6194, 9.5],
			"rotation": {"angle": -45, "axis": "z", "origin": [9.66342, 9.6194, 0]},
			"faces": {
				"east": {"uv": [16, 8, 13, 11], "texture": "#0"},
				"west": {"uv": [13, 8, 16, 11], "texture": "#0"}
			}
		},
		{
			"from": [6.25, 10, 6.5],
			"to": [9.25, 14, 9.5],
			"faces": {
				"north": {"uv": [3, 0, 0, 4], "texture": "#0"},
				"east": {"uv": [0, 0, 3, 4], "texture": "#0"},
				"south": {"uv": [3, 0, 0, 4], "texture": "#0"},
				"west": {"uv": [0, 0, 3, 4], "texture": "#0"},
				"down": {"uv": [6, 0, 9, 3], "texture": "#0"}
			}
		},
		{
			"from": [9.25, 14, 9.5],
			"to": [6.25, 10, 6.5],
			"faces": {
				"north": {"uv": [3, 4, 0, 0], "texture": "#0"},
				"east": {"uv": [0, 4, 3, 0], "texture": "#0"},
				"south": {"uv": [3, 4, 0, 0], "texture": "#0"},
				"west": {"uv": [0, 4, 3, 0], "texture": "#0"},
				"up": {"uv": [3, 3, 6, 0], "texture": "#0"}
			}
		}
	]
}