{
	"textures": {
		"0": "item/skill_assets/blight_skin",
		"1": "item/misc_vfx/blight_tentacles"
	},
	"elements": [
		{
			"from": [3.8, -0.2, 1.8],
			"to": [12.2, 8.2, 14.2],
			"rotation": {"angle": 0, "axis": "y", "origin": [5, 1, 14]},
			"faces": {
				"north": {"uv": [15.5, 5, 13.5, 7], "rotation": 180, "texture": "#0"},
				"east": {"uv": [8.25, 2.5, 10.25, 5.5], "rotation": 90, "texture": "#0"},
				"south": {"uv": [10, 5.25, 8, 7.25], "texture": "#0"},
				"west": {"uv": [12, 2.5, 14, 5.5], "rotation": 270, "texture": "#0"},
				"up": {"uv": [14, 2.5, 16, 5.5], "texture": "#0"},
				"down": {"uv": [10.25, 2.5, 12.25, 5.5], "rotation": 180, "texture": "#0"}
			}
		},
		{
			"from": [4, 0, 2],
			"to": [12, 8, 14],
			"rotation": {"angle": 0, "axis": "y", "origin": [5, 1, 14]},
			"faces": {
				"north": {"uv": [7.25, 5, 5.25, 7], "rotation": 180, "texture": "#0"},
				"east": {"uv": [0.25, 2.5, 2.25, 5.5], "rotation": 90, "texture": "#0"},
				"south": {"uv": [2.75, 4.5, 0.75, 6.5], "texture": "#0"},
				"west": {"uv": [4.25, 2.5, 6.25, 5.5], "rotation": 270, "texture": "#0"},
				"up": {"uv": [6, 2.5, 8, 5.5], "texture": "#0"},
				"down": {"uv": [2.25, 2.5, 4.25, 5.5], "rotation": 180, "texture": "#0"}
			}
		},
		{
			"from": [8, 0, 14],
			"to": [8, 8, 25],
			"rotation": {"angle": 0, "axis": "y", "origin": [7, 4, 15]},
			"faces": {
				"east": {"uv": [0, 0, 11.75, 8], "texture": "#1"},
				"west": {"uv": [11.75, 0, 0, 8], "texture": "#1"}
			}
		},
		{
			"from": [4, 4, 14],
			"to": [12, 4, 29],
			"rotation": {"angle": 0, "axis": "y", "origin": [8, 3, 15]},
			"faces": {
				"up": {"uv": [0, 8, 14.75, 16], "rotation": 270, "texture": "#1"},
				"down": {"uv": [14.75, 8, 0, 16], "rotation": 270, "texture": "#1"}
			}
		}
	]
}