{
	"credit": "Made with Blockbench",
	"textures": {
		"0": "item/misc_vfx/festerbloom_properller",
		"1": "item/misc_vfx/festerbloom_seedling",
		"particle": "item/misc_vfx/festerbloom_properller"
	},
	"elements": [
		{
			"from": [7, 6, 7],
			"to": [9, 8, 9],
			"rotation": {"angle": 0, "axis": "y", "origin": [7, 5, 7]},
			"faces": {
				"north": {"uv": [6, 1, 8, 3], "texture": "#1"},
				"east": {"uv": [6, 1, 8, 3], "texture": "#1"},
				"south": {"uv": [6, 1, 8, 3], "texture": "#1"},
				"west": {"uv": [6, 1, 8, 3], "texture": "#1"},
				"up": {"uv": [6, 1, 8, 3], "texture": "#1"}
			}
		},
		{
			"from": [5, 2, 5],
			"to": [11, 6, 11],
			"rotation": {"angle": 0, "axis": "y", "origin": [7, 4, 7]},
			"faces": {
				"north": {"uv": [0, 6, 6, 10], "texture": "#1"},
				"east": {"uv": [0, 7, 6, 11], "texture": "#1"},
				"south": {"uv": [0, 6, 6, 10], "texture": "#1"},
				"west": {"uv": [0, 7, 6, 11], "texture": "#1"},
				"up": {"uv": [0, 0, 6, 6], "texture": "#1"},
				"down": {"uv": [0, 10, 6, 16], "texture": "#1"}
			}
		},
		{
			"from": [4.8, 1.8, 4.8],
			"to": [11.2, 6.2, 11.2],
			"rotation": {"angle": 0, "axis": "y", "origin": [7, 4, 7]},
			"faces": {
				"north": {"uv": [10, 0, 16, 4], "texture": "#1"},
				"east": {"uv": [10, 1, 16, 5], "texture": "#1"},
				"south": {"uv": [16, 1, 10, 5], "texture": "#1"},
				"west": {"uv": [10, 1, 16, 5], "texture": "#1"},
				"up": {"uv": [6, 6, 12, 12], "texture": "#1"}
			}
		},
		{
			"from": [6, 0, 6],
			"to": [10, 2, 10],
			"rotation": {"angle": 0, "axis": "y", "origin": [7, 0, 7]},
			"faces": {
				"north": {"uv": [6, 0, 10, 2], "texture": "#1"},
				"east": {"uv": [6, 0, 10, 2], "texture": "#1"},
				"south": {"uv": [6, 0, 10, 2], "texture": "#1"},
				"west": {"uv": [6, 0, 10, 2], "texture": "#1"},
				"down": {"uv": [6, 2, 10, 6], "texture": "#1"}
			}
		},
		{
			"from": [7, -1, 7],
			"to": [9, 0, 9],
			"rotation": {"angle": 0, "axis": "y", "origin": [7, -2, 7]},
			"faces": {
				"north": {"uv": [6, 1, 8, 2], "texture": "#1"},
				"east": {"uv": [6, 1, 8, 2], "texture": "#1"},
				"south": {"uv": [6, 1, 8, 2], "texture": "#1"},
				"west": {"uv": [6, 1, 8, 2], "texture": "#1"},
				"down": {"uv": [8, 4, 10, 6], "texture": "#1"}
			}
		},
		{
			"from": [0, 7, 0],
			"to": [16, 7, 16],
			"rotation": {"angle": 0, "axis": "y", "origin": [0, 7, 0]},
			"faces": {
				"up": {"uv": [0, 0, 16, 16], "texture": "#0"},
				"down": {"uv": [16, 0, 0, 16], "texture": "#0"}
			}
		}
	]
}