{
	"credit": "Made with Blockbench",
	"texture_size": [64, 64],
	"textures": {
		"0": "item/dreamfarers/reverie_drive_console",
		"particle": "item/dreamfarers/reverie_drive_console"
	},
	"elements": [
		{
			"from": [17.44215, -12.001, -0.24364],
			"to": [27.34415, -3.999, 7.75836],
			"rotation": {"angle": -45, "axis": "y", "origin": [20.34315, -12, 0.75736]},
			"color": 7,
			"faces": {
				"north": {"uv": [0, 0, 2.475, 2], "texture": "#missing"},
				"east": {"uv": [0, 0, 2, 2], "texture": "#missing"},
				"south": {"uv": [0, 0, 2.475, 2], "texture": "#missing"},
				"west": {"uv": [0, 0, 2, 2], "texture": "#missing"},
				"up": {"uv": [0, 0, 2.475, 2], "texture": "#missing"},
				"down": {"uv": [0, 0, 2.475, 2], "texture": "#missing"}
			}
		},
		{
			"from": [22, -12, 5],
			"to": [26, -4, 16],
			"rotation": {"angle": 0, "axis": "y", "origin": [25, -12, 1]},
			"color": 7,
			"faces": {
				"north": {"uv": [0, 0, 0.75, 2], "texture": "#missing"},
				"east": {"uv": [0, 0, 2.75, 2], "texture": "#missing"},
				"south": {"uv": [0, 0, 0.75, 2], "texture": "#missing"},
				"west": {"uv": [0, 0, 2.75, 2], "texture": "#missing"},
				"up": {"uv": [0, 0, 0.75, 2.75], "texture": "#missing"},
				"down": {"uv": [0, 0, 0.75, 2.75], "texture": "#missing"}
			}
		},
		{
			"from": [26, -12, 12],
			"to": [27, -9, 14],
			"rotation": {"angle": 0, "axis": "y", "origin": [28, -10, 1]},
			"color": 7,
			"faces": {
				"north": {"uv": [0, 0, 0.25, 0.25], "texture": "#missing"},
				"east": {"uv": [0, 0, 0.5, 0.25], "texture": "#missing"},
				"south": {"uv": [0, 0, 0.25, 0.25], "texture": "#missing"},
				"west": {"uv": [0, 0, 0.5, 0.25], "texture": "#missing"},
				"up": {"uv": [0, 0, 0.25, 0.5], "texture": "#missing"},
				"down": {"uv": [0, 0, 0.25, 0.5], "texture": "#missing"}
			}
		},
		{
			"from": [21.999, -4.001, 11.999],
			"to": [24.001, 5.001, 14.001],
			"rotation": {"angle": 0, "axis": "y", "origin": [23, -4, -1]},
			"faces": {
				"north": {"uv": [0, 6, 2.25, 6.5], "rotation": 90, "texture": "#0"},
				"east": {"uv": [0, 6.5, 2.25, 6], "rotation": 90, "texture": "#0"},
				"south": {"uv": [0, 6, 2.25, 6.5], "rotation": 90, "texture": "#0"},
				"west": {"uv": [0, 6, 2.25, 6.5], "rotation": 90, "texture": "#0"},
				"up": {"uv": [0, 6, 0.5, 6.5], "texture": "#0"},
				"down": {"uv": [0, 6, 0.5, 6.5], "texture": "#0"}
			}
		},
		{
			"from": [21.999, 8.17561, 18.41092],
			"to": [24.001, 12.17761, 20.41292],
			"rotation": {"angle": 22.5, "axis": "x", "origin": [23, 17.7756, 13.8972]},
			"faces": {
				"north": {"uv": [0, 6, 1, 6.5], "rotation": 90, "texture": "#0"},
				"east": {"uv": [1, 6.5, 0, 6], "rotation": 90, "texture": "#0"},
				"south": {"uv": [0, 6, 1, 6.5], "rotation": 90, "texture": "#0"},
				"west": {"uv": [0, 6, 1, 6.5], "rotation": 90, "texture": "#0"},
				"up": {"uv": [0, 6, 0.5, 6.5], "texture": "#0"},
				"down": {"uv": [0, 6, 0.5, 6.5], "texture": "#0"}
			}
		},
		{
			"from": [22, 5.38091, 20.10984],
			"to": [24, 9.38091, 22.10984],
			"rotation": {"angle": 45, "axis": "x", "origin": [23, 14.9799, 15.59512]},
			"faces": {
				"north": {"uv": [0, 6, 1, 6.5], "rotation": 90, "texture": "#0"},
				"east": {"uv": [0, 6.5, 1, 6], "rotation": 90, "texture": "#0"},
				"south": {"uv": [0, 6, 1, 6.5], "rotation": 90, "texture": "#0"},
				"west": {"uv": [0, 6, 1, 6.5], "rotation": 90, "texture": "#0"},
				"up": {"uv": [0, 6, 0.5, 6.5], "texture": "#0"},
				"down": {"uv": [0, 6, 0.5, 6.5], "texture": "#0"}
			}
		},
		{
			"from": [22, 10.10973, 15.77337],
			"to": [24, 14.10973, 17.77337],
			"rotation": {"angle": 0, "axis": "x", "origin": [23, 19.70872, 11.25866]},
			"faces": {
				"north": {"uv": [0, 6, 1, 6.5], "rotation": 90, "texture": "#0"},
				"east": {"uv": [1, 6.5, 0, 6], "rotation": 90, "texture": "#0"},
				"south": {"uv": [0, 6, 1, 6.5], "rotation": 90, "texture": "#0"},
				"west": {"uv": [0, 6, 1, 6.5], "rotation": 90, "texture": "#0"},
				"up": {"uv": [0, 6, 0.5, 6.5], "texture": "#0"},
				"down": {"uv": [0, 6, 0.5, 6.5], "texture": "#0"}
			}
		},
		{
			"from": [21.999, 10.88498, 12.5949],
			"to": [24.001, 14.88698, 14.5969],
			"rotation": {"angle": -22.5, "axis": "x", "origin": [23, 20.48497, 8.08118]},
			"faces": {
				"north": {"uv": [0, 6, 1, 6.5], "rotation": 90, "texture": "#0"},
				"east": {"uv": [1, 6.5, 0, 6], "rotation": 90, "texture": "#0"},
				"south": {"uv": [0, 6, 1, 6.5], "rotation": 90, "texture": "#0"},
				"west": {"uv": [0, 6, 1, 6.5], "rotation": 90, "texture": "#0"},
				"up": {"uv": [0, 6, 0.5, 6.5], "texture": "#0"},
				"down": {"uv": [0, 6, 0.5, 6.5], "texture": "#0"}
			}
		},
		{
			"from": [22, 10.38717, 17.01692],
			"to": [24, 14.38717, 19.01692],
			"rotation": {"angle": -45, "axis": "x", "origin": [23, 10.74736, 8.67536]},
			"faces": {
				"north": {"uv": [0, 6, 1, 6.5], "rotation": 90, "texture": "#0"},
				"east": {"uv": [0, 6.5, 1, 6], "rotation": 90, "texture": "#0"},
				"south": {"uv": [0, 6, 1, 6.5], "rotation": 90, "texture": "#0"},
				"west": {"uv": [0, 6, 1, 6.5], "rotation": 90, "texture": "#0"},
				"up": {"uv": [0, 6, 0.5, 6.5], "texture": "#0"},
				"down": {"uv": [0, 6, 0.5, 6.5], "texture": "#0"}
			}
		},
		{
			"from": [21.999, 19.43907, 6.57959],
			"to": [24.001, 21.44107, 10.08159],
			"rotation": {"angle": 22.5, "axis": "x", "origin": [23, 12.65724, 9.72039]},
			"faces": {
				"north": {"uv": [0, 6, 0.5, 6.5], "rotation": 180, "texture": "#0"},
				"east": {"uv": [0.625, 6, 1.5, 6.5], "texture": "#0"},
				"south": {"uv": [0, 6, 0.5, 6.5], "texture": "#0"},
				"west": {"uv": [0, 6, 0.875, 6.5], "texture": "#0"},
				"up": {"uv": [0, 6, 0.875, 6.5], "rotation": 90, "texture": "#0"},
				"down": {"uv": [0, 6.5, 0.875, 6], "rotation": 90, "texture": "#0"}
			}
		},
		{
			"from": [22, 19.97307, 5.38063],
			"to": [24, 21.97307, 10.18063],
			"rotation": {"angle": 0, "axis": "x", "origin": [23, 13.19023, 11.82044]},
			"faces": {
				"north": {"uv": [0, 6, 0.5, 6.5], "rotation": 180, "texture": "#0"},
				"east": {"uv": [0, 6, 1.7, 6.5], "texture": "#0"},
				"south": {"uv": [0, 6, 0.5, 6.5], "texture": "#0"},
				"west": {"uv": [0, 6, 1.7, 6.5], "texture": "#0"},
				"up": {"uv": [0, 6, 1.7, 6.5], "rotation": 90, "texture": "#0"},
				"down": {"uv": [0, 6.5, 1.7, 6], "rotation": 90, "texture": "#0"}
			}
		},
		{
			"from": [22.91899, 19.97207, 15.61485],
			"to": [30.53099, 21.97407, 17.61685],
			"rotation": {"angle": -45, "axis": "y", "origin": [39.61999, -1.02693, 2.61585]},
			"faces": {
				"north": {"uv": [0, 6, 1.9025, 6.5], "texture": "#0"},
				"east": {"uv": [0, 6, 0.5, 6.5], "texture": "#0"},
				"south": {"uv": [0, 6, 1.9025, 6.5], "texture": "#0"},
				"west": {"uv": [0, 6, 0.5, 6.5], "texture": "#0"},
				"up": {"uv": [0, 6, 1.9025, 6.5], "texture": "#0"},
				"down": {"uv": [0, 6, 1.9025, 6.5], "texture": "#0"}
			}
		},
		{
			"from": [15.61892, 19.97407, -0.00186],
			"to": [18.61892, 21.97407, 1.99814],
			"rotation": {"angle": 0, "axis": "y", "origin": [25.01892, 13.97407, -13.00186]},
			"faces": {
				"north": {"uv": [0, 6, 0.75, 6.5], "texture": "#0"},
				"east": {"uv": [0, 6, 0.5, 6.5], "texture": "#0"},
				"south": {"uv": [0, 6, 0.75, 6.5], "texture": "#0"},
				"west": {"uv": [0, 6, 0.5, 6.5], "texture": "#0"},
				"up": {"uv": [0, 6, 0.75, 6.5], "texture": "#0"},
				"down": {"uv": [0, 6, 0.75, 6.5], "texture": "#0"}
			}
		},
		{
			"from": [14.19222, 23.03121, -0.00286],
			"to": [18.19422, 25.03321, 1.99914],
			"rotation": {"angle": 22.5, "axis": "z", "origin": [24.59322, 17.03221, -13.00186]},
			"faces": {
				"north": {"uv": [0, 6, 1, 6.5], "texture": "#0"},
				"east": {"uv": [0, 6, 0.5, 6.5], "texture": "#0"},
				"south": {"uv": [0, 6, 1, 6.5], "texture": "#0"},
				"west": {"uv": [0, 6, 0.5, 6.5], "texture": "#0"},
				"up": {"uv": [0, 6, 1, 6.5], "texture": "#0"},
				"down": {"uv": [0, 6, 1, 6.5], "texture": "#0"}
			}
		},
		{
			"from": [11.70574, 25.31197, -0.00186],
			"to": [15.70574, 27.31197, 1.99814],
			"rotation": {"angle": 45, "axis": "z", "origin": [22.10574, 19.31197, -13.00186]},
			"faces": {
				"north": {"uv": [0, 6, 1, 6.5], "texture": "#0"},
				"east": {"uv": [0, 6, 0.5, 6.5], "texture": "#0"},
				"south": {"uv": [0, 6, 1, 6.5], "texture": "#0"},
				"west": {"uv": [0, 6, 0.5, 6.5], "texture": "#0"},
				"up": {"uv": [0, 6, 1, 6.5], "texture": "#0"},
				"down": {"uv": [0, 6, 1, 6.5], "texture": "#0"}
			}
		},
		{
			"from": [10.93419, 10.06527, -0.00286],
			"to": [12.93619, 14.06727, 1.99914],
			"rotation": {"angle": -22.5, "axis": "z", "origin": [18.93519, 20.46627, -13.00186]},
			"faces": {
				"north": {"uv": [0, 6, 1, 6.5], "rotation": 90, "texture": "#0"},
				"east": {"uv": [0, 6, 1, 6.5], "rotation": 270, "texture": "#0"},
				"south": {"uv": [0, 6, 1, 6.5], "rotation": 270, "texture": "#0"},
				"west": {"uv": [0, 6, 1, 6.5], "rotation": 270, "texture": "#0"},
				"up": {"uv": [0, 6, 0.5, 6.5], "rotation": 270, "texture": "#0"},
				"down": {"uv": [0, 6, 0.5, 6.5], "rotation": 270, "texture": "#0"}
			}
		},
		{
			"from": [7.56294, 5.91885, -0.00286],
			"to": [9.56294, 13.91885, 1.99714],
			"rotation": {"angle": 0, "axis": "z", "origin": [15.56294, 20.21885, -13.00286]},
			"faces": {
				"north": {"uv": [0, 6, 1.975, 6.5], "rotation": 90, "texture": "#0"},
				"east": {"uv": [0, 6, 1.975, 6.5], "rotation": 270, "texture": "#0"},
				"south": {"uv": [0, 6, 1.975, 6.5], "rotation": 270, "texture": "#0"},
				"west": {"uv": [0, 6, 1.975, 6.5], "rotation": 270, "texture": "#0"},
				"up": {"uv": [0, 6, 0.5, 6.5], "rotation": 270, "texture": "#0"},
				"down": {"uv": [0, 6, 0.5, 6.5], "rotation": 270, "texture": "#0"}
			}
		},
		{
			"from": [4.74084, 4.59907, -0.001],
			"to": [8.74284, 6.60107, 2.001],
			"rotation": {"angle": 22.5, "axis": "z", "origin": [4.74184, 5.60007, -13]},
			"faces": {
				"north": {"uv": [0, 6, 1, 6.5], "texture": "#0"},
				"east": {"uv": [0, 6, 0.5, 6.5], "rotation": 90, "texture": "#0"},
				"south": {"uv": [0, 6, 1, 6.5], "texture": "#0"},
				"west": {"uv": [0, 6, 0.5, 6.5], "rotation": 90, "texture": "#0"},
				"up": {"uv": [0, 6, 1, 6.5], "texture": "#0"},
				"down": {"uv": [0, 6, 1, 6.5], "texture": "#0"}
			}
		},
		{
			"from": [1.23784, 2.98841, 0],
			"to": [3.23784, 6.98841, 2],
			"rotation": {"angle": -45, "axis": "z", "origin": [2.23784, 2.98841, -13]},
			"faces": {
				"north": {"uv": [0, 6, 1, 6.5], "rotation": 90, "texture": "#0"},
				"east": {"uv": [0, 6, 1, 6.5], "rotation": 90, "texture": "#0"},
				"south": {"uv": [0, 6, 1, 6.5], "rotation": 90, "texture": "#0"},
				"west": {"uv": [0, 6.5, 1, 6], "rotation": 90, "texture": "#0"},
				"up": {"uv": [0, 6, 0.5, 6.5], "texture": "#0"},
				"down": {"uv": [0, 6, 0.5, 6.5], "texture": "#0"}
			}
		},
		{
			"from": [-0.07712, -0.38368, -0.001],
			"to": [1.92488, 3.61832, 2.001],
			"rotation": {"angle": -22.5, "axis": "z", "origin": [0.92388, -0.38268, -13]},
			"faces": {
				"north": {"uv": [0, 6, 1, 6.5], "rotation": 90, "texture": "#0"},
				"east": {"uv": [0, 6, 1, 6.5], "rotation": 90, "texture": "#0"},
				"south": {"uv": [0, 6, 1, 6.5], "rotation": 90, "texture": "#0"},
				"west": {"uv": [1, 6.5, 0, 6], "rotation": 90, "texture": "#0"},
				"up": {"uv": [0, 6, 0.5, 6.5], "texture": "#0"},
				"down": {"uv": [0, 6, 0.5, 6.5], "texture": "#0"}
			}
		},
		{
			"from": [0, -4, 0],
			"to": [2, 0, 2],
			"rotation": {"angle": 0, "axis": "y", "origin": [1, -4, -13]},
			"faces": {
				"north": {"uv": [0, 6, 1, 6.5], "rotation": 90, "texture": "#0"},
				"east": {"uv": [0, 6, 1, 6.5], "rotation": 90, "texture": "#0"},
				"south": {"uv": [0, 6, 1, 6.5], "rotation": 90, "texture": "#0"},
				"west": {"uv": [0, 6.5, 1, 6], "rotation": 90, "texture": "#0"},
				"up": {"uv": [0, 6, 0.5, 6.5], "texture": "#0"},
				"down": {"uv": [0, 6, 0.5, 6.5], "texture": "#0"}
			}
		},
		{
			"from": [22.1, 5, 14],
			"to": [23, 19, 16.5],
			"rotation": {"angle": 0, "axis": "y", "origin": [23.1, 10, 1]},
			"faces": {
				"east": {"uv": [4.25, 0, 4.875, 3.5], "texture": "#0"},
				"west": {"uv": [4.875, 0, 4.25, 3.5], "texture": "#0"}
			}
		},
		{
			"from": [22.1, -4, 5.8],
			"to": [23, 20, 14],
			"rotation": {"angle": 0, "axis": "y", "origin": [23, 10, -3]},
			"faces": {
				"east": {"uv": [3.625, 0, 1.625, 6], "texture": "#0"},
				"west": {"uv": [1.625, 0, 3.625, 6], "texture": "#0"}
			}
		},
		{
			"from": [-10, -12, -2],
			"to": [19, -4, 4],
			"rotation": {"angle": 0, "axis": "y", "origin": [25, -12, -15]},
			"color": 7,
			"faces": {
				"north": {"uv": [0, 0, 8.75, 2], "texture": "#missing"},
				"east": {"uv": [0, 0, 0.75, 2], "texture": "#missing"},
				"south": {"uv": [0, 0, 8.75, 2], "texture": "#missing"},
				"west": {"uv": [0, 0, 0.75, 2], "texture": "#missing"},
				"up": {"uv": [0, 0, 8.75, 0.75], "texture": "#missing"},
				"down": {"uv": [0, 0, 8.75, 0.75], "texture": "#missing"}
			}
		},
		{
			"from": [-16, -12, -2],
			"to": [-10, -4, 2],
			"rotation": {"angle": 0, "axis": "y", "origin": [25, -12, -15]},
			"color": 7,
			"faces": {
				"north": {"uv": [0, 0, 8.75, 2], "texture": "#missing"},
				"east": {"uv": [0, 0, 0.75, 2], "texture": "#missing"},
				"south": {"uv": [0, 0, 8.75, 2], "texture": "#missing"},
				"west": {"uv": [0, 0, 0.75, 2], "texture": "#missing"},
				"up": {"uv": [0, 0, 8.75, 0.75], "texture": "#missing"},
				"down": {"uv": [0, 0, 8.75, 0.75], "texture": "#missing"}
			}
		},
		{
			"from": [1.99167, -4, 0.99167],
			"to": [18.19167, 6, 1.89167],
			"rotation": {"angle": 0, "axis": "y", "origin": [25.19167, -4, -13.00833]},
			"faces": {
				"north": {"uv": [2, 3.5, 6, 6], "texture": "#0"},
				"south": {"uv": [6, 3.5, 2, 6], "texture": "#0"}
			}
		},
		{
			"from": [9.19167, 6, 0.99167],
			"to": [18.19167, 20, 1.89167],
			"rotation": {"angle": 0, "axis": "y", "origin": [25.19167, 6, -13.00833]},
			"faces": {
				"north": {"uv": [2, 0, 4.225, 3.5], "texture": "#0"},
				"south": {"uv": [4.25, 0, 2, 3.5], "texture": "#0"}
			}
		},
		{
			"from": [23.14127, -4, 17.04228],
			"to": [29.94127, 20, 17.94228],
			"rotation": {"angle": -45, "axis": "y", "origin": [40.04127, -4, 3.04228]},
			"faces": {
				"north": {"uv": [0, 0, 1.625, 6], "texture": "#0"},
				"south": {"uv": [0, 0, 1.625, 6], "texture": "#0"}
			}
		},
		{
			"name": "inverted cube",
			"from": [23.76096, 16.5, 19.17431],
			"to": [20.08896, 14.5, 18.17431],
			"rotation": {"angle": -45, "axis": "y", "origin": [39.10224, -2, 9.17431]},
			"faces": {
				"north": {"uv": [2.25, 6, 3.125, 6.5], "texture": "#0"},
				"east": {"uv": [0.5, 6.125, 1, 6.375], "rotation": 270, "texture": "#0"},
				"west": {"uv": [0, 6.125, 0.5, 6.375], "rotation": 90, "texture": "#0"},
				"up": {"uv": [1, 6.375, 1.918, 6.125], "texture": "#0"},
				"down": {"uv": [1, 6.125, 1.918, 6.375], "texture": "#0"}
			}
		},
		{
			"name": "inverted cube",
			"from": [23.76096, 10.5, 19.17431],
			"to": [20.08896, 8.5, 18.17431],
			"rotation": {"angle": -45, "axis": "y", "origin": [39.10224, -8, 9.17431]},
			"faces": {
				"north": {"uv": [2.25, 6, 3.125, 6.5], "texture": "#0"},
				"east": {"uv": [0.5, 6.125, 1, 6.375], "rotation": 270, "texture": "#0"},
				"west": {"uv": [0, 6.125, 0.5, 6.375], "rotation": 90, "texture": "#0"},
				"up": {"uv": [1, 6.375, 1.918, 6.125], "texture": "#0"},
				"down": {"uv": [1, 6.125, 1.918, 6.375], "texture": "#0"}
			}
		},
		{
			"name": "inverted cube",
			"from": [23.76096, 4.5, 19.17431],
			"to": [20.08896, 2.5, 18.17431],
			"rotation": {"angle": -45, "axis": "y", "origin": [39.10224, -14, 9.17431]},
			"faces": {
				"north": {"uv": [2.25, 6, 3.125, 6.5], "texture": "#0"},
				"east": {"uv": [0.5, 6.125, 1, 6.375], "rotation": 270, "texture": "#0"},
				"west": {"uv": [0, 6.125, 0.5, 6.375], "rotation": 90, "texture": "#0"},
				"up": {"uv": [1, 6.375, 1.918, 6.125], "texture": "#0"},
				"down": {"uv": [1, 6.125, 1.918, 6.375], "texture": "#0"}
			}
		},
		{
			"from": [6, -12, 2],
			"to": [18, 4, 6],
			"rotation": {"angle": 0, "axis": "y", "origin": [11, -4, 4]},
			"color": 7,
			"faces": {
				"north": {"uv": [0, 0, 3, 4], "texture": "#missing"},
				"east": {"uv": [0, 0, 1, 4], "texture": "#missing"},
				"south": {"uv": [0, 0, 3, 4], "texture": "#missing"},
				"west": {"uv": [0, 0, 1, 4], "texture": "#missing"},
				"up": {"uv": [0, 0, 3, 1], "texture": "#missing"},
				"down": {"uv": [0, 0, 3, 1], "texture": "#missing"}
			}
		},
		{
			"from": [16, -12, 6],
			"to": [22, 12, 16],
			"rotation": {"angle": 0, "axis": "y", "origin": [15, -4, 8]},
			"color": 7,
			"faces": {
				"north": {"uv": [0, 0, 1.5, 4], "texture": "#missing"},
				"east": {"uv": [0, 0, 2.5, 4], "texture": "#missing"},
				"south": {"uv": [0, 0, 1.5, 4], "texture": "#missing"},
				"west": {"uv": [0, 0, 2.5, 4], "texture": "#missing"},
				"up": {"uv": [0, 0, 1.5, 2.5], "texture": "#missing"},
				"down": {"uv": [0, 0, 1.5, 2.5], "texture": "#missing"}
			}
		},
		{
			"from": [16, -7.00285, -3.04035],
			"to": [18, -4.10285, -1.94035],
			"rotation": {"angle": 22.5, "axis": "x", "origin": [9, -8.10285, -8.04035]},
			"color": 7,
			"faces": {
				"north": {"uv": [0, 0, 0.5, 0.725], "texture": "#missing"},
				"east": {"uv": [0, 0, 0.275, 0.725], "texture": "#missing"},
				"south": {"uv": [0, 0, 0.5, 0.725], "texture": "#missing"},
				"west": {"uv": [0, 0, 0.275, 0.725], "texture": "#missing"},
				"up": {"uv": [0, 0, 0.5, 0.275], "texture": "#missing"},
				"down": {"uv": [0, 0, 0.5, 0.275], "texture": "#missing"}
			}
		},
		{
			"from": [26.43534, -9.29134, 12],
			"to": [27.53534, -6.49134, 14],
			"rotation": {"angle": 22.5, "axis": "z", "origin": [26.53534, -10.49134, 7]},
			"color": 7,
			"faces": {
				"north": {"uv": [0, 0, 0.275, 0.7], "texture": "#missing"},
				"east": {"uv": [0, 0, 0.5, 0.7], "texture": "#missing"},
				"south": {"uv": [0, 0, 0.275, 0.7], "texture": "#missing"},
				"west": {"uv": [0, 0, 0.5, 0.7], "texture": "#missing"},
				"up": {"uv": [0, 0, 0.275, 0.5], "texture": "#missing"},
				"down": {"uv": [0, 0, 0.275, 0.5], "texture": "#missing"}
			}
		},
		{
			"from": [26, -12, 6],
			"to": [27, -9, 8],
			"rotation": {"angle": 0, "axis": "y", "origin": [28, -10, -5]},
			"color": 7,
			"faces": {
				"north": {"uv": [0, 0, 0.25, 0.25], "texture": "#missing"},
				"east": {"uv": [0, 0, 0.5, 0.25], "texture": "#missing"},
				"south": {"uv": [0, 0, 0.25, 0.25], "texture": "#missing"},
				"west": {"uv": [0, 0, 0.5, 0.25], "texture": "#missing"},
				"up": {"uv": [0, 0, 0.25, 0.5], "texture": "#missing"},
				"down": {"uv": [0, 0, 0.25, 0.5], "texture": "#missing"}
			}
		},
		{
			"from": [16, -12, -3],
			"to": [18, -9, -2],
			"rotation": {"angle": 0, "axis": "y", "origin": [19, -10, -15]},
			"color": 7,
			"faces": {
				"north": {"uv": [0, 0, 0.5, 0.25], "texture": "#missing"},
				"east": {"uv": [0, 0, 0.25, 0.25], "texture": "#missing"},
				"south": {"uv": [0, 0, 0.5, 0.25], "texture": "#missing"},
				"west": {"uv": [0, 0, 0.25, 0.25], "texture": "#missing"},
				"up": {"uv": [0, 0, 0.5, 0.25], "texture": "#missing"},
				"down": {"uv": [0, 0, 0.5, 0.25], "texture": "#missing"}
			}
		},
		{
			"from": [1, -12, -3],
			"to": [3, -9, -2],
			"rotation": {"angle": 0, "axis": "y", "origin": [4, -10, -15]},
			"color": 7,
			"faces": {
				"north": {"uv": [0, 0, 0.5, 0.25], "texture": "#missing"},
				"east": {"uv": [0, 0, 0.25, 0.25], "texture": "#missing"},
				"south": {"uv": [0, 0, 0.5, 0.25], "texture": "#missing"},
				"west": {"uv": [0, 0, 0.25, 0.25], "texture": "#missing"},
				"up": {"uv": [0, 0, 0.5, 0.25], "texture": "#missing"},
				"down": {"uv": [0, 0, 0.5, 0.25], "texture": "#missing"}
			}
		},
		{
			"from": [1, -7.00285, -3.04035],
			"to": [3, -4.10285, -1.94035],
			"rotation": {"angle": 22.5, "axis": "x", "origin": [-6, -8.10285, -8.04035]},
			"color": 7,
			"faces": {
				"north": {"uv": [0, 0, 0.5, 0.725], "texture": "#missing"},
				"east": {"uv": [0, 0, 0.275, 0.725], "texture": "#missing"},
				"south": {"uv": [0, 0, 0.5, 0.725], "texture": "#missing"},
				"west": {"uv": [0, 0, 0.275, 0.725], "texture": "#missing"},
				"up": {"uv": [0, 0, 0.5, 0.275], "texture": "#missing"},
				"down": {"uv": [0, 0, 0.5, 0.275], "texture": "#missing"}
			}
		},
		{
			"from": [-7, -7.00285, -3.04035],
			"to": [-5, -4.10285, -1.94035],
			"rotation": {"angle": 22.5, "axis": "x", "origin": [-14, -8.10285, -8.04035]},
			"color": 7,
			"faces": {
				"north": {"uv": [0, 0, 0.5, 0.725], "texture": "#missing"},
				"east": {"uv": [0, 0, 0.275, 0.725], "texture": "#missing"},
				"south": {"uv": [0, 0, 0.5, 0.725], "texture": "#missing"},
				"west": {"uv": [0, 0, 0.275, 0.725], "texture": "#missing"},
				"up": {"uv": [0, 0, 0.5, 0.275], "texture": "#missing"},
				"down": {"uv": [0, 0, 0.5, 0.275], "texture": "#missing"}
			}
		},
		{
			"from": [-15, -7.00285, -3.04035],
			"to": [-13, -4.10285, -1.94035],
			"rotation": {"angle": 22.5, "axis": "x", "origin": [-22, -8.10285, -8.04035]},
			"color": 7,
			"faces": {
				"north": {"uv": [0, 0, 0.5, 0.725], "texture": "#missing"},
				"east": {"uv": [0, 0, 0.275, 0.725], "texture": "#missing"},
				"south": {"uv": [0, 0, 0.5, 0.725], "texture": "#missing"},
				"west": {"uv": [0, 0, 0.275, 0.725], "texture": "#missing"},
				"up": {"uv": [0, 0, 0.5, 0.275], "texture": "#missing"},
				"down": {"uv": [0, 0, 0.5, 0.275], "texture": "#missing"}
			}
		},
		{
			"from": [8.5, -12, -3],
			"to": [10.5, -9, -2],
			"rotation": {"angle": 0, "axis": "y", "origin": [11.5, -10, -15]},
			"color": 7,
			"faces": {
				"north": {"uv": [0, 0, 0.5, 0.25], "texture": "#missing"},
				"east": {"uv": [0, 0, 0.25, 0.25], "texture": "#missing"},
				"south": {"uv": [0, 0, 0.5, 0.25], "texture": "#missing"},
				"west": {"uv": [0, 0, 0.25, 0.25], "texture": "#missing"},
				"up": {"uv": [0, 0, 0.5, 0.25], "texture": "#missing"},
				"down": {"uv": [0, 0, 0.5, 0.25], "texture": "#missing"}
			}
		},
		{
			"from": [8.5, -7.00285, -3.04035],
			"to": [10.5, -4.10285, -1.94035],
			"rotation": {"angle": 22.5, "axis": "x", "origin": [1.5, -8.10285, -8.04035]},
			"color": 7,
			"faces": {
				"north": {"uv": [0, 0, 0.5, 0.725], "texture": "#missing"},
				"east": {"uv": [0, 0, 0.275, 0.725], "texture": "#missing"},
				"south": {"uv": [0, 0, 0.5, 0.725], "texture": "#missing"},
				"west": {"uv": [0, 0, 0.275, 0.725], "texture": "#missing"},
				"up": {"uv": [0, 0, 0.5, 0.275], "texture": "#missing"},
				"down": {"uv": [0, 0, 0.5, 0.275], "texture": "#missing"}
			}
		},
		{
			"from": [26.43534, -9.29134, 6],
			"to": [27.53534, -6.49134, 8],
			"rotation": {"angle": 22.5, "axis": "z", "origin": [26.53534, -10.49134, 1]},
			"color": 7,
			"faces": {
				"north": {"uv": [0, 0, 0.275, 0.7], "texture": "#missing"},
				"east": {"uv": [0, 0, 0.5, 0.7], "texture": "#missing"},
				"south": {"uv": [0, 0, 0.275, 0.7], "texture": "#missing"},
				"west": {"uv": [0, 0, 0.5, 0.7], "texture": "#missing"},
				"up": {"uv": [0, 0, 0.275, 0.5], "texture": "#missing"},
				"down": {"uv": [0, 0, 0.275, 0.5], "texture": "#missing"}
			}
		},
		{
			"from": [-16, -12, -8],
			"to": [-3, -9, -2],
			"rotation": {"angle": 0, "axis": "y", "origin": [-15, -10, 25]},
			"color": 7,
			"faces": {
				"north": {"uv": [0, 0, 2, 2], "texture": "#missing"},
				"east": {"uv": [0, 0, 2, 2], "texture": "#missing"},
				"south": {"uv": [0, 0, 2, 2], "texture": "#missing"},
				"west": {"uv": [0, 0, 2, 2], "texture": "#missing"},
				"up": {"uv": [0, 0, 2, 2], "texture": "#missing"},
				"down": {"uv": [0, 0, 2, 2], "texture": "#missing"}
			}
		},
		{
			"from": [-3, -12, -5],
			"to": [0, -9, -2],
			"rotation": {"angle": 0, "axis": "y", "origin": [-15, -10, 25]},
			"color": 7,
			"faces": {
				"north": {"uv": [0, 0, 2, 2], "texture": "#missing"},
				"east": {"uv": [0, 0, 2, 2], "texture": "#missing"},
				"south": {"uv": [0, 0, 2, 2], "texture": "#missing"},
				"west": {"uv": [0, 0, 2, 2], "texture": "#missing"},
				"up": {"uv": [0, 0, 2, 2], "texture": "#missing"},
				"down": {"uv": [0, 0, 2, 2], "texture": "#missing"}
			}
		},
		{
			"from": [21.5875, -11.998, -7.00071],
			"to": [24.5855, -9, -2.75771],
			"rotation": {"angle": 45, "axis": "y", "origin": [9.5865, -9.999, 25.79829]},
			"color": 7,
			"faces": {
				"north": {"uv": [0, 0, 2, 2], "texture": "#missing"},
				"east": {"uv": [0, 0, 2, 2], "texture": "#missing"},
				"south": {"uv": [0, 0, 2, 2], "texture": "#missing"},
				"west": {"uv": [0, 0, 2, 2], "texture": "#missing"},
				"up": {"uv": [0, 0, 2, 2], "texture": "#missing"},
				"down": {"uv": [0, 0, 2, 2], "texture": "#missing"}
			}
		},
		{
			"from": [7, 20, 5],
			"to": [15, 22, 16],
			"rotation": {"angle": 0, "axis": "y", "origin": [8, 20, 6]},
			"color": 7,
			"faces": {
				"north": {"uv": [0, 0, 2, 0.5], "texture": "#missing"},
				"east": {"uv": [0, 0, 2.75, 0.5], "texture": "#missing"},
				"south": {"uv": [0, 0, 2, 0.5], "texture": "#missing"},
				"west": {"uv": [0, 0, 2.75, 0.5], "texture": "#missing"},
				"up": {"uv": [0, 0, 2, 2.75], "texture": "#missing"},
				"down": {"uv": [0, 0, 2, 2.75], "texture": "#missing"}
			}
		},
		{
			"from": [6, -12, 4],
			"to": [16, 20, 17],
			"rotation": {"angle": 0, "axis": "y", "origin": [9, 12, 1]},
			"color": 7,
			"faces": {
				"north": {"uv": [0, 0, 2.5, 8], "texture": "#missing"},
				"east": {"uv": [0, 0, 3.25, 8], "texture": "#missing"},
				"south": {"uv": [0, 0, 2.5, 8], "texture": "#missing"},
				"west": {"uv": [0, 0, 3.25, 8], "texture": "#missing"},
				"up": {"uv": [0, 0, 2.5, 3.25], "texture": "#missing"},
				"down": {"uv": [0, 0, 2.5, 3.25], "texture": "#missing"}
			}
		},
		{
			"from": [-15, -12, 4],
			"to": [6, 12, 16],
			"rotation": {"angle": 0, "axis": "y", "origin": [-1, 12, 1]},
			"color": 7,
			"faces": {
				"north": {"uv": [0, 0, 5.5, 6], "texture": "#missing"},
				"east": {"uv": [0, 0, 3.25, 6], "texture": "#missing"},
				"south": {"uv": [0, 0, 5.5, 6], "texture": "#missing"},
				"west": {"uv": [0, 0, 3.25, 6], "texture": "#missing"},
				"up": {"uv": [0, 0, 5.5, 3.25], "texture": "#missing"},
				"down": {"uv": [0, 0, 5.5, 3.25], "texture": "#missing"}
			}
		},
		{
			"from": [0, -4, 2],
			"to": [6, 15, 8],
			"rotation": {"angle": 0, "axis": "y", "origin": [1, 12, -1]},
			"color": 7,
			"faces": {
				"north": {"uv": [0, 0, 1.5, 4.75], "texture": "#missing"},
				"east": {"uv": [0, 0, 1.5, 4.75], "texture": "#missing"},
				"south": {"uv": [0, 0, 1.5, 4.75], "texture": "#missing"},
				"west": {"uv": [0, 0, 1.5, 4.75], "texture": "#missing"},
				"up": {"uv": [0, 0, 1.5, 1.5], "texture": "#missing"},
				"down": {"uv": [0, 0, 1.5, 1.5], "texture": "#missing"}
			}
		},
		{
			"from": [1, 15, 3],
			"to": [5, 16, 7],
			"rotation": {"angle": 0, "axis": "y", "origin": [1, 29, -1]},
			"color": 7,
			"faces": {
				"north": {"uv": [0, 0, 1, 0.25], "texture": "#missing"},
				"east": {"uv": [0, 0, 1, 0.25], "texture": "#missing"},
				"south": {"uv": [0, 0, 1, 0.25], "texture": "#missing"},
				"west": {"uv": [0, 0, 1, 0.25], "texture": "#missing"},
				"up": {"uv": [0, 0, 1, 1], "texture": "#missing"},
				"down": {"uv": [0, 0, 1, 1], "texture": "#missing"}
			}
		},
		{
			"from": [-7, 14, 3],
			"to": [-3, 15, 7],
			"rotation": {"angle": 0, "axis": "y", "origin": [-7, 29, -1]},
			"color": 7,
			"faces": {
				"north": {"uv": [0, 0, 1, 0.25], "texture": "#missing"},
				"east": {"uv": [0, 0, 1, 0.25], "texture": "#missing"},
				"south": {"uv": [0, 0, 1, 0.25], "texture": "#missing"},
				"west": {"uv": [0, 0, 1, 0.25], "texture": "#missing"},
				"up": {"uv": [0, 0, 1, 1], "texture": "#missing"},
				"down": {"uv": [0, 0, 1, 1], "texture": "#missing"}
			}
		},
		{
			"from": [-15, 13, 3],
			"to": [-11, 14, 7],
			"rotation": {"angle": 0, "axis": "y", "origin": [-15, 29, -1]},
			"color": 7,
			"faces": {
				"north": {"uv": [0, 0, 1, 0.25], "texture": "#missing"},
				"east": {"uv": [0, 0, 1, 0.25], "texture": "#missing"},
				"south": {"uv": [0, 0, 1, 0.25], "texture": "#missing"},
				"west": {"uv": [0, 0, 1, 0.25], "texture": "#missing"},
				"up": {"uv": [0, 0, 1, 1], "texture": "#missing"},
				"down": {"uv": [0, 0, 1, 1], "texture": "#missing"}
			}
		},
		{
			"from": [-8, -4, 2],
			"to": [-2, 14, 8],
			"rotation": {"angle": 0, "axis": "y", "origin": [-7, 12, -1]},
			"color": 7,
			"faces": {
				"north": {"uv": [0, 0, 1.5, 4.75], "texture": "#missing"},
				"east": {"uv": [0, 0, 1.5, 4.75], "texture": "#missing"},
				"south": {"uv": [0, 0, 1.5, 4.75], "texture": "#missing"},
				"west": {"uv": [0, 0, 1.5, 4.75], "texture": "#missing"},
				"up": {"uv": [0, 0, 1.5, 1.5], "texture": "#missing"},
				"down": {"uv": [0, 0, 1.5, 1.5], "texture": "#missing"}
			}
		},
		{
			"from": [-1.5, 7.5, 0.5],
			"to": [1.5, 10.5, 4],
			"rotation": {"angle": 0, "axis": "y", "origin": [-2, 22, -5]},
			"color": 7,
			"faces": {
				"north": {"uv": [0, 0, 1.5, 1.5], "texture": "#missing"},
				"east": {"uv": [0, 0, 1, 1.5], "texture": "#missing"},
				"south": {"uv": [0, 0, 1.5, 1.5], "texture": "#missing"},
				"west": {"uv": [0, 0, 1, 1.5], "texture": "#missing"},
				"up": {"uv": [0, 0, 1.5, 1], "texture": "#missing"},
				"down": {"uv": [0, 0, 1.5, 1], "texture": "#missing"}
			}
		},
		{
			"from": [-5.5, 7.5, 1.5],
			"to": [-2.5, 10.5, 4],
			"rotation": {"angle": 0, "axis": "y", "origin": [-6, 22, -5]},
			"color": 7,
			"faces": {
				"north": {"uv": [0, 0, 1.5, 1.5], "texture": "#missing"},
				"east": {"uv": [0, 0, 1, 1.5], "texture": "#missing"},
				"south": {"uv": [0, 0, 1.5, 1.5], "texture": "#missing"},
				"west": {"uv": [0, 0, 1, 1.5], "texture": "#missing"},
				"up": {"uv": [0, 0, 1.5, 1], "texture": "#missing"},
				"down": {"uv": [0, 0, 1.5, 1], "texture": "#missing"}
			}
		},
		{
			"from": [-14, 5.5, 1.5],
			"to": [-9, 10.5, 4],
			"rotation": {"angle": 0, "axis": "y", "origin": [-6, 22, -5]},
			"color": 7,
			"faces": {
				"north": {"uv": [0, 0, 1.5, 1.5], "texture": "#missing"},
				"east": {"uv": [0, 0, 1, 1.5], "texture": "#missing"},
				"south": {"uv": [0, 0, 1.5, 1.5], "texture": "#missing"},
				"west": {"uv": [0, 0, 1, 1.5], "texture": "#missing"},
				"up": {"uv": [0, 0, 1.5, 1], "texture": "#missing"},
				"down": {"uv": [0, 0, 1.5, 1], "texture": "#missing"}
			}
		},
		{
			"from": [-14.5, 5, 0],
			"to": [-8.5, 11, 1.5],
			"rotation": {"angle": 0, "axis": "y", "origin": [-6, 22, -5]},
			"color": 7,
			"faces": {
				"north": {"uv": [0, 0, 1.5, 1.5], "texture": "#missing"},
				"east": {"uv": [0, 0, 1, 1.5], "texture": "#missing"},
				"south": {"uv": [0, 0, 1.5, 1.5], "texture": "#missing"},
				"west": {"uv": [0, 0, 1, 1.5], "texture": "#missing"},
				"up": {"uv": [0, 0, 1.5, 1], "texture": "#missing"},
				"down": {"uv": [0, 0, 1.5, 1], "texture": "#missing"}
			}
		},
		{
			"from": [-12.999, 0.96116, -14.71651],
			"to": [-10.001, 3.95916, -9.06051],
			"rotation": {"angle": -45, "axis": "x", "origin": [-6, 16.46016, -11.71751]},
			"color": 7,
			"faces": {
				"north": {"uv": [0, 0, 1.5, 1.5], "texture": "#missing"},
				"east": {"uv": [0, 0, 1, 1.5], "texture": "#missing"},
				"south": {"uv": [0, 0, 1.5, 1.5], "texture": "#missing"},
				"west": {"uv": [0, 0, 1, 1.5], "texture": "#missing"},
				"up": {"uv": [0, 0, 1.5, 1], "texture": "#missing"},
				"down": {"uv": [0, 0, 1.5, 1], "texture": "#missing"}
			}
		},
		{
			"from": [-13, 6.5, -1],
			"to": [-10, 9.5, 1.5],
			"rotation": {"angle": 0, "axis": "y", "origin": [-6, 22, -5]},
			"color": 7,
			"faces": {
				"north": {"uv": [0, 0, 1.5, 1.5], "texture": "#missing"},
				"east": {"uv": [0, 0, 1, 1.5], "texture": "#missing"},
				"south": {"uv": [0, 0, 1.5, 1.5], "texture": "#missing"},
				"west": {"uv": [0, 0, 1, 1.5], "texture": "#missing"},
				"up": {"uv": [0, 0, 1.5, 1], "texture": "#missing"},
				"down": {"uv": [0, 0, 1.5, 1], "texture": "#missing"}
			}
		},
		{
			"from": [-13, -1, -5],
			"to": [-10, 5.5, -2],
			"rotation": {"angle": 0, "axis": "y", "origin": [-6, 22, -5]},
			"color": 7,
			"faces": {
				"north": {"uv": [0, 0, 1.5, 1.5], "texture": "#missing"},
				"east": {"uv": [0, 0, 1, 1.5], "texture": "#missing"},
				"south": {"uv": [0, 0, 1.5, 1.5], "texture": "#missing"},
				"west": {"uv": [0, 0, 1, 1.5], "texture": "#missing"}
			}
		},
		{
			"from": [-13, -9, -5],
			"to": [-10, -3.5, -2],
			"rotation": {"angle": 0, "axis": "y", "origin": [-6, 22, -5]},
			"color": 7,
			"faces": {
				"north": {"uv": [0, 0, 1.5, 1.5], "texture": "#missing"},
				"east": {"uv": [0, 0, 1, 1.5], "texture": "#missing"},
				"south": {"uv": [0, 0, 1.5, 1.5], "texture": "#missing"},
				"west": {"uv": [0, 0, 1, 1.5], "texture": "#missing"}
			}
		},
		{
			"from": [-13.5, -3.5, -5.5],
			"to": [-9.5, -1, -1.5],
			"rotation": {"angle": 0, "axis": "y", "origin": [-6, 22, -5]},
			"color": 7,
			"faces": {
				"north": {"uv": [0, 0, 1.5, 1.5], "texture": "#missing"},
				"east": {"uv": [0, 0, 1, 1.5], "texture": "#missing"},
				"south": {"uv": [0, 0, 1.5, 1.5], "texture": "#missing"},
				"west": {"uv": [0, 0, 1, 1.5], "texture": "#missing"},
				"up": {"uv": [0, 0, 1.5, 1], "texture": "#missing"},
				"down": {"uv": [0, 0, 1.5, 1], "texture": "#missing"}
			}
		},
		{
			"from": [-1.001, 7.999, -1.501],
			"to": [1.001, 10.001, 0.501],
			"rotation": {"angle": 0, "axis": "y", "origin": [-2, 22, -7.5]},
			"faces": {
				"east": {"uv": [4.875, 2.875, 5.375, 2.375], "rotation": 90, "texture": "#0"},
				"west": {"uv": [4.875, 2.375, 5.375, 2.875], "rotation": 90, "texture": "#0"},
				"up": {"uv": [5.375, 0, 5.875, 0.5], "texture": "#0"},
				"down": {"uv": [5.375, 0, 5.875, 0.5], "texture": "#0"}
			}
		},
		{
			"from": [-0.999, 0.24364, -9.22692],
			"to": [0.999, 1.24164, -7.81392],
			"rotation": {"angle": -45, "axis": "x", "origin": [-2, 13.24264, -15.22792]},
			"faces": {
				"east": {"uv": [5.375, 0.35375, 5.725, 0], "rotation": 90, "texture": "#0"},
				"west": {"uv": [5.375, 0, 5.725, 0.35375], "rotation": 90, "texture": "#0"},
				"up": {"uv": [5.375, 0, 5.875, 0.35375], "texture": "#0"}
			}
		},
		{
			"from": [-4.999, -7.92849, -11.89905],
			"to": [-3.001, -6.93049, -10.48605],
			"rotation": {"angle": -45, "axis": "x", "origin": [-6, 5.07051, -13.90005]},
			"faces": {
				"east": {"uv": [5.375, 0.35375, 5.725, 0], "rotation": 90, "texture": "#0"},
				"west": {"uv": [5.375, 0, 5.725, 0.35375], "rotation": 90, "texture": "#0"},
				"up": {"uv": [5.375, 0, 5.875, 0.35375], "texture": "#0"}
			}
		},
		{
			"from": [-1, 1, -2.5],
			"to": [1, 9, -0.5],
			"rotation": {"angle": 0, "axis": "y", "origin": [-2, 20, -7.5]},
			"faces": {
				"north": {"uv": [5.75, 0, 6.25, 2], "texture": "#0"},
				"east": {"uv": [5.375, 0, 5.875, 2], "texture": "#0"},
				"south": {"uv": [5.75, 0, 6.25, 2], "texture": "#0"},
				"west": {"uv": [5.375, 0, 5.875, 2], "texture": "#0"}
			}
		},
		{
			"from": [-5.001, 7.999, 0.499],
			"to": [-2.999, 10.001, 1.501],
			"rotation": {"angle": 0, "axis": "y", "origin": [-6, 22, -5.5]},
			"faces": {
				"east": {"uv": [5.125, 2.25, 4.875, 1.75], "rotation": 180, "texture": "#0"},
				"west": {"uv": [4.875, 2.25, 5.125, 1.75], "rotation": 180, "texture": "#0"},
				"up": {"uv": [5.375, 0, 5.875, 0.25], "texture": "#0"},
				"down": {"uv": [5.375, 0, 5.875, 0.25], "texture": "#0"}
			}
		},
		{
			"from": [-4.999, 0.24364, -7.22692],
			"to": [-3.001, 1.24164, -5.81392],
			"rotation": {"angle": -45, "axis": "x", "origin": [-6, 13.24264, -13.22792]},
			"faces": {
				"east": {"uv": [5.375, 0.35375, 5.725, 0], "rotation": 90, "texture": "#0"},
				"west": {"uv": [5.375, 0, 5.725, 0.35375], "rotation": 90, "texture": "#0"},
				"up": {"uv": [5.375, 0, 5.875, 0.35375], "texture": "#0"}
			}
		},
		{
			"from": [-5, -1, -0.5],
			"to": [-3, 9, 1.5],
			"rotation": {"angle": 0, "axis": "y", "origin": [-6, 20, -5.5]},
			"faces": {
				"north": {"uv": [5.375, 0.5, 5.875, 3], "texture": "#0"},
				"east": {"uv": [5.375, 0.5, 5.875, 3], "texture": "#0"},
				"south": {"uv": [5.375, 0.5, 5.875, 3], "texture": "#0"},
				"west": {"uv": [5.375, 0.5, 5.875, 3], "texture": "#0"}
			}
		},
		{
			"from": [-9, -4, -2.5],
			"to": [-5, -2, -0.5],
			"rotation": {"angle": 0, "axis": "y", "origin": [-10, 20, -5.5]},
			"faces": {
				"north": {"uv": [4.875, 2.75, 5.375, 1.75], "rotation": 90, "texture": "#0"},
				"east": {"uv": [5.375, 0, 5.875, 0.5], "texture": "#0"},
				"south": {"uv": [4.875, 1.75, 5.375, 2.75], "rotation": 90, "texture": "#0"},
				"west": {"uv": [4.875, 1.75, 5.375, 2.25], "rotation": 90, "texture": "#0"},
				"up": {"uv": [4.375, 1.75, 5.375, 2.25], "rotation": 180, "texture": "#0"}
			}
		},
		{
			"from": [-9, -9, -4.5],
			"to": [-7, -5, -2.5],
			"rotation": {"angle": 0, "axis": "y", "origin": [-10, 20, -5.5]},
			"faces": {
				"north": {"uv": [5.875, 0.75, 5.375, 1.75], "texture": "#0"},
				"east": {"uv": [5.875, 0.75, 5.375, 1.75], "texture": "#0"},
				"south": {"uv": [5.375, 0.75, 5.875, 1.75], "texture": "#0"},
				"west": {"uv": [5.375, 0.75, 5.875, 1.75], "texture": "#0"}
			}
		},
		{
			"from": [-9, -5, -4.5],
			"to": [-7, -3, -2.5],
			"rotation": {"angle": 0, "axis": "y", "origin": [-10, 20, -5.5]},
			"faces": {
				"north": {"uv": [5.875, 2, 5.375, 2.5], "texture": "#0"},
				"east": {"uv": [6.25, 2, 5.75, 2.5], "texture": "#0"},
				"south": {"uv": [5.75, 2, 6.25, 2.5], "texture": "#0"},
				"west": {"uv": [5.75, 2, 6.25, 2.5], "texture": "#0"}
			}
		},
		{
			"from": [-9, -3, -3.5],
			"to": [-7, -2, -2.5],
			"rotation": {"angle": 0, "axis": "y", "origin": [-10, 20, -5.5]},
			"faces": {
				"east": {"uv": [5.375, 0, 5.625, 0.25], "rotation": 90, "texture": "#0"},
				"south": {"uv": [5.375, 0, 5.875, 0.25], "texture": "#0"},
				"west": {"uv": [5.375, 0, 5.625, 0.25], "rotation": 90, "texture": "#0"},
				"up": {"uv": [5.375, 0, 5.875, 0.25], "texture": "#0"}
			}
		},
		{
			"from": [-8.999, 2.35634, -2.08479],
			"to": [-7.001, 3.35434, -0.67179],
			"rotation": {"angle": -45, "axis": "x", "origin": [-10, -2.73654, 4.37868]},
			"faces": {
				"east": {"uv": [5.375, 0, 5.725, 0.25], "rotation": 90, "texture": "#0"},
				"west": {"uv": [5.375, 0, 5.725, 0.25], "rotation": 90, "texture": "#0"},
				"up": {"uv": [5.375, 0, 5.875, 0.25], "texture": "#0"}
			}
		},
		{
			"from": [-7, -2, -2.5],
			"to": [-5, 1, -0.5],
			"rotation": {"angle": 0, "axis": "y", "origin": [-6, 20, -5.5]},
			"faces": {
				"north": {"uv": [5.375, 0.875, 5.875, 1.625], "texture": "#0"},
				"east": {"uv": [5.375, 0.875, 5.875, 1.625], "texture": "#0"},
				"south": {"uv": [5.375, 0.875, 5.875, 1.625], "texture": "#0"},
				"west": {"uv": [5.375, 0.875, 5.875, 1.625], "texture": "#0"}
			}
		},
		{
			"from": [-5, -9.00056, -4.00056],
			"to": [-3, -2.00056, -2.00056],
			"rotation": {"angle": 0, "axis": "y", "origin": [-4, 16.99944, -4.00056]},
			"faces": {
				"north": {"uv": [5.875, 0.625, 5.375, 2.375], "texture": "#0"},
				"east": {"uv": [5.875, 0.625, 5.375, 2.375], "texture": "#0"},
				"south": {"uv": [5.875, 0.625, 5.375, 2.375], "texture": "#0"},
				"west": {"uv": [5.875, 0.625, 5.375, 2.375], "texture": "#0"}
			}
		},
		{
			"from": [-5.001, -3.001, -3.001],
			"to": [-2.999, -0.999, 1.501],
			"rotation": {"angle": 0, "axis": "y", "origin": [-6, 18, -5.5]},
			"faces": {
				"north": {"uv": [5.375, 0, 5.875, 0.5], "texture": "#0"},
				"east": {"uv": [4.875, 2.875, 5.375, 1.75], "rotation": 90, "texture": "#0"},
				"south": {"uv": [5.375, 0, 5.875, 0.5], "texture": "#0"},
				"west": {"uv": [4.875, 1.75, 5.375, 2.875], "rotation": 90, "texture": "#0"},
				"up": {"uv": [5.375, 0, 5.875, 1.25], "texture": "#0"},
				"down": {"uv": [5.375, 0, 5.875, 1.25], "texture": "#0"}
			}
		},
		{
			"from": [-6.001, -0.001, -2.501],
			"to": [0.001, 2.001, -0.499],
			"rotation": {"angle": 0, "axis": "y", "origin": [0, 18, -7.5]},
			"faces": {
				"north": {"uv": [5.75, 2, 6.25, 3.5], "rotation": 90, "texture": "#0"},
				"south": {"uv": [5.75, 2, 6.25, 3.5], "rotation": 90, "texture": "#0"},
				"up": {"uv": [5.375, 1.5, 5.875, 3], "rotation": 90, "texture": "#0"},
				"down": {"uv": [5.75, 2, 6.25, 3.5], "rotation": 90, "texture": "#0"}
			}
		},
		{
			"from": [-12.18723, 8.81075, -2.499],
			"to": [-10.77423, 9.80875, -0.501],
			"rotation": {"angle": 45, "axis": "z", "origin": [1.0402, 11.66762, -7.5]},
			"faces": {
				"north": {"uv": [5.375, 0, 5.71875, 0.35375], "rotation": 90, "texture": "#0"},
				"south": {"uv": [5.375, 0, 5.71875, 0.35375], "rotation": 90, "texture": "#0"},
				"up": {"uv": [5.375, 0.375, 5.875, 0.625], "rotation": 90, "texture": "#0"}
			}
		},
		{
			"from": [-13.01982, -4.56397, -2.499],
			"to": [-11.60682, -3.56597, -0.501],
			"rotation": {"angle": 45, "axis": "z", "origin": [-12.02082, 13.43503, -7.5]},
			"faces": {
				"north": {"uv": [5.725, 0, 5.375, 0.35375], "rotation": 90, "texture": "#0"},
				"south": {"uv": [5.725, 0, 5.375, 0.35375], "rotation": 90, "texture": "#0"},
				"down": {"uv": [5.375, 0, 5.875, 0.35375], "rotation": 90, "texture": "#0"}
			}
		},
		{
			"from": [-16, -12, 2],
			"to": [-10, 13, 8],
			"rotation": {"angle": 0, "axis": "y", "origin": [-15, 12, -1]},
			"color": 7,
			"faces": {
				"north": {"uv": [0, 0, 1.5, 4.75], "texture": "#missing"},
				"east": {"uv": [0, 0, 1.5, 4.75], "texture": "#missing"},
				"south": {"uv": [0, 0, 1.5, 4.75], "texture": "#missing"},
				"west": {"uv": [0, 0, 1.5, 4.75], "texture": "#missing"},
				"up": {"uv": [0, 0, 1.5, 1.5], "texture": "#missing"},
				"down": {"uv": [0, 0, 1.5, 1.5], "texture": "#missing"}
			}
		},
		{
			"from": [-16, -12, 8],
			"to": [-15, -4, 16],
			"rotation": {"angle": 0, "axis": "y", "origin": [-15, 12, -1]},
			"color": 7,
			"faces": {
				"north": {"uv": [0, 0, 1.5, 4.75], "texture": "#missing"},
				"east": {"uv": [0, 0, 1.5, 4.75], "texture": "#missing"},
				"south": {"uv": [0, 0, 1.5, 4.75], "texture": "#missing"},
				"west": {"uv": [0, 0, 1.5, 4.75], "texture": "#missing"},
				"up": {"uv": [0, 0, 1.5, 1.5], "texture": "#missing"},
				"down": {"uv": [0, 0, 1.5, 1.5], "texture": "#missing"}
			}
		},
		{
			"from": [-16, -4, 10],
			"to": [-15, 10, 15],
			"rotation": {"angle": 0, "axis": "y", "origin": [-15, 12, -1]},
			"color": 7,
			"faces": {
				"north": {"uv": [0, 0, 1.5, 4.75], "texture": "#missing"},
				"east": {"uv": [0, 0, 1.5, 4.75], "texture": "#missing"},
				"south": {"uv": [0, 0, 1.5, 4.75], "texture": "#missing"},
				"west": {"uv": [0, 0, 1.5, 4.75], "texture": "#missing"},
				"up": {"uv": [0, 0, 1.5, 1.5], "texture": "#missing"},
				"down": {"uv": [0, 0, 1.5, 1.5], "texture": "#missing"}
			}
		},
		{
			"from": [-2, 11.93012, 14.3513],
			"to": [6, 17.93012, 15.3513],
			"rotation": {"angle": 22.5, "axis": "x", "origin": [-1, 27.93012, 11.3513]},
			"color": 7,
			"faces": {
				"north": {"uv": [0, 0, 2, 1.5], "texture": "#missing"},
				"east": {"uv": [0, 0, 0.25, 1.5], "texture": "#missing"},
				"south": {"uv": [0, 0, 2, 1.5], "texture": "#missing"},
				"west": {"uv": [0, 0, 0.25, 1.5], "texture": "#missing"},
				"up": {"uv": [0, 0, 2, 0.25], "texture": "#missing"},
				"down": {"uv": [0, 0, 2, 0.25], "texture": "#missing"}
			}
		},
		{
			"from": [-2, 14.97831, 22.48849],
			"to": [6, 20.97831, 23.48849],
			"rotation": {"angle": 45, "axis": "x", "origin": [-1, 30.97831, 19.48849]},
			"color": 7,
			"faces": {
				"north": {"uv": [0, 0, 2, 1.5], "texture": "#missing"},
				"east": {"uv": [0, 0, 0.25, 1.5], "texture": "#missing"},
				"south": {"uv": [0, 0, 2, 1.5], "texture": "#missing"},
				"west": {"uv": [0, 0, 0.25, 1.5], "texture": "#missing"},
				"up": {"uv": [0, 0, 2, 0.25], "texture": "#missing"},
				"down": {"uv": [0, 0, 2, 0.25], "texture": "#missing"}
			}
		},
		{
			"from": [-2, 26.68049, 12.17276],
			"to": [6, 27.68049, 18.17276],
			"rotation": {"angle": -22.5, "axis": "x", "origin": [-1, 30.68049, 28.17276]},
			"color": 7,
			"faces": {
				"north": {"uv": [0, 0, 2, 0.25], "rotation": 180, "texture": "#missing"},
				"east": {"uv": [0, 0, 0.25, 1.5], "rotation": 270, "texture": "#missing"},
				"south": {"uv": [0, 0, 2, 0.25], "texture": "#missing"},
				"west": {"uv": [0, 0, 0.25, 1.5], "rotation": 90, "texture": "#missing"},
				"up": {"uv": [0, 0, 2, 1.5], "rotation": 180, "texture": "#missing"},
				"down": {"uv": [0, 0, 2, 1.5], "texture": "#missing"}
			}
		},
		{
			"from": [9.89949, 23.08202, 19.80994],
			"to": [12.89949, 24.08202, 24.05994],
			"rotation": {"angle": 45, "axis": "y", "origin": [7.89949, 27.08202, 35.80994]},
			"color": 7,
			"faces": {
				"north": {"uv": [0, 0, 0.75, 0.25], "rotation": 180, "texture": "#missing"},
				"east": {"uv": [0, 0, 0.25, 1.0625], "rotation": 270, "texture": "#missing"},
				"south": {"uv": [0, 0, 0.75, 0.25], "texture": "#missing"},
				"west": {"uv": [0, 0, 0.25, 1.0625], "rotation": 90, "texture": "#missing"},
				"up": {"uv": [0, 0, 0.75, 1.0625], "rotation": 180, "texture": "#missing"},
				"down": {"uv": [0, 0, 0.75, 1.0625], "texture": "#missing"}
			}
		},
		{
			"from": [-2, 23.08202, 20.08202],
			"to": [6, 24.08202, 23.08202],
			"rotation": {"angle": 0, "axis": "x", "origin": [-1, 27.08202, 36.08202]},
			"color": 7,
			"faces": {
				"north": {"uv": [0, 0, 2, 0.25], "rotation": 180, "texture": "#missing"},
				"east": {"uv": [0, 0, 0.25, 0.75], "rotation": 270, "texture": "#missing"},
				"south": {"uv": [0, 0, 2, 0.25], "texture": "#missing"},
				"west": {"uv": [0, 0, 0.25, 0.75], "rotation": 90, "texture": "#missing"},
				"up": {"uv": [0, 0, 2, 0.75], "rotation": 180, "texture": "#missing"},
				"down": {"uv": [0, 0, 2, 0.75], "texture": "#missing"}
			}
		},
		{
			"from": [-6.84924, 23.08202, 14.86019],
			"to": [-3.84924, 24.08202, 19.11019],
			"rotation": {"angle": -45, "axis": "y", "origin": [-8.84924, 27.08202, 30.86019]},
			"color": 7,
			"faces": {
				"north": {"uv": [0, 0, 0.75, 0.25], "rotation": 180, "texture": "#missing"},
				"east": {"uv": [0, 0, 0.25, 1.0625], "rotation": 270, "texture": "#missing"},
				"south": {"uv": [0, 0, 0.75, 0.25], "texture": "#missing"},
				"west": {"uv": [0, 0, 0.25, 1.0625], "rotation": 90, "texture": "#missing"},
				"up": {"uv": [0, 0, 0.75, 1.0625], "rotation": 180, "texture": "#missing"},
				"down": {"uv": [0, 0, 0.75, 1.0625], "texture": "#missing"}
			}
		},
		{
			"from": [1, 23.08202, 23.08202],
			"to": [3, 24.08202, 26.08202],
			"rotation": {"angle": 0, "axis": "x", "origin": [-1, 27.08202, 39.08202]},
			"color": 7,
			"faces": {
				"north": {"uv": [0, 0, 0.5, 0.25], "rotation": 180, "texture": "#missing"},
				"east": {"uv": [0, 0, 0.25, 0.75], "rotation": 270, "texture": "#missing"},
				"south": {"uv": [0, 0, 0.5, 0.25], "texture": "#missing"},
				"west": {"uv": [0, 0, 0.25, 0.75], "rotation": 90, "texture": "#missing"},
				"up": {"uv": [0, 0, 0.5, 0.75], "rotation": 180, "texture": "#missing"},
				"down": {"uv": [0, 0, 0.5, 0.75], "texture": "#missing"}
			}
		},
		{
			"from": [-9, 11.93012, 14.3513],
			"to": [-5, 17.93012, 15.3513],
			"rotation": {"angle": 22.5, "axis": "x", "origin": [-12, 27.93012, 11.3513]},
			"color": 7,
			"faces": {
				"north": {"uv": [0, 0, 1, 1.5], "texture": "#missing"},
				"east": {"uv": [0, 0, 0.25, 1.5], "texture": "#missing"},
				"south": {"uv": [0, 0, 1, 1.5], "texture": "#missing"},
				"west": {"uv": [0, 0, 0.25, 1.5], "texture": "#missing"},
				"up": {"uv": [0, 0, 1, 0.25], "texture": "#missing"},
				"down": {"uv": [0, 0, 1, 0.25], "texture": "#missing"}
			}
		},
		{
			"from": [-9, 14.97831, 22.48849],
			"to": [-5, 20.97831, 23.48849],
			"rotation": {"angle": 45, "axis": "x", "origin": [-12, 30.97831, 19.48849]},
			"color": 7,
			"faces": {
				"north": {"uv": [0, 0, 1, 1.5], "texture": "#missing"},
				"east": {"uv": [0, 0, 0.25, 1.5], "texture": "#missing"},
				"south": {"uv": [0, 0, 1, 1.5], "texture": "#missing"},
				"west": {"uv": [0, 0, 0.25, 1.5], "texture": "#missing"},
				"up": {"uv": [0, 0, 1, 0.25], "texture": "#missing"},
				"down": {"uv": [0, 0, 1, 0.25], "texture": "#missing"}
			}
		},
		{
			"from": [-9, 26.68049, 12.17276],
			"to": [-5, 27.68049, 18.17276],
			"rotation": {"angle": -22.5, "axis": "x", "origin": [-12, 30.68049, 28.17276]},
			"color": 7,
			"faces": {
				"north": {"uv": [0, 0, 1, 0.25], "rotation": 180, "texture": "#missing"},
				"east": {"uv": [0, 0, 0.25, 1.5], "rotation": 270, "texture": "#missing"},
				"south": {"uv": [0, 0, 1, 0.25], "texture": "#missing"},
				"west": {"uv": [0, 0, 0.25, 1.5], "rotation": 90, "texture": "#missing"},
				"up": {"uv": [0, 0, 1, 1.5], "rotation": 180, "texture": "#missing"},
				"down": {"uv": [0, 0, 1, 1.5], "texture": "#missing"}
			}
		},
		{
			"from": [-15, 11.93012, 14.3513],
			"to": [-12, 17.93012, 15.3513],
			"rotation": {"angle": 22.5, "axis": "x", "origin": [-19, 27.93012, 11.3513]},
			"color": 7,
			"faces": {
				"north": {"uv": [0, 0, 1, 1.5], "texture": "#missing"},
				"east": {"uv": [0, 0, 0.25, 1.5], "texture": "#missing"},
				"south": {"uv": [0, 0, 1, 1.5], "texture": "#missing"},
				"west": {"uv": [0, 0, 0.25, 1.5], "texture": "#missing"},
				"up": {"uv": [0, 0, 1, 0.25], "texture": "#missing"},
				"down": {"uv": [0, 0, 1, 0.25], "texture": "#missing"}
			}
		},
		{
			"from": [-15, 14.97831, 22.48849],
			"to": [-12, 20.97831, 23.48849],
			"rotation": {"angle": 45, "axis": "x", "origin": [-19, 30.97831, 19.48849]},
			"color": 7,
			"faces": {
				"north": {"uv": [0, 0, 1, 1.5], "texture": "#missing"},
				"east": {"uv": [0, 0, 0.25, 1.5], "texture": "#missing"},
				"south": {"uv": [0, 0, 1, 1.5], "texture": "#missing"},
				"west": {"uv": [0, 0, 0.25, 1.5], "texture": "#missing"},
				"up": {"uv": [0, 0, 1, 0.25], "texture": "#missing"},
				"down": {"uv": [0, 0, 1, 0.25], "texture": "#missing"}
			}
		}
	],
	"display": {
		"fixed": {
			"rotation": [-90, 90, 0],
			"translation": [-16, 48, -80],
			"scale": [4, 4, 4]
		}
	},
	"groups": [
		0,
		1,
		2,
		{
			"name": "group",
			"origin": [1, -4, -13],
			"color": 0,
			"children": [3, 4, 5, 6, 7, 8, 9, 10, 11, 12, 13, 14, 15, 16, 17, 18, 19, 20]
		},
		21,
		22,
		23,
		24,
		25,
		26,
		27,
		28,
		29,
		30,
		31,
		32,
		33,
		34,
		35,
		36,
		37,
		38,
		39,
		40,
		41,
		42,
		43,
		44,
		45,
		46,
		47,
		48,
		49,
		50,
		51,
		52,
		53,
		54,
		55,
		56,
		57,
		58,
		59,
		60,
		61,
		62,
		63,
		64,
		65,
		66,
		67,
		68,
		69,
		70,
		71,
		72,
		73,
		74,
		75,
		76,
		77,
		78,
		79,
		80,
		81,
		82,
		83,
		84,
		{
			"name": "group",
			"origin": [-1, 27.08202, 39.08202],
			"color": 0,
			"children": [85, 86, 87, 88, 89, 90, 91]
		},
		{
			"name": "group",
			"origin": [-1, 27.08202, 39.08202],
			"color": 0,
			"children": [92, 93, 94, 95, 96]
		}
	]
}