{
	"parent":"minecraft:item/generated",
	"textures":{
		"layer0":"item/angler_pottery_sherd"
	},
	"overrides":[
{"predicate":{"custom_model_data":1},"model":"item/custom/heart_big"},
{"predicate":{"custom_model_data":2},"model":"item/custom/heart_medium"},
{"predicate":{"custom_model_data":3},"model":"item/custom/heart_small"},
{"predicate":{"custom_model_data":4},"model":"item/custom/intestine_big"},
{"predicate":{"custom_model_data":5},"model":"item/custom/intestine_medium"},
{"predicate":{"custom_model_data":6},"model":"item/custom/intestine_small"},
{"predicate":{"custom_model_data":7},"model":"item/custom/liver_big"},
{"predicate":{"custom_model_data":8},"model":"item/custom/liver_medium"},
{"predicate":{"custom_model_data":9},"model":"item/custom/liver_small"},
{"predicate":{"custom_model_data":10},"model":"item/custom/stomach_big"},
{"predicate":{"custom_model_data":11},"model":"item/custom/stomach_medium"},
{"predicate":{"custom_model_data":12},"model":"item/custom/stomach_small"},
{"predicate":{"custom_model_data":13},"model":"item/custom/brain"},
{"predicate":{"custom_model_data":16},"model":"item/custom/membrane"},
{"predicate":{"custom_model_data":19},"model":"item/custom/tendon"},
{"predicate":{"custom_model_data":51},"model":"item/custom/bone_pile"},
{"predicate":{"custom_model_data":52},"model":"item/custom/bone_pile2"},
{"predicate":{"custom_model_data":53},"model":"item/custom/bone_shard"},
{"predicate":{"custom_model_data":60},"model":"item/custom/jagged_tooth"},
{"predicate":{"custom_model_data":70},"model":"item/custom/jaw_bone"},
{"predicate":{"custom_model_data":71},"model":"item/custom/rib_cage"},
{"predicate":{"custom_model_data":72},"model":"item/custom/skull_shard"},
{"predicate":{"custom_model_data":73},"model":"item/custom/spine"},
{"predicate":{"custom_model_data":100},"model":"item/custom/grilgora_egg"},
{"predicate":{"custom_model_data":101},"model":"item/custom/grilgora_egg_shell"},
{"predicate":{"custom_model_data":102},"model":"item/custom/grilgora_eye"},
{"predicate":{"custom_model_data":103},"model":"item/custom/grilgora_gland"},
{"predicate":{"custom_model_data":104},"model":"item/custom/grilgora_hide"},
{"predicate":{"custom_model_data":105},"model":"item/custom/grilgora_scales"},
{"predicate":{"custom_model_data":106},"model":"item/custom/grilgora_skull"},
{"predicate":{"custom_model_data":151},"model":"item/custom/kohroc_fur"},
{"predicate":{"custom_model_data":152},"model":"item/custom/kohroc_hide"},
{"predicate":{"custom_model_data":153},"model":"item/custom/kohroc_horn_arid"},
{"predicate":{"custom_model_data":154},"model":"item/custom/kohroc_horn_mountain"},
{"predicate":{"custom_model_data":155},"model":"item/custom/kohroc_horn_valley"},
{"predicate":{"custom_model_data":156},"model":"item/custom/kohroc_skull"},

{"predicate":{"custom_model_data":200},"model":"item/custom/lieqo_foot"},
{"predicate":{"custom_model_data":201},"model":"item/custom/lieqo_fur"},
{"predicate":{"custom_model_data":202},"model":"item/custom/lieqo_pelt"},
{"predicate":{"custom_model_data":203},"model":"item/custom/lieqo_skull"},
{"predicate":{"custom_model_data":204},"model":"item/custom/lieqo_tail"},

{"predicate":{"custom_model_data":250},"model":"item/custom/pilariel_feather"},
{"predicate":{"custom_model_data":251},"model":"item/custom/pilariel_skull"},

{"predicate":{"custom_model_data":300},"model":"item/custom/jigamedu_root"},
{"predicate":{"custom_model_data":320},"model":"item/custom/tryfetolla_dust"},
{"predicate":{"custom_model_data":321},"model":"item/custom/tryfetolla_needle"},
{"predicate":{"custom_model_data":322},"model":"item/custom/tryfetolla_saliva"},

{"predicate":{"custom_model_data":5000},"model":"item/custom/barley"},
{"predicate":{"custom_model_data":5001},"model":"item/custom/capers"},
{"predicate":{"custom_model_data":5002},"model":"item/custom/coffee_bean"},
{"predicate":{"custom_model_data":5003},"model":"item/custom/dandelion_head"},
{"predicate":{"custom_model_data":5004},"model":"item/custom/dandelion_leaf"},
{"predicate":{"custom_model_data":5005},"model":"item/custom/dandelion_seed"},
{"predicate":{"custom_model_data":5006},"model":"item/custom/kapok_sprout"},
{"predicate":{"custom_model_data":5007},"model":"item/custom/pine_cone"},
{"predicate":{"custom_model_data":5008},"model":"item/custom/pine_seeds"},
{"predicate":{"custom_model_data":5009},"model":"item/custom/rosehips"},
{"predicate":{"custom_model_data":5010},"model":"item/custom/thristle"},
{"predicate":{"custom_model_data":5011},"model":"item/custom/wild_hops"},
{"predicate":{"custom_model_data":5012},"model":"item/custom/wild_licorice"}

]}