{
	"parent": "minecraft:item/generated",
	"textures":{
		"layer0":"minecraft:item/archer_pottery_sherd"
		},
	"overrides":[
{"predicate":{"custom_model_data":1},"model":"mailbox/basic_0"},
{"predicate":{"custom_model_data":2},"model":"mailbox/basic_1"},
{"predicate":{"custom_model_data":3},"model":"mailbox/basic_2"},
{"predicate":{"custom_model_data":11},"model":"mailbox/shipping_platform_0"},
{"predicate":{"custom_model_data":12},"model":"mailbox/shipping_platform_1"},
{"predicate":{"custom_model_data":13},"model":"mailbox/shipping_platform_2"},
{"predicate":{"custom_model_data":21},"model":"mailbox/cardboard_0"},
{"predicate":{"custom_model_data":22},"model":"mailbox/cardboard_1"},
{"predicate":{"custom_model_data":23},"model":"mailbox/cardboard_2"},
{"predicate":{"custom_model_data":31},"model":"mailbox/steampunk_0"},
{"predicate":{"custom_model_data":32},"model":"mailbox/steampunk_1"},
{"predicate":{"custom_model_data":33},"model":"mailbox/steampunk_2"},
{"predicate":{"custom_model_data":1000},"model":"decorations/sign_viatos_bodega"},
{"predicate":{"custom_model_data":1001},"model":"decorations/sign_little_cauldron"},
{"predicate":{"custom_model_data":1002},"model":"decorations/sign_sold_out"},

{"predicate":{"custom_model_data":1200},"model":"decorations/copper_pipe_horizontal"},
{"predicate":{"custom_model_data":1201},"model":"decorations/copper_pipe_vertical"},
{"predicate":{"custom_model_data":1202},"model":"decorations/copper_pipe_horizontal_corner"},
{"predicate":{"custom_model_data":1203},"model":"decorations/copper_pipe_vertical_up_corner"},
{"predicate":{"custom_model_data":1204},"model":"decorations/copper_pipe_vertical_down_corner"},

{"predicate":{"custom_model_data":1500},"model":"decorations/coinpile_a4"},
{"predicate":{"custom_model_data":1501},"model":"decorations/coinpile_a3"},
{"predicate":{"custom_model_data":1502},"model":"decorations/coinpile_a2"},
{"predicate":{"custom_model_data":1503},"model":"decorations/coinpile_a1"},
{"predicate":{"custom_model_data":1504},"model":"decorations/coinpile_b4"},
{"predicate":{"custom_model_data":1505},"model":"decorations/coinpile_b3"},
{"predicate":{"custom_model_data":1506},"model":"decorations/coinpile_b2"},
{"predicate":{"custom_model_data":1507},"model":"decorations/coinpile_b1"},
{"predicate":{"custom_model_data":1508},"model":"decorations/coinpile_c4"},
{"predicate":{"custom_model_data":1509},"model":"decorations/coinpile_c3"},
{"predicate":{"custom_model_data":1510},"model":"decorations/coinpile_c2"},
{"predicate":{"custom_model_data":1511},"model":"decorations/coinpile_c1"},
{"predicate":{"custom_model_data":1512},"model":"decorations/coinpile_d4"},
{"predicate":{"custom_model_data":1513},"model":"decorations/coinpile_d3"},
{"predicate":{"custom_model_data":1514},"model":"decorations/coinpile_d2"},
{"predicate":{"custom_model_data":1515},"model":"decorations/coinpile_d1"},
{"predicate":{"custom_model_data":1516},"model":"decorations/coinpile_e5"},
{"predicate":{"custom_model_data":1517},"model":"decorations/coinpile_e4"},
{"predicate":{"custom_model_data":1518},"model":"decorations/coinpile_e3"},
{"predicate":{"custom_model_data":1519},"model":"decorations/coinpile_e2"},
{"predicate":{"custom_model_data":1520},"model":"decorations/coinpile_e1"},

{"predicate":{"custom_model_data":1550},"model":"decorations/palisade_small_straight_a"},
{"predicate":{"custom_model_data":1551},"model":"decorations/palisade_small_straight_b"},
{"predicate":{"custom_model_data":1552},"model":"decorations/palisade_small_straight_c"},
{"predicate":{"custom_model_data":1553},"model":"decorations/palisade_small_straight_d"},

{"predicate":{"custom_model_data":1600},"model":"decorations/hanging_planter_small_spruce"},
{"predicate":{"custom_model_data":2000},"model":"decorations/wall_shelf_small_spruce"},
{"predicate":{"custom_model_data":2001},"model":"decorations/wall_shelf_large_spruce"},
{"predicate":{"custom_model_data":2002},"model":"decorations/table_small_spruce"},
{"predicate":{"custom_model_data":2003},"model":"decorations/bench_small_spruce"},
{"predicate":{"custom_model_data":2004},"model":"decorations/bench_medium_spruce"},
{"predicate":{"custom_model_data":2005},"model":"decorations/table_tiny_spruce"},
{"predicate":{"custom_model_data":2006},"model":"decorations/table_wooden_2x2_a"},
{"predicate":{"custom_model_data":2007},"model":"decorations/table_wooden_2x2_b"},
{"predicate":{"custom_model_data":2008},"model":"decorations/table_bar_tiny_spruce"},
{"predicate":{"custom_model_data":2009},"model":"decorations/brace_small_spruce"},
{"predicate":{"custom_model_data":2010},"model":"decorations/brace_medium_spruce"},
{"predicate":{"custom_model_data":2011},"model":"decorations/ground_chalkboard_easel_small"},
{"predicate":{"custom_model_data":2012},"model":"decorations/barrel_single_up_a"},
{"predicate":{"custom_model_data":2013},"model":"decorations/crate_single_a"},
{"predicate":{"custom_model_data":2014},"model":"decorations/safe_small_empty"},
{"predicate":{"custom_model_data":2015},"model":"decorations/safe_large_empty"},
{"predicate":{"custom_model_data":2020},"model":"decorations/sack_brown_closed"},
{"predicate":{"custom_model_data":2021},"model":"decorations/sack_brown_open"},
{"predicate":{"custom_model_data":2022},"model":"decorations/ground_log_stack_a"},
{"predicate":{"custom_model_data":2023},"model":"decorations/ground_log_stack_b"},
{"predicate":{"custom_model_data":2500},"model":"decorations/light_bulkhead_ceiling"},
{"predicate":{"custom_model_data":2501},"model":"decorations/light_lamppost_victorian"},
{"predicate":{"custom_model_data":2502},"model":"decorations/light_lamppost_victorian_top"},
{"predicate":{"custom_model_data":2503},"model":"decorations/chandelier_manor_iron_large"},

{"predicate":{"custom_model_data":2600},"model":"decorations/necro_bonepile_2x3half"},

{"predicate":{"custom_model_data":4900},"model":"decorations/jump_pad_3x3"},
{"predicate":{"custom_model_data":5000},"model":"crafting_stations/crafting_station_1"},

{"predicate":{"custom_model_data":10000},"model":"dreamfarers/df_reverie_drive_console"},
{"predicate":{"custom_model_data":10001},"model":"dreamfarers/reverie_drive_console_right"},
{"predicate":{"custom_model_data":10002},"model":"dreamfarers/reverie_drive_console_left"},
{"predicate":{"custom_model_data":10003},"model":"dreamfarers/df_reverie_drive_engine"},
{"predicate":{"custom_model_data":10010},"model":"dreamfarers/dreamfarers_crafting_refinery"},
{"predicate":{"custom_model_data":10011},"model":"dreamfarers/dreamfarers_storage_ambry"},
{"predicate":{"custom_model_data":10012},"model":"dreamfarers/df_navigation_table"},
{"predicate":{"custom_model_data":10013},"model":"dreamfarers/df_relic_terminal"}


]
}