{
	"parent":"minecraft:item/generated",
	"textures":{
		"layer0":"item/arms_up_pottery_sherd"
		},
	"overrides":[
{"predicate":{"custom_model_data":1},"model":"item/custom/wooden_haft"},
{"predicate":{"custom_model_data":2},"model":"item/custom/wooden_handle"},
{"predicate":{"custom_model_data":3},"model":"item/custom/wooden_hilt"},
{"predicate":{"custom_model_data":50},"model":"item/custom/mold"},
{"predicate":{"custom_model_data":100},"model":"item/custom/copper_mold"},
{"predicate":{"custom_model_data":101},"model":"item/raw_copper"},
{"predicate":{"custom_model_data":102},"model":"item/copper_ingot"},
{"predicate":{"custom_model_data":103},"model":"item/custom/copper_blade_segment"},
{"predicate":{"custom_model_data":109},"model":"item/custom/copper_plate"},
{"predicate":{"custom_model_data":110},"model":"item/custom/copper_jump_rings"},
{"predicate":{"custom_model_data":125},"model":"item/custom/copper_wire"},
{"predicate":{"custom_model_data":150},"model":"item/custom/iron_mold"},
{"predicate":{"custom_model_data":151},"model":"item/raw_iron"},
{"predicate":{"custom_model_data":152},"model":"item/iron_ingot"},
{"predicate":{"custom_model_data":153},"model":"item/custom/iron_blade_segment"},
{"predicate":{"custom_model_data":159},"model":"item/custom/iron_plate"},
{"predicate":{"custom_model_data":160},"model":"item/custom/iron_jump_rings"},
{"predicate":{"custom_model_data":200},"model":"item/custom/steel_mold"},
{"predicate":{"custom_model_data":202},"model":"item/custom/steel_ingot"},
{"predicate":{"custom_model_data":203},"model":"item/custom/steel_blade_segment"},
{"predicate":{"custom_model_data":204},"model":"item/custom/steel_haft"},
{"predicate":{"custom_model_data":205},"model":"item/custom/steel_handle"},
{"predicate":{"custom_model_data":206},"model":"item/custom/steel_hilt"},
{"predicate":{"custom_model_data":207},"model":"item/custom/steel_jump_rings"},
{"predicate":{"custom_model_data":208},"model":"item/custom/steel_mail"},
{"predicate":{"custom_model_data":209},"model":"item/custom/steel_plate"},
{"predicate":{"custom_model_data":250},"model":"item/custom/myrsteel_mold"},
{"predicate":{"custom_model_data":252},"model":"item/custom/myrsteel_ingot"},
{"predicate":{"custom_model_data":253},"model":"item/custom/myrsteel_blade_segment"},
{"predicate":{"custom_model_data":257},"model":"item/custom/myrsteel_jump_rings"},
{"predicate":{"custom_model_data":258},"model":"item/custom/myrsteel_mail"},
{"predicate":{"custom_model_data":259},"model":"item/custom/myrsteel_plate"},
{"predicate":{"custom_model_data":300},"model":"item/custom/rensteel_mold"},
{"predicate":{"custom_model_data":302},"model":"item/custom/rensteel_ingot"},
{"predicate":{"custom_model_data":303},"model":"item/custom/rensteel_blade_segment"},
{"predicate":{"custom_model_data":307},"model":"item/custom/rensteel_jump_rings"},
{"predicate":{"custom_model_data":308},"model":"item/custom/rensteel_mail"},
{"predicate":{"custom_model_data":309},"model":"item/custom/rensteel_plate"},
{"predicate":{"custom_model_data":350},"model":"item/custom/onuviz_mold"},
{"predicate":{"custom_model_data":351},"model":"item/custom/onuviz_raw"},
{"predicate":{"custom_model_data":352},"model":"item/custom/onuviz_ingot"},
{"predicate":{"custom_model_data":353},"model":"item/custom/onuviz_blade_segment"},
{"predicate":{"custom_model_data":354},"model":"item/custom/onuviz_haft"},
{"predicate":{"custom_model_data":355},"model":"item/custom/onuviz_handle"},
{"predicate":{"custom_model_data":356},"model":"item/custom/onuviz_hilt"},
{"predicate":{"custom_model_data":357},"model":"item/custom/onuviz_jump_rings"},
{"predicate":{"custom_model_data":358},"model":"item/custom/onuviz_mail"},
{"predicate":{"custom_model_data":359},"model":"item/custom/onuviz_plate"},
{"predicate":{"custom_model_data":400},"model":"item/custom/onukesh_mold"},
{"predicate":{"custom_model_data":402},"model":"item/custom/onukesh_ingot"},
{"predicate":{"custom_model_data":450},"model":"item/custom/onumach_mold"},
{"predicate":{"custom_model_data":452},"model":"item/custom/onumach_ingot"},
{"predicate":{"custom_model_data":500},"model":"item/custom/onutasi_mold"},
{"predicate":{"custom_model_data":502},"model":"item/custom/onutasi_ingot"},
{"predicate":{"custom_model_data":550},"model":"item/custom/leather_roll"},
{"predicate":{"custom_model_data":551},"model":"item/custom/leather_strip"},
{"predicate":{"custom_model_data":1000},"model":"item/custom/akorol"},
{"predicate":{"custom_model_data":1001},"model":"item/custom/akorol_powder"},
{"predicate":{"custom_model_data":1010},"model":"item/custom/alaqur"},
{"predicate":{"custom_model_data":1011},"model":"item/custom/alaqur_powder"},
{"predicate":{"custom_model_data":1020},"model":"item/custom/fengra"},
{"predicate":{"custom_model_data":1021},"model":"item/custom/fengra_powder"},
{"predicate":{"custom_model_data":1030},"model":"item/custom/poccol"},
{"predicate":{"custom_model_data":1031},"model":"item/custom/poccol_dust"},
{"predicate":{"custom_model_data":1032},"model":"item/custom/poccol_kit"},
{"predicate":{"custom_model_data":1040},"model":"item/custom/michar"},
{"predicate":{"custom_model_data":1041},"model":"item/custom/michar_powder"},
{"predicate":{"custom_model_data":1045},"model":"item/custom/michar_kit"},
{"predicate":{"custom_model_data":1050},"model":"item/custom/rubroan"},
{"predicate":{"custom_model_data":1060},"model":"item/custom/tanabril"},
{"predicate":{"custom_model_data":1070},"model":"item/custom/roskamli_kit"},
{"predicate":{"custom_model_data":1080},"model":"item/custom/tarylum"},
{"predicate":{"custom_model_data":1081},"model":"item/custom/tarylum_powder"},
{"predicate":{"custom_model_data":1090},"model":"item/custom/tarylum_kit"},
{"predicate":{"custom_model_data":1100},"model":"item/custom/bezirus"},
{"predicate":{"custom_model_data":1110},"model":"item/custom/solcro"},
{"predicate":{"custom_model_data":5001},"model":"item/custom/armor_repairkit_t1"},
{"predicate":{"custom_model_data":5002},"model":"item/custom/armor_repairkit_t2"},
{"predicate":{"custom_model_data":5003},"model":"item/custom/armor_repairkit_t3"},
{"predicate":{"custom_model_data":5004},"model":"item/custom/armor_repairkit_t4"},
{"predicate":{"custom_model_data":5005},"model":"item/custom/armor_repairkit_t5"},
{"predicate":{"custom_model_data":5006},"model":"item/custom/armor_repairkit_t6"},
{"predicate":{"custom_model_data":5007},"model":"item/custom/armor_repairkit_t7"},
{"predicate":{"custom_model_data":5008},"model":"item/custom/armor_repairkit_t8"},
{"predicate":{"custom_model_data":5051},"model":"item/custom/weapon_repairkit_t1"},
{"predicate":{"custom_model_data":5052},"model":"item/custom/weapon_repairkit_t2"},
{"predicate":{"custom_model_data":5053},"model":"item/custom/weapon_repairkit_t3"},
{"predicate":{"custom_model_data":5054},"model":"item/custom/weapon_repairkit_t4"},
{"predicate":{"custom_model_data":5055},"model":"item/custom/weapon_repairkit_t5"},
{"predicate":{"custom_model_data":5056},"model":"item/custom/weapon_repairkit_t6"},
{"predicate":{"custom_model_data":5057},"model":"item/custom/weapon_repairkit_t7"},
{"predicate":{"custom_model_data":5058},"model":"item/custom/weapon_repairkit_t8"}
]
}