{
	"textures":{
		"0":"item/weapons/wooden_parts",
		"1":"item/weapons/wooden_bow",
		"particle":"item/weapons/wooden_bow"
	},
	"elements":[
		{
			"from":[7,1,0],
			"to":[9,15,2],
			"faces":{
				"north":{"uv":[14,4,15,11],"texture":"#0"},
				"east":{"uv":[15,4,14,11],"texture":"#0"},
				"south":{"uv":[14,4,15,11],"texture":"#0"},
				"west":{"uv":[14,4,15,11],"texture":"#0"},
				"up":{"uv":[14,4,15,5],"rotation":90,"texture":"#0"},
				"down":{"uv":[15,10,14,11],"rotation":90,"texture":"#0"}
			}
		},
		{
			"from":[7.25,15,0],
			"to":[8.75,25,2],
			"rotation":{"angle":22.5,"axis":"x","origin":[0,15,0]},
			"faces":{
				"north":{"uv":[7.5,2,8.5,7],"texture":"#0"},
				"east":{"uv":[8.5,2,7.5,7],"texture":"#0"},
				"south":{"uv":[7.5,2,8.5,7],"texture":"#0"},
				"west":{"uv":[7.5,2,8.5,7],"texture":"#0"},
				"up":{"uv":[7.5,2,8.5,3],"rotation":90,"texture":"#0"}
			}
		},
		{
			"from":[7.5,24.2388,3.82683],
			"to":[8.5,28.2388,5.82683],
			"rotation":{"angle":45,"axis":"x","origin":[0,24.2388,3.82683]},
			"faces":{
				"north":{"uv":[7.5,0,8,2],"texture":"#0"},
				"east":{"uv":[8.5,0,7.5,2],"texture":"#0"},
				"south":{"uv":[8,0,8.5,2],"texture":"#0"},
				"west":{"uv":[7.5,0,8.5,2],"texture":"#0"},
				"up":{"uv":[7.5,0,8.5,0.5],"rotation":90,"texture":"#0"}
			}
		},
		{
			"from":[7.25,-9,0],
			"to":[8.75,1,2],
			"rotation":{"angle":-22.5,"axis":"x","origin":[0,1,0]},
			"faces":{
				"north":{"uv":[7.5,9,8.5,14],"texture":"#0"},
				"east":{"uv":[8.5,9,7.5,14],"texture":"#0"},
				"south":{"uv":[7.5,9,8.5,14],"texture":"#0"},
				"west":{"uv":[7.5,9,8.5,14],"texture":"#0"},
				"down":{"uv":[8.5,13,7.5,14],"rotation":90,"texture":"#0"}
			}
		},
		{
			"from":[7.5,-12.2388,3.82683],
			"to":[8.5,-8.2388,5.82683],
			"rotation":{"angle":-45,"axis":"x","origin":[0,-8.2388,3.82683]},
			"faces":{
				"north":{"uv":[7.5,2,8,0],"texture":"#0"},
				"east":{"uv":[8.5,2,7.5,0],"texture":"#0"},
				"south":{"uv":[8,2,8.5,0],"texture":"#0"},
				"west":{"uv":[7.5,2,8.5,0],"texture":"#0"},
				"down":{"uv":[8.5,0,7.5,0.5],"rotation":90,"texture":"#0"}
			}
		},
		{
			"from":[7.75,-10,7.15],
			"to":[8.25,26,7.65],
			"faces":{
				"north":{"uv":[15.5,13,16,16],"texture":"#0"},
				"east":{"uv":[15.5,13,16,16],"texture":"#0"},
				"south":{"uv":[15.5,13,16,16],"texture":"#0"},
				"west":{"uv":[15.5,13,16,16],"texture":"#0"}
			}
		},
		{
			"from":[6.5,6,1],
			"to":[10.5,10,1],
			"rotation":{"angle":45,"axis":"z","origin":[8.5,8,1]},
			"faces":{
				"south":{"uv":[0,0,16,16],"texture":"#1"}
			}
		}
	],
	"gui_light":"front",
	"overrides":[
		{"predicate":{"pulling":1},"model":"item/wooden_bow_0"},
		{"predicate":{"pulling":1,"pull":0.2},"model":"item/wooden_bow_1"},
		{"predicate":{"pulling":1,"pull":0.55},"model":"item/wooden_bow_2"},
		{"predicate":{"pulling":1,"pull":1},"model":"item/wooden_bow_3"},
		{"predicate":{"custom_model_data":2},"model":"item/bows/selukkite_light_bow_0"},
		{"predicate":{"custom_model_data":2,"pulling":1,"pull":0.2},"model":"item/bows/selukkite_light_bow_1"},
		{"predicate":{"custom_model_data":2,"pulling":1,"pull":0.55},"model":"item/bows/selukkite_light_bow_2"},
		{"predicate":{"custom_model_data":2,"pulling":1,"pull":1},"model":"item/bows/selukkite_light_bow_3"},
		{"predicate":{"custom_model_data":90},"model":"item/instruments/trumpet"},
		{"predicate":{"custom_model_data":90,"pulling":1},"model":"item/instruments/trumpet_play"},
		{"predicate":{"custom_model_data":91},"model":"item/instruments/trumpet_herald"},
		{"predicate":{"custom_model_data":91,"pulling":1},"model":"item/instruments/trumpet_herald_play"},
		{"predicate":{"custom_model_data":100},"model":"item/focuses/tome_basic"},
		{"predicate":{"custom_model_data":100,"pulling":1},"model":"item/focuses/tome_basic_open"},
		{"predicate":{"custom_model_data":100,"pulling":1,"pull":1},"model":"item/focuses/tome_basic_spell"},
		{"predicate":{"custom_model_data":101},"model":"item/focuses/tome_shadowmantle"},
		{"predicate":{"custom_model_data":101,"pulling":1},"model":"item/focuses/tome_shadowmantle_open"},
		{"predicate":{"custom_model_data":101,"pulling":1,"pull":1},"model":"item/focuses/tome_shadowmantle_spell"},

		{"predicate":{"custom_model_data":500},"model":"item/bows/carved_bow_0"},
		{"predicate":{"custom_model_data":500,"pulling":1,"pull":0.2},"model":"item/bows/carved_bow_1"},
		{"predicate":{"custom_model_data":500,"pulling":1,"pull":0.55},"model":"item/bows/carved_bow_2"},
		{"predicate":{"custom_model_data":500,"pulling":1,"pull":1},"model":"item/bows/carved_bow_3"},

		{"predicate":{"custom_model_data":1000},"model":"item/firearms/laitton_arc_emitter"},
		{"predicate":{"custom_model_data":1000,"pulling":1,"pull":0},"model":"item/firearms/laitton_arc_emitter_loading"},
		{"predicate":{"custom_model_data":1000,"pulling":1,"pull":0.5},"model":"item/firearms/laitton_arc_emitter_loading_1"},
		{"predicate":{"custom_model_data":1000,"pulling":1,"pull":1},"model":"item/firearms/laitton_arc_emitter_loaded"}
	],
	"display":{
		"thirdperson_righthand":{
			"translation":[0,-2,4.75],
			"scale":[0.75,0.75,0.75]
		},
		"firstperson_righthand":{
			"rotation":[15,0,0],
			"translation":[7,-3,-4],
			"scale":[0.68,0.68,0.68]
		},
		"ground":{
			"rotation":[45,0,0],
			"translation":[0,5,0.5],
			"scale":[0.5,0.5,0.5]
		},
		"gui":{
			"rotation":[0,0,-45],
			"translation":[-1.4,1.4,0],
			"scale":[4,4,1]
		},
		"fixed":{
			"rotation":[90,-45,90],
			"translation":[-1.5,-1.5,0]
		}
	}
}