{
	"textures":{
		"0":"block/plant/fern_mid",
		"particle":"block/plant/fern_mid"
	},
	"elements":[
		{
			"from":[4,2,0],
			"to":[11,2,8],
			"rotation":{"angle":45,"axis":"x","origin":[0,2,8]},
			"faces":{
				"up":{"uv":[0,8,7,16],"texture":"#0","tintindex":0},
				"down":{"uv":[7,8,0,16],"rotation":180,"texture":"#0","tintindex":0}
			}
		},
		{
			"from":[7,2,5],
			"to":[7,10,12],
			"rotation":{"angle":45,"axis":"z","origin":[7,2,0]},
			"faces":{
				"east":{"uv":[0,8,7,16],"texture":"#0","tintindex":0},
				"west":{"uv":[7,8,0,16],"texture":"#0","tintindex":0}
			}
		},
		{
			"from":[9,2,5],
			"to":[17,2,12],
			"rotation":{"angle":45,"axis":"z","origin":[9,2,0]},
			"faces":{
				"up":{"uv":[0,8,7,16],"rotation":90,"texture":"#0","tintindex":0},
				"down":{"uv":[7,8,0,16],"rotation":90,"texture":"#0","tintindex":0}
			}
		},
		{
			"from":[4,2,10],
			"to":[11,10,10],
			"rotation":{"angle":45,"axis":"x","origin":[0,2,10]},
			"faces":{
				"north":{"uv":[0,8,7,16],"texture":"#0","tintindex":0},
				"south":{"uv":[7,8,0,16],"texture":"#0","tintindex":0}
			}
		},
		{
			"from":[4,7.65656,-5.65615],
			"to":[11,7.65656,2.34385],
			"rotation":{"angle":22.5,"axis":"x","origin":[0,7.65756,2.34385]},
			"faces":{
				"up":{"uv":[0,0,7,8],"texture":"#0","tintindex":0},
				"down":{"uv":[7,0,0,8],"rotation":180,"texture":"#0","tintindex":0}
			}
		},
		{
			"from":[-6.65615,7.65656,5],
			"to":[1.34385,7.65656,12],
			"rotation":{"angle":-22.5,"axis":"z","origin":[1.34385,7.65756,0]},
			"faces":{
				"up":{"uv":[0,0,7,8],"rotation":270,"texture":"#0","tintindex":0},
				"down":{"uv":[7,0,0,8],"rotation":270,"texture":"#0","tintindex":0}
			}
		},
		{
			"from":[4,7.65585,15.65685],
			"to":[11,7.65585,23.65685],
			"rotation":{"angle":-22.5,"axis":"x","origin":[0,7.65685,15.65685]},
			"faces":{
				"up":{"uv":[0,0,7,8],"rotation":180,"texture":"#0","tintindex":0},
				"down":{"uv":[7,0,0,8],"texture":"#0","tintindex":0}
			}
		},
		{
			"from":[14.65615,7.65656,5],
			"to":[22.65615,7.65656,12],
			"rotation":{"angle":22.5,"axis":"z","origin":[14.65615,7.65756,0]},
			"faces":{
				"up":{"uv":[0,0,7,8],"rotation":90,"texture":"#0","tintindex":0},
				"down":{"uv":[7,0,0,8],"rotation":90,"texture":"#0","tintindex":0}
			}
		},
		{
			"from":[7,0,8],
			"to":[9,2,10],
			"faces":{
				"north":{"uv":[8,14,10,16],"texture":"#0","tintindex":0},
				"east":{"uv":[8,14,10,16],"texture":"#0","tintindex":0},
				"south":{"uv":[9,14,11,16],"texture":"#0","tintindex":0},
				"west":{"uv":[9,14,11,16],"texture":"#0","tintindex":0}
			}
		},
		{
			"from":[9,2,10],
			"to":[7,0,8],
			"faces":{
				"north":{"uv":[9,14,11,16],"texture":"#0","tintindex":0},
				"east":{"uv":[9,14,11,16],"texture":"#0","tintindex":0},
				"south":{"uv":[8,14,10,16],"texture":"#0","tintindex":0},
				"west":{"uv":[8,14,10,16],"texture":"#0","tintindex":0}
			}
		}
	]
}