{
	"textures":{
		"2":"block/plant/red_mushroom_0",
		"3":"block/plant/red_mushroom_parts",
		"4":"block/block_random/podzol_top_0"
	},
	"elements":[
		{
			"from":[7,5,7],
			"to":[9,10,9],
			"faces":{
				"north":{"uv":[10,0,12,5],"texture":"#3"},
				"east":{"uv":[12,0,14,5],"texture":"#3"},
				"south":{"uv":[10,0,12,5],"texture":"#3"},
				"west":{"uv":[12,0,14,5],"texture":"#3"},
				"down":{"uv":[11,4,13,6],"texture":"#3"}
			}
		},
		{
			"from":[4,10,4],
			"to":[12,13,12],
			"faces":{
				"north":{"uv":[10,3,2,0],"texture":"#2"},
				"east":{"uv":[9,2,12,10],"rotation":90,"texture":"#2"},
				"south":{"uv":[2,9,10,12],"texture":"#2"},
				"west":{"uv":[0,2,3,10],"rotation":270,"texture":"#2"},
				"up":{"uv":[2,2,10,10],"texture":"#2"},
				"down":{"uv":[1,1,9,9],"texture":"#3"}
			}
		},
		{
			"from":[5,13,5],
			"to":[11,14,11],
			"faces":{
				"north":{"uv":[9,3,3,4],"texture":"#2"},
				"east":{"uv":[8,3,9,9],"rotation":90,"texture":"#2"},
				"south":{"uv":[3,8,9,9],"texture":"#2"},
				"west":{"uv":[3,3,4,9],"rotation":270,"texture":"#2"},
				"up":{"uv":[3,3,9,9],"texture":"#2"}
			}
		},
		{
			"from":[5,8,5],
			"to":[11,8,11],
			"faces":{
				"up":{"uv":[0,10,6,16],"texture":"#3"},
				"down":{"uv":[0,10,6,16],"texture":"#3"}
			}
		},
		{
			"from":[5,5,5],
			"to":[11,5,11],
			"faces":{
				"up":{"uv":[0,0,6,6],"texture":"#4"}
			}
		}
	]
}