{"textures":{"0":"modelengine:entity/chromafire_particle_gold"},"elements":[{"from":[5.5,5.5,5.5],"to":[10.5,10.5,10.5],"faces":{"east":{"uv":[0.0,5.0,5.0,10.0],"tintindex":0,"rotation":0,"texture":"#0"},"south":{"uv":[5.0,0.0,10.0,5.0],"tintindex":0,"rotation":0,"texture":"#0"},"north":{"uv":[0.0,0.0,5.0,5.0],"tintindex":0,"rotation":0,"texture":"#0"},"west":{"uv":[5.0,5.0,10.0,10.0],"tintindex":0,"rotation":0,"texture":"#0"},"up":{"uv":[5.0,15.0,0.0,10.0],"tintindex":0,"rotation":0,"texture":"#0"},"down":{"uv":[15.0,0.0,10.0,5.0],"tintindex":0,"rotation":0,"texture":"#0"}}},{"from":[11.0,11.0,11.0],"to":[5.0,5.0,5.0],"faces":{"east":{"uv":[7.0,10.0,8.0,15.0],"tintindex":0,"rotation":0,"texture":"#0"},"south":{"uv":[7.0,10.0,8.0,15.0],"tintindex":0,"rotation":0,"texture":"#0"},"north":{"uv":[7.0,10.0,8.0,15.0],"tintindex":0,"rotation":0,"texture":"#0"},"west":{"uv":[7.0,10.0,8.0,15.0],"tintindex":0,"rotation":0,"texture":"#0"},"up":{"uv":[7.0,11.0,8.0,10.0],"tintindex":0,"rotation":0,"texture":"#0"},"down":{"uv":[7.0,14.0,8.0,15.0],"tintindex":0,"rotation":0,"texture":"#0"}}},{"from":[5.75,5.75,5.75],"to":[10.25,10.25,10.25],"faces":{"east":{"uv":[10.0,10.0,15.0,15.0],"tintindex":0,"rotation":0,"texture":"#0"},"south":{"uv":[10.0,10.0,15.0,15.0],"tintindex":0,"rotation":0,"texture":"#0"},"north":{"uv":[10.0,10.0,15.0,15.0],"tintindex":0,"rotation":0,"texture":"#0"},"west":{"uv":[10.0,10.0,15.0,15.0],"tintindex":0,"rotation":0,"texture":"#0"},"up":{"uv":[10.0,10.0,15.0,15.0],"tintindex":0,"rotation":0,"texture":"#0"},"down":{"uv":[10.0,10.0,15.0,15.0],"tintindex":0,"rotation":0,"texture":"#0"}}}],"display":{"gui":{"rotation":[30,225,0]}}}