{
"parent":"block/block",
"elements":[{
	"from":[0,0,0],"to":[16,16,16],
	"faces":{
		"north":{"uv":[0,0,16,16],"rotation":270,"texture":"#north","cullface":"north"},
		"east":{"uv":[0,0,16,16],"rotation":180,"texture":"#east","cullface":"east"},
		"south":{"uv":[0,0,16,16],"rotation":90,"texture":"#south","cullface":"south"},
		"west":{"uv":[0,0,16,16],"texture":"#west","cullface":"west"},
		"up":{"uv":[0,0,16,16],"rotation":90,"texture":"#up","cullface":"up"},
		"down":{"uv":[0,0,16,16],"rotation":90,"texture":"#down","cullface":"down"}
	}
}]
}