{
    "providers": [
        {
            "type": "space",
            "advances": {
                " ": 4
            }
        },
        {
            "type": "bitmap",
            "file": "minecraft:font_custom/npcs.png",
            "ascent": 4,
            "height": 80,
            "chars": [
                "\u0001\u0002\u0003\u0004"
            ]
        },
        {
            "type": "ttf",
            "file": "minecraft:negative_spaces.ttf",
            "shift": [
                0.0,
                0.0
            ],
            "size": 10.0,
            "oversample": 1.0
        }
    ]
}