{
	"textures":{
		"particle":"#0"
	},
	"elements":[
		{
			"from":[4,-1,0],
			"to":[4,15,16],
			"shade":false,
			"rotation":{"angle":22.5,"axis":"y","origin":[8,0,8]},
			"faces":{
				"east":{"uv":[16,0,0,16],"texture":"#0"},
				"west":{"uv":[0,0,16,16],"texture":"#0"}
			}
		},
		{
			"from":[12,-1,0],
			"to":[12,15,16],
			"shade":false,
			"rotation":{"angle":22.5,"axis":"y","origin":[8,0,8]},
			"faces":{
				"east":{"uv":[0,0,16,16],"texture":"#0"},
				"west":{"uv":[16,0,0,16],"texture":"#0"}
			}
		},
		{
			"from":[0,-1,4],
			"to":[16,15,4],
			"shade":false,
			"rotation":{"angle":22.5,"axis":"y","origin":[8,0,8]},
			"faces":{
				"north":{"uv":[0,0,16,16],"texture":"#0"},
				"south":{"uv":[16,0,0,16],"texture":"#0"}
			}
		},
		{
			"from":[0,-1,12],
			"to":[16,15,12],
			"shade":false,
			"rotation":{"angle":22.5,"axis":"y","origin":[8,0,8]},
			"faces":{
				"north":{"uv":[16,0,0,16],"texture":"#0"},
				"south":{"uv":[0,0,16,16],"texture":"#0"}
			}
		}
	]
}