{
	"textures":{
		"0":"block/plant/shroom_blimp",
		"particle":"block/plant/shroom_blimp"
	},
	"elements":[
		{
			"from":[6.5,0,6.5],
			"to":[9.5,3,9.5],
			"faces":{
				"north":{"uv":[8,10,9.5,13],"texture":"#0"},
				"east":{"uv":[8,10,9.5,13],"texture":"#0"},
				"south":{"uv":[8,10,9.5,13],"texture":"#0"},
				"west":{"uv":[8,10,9.5,13],"texture":"#0"},
				"down":{"uv":[8,13,9.5,16],"texture":"#0"}
			}
		},
		{
			"from":[4,3,4],
			"to":[12,11,12],
			"faces":{
				"north":{"uv":[4,8,8,16],"texture":"#0"},
				"east":{"uv":[4,8,8,16],"texture":"#0"},
				"south":{"uv":[4,8,8,16],"texture":"#0"},
				"west":{"uv":[4,8,8,16],"texture":"#0"},
				"up":{"uv":[4,0,8,8],"texture":"#0"},
				"down":{"uv":[0,8,4,16],"texture":"#0"}
			}
		},
		{
			"from":[3.75,2.5,3.75],
			"to":[12.25,11,12.25],
			"faces":{
				"north":{"uv":[0,0,4,8],"texture":"#0"},
				"east":{"uv":[0,0,4,8],"texture":"#0"},
				"south":{"uv":[0,0,4,8],"texture":"#0"},
				"west":{"uv":[0,0,4,8],"texture":"#0"}
			}
		},
		{
			"from":[4,2.5,4],
			"to":[12,2.5,12],
			"faces":{
				"up":{"uv":[8,8,12,0],"texture":"#0"},
				"down":{"uv":[8,0,12,8],"texture":"#0"}
			}
		},
		{
			"from":[12.25,11,12.25],
			"to":[3.75,2.5,3.75],
			"faces":{
				"north":{"uv":[0,8,4,0],"texture":"#0"},
				"east":{"uv":[0,8,4,0],"texture":"#0"},
				"south":{"uv":[0,8,4,0],"texture":"#0"},
				"west":{"uv":[0,8,4,0],"texture":"#0"}
			}
		}
	]
}