{"textures":{"0":"modelengine:entity/blowshroom"},"elements":[{"from":[4.0,5.0,4.0],"to":[12.0,11.0,12.0],"faces":{"east":{"uv":[7.5,0.0,9.5,1.5],"tintindex":0,"rotation":0,"texture":"#0"},"south":{"uv":[7.5,0.0,9.5,1.5],"tintindex":0,"rotation":0,"texture":"#0"},"north":{"uv":[7.5,0.0,9.5,1.5],"tintindex":0,"rotation":0,"texture":"#0"},"west":{"uv":[7.5,0.0,9.5,1.5],"tintindex":0,"rotation":0,"texture":"#0"},"down":{"uv":[7.0,13.0,9.0,15.0],"tintindex":0,"rotation":0,"texture":"#0"}}},{"from":[2.0,19.0,2.0],"to":[14.0,22.0,14.0],"faces":{"east":{"uv":[0.5,13.25,3.5,14.0],"tintindex":0,"rotation":0,"texture":"#0"},"south":{"uv":[0.5,13.25,3.5,14.0],"tintindex":0,"rotation":0,"texture":"#0"},"north":{"uv":[0.5,13.25,3.5,14.0],"tintindex":0,"rotation":0,"texture":"#0"},"west":{"uv":[0.5,13.25,3.5,14.0],"tintindex":0,"rotation":0,"texture":"#0"},"up":{"uv":[0.5,9.75,3.5,12.75],"tintindex":0,"rotation":0,"texture":"#0"}}},{"from":[0.0,11.0,0.0],"to":[16.0,19.0,16.0],"faces":{"east":{"uv":[0.0,14.0,4.0,16.0],"tintindex":0,"rotation":0,"texture":"#0"},"south":{"uv":[0.0,14.0,4.0,16.0],"tintindex":0,"rotation":0,"texture":"#0"},"north":{"uv":[0.0,14.0,4.0,16.0],"tintindex":0,"rotation":0,"texture":"#0"},"west":{"uv":[0.0,14.0,4.0,16.0],"tintindex":0,"rotation":0,"texture":"#0"},"up":{"uv":[0.0,9.25,4.0,13.25],"tintindex":0,"rotation":0,"texture":"#0"},"down":{"uv":[6.0,12.0,10.0,16.0],"tintindex":0,"rotation":0,"texture":"#0"}}}],"display":{"gui":{"rotation":[30,225,0]}}}