{
	"texture_size": [64, 64],
	"textures": {
		"0": "item/decorations/wall_shelf_spruce",
		"particle": "item/decorations/wall_shelf_spruce"
	},
	"elements": [
		{
			"from": [2, 9, 2],
			"to": [14, 12, 14],
			"faces": {
				"north": {"uv": [0, 2.75, 3, 3.5], "texture": "#0"},
				"east": {"uv": [7.75, 0.25, 8.5, 3.25], "rotation": 90, "texture": "#0"},
				"south": {"uv": [0, 2.75, 3, 3.5], "texture": "#0"},
				"west": {"uv": [7.75, 3.25, 8.5, 0.25], "rotation": 90, "texture": "#0"},
				"up": {"uv": [0.25, 0, 3.25, 3], "rotation": 180, "texture": "#0"},
				"down": {"uv": [0.25, 0, 3.25, 3], "texture": "#0"}
			}
		},
		{
			"from": [10, 0, 10],
			"to": [13, 9, 13],
			"rotation": {"angle": 0, "axis": "y", "origin": [34, 8, 8]},
			"faces": {
				"north": {"uv": [8.5, 0, 9, 2.25], "texture": "#0"},
				"east": {"uv": [8.5, 0, 9, 2.25], "texture": "#0"},
				"south": {"uv": [8.5, 0, 9, 2.25], "texture": "#0"},
				"west": {"uv": [8.5, 0.25, 9, 2.5], "texture": "#0"},
				"down": {"uv": [8.5, 2.25, 9, 2.75], "texture": "#0"}
			}
		},
		{
			"from": [10, 0, 3],
			"to": [13, 9, 6],
			"rotation": {"angle": 0, "axis": "y", "origin": [34, 8, 8]},
			"faces": {
				"north": {"uv": [8.5, 0, 9, 2.25], "texture": "#0"},
				"east": {"uv": [8.5, 0, 9, 2.25], "texture": "#0"},
				"south": {"uv": [8.5, 0, 9, 2.25], "texture": "#0"},
				"west": {"uv": [8.5, 0.25, 9, 2.5], "texture": "#0"},
				"down": {"uv": [8.5, 2.25, 9, 2.75], "texture": "#0"}
			}
		},
		{
			"from": [3, 0, 3],
			"to": [6, 9, 6],
			"rotation": {"angle": 0, "axis": "y", "origin": [34, 8, 8]},
			"faces": {
				"north": {"uv": [8.5, 0, 9, 2.25], "texture": "#0"},
				"east": {"uv": [8.5, 0, 9, 2.25], "texture": "#0"},
				"south": {"uv": [8.5, 0, 9, 2.25], "texture": "#0"},
				"west": {"uv": [8.5, 0.25, 9, 2.5], "texture": "#0"},
				"down": {"uv": [8.5, 2.25, 9, 2.75], "texture": "#0"}
			}
		},
		{
			"from": [3, 0, 10],
			"to": [6, 9, 13],
			"rotation": {"angle": 0, "axis": "y", "origin": [34, 8, 8]},
			"faces": {
				"north": {"uv": [8.5, 0, 9, 2.25], "texture": "#0"},
				"east": {"uv": [8.5, 0, 9, 2.25], "texture": "#0"},
				"south": {"uv": [8.5, 0, 9, 2.25], "texture": "#0"},
				"west": {"uv": [8.5, 0.25, 9, 2.5], "texture": "#0"},
				"down": {"uv": [8.5, 2.25, 9, 2.75], "texture": "#0"}
			}
		}
	],
	"display": {
		"thirdperson_righthand": {
			"rotation": [58, 32, 0],
			"translation": [-0.75, 2.75, 2],
			"scale": [0.2, 0.2, 0.2]
		},
		"thirdperson_lefthand": {
			"rotation": [58, 32, 0],
			"translation": [-0.75, 2.75, 2],
			"scale": [0.2, 0.2, 0.2]
		},
		"firstperson_righthand": {
			"rotation": [0, 29, 0],
			"translation": [16.25, 9, -18]
		},
		"firstperson_lefthand": {
			"rotation": [0, 29, 0],
			"translation": [16.25, 9, -18]
		},
		"ground": {
			"translation": [0, 8.25, 0],
			"scale": [0.4, 0.4, 0.4]
		},
		"gui": {
			"rotation": [30, 135, 0],
			"translation": [-0.75, 3.5, 0],
			"scale": [0.5, 0.5, 0.5]
		},
		"head": {
			"translation": [0, 2, -3.5]
		},
		"fixed": {
			"rotation": [-90, 0, 0],
			"translation": [0, 0, -16],
			"scale": [2, 2, 2]
		}
	}
}