{
	"credit": "Made with Blockbench",
	"textures": {
		"1": "item/decorations/chair_cushion_recolorable",
		"2": "block/spruce_planks",
		"particle": "item/decorations/chair_cushion_recolorable"
	},
	"elements": [
		{
			"from": [-15, 0, 1],
			"to": [-12, 4, 4],
			"faces": {
				"north": {"uv": [0, 0, 3, 4], "texture": "#2"},
				"east": {"uv": [0, 0, 3, 4], "texture": "#2"},
				"south": {"uv": [0, 0, 3, 4], "texture": "#2"},
				"west": {"uv": [0, 0, 3, 4], "texture": "#2"}
			}
		},
		{
			"from": [-15, 0, 12],
			"to": [-12, 4, 15],
			"faces": {
				"north": {"uv": [0, 0, 3, 4], "texture": "#2"},
				"east": {"uv": [0, 0, 3, 4], "texture": "#2"},
				"south": {"uv": [0, 0, 3, 4], "texture": "#2"},
				"west": {"uv": [0, 0, 3, 4], "texture": "#2"}
			}
		},
		{
			"from": [0, 4, 0],
			"to": [16, 5, 16],
			"faces": {
				"north": {"uv": [0, 8, 16, 9], "texture": "#2"},
				"east": {"uv": [0, 12, 16, 13], "texture": "#2"},
				"south": {"uv": [0, 5, 16, 6], "texture": "#2"},
				"west": {"uv": [0, 4, 16, 5], "texture": "#2"},
				"up": {"uv": [0, 0, 16, 16], "texture": "#2"},
				"down": {"uv": [0, 0, 16, 16], "texture": "#2"}
			}
		},
		{
			"from": [-16, 4, 0],
			"to": [0, 5, 16],
			"faces": {
				"north": {"uv": [0, 8, 16, 9], "texture": "#2"},
				"east": {"uv": [0, 12, 16, 13], "texture": "#2"},
				"south": {"uv": [0, 5, 16, 6], "texture": "#2"},
				"west": {"uv": [0, 4, 16, 5], "texture": "#2"},
				"up": {"uv": [0, 0, 16, 16], "texture": "#2"},
				"down": {"uv": [0, 0, 16, 16], "texture": "#2"}
			}
		},
		{
			"from": [-16, 5, 0],
			"to": [16, 8, 16],
			"faces": {
				"north": {"uv": [0, 4, 8, 4.75], "texture": "#1", "tintindex": 0},
				"east": {"uv": [0, 4, 4, 4.75], "texture": "#1", "tintindex": 0},
				"south": {"uv": [0, 4, 8, 4.75], "texture": "#1", "tintindex": 0},
				"west": {"uv": [4, 4, 8, 4.75], "texture": "#1", "tintindex": 0},
				"up": {"uv": [0, 0, 8, 4], "texture": "#1", "tintindex": 0}
			}
		},
		{
			"from": [12, 0, 12],
			"to": [15, 4, 15],
			"faces": {
				"north": {"uv": [0, 0, 3, 4], "texture": "#2"},
				"east": {"uv": [0, 0, 3, 4], "texture": "#2"},
				"south": {"uv": [0, 0, 3, 4], "texture": "#2"},
				"west": {"uv": [0, 0, 3, 4], "texture": "#2"}
			}
		},
		{
			"from": [13, 0, 1],
			"to": [16, 4, 4],
			"faces": {
				"north": {"uv": [0, 0, 3, 4], "texture": "#2"},
				"east": {"uv": [0, 0, 3, 4], "texture": "#2"},
				"south": {"uv": [0, 0, 3, 4], "texture": "#2"},
				"west": {"uv": [0, 0, 3, 4], "texture": "#2"}
			}
		}
	],
	"display": {
		"thirdperson_righthand": {
			"rotation": [57, 0, 0],
			"translation": [1.75, 2, 1],
			"scale": [0.2, 0.2, 0.2]
		},
		"firstperson_righthand": {
			"rotation": [0, -91, 0],
			"translation": [8.25, -2, -4],
			"scale": [0.6, 0.6, 0.6]
		},
		"ground": {
			"scale": [0.4, 0.4, 0.4]
		},
		"gui": {
			"rotation": [30, -45, 0],
			"translation": [2.25, 0, 0],
			"scale": [0.4, 0.4, 0.4]
		},
		"fixed": {
			"rotation": [-90, 0, 0],
			"translation": [0, 0, -16],
			"scale": [2, 2, 2]
		}
	}
}