{
	"credit": "Made with Blockbench",
	"texture_size": [128, 128],
	"textures": {
		"particle": "item/decorations/crates_and_barrels"
	},
	"elements": [
		{
			"from": [-16, 13, 0],
			"to": [16, 16, 32],
			"faces": {
				"north": {"uv": [12, 3.75, 16, 4.25], "texture": "#particle"},
				"east": {"uv": [12, 4.625, 16, 4.125], "texture": "#particle"},
				"south": {"uv": [16, 3.75, 12, 4.25], "texture": "#particle"},
				"west": {"uv": [12, 4.625, 16, 4.125], "texture": "#particle"},
				"up": {"uv": [12, 4, 16, 0], "rotation": 180, "texture": "#particle"},
				"down": {"uv": [16, 0, 12, 4], "texture": "#particle"}
			}
		},
		{
			"from": [-14, 0, 2],
			"to": [-11, 13, 5],
			"faces": {
				"north": {"uv": [11.75, 1.25, 11.375, 2.875], "texture": "#particle"},
				"east": {"uv": [11.5, 1.125, 11.875, 2.75], "texture": "#particle"},
				"south": {"uv": [11.875, 1.25, 11.5, 2.875], "texture": "#particle"},
				"west": {"uv": [11.375, 1.375, 11.75, 3], "texture": "#particle"}
			}
		},
		{
			"from": [-14, 0, 26],
			"to": [-11, 13, 29],
			"faces": {
				"north": {"uv": [11.5, 1.125, 11.875, 2.75], "texture": "#particle"},
				"east": {"uv": [11.875, 1.125, 11.5, 2.75], "texture": "#particle"},
				"south": {"uv": [11.375, 1.25, 11.75, 2.875], "texture": "#particle"},
				"west": {"uv": [11.75, 1.375, 11.375, 3], "texture": "#particle"}
			}
		},
		{
			"from": [10, 0, 2],
			"to": [13, 13, 5],
			"faces": {
				"north": {"uv": [11.375, 1.25, 11.75, 2.875], "texture": "#particle"},
				"east": {"uv": [11.75, 1.375, 11.375, 3], "texture": "#particle"},
				"south": {"uv": [12, 1.25, 11.625, 2.875], "texture": "#particle"},
				"west": {"uv": [11.625, 1.375, 12, 3], "texture": "#particle"}
			}
		},
		{
			"from": [10, 0, 26],
			"to": [13, 13, 29],
			"faces": {
				"north": {"uv": [11.5, 1.125, 11.875, 2.75], "texture": "#particle"},
				"east": {"uv": [11.5, 1.25, 11.875, 2.875], "texture": "#particle"},
				"south": {"uv": [11.75, 1.375, 11.375, 3], "texture": "#particle"},
				"west": {"uv": [11.875, 1.125, 11.5, 2.75], "texture": "#particle"}
			}
		},
		{
			"from": [-15, 6, 1],
			"to": [14, 8, 30],
			"faces": {
				"north": {"uv": [12.25, 4, 15.875, 4.25], "texture": "#particle"},
				"east": {"uv": [12.125, 4.375, 15.75, 4.125], "texture": "#particle"},
				"south": {"uv": [15.875, 4, 12.25, 4.25], "texture": "#particle"},
				"west": {"uv": [12.125, 4.375, 15.75, 4.125], "texture": "#particle"},
				"up": {"uv": [12.25, 3.875, 15.875, 0.25], "rotation": 180, "texture": "#particle"},
				"down": {"uv": [15.75, 0.25, 12.125, 3.875], "texture": "#particle"}
			}
		}
	],
	"display": {
		"thirdperson_righthand": {
			"rotation": [58, 32, 0],
			"translation": [-0.75, 2.75, 2],
			"scale": [0.2, 0.2, 0.2]
		},
		"thirdperson_lefthand": {
			"rotation": [58, 32, 0],
			"translation": [-0.75, 2.75, 2],
			"scale": [0.2, 0.2, 0.2]
		},
		"firstperson_righthand": {
			"rotation": [0, 29, 0],
			"translation": [16.25, 9, -18]
		},
		"firstperson_lefthand": {
			"rotation": [0, 29, 0],
			"translation": [16.25, 9, -18]
		},
		"ground": {
			"translation": [0, 8.25, 0],
			"scale": [0.4, 0.4, 0.4]
		},
		"gui": {
			"rotation": [30, 135, 0],
			"translation": [-4, -0.5, 0],
			"scale": [0.35, 0.35, 0.35]
		},
		"head": {
			"translation": [0, 2, -3.5]
		},
		"fixed": {
			"rotation": [-90, 0, 0],
			"translation": [0, 0, -16],
			"scale": [2, 2, 2]
		}
	}
}