{
	"credit": "Made with Blockbench",
	"texture_size": [64, 64],
	"textures": {
		"0": "item/decorations/wall_shelf_spruce",
		"particle": "item/decorations/wall_shelf_spruce"
	},
	"elements": [
		{
			"from": [-8, 13, 4],
			"to": [24, 16, 16],
			"faces": {
				"north": {"uv": [0, 2.75, 8, 3.5], "texture": "#0"},
				"east": {"uv": [8, 0.25, 8.75, 3.25], "rotation": 90, "texture": "#0"},
				"south": {"uv": [0, 2.75, 8, 3.5], "texture": "#0"},
				"west": {"uv": [8, 3.25, 8.75, 0.25], "rotation": 90, "texture": "#0"},
				"up": {"uv": [0, 0, 8, 3], "rotation": 180, "texture": "#0"},
				"down": {"uv": [0, 0, 8, 3], "texture": "#0"}
			}
		},
		{
			"from": [-5, 4, 14],
			"to": [-3, 13, 16],
			"faces": {
				"north": {"uv": [8.5, 0, 9, 2.25], "texture": "#0"},
				"east": {"uv": [9, 0, 8.5, 2.25], "texture": "#0"},
				"south": {"uv": [8.5, 0, 9, 2.25], "texture": "#0"},
				"west": {"uv": [8.5, 0.25, 9, 2.5], "texture": "#0"},
				"down": {"uv": [8.5, 2.25, 9, 2.75], "texture": "#0"}
			}
		},
		{
			"from": [19, 4, 14],
			"to": [21, 13, 16],
			"rotation": {"angle": 0, "axis": "y", "origin": [34, 8, 8]},
			"faces": {
				"north": {"uv": [8.5, 0, 9, 2.25], "texture": "#0"},
				"east": {"uv": [8.5, 0, 9, 2.25], "texture": "#0"},
				"south": {"uv": [8.5, 0, 9, 2.25], "texture": "#0"},
				"west": {"uv": [8.5, 0.25, 9, 2.5], "texture": "#0"},
				"down": {"uv": [8.5, 2.25, 9, 2.75], "texture": "#0"}
			}
		},
		{
			"from": [19, 11, 6],
			"to": [21, 13, 14],
			"rotation": {"angle": 0, "axis": "y", "origin": [34, 8, 8]},
			"faces": {
				"north": {"uv": [9, 2, 8.5, 2.5], "rotation": 90, "texture": "#0"},
				"east": {"uv": [9.5, 2, 9, 0], "rotation": 90, "texture": "#0"},
				"west": {"uv": [9.5, 0.25, 9, 2.25], "rotation": 90, "texture": "#0"},
				"down": {"uv": [8.5, 0, 9, 2], "texture": "#0"}
			}
		},
		{
			"from": [-5, 11, 6],
			"to": [-3, 13, 14],
			"rotation": {"angle": 0, "axis": "y", "origin": [34, 8, 8]},
			"faces": {
				"north": {"uv": [9, 2.25, 8.5, 2.75], "rotation": 90, "texture": "#0"},
				"east": {"uv": [9.5, 2, 9, 0], "rotation": 90, "texture": "#0"},
				"west": {"uv": [9.5, 0.25, 9, 2.25], "rotation": 90, "texture": "#0"},
				"down": {"uv": [8.5, 0, 9, 2], "texture": "#0"}
			}
		}
	],
	"display": {
		"thirdperson_righthand": {
			"rotation": [58, 32, 0],
			"translation": [-0.75, 2.75, 2],
			"scale": [0.2, 0.2, 0.2]
		},
		"thirdperson_lefthand": {
			"rotation": [58, 32, 0],
			"translation": [-0.75, 2.75, 2],
			"scale": [0.2, 0.2, 0.2]
		},
		"firstperson_righthand": {
			"rotation": [0, 29, 0],
			"translation": [16.25, 9, -18]
		},
		"firstperson_lefthand": {
			"rotation": [0, 29, 0],
			"translation": [16.25, 9, -18]
		},
		"ground": {
			"translation": [0, 8.25, 0],
			"scale": [0.4, 0.4, 0.4]
		},
		"gui": {
			"rotation": [30, 135, 0],
			"translation": [-0.75, 3.5, 0],
			"scale": [0.5, 0.5, 0.5]
		},
		"head": {
			"translation": [0, 2, -3.5]
		},
		"fixed": {
			"translation": [0, 0, -16],
			"scale": [2, 2, 2]
		}
	}
}