{"textures":{"0":"modelengine:entity/chromafire_ball_gold"},"elements":[{"from":[5.5,5.5,5.5],"to":[10.5,10.5,10.5],"faces":{"east":{"uv":[10.0,5.0,12.5,7.5],"tintindex":0,"rotation":0,"texture":"#0"},"south":{"uv":[7.5,10.0,10.0,12.5],"tintindex":0,"rotation":0,"texture":"#0"},"north":{"uv":[5.0,10.0,7.5,12.5],"tintindex":0,"rotation":0,"texture":"#0"},"west":{"uv":[10.0,7.5,12.5,10.0],"tintindex":0,"rotation":0,"texture":"#0"},"up":{"uv":[12.5,12.5,10.0,10.0],"tintindex":0,"rotation":0,"texture":"#0"},"down":{"uv":[7.5,12.5,5.0,15.0],"tintindex":0,"rotation":0,"texture":"#0"}}},{"from":[5.25,5.25,5.25],"to":[10.75,10.75,10.75],"faces":{"east":{"uv":[12.5,5.0,15.0,7.5],"tintindex":0,"rotation":0,"texture":"#0"},"south":{"uv":[10.0,12.5,12.5,15.0],"tintindex":0,"rotation":0,"texture":"#0"},"north":{"uv":[7.5,12.5,10.0,15.0],"tintindex":0,"rotation":0,"texture":"#0"},"west":{"uv":[12.5,7.5,15.0,10.0],"tintindex":0,"rotation":0,"texture":"#0"},"up":{"uv":[15.0,12.5,12.5,10.0],"tintindex":0,"rotation":0,"texture":"#0"},"down":{"uv":[15.0,12.5,12.5,15.0],"tintindex":0,"rotation":0,"texture":"#0"}}},{"from":[11.15,11.15,11.15],"to":[4.85,4.85,4.85],"faces":{"east":{"uv":[11.0,15.5,8.5,16.0],"tintindex":0,"rotation":0,"texture":"#0"},"south":{"uv":[10.5,15.5,11.0,16.0],"tintindex":0,"rotation":0,"texture":"#0"},"north":{"uv":[8.5,15.5,9.0,16.0],"tintindex":0,"rotation":0,"texture":"#0"},"west":{"uv":[8.5,15.5,11.0,16.0],"tintindex":0,"rotation":0,"texture":"#0"},"up":{"uv":[8.5,15.5,11.0,16.0],"tintindex":0,"rotation":90,"texture":"#0"},"down":{"uv":[11.0,15.5,8.5,16.0],"tintindex":0,"rotation":90,"texture":"#0"}}}],"display":{"gui":{"rotation":[30,225,0]}}}