{"providers":[{"type":"bitmap","file":"happyhud:font/assets/crowd_control/empty.png","height":18,"ascent":-209500,"chars":[""]},{"type":"bitmap","file":"happyhud:font/assets/crowd_control/root.png","height":18,"ascent":-210500,"chars":[""]},{"type":"bitmap","file":"happyhud:font/assets/crowd_control/empty.png","height":18,"ascent":-210500,"chars":[""]},{"type":"bitmap","file":"happyhud:font/assets/crowd_control/root.png","height":18,"ascent":-211500,"chars":[""]},{"type":"bitmap","file":"happyhud:font/assets/crowd_control/empty.png","height":18,"ascent":-211500,"chars":[""]},{"type":"bitmap","file":"happyhud:font/assets/crowd_control/cancel_attack.png","height":18,"ascent":-211500,"chars":[""]},{"type":"bitmap","file":"happyhud:font/assets/crowd_control/root.png","height":18,"ascent":-212500,"chars":[""]},{"type":"bitmap","file":"happyhud:font/assets/crowd_control/empty.png","height":18,"ascent":-212500,"chars":[""]},{"type":"bitmap","file":"happyhud:font/assets/crowd_control/cancel_attack.png","height":18,"ascent":-212500,"chars":[""]},{"type":"bitmap","file":"happyhud:font/assets/crowd_control/freeze.png","height":18,"ascent":-212500,"chars":[""]},{"type":"bitmap","file":"happyhud:font/assets/crowd_control/stun.png","height":18,"ascent":-212500,"chars":[""]},{"type":"bitmap","file":"happyhud:font/assets/crowd_control/sleep.png","height":18,"ascent":-212500,"chars":[""]},{"type":"bitmap","file":"happyhud:font/assets/crowd_control/silence.png","height":18,"ascent":-212500,"chars":[""]}]}