{
    "providers": [
        {
            "type": "reference",
            "id": "spaces"
        },
        {
            "type": "bitmap",
            "file": "minecraft:font_custom/ui_expedition_generic.png",
            "ascent": 1,
            "height": 64,
            "chars": [
                "\uE001"
            ]
        },
        {
            "type": "bitmap",
            "file": "minecraft:font_custom/ui_expedition_slot.png",
            "ascent": -4,
            "height": 56,
            "chars": [
                "\uE002\uE003\uE004"
            ]
        },
        {
            "type": "bitmap",
            "file": "minecraft:font_custom/ui_expedition_title.png",
            "ascent": 16,
            "height": 22,
            "chars": [
                "\uE005"
            ]
        },
		{
            "type": "bitmap",
            "file": "minecraft:font_custom/ui_storage_background.png",
            "ascent": 1,
            "height": 118,
            "chars": [
                "\uE010"
            ]
		},
		{
            "type": "bitmap",
            "file": "minecraft:font_custom/ui_storage_tab.png",
            "ascent": -2,
            "height": 22,
            "chars": [
                "\uE011"
            ]
		},
		{
            "type": "bitmap",
            "file": "minecraft:font_custom/ui_crafting_2x2.png",
            "ascent": 1,
            "height": 118,
            "chars": [
                "\uE012"
            ]
		},
		{
            "type": "bitmap",
            "file": "minecraft:font_custom/ui_crafting_3x3.png",
            "ascent": 1,
            "height": 118,
            "chars": [
                "\uE013"
            ]
		},
		{
            "type": "bitmap",
            "file": "minecraft:font_custom/ui_crafting_5x5.png",
            "ascent": 1,
            "height": 118,
            "chars": [
                "\uE014"
            ]
		},
		{
            "type": "bitmap",
            "file": "minecraft:font_custom/ui_reverie_console.png",
            "ascent": 1,
            "height": 118,
            "chars": [
                "\uE015"
            ]
		},
		{
            "type": "bitmap",
            "file": "minecraft:font_custom/ui_navigation_table.png",
            "ascent": 1,
            "height": 205,
            "chars": [
                "\uE016"
            ]
		}
    ]
}