{
    "providers": [
        {
            "type": "reference",
            "id": "spaces"
        },
        {
            "type": "bitmap",
            "file": "minecraft:font_custom/ui_expedition_generic.png",
            "ascent": 1,
            "height": 64,
            "chars": [
                "\uE001"
            ]
        },
        {
            "type": "bitmap",
            "file": "minecraft:font_custom/ui_expedition_slot.png",
            "ascent": -4,
            "height": 56,
            "chars": [
                "\uE002\uE003\uE004"
            ]
        },
        {
            "type": "bitmap",
            "file": "minecraft:font_custom/ui_expedition_title.png",
            "ascent": 16,
            "height": 22,
            "chars": [
                "\uE005"
            ]
        }
    ]
}