{
	"credit": "Made with Blockbench",
	"textures": {
		"0": "block/cauldron_outer_snow_full",
		"1": "block/cauldron_snow_full",
		"particle": "block/cauldron_outer_snow_full"
	},
	"elements": [
		{
			"from": [12, 0, 1],
			"to": [15, 2, 4],
			"faces": {
				"north": {"uv": [1, 14, 4, 16], "texture": "#0"},
				"east": {"uv": [12, 14, 15, 16], "texture": "#0"},
				"south": {"uv": [12, 14, 15, 16], "texture": "#0"},
				"west": {"uv": [1, 14, 4, 16], "texture": "#0"},
				"down": {"uv": [14.5, 8, 16, 9.5], "texture": "#1", "cullface": "down"}
			}
		},
		{
			"from": [1, 0, 1],
			"to": [4, 2, 4],
			"faces": {
				"north": {"uv": [12, 14, 15, 16], "texture": "#0"},
				"east": {"uv": [12, 14, 15, 16], "texture": "#0"},
				"south": {"uv": [1, 14, 4, 16], "texture": "#0"},
				"west": {"uv": [1, 14, 4, 16], "texture": "#0"},
				"down": {"uv": [12.5, 8, 14, 9.5], "texture": "#1", "cullface": "down"}
			}
		},
		{
			"from": [1, 0, 12],
			"to": [4, 2, 15],
			"faces": {
				"north": {"uv": [12, 14, 15, 16], "texture": "#0"},
				"east": {"uv": [1, 14, 4, 16], "texture": "#0"},
				"south": {"uv": [1, 14, 4, 16], "texture": "#0"},
				"west": {"uv": [12, 14, 15, 16], "texture": "#0"},
				"down": {"uv": [8.5, 8, 10, 9.5], "texture": "#1", "cullface": "down"}
			}
		},
		{
			"from": [12, 0, 12],
			"to": [15, 2, 15],
			"faces": {
				"north": {"uv": [1, 14, 4, 16], "texture": "#0"},
				"east": {"uv": [1, 14, 4, 16], "texture": "#0"},
				"south": {"uv": [12, 14, 15, 16], "texture": "#0"},
				"west": {"uv": [12, 14, 15, 16], "texture": "#0"},
				"down": {"uv": [10.5, 8, 12, 9.5], "texture": "#1", "cullface": "down"}
			}
		},
		{
			"from": [1, 2, 1],
			"to": [15, 3, 15],
			"faces": {
				"north": {"uv": [1, 13, 15, 14], "texture": "#0"},
				"east": {"uv": [1, 13, 15, 14], "texture": "#0"},
				"south": {"uv": [1, 13, 15, 14], "texture": "#0"},
				"west": {"uv": [1, 13, 15, 14], "texture": "#0"},
				"down": {"uv": [8.5, 0.5, 15.5, 7.5], "texture": "#1"}
			}
		},
		{
			"from": [0, 14, 0],
			"to": [16, 16, 16],
			"faces": {
				"north": {"uv": [0, 0, 16, 2], "texture": "#0", "cullface": "north"},
				"east": {"uv": [0, 0, 16, 2], "texture": "#0", "cullface": "east"},
				"south": {"uv": [0, 0, 16, 2], "texture": "#0", "cullface": "south"},
				"west": {"uv": [0, 0, 16, 2], "texture": "#0", "cullface": "west"},
				"up": {"uv": [0, 0, 8, 8], "texture": "#1", "cullface": "up"},
				"down": {"uv": [8, 0, 16, 8], "texture": "#1"}
			}
		},
		{
			"from": [1, 12, 1],
			"to": [15, 14, 15],
			"faces": {
				"north": {"uv": [1, 2, 15, 4], "texture": "#0"},
				"east": {"uv": [1, 2, 15, 4], "texture": "#0"},
				"south": {"uv": [1, 2, 15, 4], "texture": "#0"},
				"west": {"uv": [1, 2, 15, 4], "texture": "#0"}
			}
		},
		{
			"from": [0, 3, 0],
			"to": [16, 12, 16],
			"faces": {
				"north": {"uv": [0, 4, 16, 13], "texture": "#0", "cullface": "north"},
				"east": {"uv": [0, 4, 16, 13], "texture": "#0", "cullface": "east"},
				"south": {"uv": [0, 4, 16, 13], "texture": "#0", "cullface": "south"},
				"west": {"uv": [0, 4, 16, 13], "texture": "#0", "cullface": "west"},
				"up": {"uv": [0, 8, 8, 16], "texture": "#1"},
				"down": {"uv": [8, 0, 16, 8], "texture": "#1"}
			}
		}
	]
}