{"textures":{"0":"modelengine:entity/chromafire_aftershock_gold"},"elements":[{"from":[-4.0,6.5,3.0],"to":[-4.0,9.5,13.0],"faces":{"east":{"uv":[7.75,0.75,10.25,1.5],"tintindex":0,"rotation":0,"texture":"#0"},"west":{"uv":[7.75,1.5,10.25,2.25],"tintindex":0,"rotation":0,"texture":"#0"}},"rotation":{"origin":[8.0,10.0,8.0],"angle":-45.0,"axis":"y"}},{"from":[20.0,6.5,3.0],"to":[20.0,9.5,13.0],"faces":{"east":{"uv":[1.75,8.5,4.25,9.25],"tintindex":0,"rotation":0,"texture":"#0"},"west":{"uv":[4.25,8.5,6.75,9.25],"tintindex":0,"rotation":0,"texture":"#0"}}},{"from":[20.025,6.0,2.5],"to":[19.975,10.0,13.5],"faces":{"east":{"uv":[3.0,11.25,5.75,12.25],"tintindex":0,"rotation":0,"texture":"#0"},"south":{"uv":[15.75,15.75,16.0,16.0],"tintindex":0,"rotation":0,"texture":"#0"},"north":{"uv":[15.75,15.75,16.0,16.0],"tintindex":0,"rotation":0,"texture":"#0"},"west":{"uv":[5.75,11.25,3.0,12.25],"tintindex":0,"rotation":0,"texture":"#0"},"up":{"uv":[15.75,15.75,16.0,16.0],"tintindex":0,"rotation":90,"texture":"#0"},"down":{"uv":[15.75,15.75,16.0,16.0],"tintindex":0,"rotation":270,"texture":"#0"}},"rotation":{"origin":[8.0,10.0,8.0],"angle":45.0,"axis":"y"}},{"from":[2.5,6.0,-3.9750004],"to":[13.5,10.0,-4.0249996],"faces":{"east":{"uv":[15.75,15.75,16.0,16.0],"tintindex":0,"rotation":0,"texture":"#0"},"south":{"uv":[2.75,13.75,0.0,14.75],"tintindex":0,"rotation":0,"texture":"#0"},"north":{"uv":[0.0,13.75,2.75,14.75],"tintindex":0,"rotation":0,"texture":"#0"},"west":{"uv":[15.75,15.75,16.0,16.0],"tintindex":0,"rotation":0,"texture":"#0"},"up":{"uv":[15.75,15.75,16.0,16.0],"tintindex":0,"rotation":0,"texture":"#0"},"down":{"uv":[15.75,15.75,16.0,16.0],"tintindex":0,"rotation":0,"texture":"#0"}},"rotation":{"origin":[8.0,10.0,8.0],"angle":45.0,"axis":"y"}},{"from":[-4.0,6.5,3.0],"to":[-4.0,9.5,13.0],"faces":{"east":{"uv":[4.25,9.25,6.75,10.0],"tintindex":0,"rotation":0,"texture":"#0"},"west":{"uv":[9.25,8.25,11.75,9.0],"tintindex":0,"rotation":0,"texture":"#0"}}},{"from":[20.0,6.5,3.0],"to":[20.0,9.5,13.0],"faces":{"east":{"uv":[1.75,7.75,4.25,8.5],"tintindex":0,"rotation":0,"texture":"#0"},"west":{"uv":[7.75,2.25,10.25,3.0],"tintindex":0,"rotation":0,"texture":"#0"}},"rotation":{"origin":[8.0,10.0,8.0],"angle":45.0,"axis":"y"}},{"from":[20.0,6.5,3.0],"to":[20.0,9.5,13.0],"faces":{"east":{"uv":[4.25,7.75,6.75,8.5],"tintindex":0,"rotation":0,"texture":"#0"},"west":{"uv":[6.75,8.25,9.25,9.0],"tintindex":0,"rotation":0,"texture":"#0"}},"rotation":{"origin":[8.0,10.0,8.0],"angle":-45.0,"axis":"y"}},{"from":[3.0,6.5,-4.0],"to":[13.0,9.5,-4.0],"faces":{"south":{"uv":[9.75,4.5,12.25,5.25],"tintindex":0,"rotation":0,"texture":"#0"},"north":{"uv":[9.25,9.0,11.75,9.75],"tintindex":0,"rotation":0,"texture":"#0"}}},{"from":[2.5,6.0,20.025],"to":[13.5,10.0,19.975],"faces":{"east":{"uv":[15.75,15.75,16.0,16.0],"tintindex":0,"rotation":0,"texture":"#0"},"south":{"uv":[3.0,13.75,5.75,14.75],"tintindex":0,"rotation":0,"texture":"#0"},"north":{"uv":[5.75,13.75,3.0,14.75],"tintindex":0,"rotation":0,"texture":"#0"},"west":{"uv":[15.75,15.75,16.0,16.0],"tintindex":0,"rotation":0,"texture":"#0"},"up":{"uv":[15.75,15.75,16.0,16.0],"tintindex":0,"rotation":180,"texture":"#0"},"down":{"uv":[15.75,15.75,16.0,16.0],"tintindex":0,"rotation":180,"texture":"#0"}},"rotation":{"origin":[8.0,10.0,8.0],"angle":45.0,"axis":"y"}},{"from":[-4.0,6.5,3.0],"to":[-4.0,9.5,13.0],"faces":{"east":{"uv":[7.75,3.0,10.25,3.75],"tintindex":0,"rotation":0,"texture":"#0"},"west":{"uv":[7.75,3.75,10.25,4.5],"tintindex":0,"rotation":0,"texture":"#0"}},"rotation":{"origin":[8.0,10.0,8.0],"angle":45.0,"axis":"y"}},{"from":[2.5,6.0,20.025],"to":[13.5,10.0,19.975],"faces":{"east":{"uv":[15.75,15.75,16.0,16.0],"tintindex":0,"rotation":0,"texture":"#0"},"south":{"uv":[3.0,15.0,5.75,16.0],"tintindex":0,"rotation":0,"texture":"#0"},"north":{"uv":[5.75,15.0,3.0,16.0],"tintindex":0,"rotation":0,"texture":"#0"},"west":{"uv":[15.75,15.75,16.0,16.0],"tintindex":0,"rotation":0,"texture":"#0"},"up":{"uv":[15.75,15.75,16.0,16.0],"tintindex":0,"rotation":180,"texture":"#0"},"down":{"uv":[15.75,15.75,16.0,16.0],"tintindex":0,"rotation":180,"texture":"#0"}}},{"from":[-3.9750004,6.0,2.5],"to":[-4.0249996,10.0,13.5],"faces":{"east":{"uv":[2.75,11.25,0.0,12.25],"tintindex":0,"rotation":0,"texture":"#0"},"south":{"uv":[15.75,15.75,16.0,16.0],"tintindex":0,"rotation":0,"texture":"#0"},"north":{"uv":[15.75,15.75,16.0,16.0],"tintindex":0,"rotation":0,"texture":"#0"},"west":{"uv":[0.0,11.25,2.75,12.25],"tintindex":0,"rotation":0,"texture":"#0"},"up":{"uv":[15.75,15.75,16.0,16.0],"tintindex":0,"rotation":270,"texture":"#0"},"down":{"uv":[15.75,15.75,16.0,16.0],"tintindex":0,"rotation":90,"texture":"#0"}},"rotation":{"origin":[8.0,10.0,8.0],"angle":45.0,"axis":"y"}},{"from":[20.025,6.0,2.5],"to":[19.975,10.0,13.5],"faces":{"east":{"uv":[3.0,12.5,5.75,13.5],"tintindex":0,"rotation":0,"texture":"#0"},"south":{"uv":[15.75,15.75,16.0,16.0],"tintindex":0,"rotation":0,"texture":"#0"},"north":{"uv":[15.75,15.75,16.0,16.0],"tintindex":0,"rotation":0,"texture":"#0"},"west":{"uv":[5.75,12.5,3.0,13.5],"tintindex":0,"rotation":0,"texture":"#0"},"up":{"uv":[15.75,15.75,16.0,16.0],"tintindex":0,"rotation":90,"texture":"#0"},"down":{"uv":[15.75,15.75,16.0,16.0],"tintindex":0,"rotation":270,"texture":"#0"}}},{"from":[3.0,6.5,20.0],"to":[13.0,9.5,20.0],"faces":{"south":{"uv":[1.75,9.25,4.25,10.0],"tintindex":0,"rotation":0,"texture":"#0"},"north":{"uv":[6.75,9.0,9.25,9.75],"tintindex":0,"rotation":0,"texture":"#0"}}},{"from":[2.5,6.0,-3.9750004],"to":[13.5,10.0,-4.0249996],"faces":{"east":{"uv":[15.75,15.75,16.0,16.0],"tintindex":0,"rotation":0,"texture":"#0"},"south":{"uv":[2.75,15.0,0.0,16.0],"tintindex":0,"rotation":0,"texture":"#0"},"north":{"uv":[0.0,15.0,2.75,16.0],"tintindex":0,"rotation":0,"texture":"#0"},"west":{"uv":[15.75,15.75,16.0,16.0],"tintindex":0,"rotation":0,"texture":"#0"},"up":{"uv":[15.75,15.75,16.0,16.0],"tintindex":0,"rotation":0,"texture":"#0"},"down":{"uv":[15.75,15.75,16.0,16.0],"tintindex":0,"rotation":0,"texture":"#0"}}},{"from":[-3.9750004,6.0,2.5],"to":[-4.0249996,10.0,13.5],"faces":{"east":{"uv":[2.75,12.5,0.0,13.5],"tintindex":0,"rotation":0,"texture":"#0"},"south":{"uv":[15.75,15.75,16.0,16.0],"tintindex":0,"rotation":0,"texture":"#0"},"north":{"uv":[15.75,15.75,16.0,16.0],"tintindex":0,"rotation":0,"texture":"#0"},"west":{"uv":[0.0,12.5,2.75,13.5],"tintindex":0,"rotation":0,"texture":"#0"},"up":{"uv":[15.75,15.75,16.0,16.0],"tintindex":0,"rotation":270,"texture":"#0"},"down":{"uv":[15.75,15.75,16.0,16.0],"tintindex":0,"rotation":90,"texture":"#0"}}}],"display":{"gui":{"rotation":[30,225,0]}}}