{"textures":{"1":"modelengine:entity/battery_bone_pile"},"elements":[{"from":[5.0,22.0,5.0],"to":[11.0,25.0,11.0],"faces":{"east":{"uv":[6.0,8.0,9.0,9.5],"tintindex":0,"rotation":0,"texture":"#1"},"south":{"uv":[6.0,8.0,9.0,9.5],"tintindex":0,"rotation":0,"texture":"#1"},"north":{"uv":[6.0,8.0,9.0,9.5],"tintindex":0,"rotation":0,"texture":"#1"},"west":{"uv":[6.0,8.0,9.0,9.5],"tintindex":0,"rotation":0,"texture":"#1"},"up":{"uv":[5.0,5.0,1.0,1.0],"tintindex":0,"rotation":0,"texture":"#1"},"down":{"uv":[5.0,1.0,1.0,5.0],"tintindex":0,"rotation":0,"texture":"#1"}}},{"from":[5.0,5.0,5.0],"to":[11.0,8.0,11.0],"faces":{"east":{"uv":[6.0,8.0,9.0,9.5],"tintindex":0,"rotation":0,"texture":"#1"},"south":{"uv":[6.0,8.0,9.0,9.5],"tintindex":0,"rotation":0,"texture":"#1"},"north":{"uv":[6.0,8.0,9.0,9.5],"tintindex":0,"rotation":0,"texture":"#1"},"west":{"uv":[6.0,8.0,9.0,9.5],"tintindex":0,"rotation":0,"texture":"#1"},"up":{"uv":[5.0,5.0,1.0,1.0],"tintindex":0,"rotation":0,"texture":"#1"},"down":{"uv":[5.0,1.0,1.0,5.0],"tintindex":0,"rotation":0,"texture":"#1"}}},{"from":[3.0,10.0,10.0],"to":[6.0,20.0,13.0],"faces":{"east":{"uv":[0.0,7.0,0.75,9.5],"tintindex":0,"rotation":0,"texture":"#1"},"south":{"uv":[0.0,11.0,1.5,16.0],"tintindex":0,"rotation":0,"texture":"#1"},"north":{"uv":[0.0,7.0,0.75,9.5],"tintindex":0,"rotation":0,"texture":"#1"},"west":{"uv":[1.5,11.0,0.0,16.0],"tintindex":0,"rotation":0,"texture":"#1"},"up":{"uv":[0.75,11.0,0.0,10.25],"tintindex":0,"rotation":0,"texture":"#1"},"down":{"uv":[0.75,10.25,0.0,11.0],"tintindex":0,"rotation":0,"texture":"#1"}}},{"from":[3.0,10.0,3.0],"to":[6.0,20.0,6.0],"faces":{"east":{"uv":[0.0,7.0,0.75,9.5],"tintindex":0,"rotation":0,"texture":"#1"},"south":{"uv":[0.0,7.0,0.75,9.5],"tintindex":0,"rotation":0,"texture":"#1"},"north":{"uv":[1.5,11.0,0.0,16.0],"tintindex":0,"rotation":0,"texture":"#1"},"west":{"uv":[0.0,11.0,1.5,16.0],"tintindex":0,"rotation":0,"texture":"#1"},"up":{"uv":[0.75,11.0,0.0,10.25],"tintindex":0,"rotation":0,"texture":"#1"},"down":{"uv":[0.75,10.25,0.0,11.0],"tintindex":0,"rotation":0,"texture":"#1"}}},{"from":[10.0,10.0,3.0],"to":[13.0,20.0,6.0],"faces":{"east":{"uv":[1.5,11.0,0.0,16.0],"tintindex":0,"rotation":0,"texture":"#1"},"south":{"uv":[0.0,7.0,0.75,9.5],"tintindex":0,"rotation":0,"texture":"#1"},"north":{"uv":[0.0,11.0,1.5,16.0],"tintindex":0,"rotation":0,"texture":"#1"},"west":{"uv":[0.0,7.0,0.75,9.5],"tintindex":0,"rotation":0,"texture":"#1"},"up":{"uv":[0.75,11.0,0.0,10.25],"tintindex":0,"rotation":0,"texture":"#1"},"down":{"uv":[0.75,10.25,0.0,11.0],"tintindex":0,"rotation":0,"texture":"#1"}}},{"from":[2.0,8.0,2.0],"to":[14.0,10.0,14.0],"faces":{"east":{"uv":[0.0,6.0,6.0,7.0],"tintindex":0,"rotation":0,"texture":"#1"},"south":{"uv":[0.0,6.0,6.0,7.0],"tintindex":0,"rotation":0,"texture":"#1"},"north":{"uv":[0.0,6.0,6.0,7.0],"tintindex":0,"rotation":0,"texture":"#1"},"west":{"uv":[0.0,6.0,6.0,7.0],"tintindex":0,"rotation":0,"texture":"#1"},"up":{"uv":[6.0,6.0,0.0,0.0],"tintindex":0,"rotation":0,"texture":"#1"},"down":{"uv":[12.0,0.0,6.0,6.0],"tintindex":0,"rotation":0,"texture":"#1"}}},{"from":[10.0,10.0,10.0],"to":[13.0,20.0,13.0],"faces":{"east":{"uv":[0.0,11.0,1.5,16.0],"tintindex":0,"rotation":0,"texture":"#1"},"south":{"uv":[1.5,11.0,0.0,16.0],"tintindex":0,"rotation":0,"texture":"#1"},"north":{"uv":[0.0,7.0,0.75,9.5],"tintindex":0,"rotation":0,"texture":"#1"},"west":{"uv":[0.0,7.0,0.75,9.5],"tintindex":0,"rotation":0,"texture":"#1"},"up":{"uv":[0.75,11.0,0.0,10.25],"tintindex":0,"rotation":0,"texture":"#1"},"down":{"uv":[0.75,10.25,0.0,11.0],"tintindex":0,"rotation":0,"texture":"#1"}}},{"from":[2.0,20.0,2.0],"to":[14.0,22.0,14.0],"faces":{"east":{"uv":[0.0,6.0,6.0,7.0],"tintindex":0,"rotation":0,"texture":"#1"},"south":{"uv":[0.0,6.0,6.0,7.0],"tintindex":0,"rotation":0,"texture":"#1"},"north":{"uv":[0.0,6.0,6.0,7.0],"tintindex":0,"rotation":0,"texture":"#1"},"west":{"uv":[0.0,6.0,6.0,7.0],"tintindex":0,"rotation":0,"texture":"#1"},"up":{"uv":[6.0,6.0,0.0,0.0],"tintindex":0,"rotation":0,"texture":"#1"},"down":{"uv":[12.0,0.0,6.0,6.0],"tintindex":0,"rotation":0,"texture":"#1"}}}],"display":{"gui":{"rotation":[30,225,0]}}}