{"textures":{"1":"modelengine:entity/battery_bone_pile"},"elements":[{"from":[6.36104,10.0,7.8609753],"to":[9.54104,12.0,7.8609753],"faces":{"east":{"uv":[7.25,5.75,8.05,8.0],"tintindex":0,"rotation":0,"texture":"#1"},"south":{"uv":[14.5,11.5,16.0,12.5],"tintindex":0,"rotation":0,"texture":"#1"},"north":{"uv":[14.5,11.5,16.0,12.5],"tintindex":0,"rotation":0,"texture":"#1"},"west":{"uv":[7.25,5.75,8.05,8.0],"tintindex":0,"rotation":0,"texture":"#1"},"up":{"uv":[7.25,5.75,8.05,8.0],"tintindex":0,"rotation":0,"texture":"#1"},"down":{"uv":[7.25,5.75,8.05,8.0],"tintindex":0,"rotation":0,"texture":"#1"}},"rotation":{"origin":[7.86104,15.0,7.9609747],"angle":-45.0,"axis":"y"}},{"from":[6.9,5.0,6.8],"to":[9.1,10.0,9.1],"faces":{"east":{"uv":[14.5,12.0,16.0,15.5],"tintindex":0,"rotation":0,"texture":"#1"},"south":{"uv":[14.5,12.0,16.0,15.5],"tintindex":0,"rotation":0,"texture":"#1"},"north":{"uv":[14.5,12.0,16.0,15.5],"tintindex":0,"rotation":0,"texture":"#1"},"west":{"uv":[14.5,12.0,16.0,15.5],"tintindex":0,"rotation":0,"texture":"#1"},"up":{"uv":[14.5,12.0,15.0,12.475],"tintindex":0,"rotation":0,"texture":"#1"},"down":{"uv":[15.5,12.0,16.0,12.475],"tintindex":0,"rotation":0,"texture":"#1"}}},{"from":[6.5,3.0,7.8999996],"to":[9.5,5.0,7.91],"faces":{"south":{"uv":[14.5,15.0,16.0,16.0],"tintindex":0,"rotation":0,"texture":"#1"},"north":{"uv":[14.5,15.0,16.0,16.0],"tintindex":0,"rotation":0,"texture":"#1"}},"rotation":{"origin":[8.0,8.0,8.0],"angle":-45.0,"axis":"y"}},{"from":[6.5,3.0,8.0],"to":[9.5,5.0,8.01],"faces":{"south":{"uv":[14.5,15.0,16.0,16.0],"tintindex":0,"rotation":0,"texture":"#1"},"north":{"uv":[14.5,15.0,16.0,16.0],"tintindex":0,"rotation":0,"texture":"#1"}},"rotation":{"origin":[8.0,8.0,8.0],"angle":45.0,"axis":"y"}},{"from":[6.5084887,10.0,8.077658],"to":[9.688489,12.0,8.077658],"faces":{"east":{"uv":[12.75,6.75,13.55,9.0],"tintindex":0,"rotation":0,"texture":"#1"},"south":{"uv":[14.5,11.5,16.0,12.5],"tintindex":0,"rotation":0,"texture":"#1"},"north":{"uv":[14.5,11.5,16.0,12.5],"tintindex":0,"rotation":0,"texture":"#1"},"west":{"uv":[12.75,6.75,13.55,9.0],"tintindex":0,"rotation":0,"texture":"#1"},"up":{"uv":[12.75,6.75,13.55,9.0],"tintindex":0,"rotation":0,"texture":"#1"},"down":{"uv":[12.75,6.75,13.55,9.0],"tintindex":0,"rotation":0,"texture":"#1"}},"rotation":{"origin":[7.9084888,15.0,8.127657],"angle":45.0,"axis":"y"}}],"display":{"gui":{"rotation":[30,225,0]}}}