{"textures":{"0":"modelengine:entity/skeletons_overgrowth_me"},"elements":[{"from":[6.99,0.99,6.5899997],"to":[9.01,8.01,9.610001],"faces":{"east":{"uv":[2.5,10.75,3.25,12.5],"tintindex":0,"rotation":0,"texture":"#0"},"south":{"uv":[3.25,10.75,3.75,12.5],"tintindex":0,"rotation":0,"texture":"#0"},"north":{"uv":[3.25,10.75,3.75,12.5],"tintindex":0,"rotation":0,"texture":"#0"},"west":{"uv":[2.5,10.75,3.25,12.5],"tintindex":0,"rotation":0,"texture":"#0"},"up":{"uv":[3.0,10.75,2.5,10.0],"tintindex":0,"rotation":0,"texture":"#0"},"down":{"uv":[3.0,10.0,2.5,10.75],"tintindex":0,"rotation":0,"texture":"#0"}}},{"from":[6.4,-2.0,6.0],"to":[9.4,1.0,10.0],"faces":{"east":{"uv":[2.5,12.75,3.5,13.5],"tintindex":0,"rotation":0,"texture":"#0"},"south":{"uv":[2.25,12.75,3.0,13.5],"tintindex":0,"rotation":0,"texture":"#0"},"north":{"uv":[1.5,12.75,2.25,13.5],"tintindex":0,"rotation":0,"texture":"#0"},"west":{"uv":[1.75,13.5,2.75,14.25],"tintindex":0,"rotation":0,"texture":"#0"},"up":{"uv":[1.0,12.0,0.25,11.0],"tintindex":0,"rotation":0,"texture":"#0"},"down":{"uv":[6.75,15.0,6.0,16.0],"tintindex":0,"rotation":0,"texture":"#0"}}}],"display":{"gui":{"rotation":[30,225,0]}}}