{"textures":{"0":"modelengine:entity/skeletons_overgrowth_me"},"elements":[{"from":[7.0,8.0,6.0],"to":[10.0,13.0,9.0],"faces":{"east":{"uv":[4.25,3.75,3.5,5.0],"tintindex":0,"rotation":0,"texture":"#0"},"south":{"uv":[2.75,3.75,3.5,5.0],"tintindex":0,"rotation":0,"texture":"#0"},"north":{"uv":[2.0,3.75,2.75,5.0],"tintindex":0,"rotation":0,"texture":"#0"},"west":{"uv":[3.5,3.75,4.25,5.0],"tintindex":0,"rotation":0,"texture":"#0"},"up":{"uv":[1.25,5.25,2.0,6.0],"tintindex":0,"rotation":0,"texture":"#0"},"down":{"uv":[0.0,5.25,0.75,6.0],"tintindex":0,"rotation":270,"texture":"#0"}}},{"from":[5.0899997,12.29,5.99],"to":[8.110001,17.31,9.01],"faces":{"east":{"uv":[4.25,3.75,3.5,5.0],"tintindex":0,"rotation":0,"texture":"#0"},"south":{"uv":[2.75,3.75,3.5,5.0],"tintindex":0,"rotation":0,"texture":"#0"},"north":{"uv":[2.0,3.75,2.75,5.0],"tintindex":0,"rotation":0,"texture":"#0"},"west":{"uv":[3.5,3.75,4.25,5.0],"tintindex":0,"rotation":0,"texture":"#0"},"up":{"uv":[1.25,5.25,2.0,6.0],"tintindex":0,"rotation":270,"texture":"#0"},"down":{"uv":[0.0,5.25,0.75,6.0],"tintindex":0,"rotation":0,"texture":"#0"}},"rotation":{"origin":[8.0,8.0,8.0],"angle":-22.5,"axis":"z"}}],"display":{"gui":{"rotation":[30,225,0]}}}