{"textures":{"0":"modelengine:entity/crates_and_barrels"},"elements":[{"from":[1.0,8.0,3.0],"to":[15.0,10.0,13.0],"faces":{"east":{"uv":[4.25,1.625,4.5,0.375],"tintindex":0,"rotation":90,"texture":"#0"},"south":{"uv":[4.25,2.125,4.5,0.375],"tintindex":0,"rotation":90,"texture":"#0"},"north":{"uv":[4.25,0.5,4.5,2.25],"tintindex":0,"rotation":90,"texture":"#0"},"west":{"uv":[4.25,1.625,4.5,0.375],"tintindex":0,"rotation":90,"texture":"#0"},"up":{"uv":[9.375,0.0,10.625,1.75],"tintindex":0,"rotation":90,"texture":"#0"},"down":{"uv":[9.375,0.0,10.625,1.75],"tintindex":0,"rotation":90,"texture":"#0"}}},{"from":[13.0,16.0,11.0],"to":[3.0,15.0,5.0],"faces":{"east":{"uv":[9.25,1.625,8.5,1.75],"tintindex":0,"rotation":0,"texture":"#0"},"south":{"uv":[9.25,0.125,9.375,1.625],"tintindex":0,"rotation":90,"texture":"#0"},"north":{"uv":[8.375,0.125,8.5,1.625],"tintindex":0,"rotation":90,"texture":"#0"},"west":{"uv":[8.5,0.0,9.25,0.125],"tintindex":0,"rotation":0,"texture":"#0"},"up":{"uv":[8.5,0.125,9.25,1.625],"tintindex":0,"rotation":90,"texture":"#0"}}},{"from":[12.5,10.0,10.5],"to":[14.5,16.0,12.5],"faces":{"east":{"uv":[6.5,1.0,6.25,0.25],"tintindex":0,"rotation":0,"texture":"#0"},"south":{"uv":[6.25,1.0,6.5,0.25],"tintindex":0,"rotation":0,"texture":"#0"},"north":{"uv":[6.25,1.0,6.0,0.25],"tintindex":0,"rotation":0,"texture":"#0"},"west":{"uv":[6.25,1.0,6.0,0.25],"tintindex":0,"rotation":0,"texture":"#0"},"up":{"uv":[5.875,0.5,6.125,0.75],"tintindex":0,"rotation":90,"texture":"#0"}}},{"from":[1.5,10.0,3.5],"to":[3.5,16.0,5.5],"faces":{"east":{"uv":[6.0,0.25,6.25,1.0],"tintindex":0,"rotation":0,"texture":"#0"},"south":{"uv":[6.0,0.25,6.25,1.0],"tintindex":0,"rotation":0,"texture":"#0"},"north":{"uv":[6.25,0.25,6.5,1.0],"tintindex":0,"rotation":0,"texture":"#0"},"west":{"uv":[6.5,0.25,6.25,1.0],"tintindex":0,"rotation":0,"texture":"#0"},"up":{"uv":[5.875,0.5,6.125,0.75],"tintindex":0,"rotation":90,"texture":"#0"}}},{"from":[1.5,10.0,10.5],"to":[3.5,16.0,12.5],"faces":{"east":{"uv":[6.625,0.5,6.375,1.25],"tintindex":0,"rotation":0,"texture":"#0"},"south":{"uv":[6.625,0.5,6.375,1.25],"tintindex":0,"rotation":0,"texture":"#0"},"north":{"uv":[6.625,0.5,6.375,1.25],"tintindex":0,"rotation":0,"texture":"#0"},"west":{"uv":[6.375,0.5,6.625,1.25],"tintindex":0,"rotation":0,"texture":"#0"},"up":{"uv":[5.875,0.5,6.125,0.75],"tintindex":0,"rotation":90,"texture":"#0"}}},{"from":[2.0,9.5,4.0],"to":[14.0,15.999001,12.0],"faces":{"east":{"uv":[7.125,1.875,6.125,2.75],"tintindex":0,"rotation":0,"texture":"#0"},"south":{"uv":[7.375,1.875,5.875,2.75],"tintindex":0,"rotation":0,"texture":"#0"},"north":{"uv":[5.875,1.875,7.375,2.75],"tintindex":0,"rotation":0,"texture":"#0"},"west":{"uv":[7.125,1.875,6.125,2.75],"tintindex":0,"rotation":0,"texture":"#0"},"up":{"uv":[10.5,0.0,12.0,1.0],"tintindex":0,"rotation":0,"texture":"#0"}}},{"from":[12.5,10.0,3.5],"to":[14.5,16.0,5.5],"faces":{"east":{"uv":[6.25,0.25,6.5,1.0],"tintindex":0,"rotation":0,"texture":"#0"},"south":{"uv":[6.0,0.25,6.25,1.0],"tintindex":0,"rotation":0,"texture":"#0"},"north":{"uv":[6.5,0.25,6.25,1.0],"tintindex":0,"rotation":0,"texture":"#0"},"west":{"uv":[6.25,0.25,6.0,1.0],"tintindex":0,"rotation":0,"texture":"#0"},"up":{"uv":[5.875,0.5,6.125,0.75],"tintindex":0,"rotation":90,"texture":"#0"}}}],"display":{"gui":{"rotation":[30,225,0]}}}