{
    "parent": "block/block",
    "textures": {
        "particle": "#texture"
    },
    "elements": [
        {
            "from": [
                0,
                2,
                7
            ],
            "to": [
                2,
                13,
                9
            ],
            "faces": {
                "north": {
                    "uv": [
                        12,
                        0,
                        14,
                        11
                    ],
                    "texture": "#texture"
                },
                "east": {
                    "uv": [
                        2,
                        0,
                        4,
                        11
                    ],
                    "texture": "#texture"
                },
                "south": {
                    "uv": [
                        12,
                        0,
                        14,
                        11
                    ],
                    "texture": "#texture"
                },
                "west": {
                    "uv": [
                        0,
                        0,
                        2,
                        11
                    ],
                    "texture": "#texture",
                    "cullface": "west"
                },
                "up": {
                    "uv": [
                        8,
                        14,
                        10,
                        16
                    ],
                    "rotation": 90,
                    "texture": "#texture"
                },
                "down": {
                    "uv": [
                        8,
                        14,
                        10,
                        16
                    ],
                    "rotation": 270,
                    "texture": "#texture"
                }
            }
        },
        {
            "from": [
                14,
                2,
                7
            ],
            "to": [
                16,
                13,
                9
            ],
            "faces": {
                "north": {
                    "uv": [
                        14,
                        0,
                        16,
                        11
                    ],
                    "texture": "#texture"
                },
                "east": {
                    "uv": [
                        2,
                        0,
                        4,
                        11
                    ],
                    "texture": "#texture",
                    "cullface": "east"
                },
                "south": {
                    "uv": [
                        14,
                        0,
                        16,
                        11
                    ],
                    "texture": "#texture"
                },
                "west": {
                    "uv": [
                        0,
                        0,
                        2,
                        11
                    ],
                    "texture": "#texture"
                },
                "up": {
                    "uv": [
                        10,
                        14,
                        12,
                        16
                    ],
                    "rotation": 270,
                    "texture": "#texture"
                },
                "down": {
                    "uv": [
                        10,
                        14,
                        12,
                        16
                    ],
                    "rotation": 90,
                    "texture": "#texture"
                }
            }
        },
        {
            "from": [
                0,
                3,
                13
            ],
            "to": [
                2,
                12,
                15
            ],
            "faces": {
                "north": {
                    "uv": [
                        12,
                        1,
                        14,
                        10
                    ],
                    "texture": "#texture"
                },
                "east": {
                    "uv": [
                        6,
                        0,
                        8,
                        9
                    ],
                    "texture": "#texture"
                },
                "south": {
                    "uv": [
                        12,
                        1,
                        14,
                        10
                    ],
                    "texture": "#texture"
                },
                "west": {
                    "uv": [
                        4,
                        0,
                        6,
                        9
                    ],
                    "texture": "#texture"
                },
                "up": {
                    "uv": [
                        12,
                        14,
                        14,
                        16
                    ],
                    "rotation": 90,
                    "texture": "#texture"
                },
                "down": {
                    "uv": [
                        12,
                        14,
                        14,
                        16
                    ],
                    "rotation": 270,
                    "texture": "#texture"
                }
            }
        },
        {
            "from": [
                14,
                3,
                13
            ],
            "to": [
                16,
                12,
                15
            ],
            "faces": {
                "north": {
                    "uv": [
                        14,
                        1,
                        16,
                        10
                    ],
                    "texture": "#texture"
                },
                "east": {
                    "uv": [
                        6,
                        0,
                        8,
                        9
                    ],
                    "texture": "#texture"
                },
                "south": {
                    "uv": [
                        14,
                        1,
                        16,
                        10
                    ],
                    "texture": "#texture"
                },
                "west": {
                    "uv": [
                        4,
                        0,
                        6,
                        9
                    ],
                    "texture": "#texture"
                },
                "up": {
                    "uv": [
                        14,
                        14,
                        16,
                        16
                    ],
                    "rotation": 270,
                    "texture": "#texture"
                },
                "down": {
                    "uv": [
                        14,
                        14,
                        16,
                        16
                    ],
                    "rotation": 90,
                    "texture": "#texture"
                }
            }
        },
        {
            "from": [
                0,
                3,
                9
            ],
            "to": [
                2,
                6,
                13
            ],
            "faces": {
                "east": {
                    "uv": [
                        8,
                        6,
                        12,
                        9
                    ],
                    "texture": "#texture"
                },
                "west": {
                    "uv": [
                        8,
                        6,
                        12,
                        9
                    ],
                    "texture": "#texture"
                },
                "up": {
                    "uv": [
                        0,
                        14,
                        4,
                        16
                    ],
                    "rotation": 90,
                    "texture": "#texture"
                },
                "down": {
                    "uv": [
                        0,
                        14,
                        4,
                        16
                    ],
                    "rotation": 270,
                    "texture": "#texture"
                }
            }
        },
        {
            "from": [
                0,
                9,
                9
            ],
            "to": [
                2,
                12,
                13
            ],
            "faces": {
                "east": {
                    "uv": [
                        8,
                        0,
                        12,
                        3
                    ],
                    "texture": "#texture"
                },
                "west": {
                    "uv": [
                        8,
                        0,
                        12,
                        3
                    ],
                    "texture": "#texture"
                },
                "up": {
                    "uv": [
                        0,
                        12,
                        4,
                        14
                    ],
                    "rotation": 90,
                    "texture": "#texture"
                },
                "down": {
                    "uv": [
                        0,
                        12,
                        4,
                        14
                    ],
                    "rotation": 270,
                    "texture": "#texture"
                }
            }
        },
        {
            "from": [
                14,
                3,
                9
            ],
            "to": [
                16,
                6,
                13
            ],
            "faces": {
                "east": {
                    "uv": [
                        8,
                        9,
                        12,
                        12
                    ],
                    "texture": "#texture"
                },
                "west": {
                    "uv": [
                        8,
                        9,
                        12,
                        12
                    ],
                    "texture": "#texture"
                },
                "up": {
                    "uv": [
                        4,
                        14,
                        8,
                        16
                    ],
                    "rotation": 270,
                    "texture": "#texture"
                },
                "down": {
                    "uv": [
                        4,
                        14,
                        8,
                        16
                    ],
                    "rotation": 90,
                    "texture": "#texture"
                }
            }
        },
        {
            "from": [
                14,
                9,
                9
            ],
            "to": [
                16,
                12,
                13
            ],
            "faces": {
                "east": {
                    "uv": [
                        8,
                        3,
                        12,
                        6
                    ],
                    "texture": "#texture"
                },
                "west": {
                    "uv": [
                        8,
                        3,
                        12,
                        6
                    ],
                    "texture": "#texture"
                },
                "up": {
                    "uv": [
                        4,
                        12,
                        8,
                        14
                    ],
                    "rotation": 270,
                    "texture": "#texture"
                },
                "down": {
                    "uv": [
                        4,
                        12,
                        8,
                        14
                    ],
                    "rotation": 90,
                    "texture": "#texture"
                }
            }
        }
    ]
}