{
	"credit": "Made with Blockbench",
	"texture_size": [64, 64],
	"textures": {
		"0": "item/expeditions/decor/reverie_drive_console_components",
		"particle": "item/expeditions/decor/reverie_drive_console_components"
	},
	"elements": [
		{
			"from": [-4, -8, -5],
			"to": [20, 8, 3],
			"rotation": {"angle": 0, "axis": "y", "origin": [13, 0, -4]},
			"faces": {
				"north": {"uv": [10, 4.875, 16, 8.875], "texture": "#0"},
				"east": {"uv": [14, 4.875, 16, 8.875], "texture": "#0"},
				"west": {"uv": [10, 4.875, 12, 8.875], "texture": "#0"},
				"up": {"uv": [10, 8.25, 16, 10.25], "texture": "#0"}
			}
		},
		{
			"from": [6, 20, 1],
			"to": [10, 21.5, 9],
			"rotation": {"angle": 0, "axis": "y", "origin": [13, 14, -2]},
			"color": 7,
			"faces": {
				"north": {"uv": [0, 0, 4, 1.5], "texture": "#missing"},
				"east": {"uv": [0, 0, 8, 1.5], "texture": "#missing"},
				"south": {"uv": [0, 0, 4, 1.5], "texture": "#missing"},
				"west": {"uv": [0, 0, 8, 1.5], "texture": "#missing"},
				"up": {"uv": [0, 0, 4, 8], "texture": "#missing"},
				"down": {"uv": [0, 0, 4, 8], "texture": "#missing"}
			}
		},
		{
			"from": [-4, 8, 1],
			"to": [-2, 12, 9],
			"rotation": {"angle": 0, "axis": "y", "origin": [3, 2, -2]},
			"color": 7,
			"faces": {
				"north": {"uv": [0, 0, 2, 4], "texture": "#missing"},
				"east": {"uv": [0, 0, 8, 4], "texture": "#missing"},
				"south": {"uv": [0, 0, 2, 4], "texture": "#missing"},
				"west": {"uv": [0, 0, 8, 4], "texture": "#missing"},
				"up": {"uv": [0, 0, 2, 8], "texture": "#missing"},
				"down": {"uv": [0, 0, 2, 8], "texture": "#missing"}
			}
		},
		{
			"from": [-6.82994, 9.77694, 0.999],
			"to": [-4.82794, 14.77894, 9.001],
			"rotation": {"angle": -22.5, "axis": "z", "origin": [0.17106, 3.77794, -2]},
			"color": 7,
			"faces": {
				"north": {"uv": [0, 0, 2, 5], "texture": "#missing"},
				"east": {"uv": [0, 0, 8, 5], "texture": "#missing"},
				"south": {"uv": [0, 0, 2, 5], "texture": "#missing"},
				"west": {"uv": [0, 0, 8, 5], "texture": "#missing"},
				"up": {"uv": [0, 0, 2, 8], "texture": "#missing"},
				"down": {"uv": [0, 0, 2, 8], "texture": "#missing"}
			}
		},
		{
			"from": [3.83211, 21.75601, 0.999],
			"to": [8.83411, 23.75801, 9.001],
			"rotation": {"angle": 22.5, "axis": "z", "origin": [11.83311, 15.75701, -2]},
			"color": 7,
			"faces": {
				"north": {"uv": [0, 0, 5, 2], "texture": "#missing"},
				"east": {"uv": [0, 0, 8, 2], "texture": "#missing"},
				"south": {"uv": [0, 0, 5, 2], "texture": "#missing"},
				"west": {"uv": [0, 0, 8, 2], "texture": "#missing"},
				"up": {"uv": [0, 0, 5, 8], "texture": "#missing"},
				"down": {"uv": [0, 0, 5, 8], "texture": "#missing"}
			}
		},
		{
			"from": [4.33311, 23.75701, 3],
			"to": [8.33311, 24.25701, 7],
			"rotation": {"angle": 22.5, "axis": "z", "origin": [11.83311, 15.75701, -2]},
			"faces": {
				"north": {"uv": [6.875, 0.5, 7, 1.5], "rotation": 90, "texture": "#0"},
				"east": {"uv": [6.875, 0.5, 7, 1.5], "rotation": 90, "texture": "#0"},
				"south": {"uv": [6.875, 0.5, 7, 1.5], "rotation": 90, "texture": "#0"},
				"west": {"uv": [6.875, 0.5, 7, 1.5], "rotation": 90, "texture": "#0"},
				"up": {"uv": [6, 3.5, 7, 4.5], "texture": "#0"}
			}
		},
		{
			"from": [8.66689, 24.75701, 4],
			"to": [10.66689, 25.25701, 6],
			"rotation": {"angle": -22.5, "axis": "z", "origin": [4.16689, 15.75701, -2]},
			"faces": {
				"north": {"uv": [6.875, 2.5, 6.375, 2.625], "texture": "#0"},
				"east": {"uv": [6.875, 2.5, 6.375, 2.625], "texture": "#0"},
				"south": {"uv": [6.875, 2.5, 6.375, 2.625], "texture": "#0"},
				"west": {"uv": [6.875, 2.5, 6.375, 2.625], "texture": "#0"},
				"up": {"uv": [6.875, 3, 6.375, 3.5], "texture": "#0"},
				"down": {"uv": [6.875, 3, 6.375, 3.5], "texture": "#0"}
			}
		},
		{
			"from": [9.16689, 24.25701, 4.5],
			"to": [10.16689, 26.25701, 5.5],
			"rotation": {"angle": -22.5, "axis": "z", "origin": [4.16689, 15.75701, -2]},
			"faces": {
				"north": {"uv": [6.75, 2.5, 6.5, 3], "texture": "#0"},
				"east": {"uv": [6.75, 2.5, 6.5, 3], "texture": "#0"},
				"south": {"uv": [6.75, 2.5, 6.5, 3], "texture": "#0"},
				"west": {"uv": [6.75, 2.5, 6.5, 3], "texture": "#0"},
				"up": {"uv": [6.5, 2, 6.25, 2.25], "texture": "#0"}
			}
		},
		{
			"from": [8.66689, 24.75701, 16],
			"to": [10.66689, 25.25701, 18],
			"rotation": {"angle": -22.5, "axis": "z", "origin": [4.16689, 15.75701, 10]},
			"faces": {
				"north": {"uv": [6.875, 2.5, 6.375, 2.625], "texture": "#0"},
				"east": {"uv": [6.875, 2.5, 6.375, 2.625], "texture": "#0"},
				"south": {"uv": [6.875, 2.5, 6.375, 2.625], "texture": "#0"},
				"west": {"uv": [6.875, 2.5, 6.375, 2.625], "texture": "#0"},
				"up": {"uv": [6.875, 3, 6.375, 3.5], "texture": "#0"},
				"down": {"uv": [6.875, 3, 6.375, 3.5], "texture": "#0"}
			}
		},
		{
			"from": [9.16689, 24.25701, 16.5],
			"to": [10.16689, 26.25701, 17.5],
			"rotation": {"angle": -22.5, "axis": "z", "origin": [4.16689, 15.75701, 10]},
			"faces": {
				"north": {"uv": [6.75, 2.5, 6.5, 3], "texture": "#0"},
				"east": {"uv": [6.75, 2.5, 6.5, 3], "texture": "#0"},
				"south": {"uv": [6.75, 2.5, 6.5, 3], "texture": "#0"},
				"west": {"uv": [6.75, 2.5, 6.5, 3], "texture": "#0"},
				"up": {"uv": [6.5, 2, 6.25, 2.25], "texture": "#0"}
			}
		},
		{
			"from": [8.66689, 24.75701, 27],
			"to": [10.66689, 25.25701, 29],
			"rotation": {"angle": -22.5, "axis": "z", "origin": [4.16689, 15.75701, 21]},
			"faces": {
				"north": {"uv": [6.875, 2.5, 6.375, 2.625], "texture": "#0"},
				"east": {"uv": [6.875, 2.5, 6.375, 2.625], "texture": "#0"},
				"south": {"uv": [6.875, 2.5, 6.375, 2.625], "texture": "#0"},
				"west": {"uv": [6.875, 2.5, 6.375, 2.625], "texture": "#0"},
				"up": {"uv": [6.875, 3, 6.375, 3.5], "texture": "#0"},
				"down": {"uv": [6.875, 3, 6.375, 3.5], "texture": "#0"}
			}
		},
		{
			"from": [9.16689, 24.25701, 27.5],
			"to": [10.16689, 26.25701, 28.5],
			"rotation": {"angle": -22.5, "axis": "z", "origin": [4.16689, 15.75701, 21]},
			"faces": {
				"north": {"uv": [6.75, 2.5, 6.5, 3], "texture": "#0"},
				"east": {"uv": [6.75, 2.5, 6.5, 3], "texture": "#0"},
				"south": {"uv": [6.75, 2.5, 6.5, 3], "texture": "#0"},
				"west": {"uv": [6.75, 2.5, 6.5, 3], "texture": "#0"},
				"up": {"uv": [6.5, 2, 6.25, 2.25], "texture": "#0"}
			}
		},
		{
			"from": [5.83311, 24.25701, 27.5],
			"to": [6.83311, 26.25701, 28.5],
			"rotation": {"angle": 22.5, "axis": "z", "origin": [11.83311, 15.75701, 21]},
			"faces": {
				"north": {"uv": [6.5, 2.5, 6.75, 3], "texture": "#0"},
				"east": {"uv": [6.5, 2.5, 6.75, 3], "texture": "#0"},
				"south": {"uv": [6.5, 2.5, 6.75, 3], "texture": "#0"},
				"west": {"uv": [6.5, 2.5, 6.75, 3], "texture": "#0"},
				"up": {"uv": [6.25, 2, 6.5, 2.25], "texture": "#0"}
			}
		},
		{
			"from": [5.33311, 24.75701, 27],
			"to": [7.33311, 25.25701, 29],
			"rotation": {"angle": 22.5, "axis": "z", "origin": [11.83311, 15.75701, 21]},
			"faces": {
				"north": {"uv": [6.375, 2.5, 6.875, 2.625], "texture": "#0"},
				"east": {"uv": [6.375, 2.5, 6.875, 2.625], "texture": "#0"},
				"south": {"uv": [6.375, 2.5, 6.875, 2.625], "texture": "#0"},
				"west": {"uv": [6.375, 2.5, 6.875, 2.625], "texture": "#0"},
				"up": {"uv": [6.375, 3, 6.875, 3.5], "texture": "#0"},
				"down": {"uv": [6.375, 3, 6.875, 3.5], "texture": "#0"}
			}
		},
		{
			"from": [5.33311, 24.75701, 16],
			"to": [7.33311, 25.25701, 18],
			"rotation": {"angle": 22.5, "axis": "z", "origin": [11.83311, 15.75701, 10]},
			"faces": {
				"north": {"uv": [6.375, 2.5, 6.875, 2.625], "texture": "#0"},
				"east": {"uv": [6.375, 2.5, 6.875, 2.625], "texture": "#0"},
				"south": {"uv": [6.375, 2.5, 6.875, 2.625], "texture": "#0"},
				"west": {"uv": [6.375, 2.5, 6.875, 2.625], "texture": "#0"},
				"up": {"uv": [6.375, 3, 6.875, 3.5], "texture": "#0"},
				"down": {"uv": [6.375, 3, 6.875, 3.5], "texture": "#0"}
			}
		},
		{
			"from": [5.83311, 24.25701, 16.5],
			"to": [6.83311, 26.25701, 17.5],
			"rotation": {"angle": 22.5, "axis": "z", "origin": [11.83311, 15.75701, 10]},
			"faces": {
				"north": {"uv": [6.5, 2.5, 6.75, 3], "texture": "#0"},
				"east": {"uv": [6.5, 2.5, 6.75, 3], "texture": "#0"},
				"south": {"uv": [6.5, 2.5, 6.75, 3], "texture": "#0"},
				"west": {"uv": [6.5, 2.5, 6.75, 3], "texture": "#0"},
				"up": {"uv": [6.25, 2, 6.5, 2.25], "texture": "#0"}
			}
		},
		{
			"from": [5.33311, 24.75701, 4],
			"to": [7.33311, 25.25701, 6],
			"rotation": {"angle": 22.5, "axis": "z", "origin": [11.83311, 15.75701, -2]},
			"faces": {
				"north": {"uv": [6.375, 2.5, 6.875, 2.625], "texture": "#0"},
				"east": {"uv": [6.375, 2.5, 6.875, 2.625], "texture": "#0"},
				"south": {"uv": [6.375, 2.5, 6.875, 2.625], "texture": "#0"},
				"west": {"uv": [6.375, 2.5, 6.875, 2.625], "texture": "#0"},
				"up": {"uv": [6.375, 3, 6.875, 3.5], "texture": "#0"},
				"down": {"uv": [6.375, 3, 6.875, 3.5], "texture": "#0"}
			}
		},
		{
			"from": [5.83311, 24.25701, 4.5],
			"to": [6.83311, 26.25701, 5.5],
			"rotation": {"angle": 22.5, "axis": "z", "origin": [11.83311, 15.75701, -2]},
			"faces": {
				"north": {"uv": [6.5, 2.5, 6.75, 3], "texture": "#0"},
				"east": {"uv": [6.5, 2.5, 6.75, 3], "texture": "#0"},
				"south": {"uv": [6.5, 2.5, 6.75, 3], "texture": "#0"},
				"west": {"uv": [6.5, 2.5, 6.75, 3], "texture": "#0"},
				"up": {"uv": [6.25, 2, 6.5, 2.25], "texture": "#0"}
			}
		},
		{
			"from": [4.33311, 23.75701, 15],
			"to": [8.33311, 24.25701, 19],
			"rotation": {"angle": 22.5, "axis": "z", "origin": [11.83311, 15.75701, 10]},
			"faces": {
				"north": {"uv": [6.875, 0.5, 7, 1.5], "rotation": 90, "texture": "#0"},
				"east": {"uv": [6.875, 0.5, 7, 1.5], "rotation": 90, "texture": "#0"},
				"south": {"uv": [6.875, 0.5, 7, 1.5], "rotation": 90, "texture": "#0"},
				"west": {"uv": [6.875, 0.5, 7, 1.5], "rotation": 90, "texture": "#0"},
				"up": {"uv": [6, 3.5, 7, 4.5], "texture": "#0"}
			}
		},
		{
			"from": [7.66689, 23.75701, 15],
			"to": [11.66689, 24.25701, 19],
			"rotation": {"angle": -22.5, "axis": "z", "origin": [4.16689, 15.75701, 10]},
			"faces": {
				"north": {"uv": [6.875, 1.5, 7, 2.5], "rotation": 90, "texture": "#0"},
				"east": {"uv": [6.875, 1.5, 7, 2.5], "rotation": 90, "texture": "#0"},
				"south": {"uv": [6.875, 1.5, 7, 2.5], "rotation": 90, "texture": "#0"},
				"west": {"uv": [6.875, 1.5, 7, 2.5], "rotation": 90, "texture": "#0"},
				"up": {"uv": [6, 3.5, 7, 4.5], "texture": "#0"}
			}
		},
		{
			"from": [7.66689, 23.75701, 3],
			"to": [11.66689, 24.25701, 7],
			"rotation": {"angle": -22.5, "axis": "z", "origin": [4.16689, 15.75701, -2]},
			"faces": {
				"north": {"uv": [6.875, 1.5, 7, 2.5], "rotation": 90, "texture": "#0"},
				"east": {"uv": [6.875, 1.5, 7, 2.5], "rotation": 90, "texture": "#0"},
				"south": {"uv": [6.875, 1.5, 7, 2.5], "rotation": 90, "texture": "#0"},
				"west": {"uv": [6.875, 1.5, 7, 2.5], "rotation": 90, "texture": "#0"},
				"up": {"uv": [6, 3.5, 7, 4.5], "texture": "#0"}
			}
		},
		{
			"from": [4.33311, 23.75701, 26],
			"to": [8.33311, 24.25701, 30],
			"rotation": {"angle": 22.5, "axis": "z", "origin": [11.83311, 15.75701, 21]},
			"faces": {
				"north": {"uv": [6.875, 0.5, 7, 1.5], "rotation": 90, "texture": "#0"},
				"east": {"uv": [6.875, 0.5, 7, 1.5], "rotation": 90, "texture": "#0"},
				"south": {"uv": [6.875, 0.5, 7, 1.5], "rotation": 90, "texture": "#0"},
				"west": {"uv": [6.875, 0.5, 7, 1.5], "rotation": 90, "texture": "#0"},
				"up": {"uv": [6, 3.5, 7, 4.5], "texture": "#0"}
			}
		},
		{
			"from": [7.66689, 23.75701, 26],
			"to": [11.66689, 24.25701, 30],
			"rotation": {"angle": -22.5, "axis": "z", "origin": [4.16689, 15.75701, 21]},
			"faces": {
				"north": {"uv": [6.875, 1.5, 7, 2.5], "rotation": 90, "texture": "#0"},
				"east": {"uv": [6.875, 1.5, 7, 2.5], "rotation": 90, "texture": "#0"},
				"south": {"uv": [6.875, 1.5, 7, 2.5], "rotation": 90, "texture": "#0"},
				"west": {"uv": [6.875, 1.5, 7, 2.5], "rotation": 90, "texture": "#0"},
				"up": {"uv": [6, 3.5, 7, 4.5], "texture": "#0"}
			}
		},
		{
			"from": [1.25878, 22, 1],
			"to": [6.15878, 24, 9],
			"rotation": {"angle": 45, "axis": "z", "origin": [9.15878, 16.55105, -2]},
			"color": 7,
			"faces": {
				"north": {"uv": [0, 0, 4.9, 2], "texture": "#missing"},
				"east": {"uv": [0, 0, 8, 2], "texture": "#missing"},
				"south": {"uv": [0, 0, 4.9, 2], "texture": "#missing"},
				"west": {"uv": [0, 0, 8, 2], "texture": "#missing"},
				"up": {"uv": [0, 0, 4.9, 8], "texture": "#missing"},
				"down": {"uv": [0, 0, 4.9, 8], "texture": "#missing"}
			}
		},
		{
			"from": [18, 8, 1],
			"to": [20, 12, 9],
			"rotation": {"angle": 0, "axis": "y", "origin": [13, 2, -2]},
			"color": 7,
			"faces": {
				"north": {"uv": [2, 0, 4, 4], "texture": "#missing"},
				"east": {"uv": [4, 0, 12, 4], "texture": "#missing"},
				"south": {"uv": [2, 0, 4, 4], "texture": "#missing"},
				"west": {"uv": [4, 0, 12, 4], "texture": "#missing"},
				"up": {"uv": [2, 0, 4, 8], "texture": "#missing"},
				"down": {"uv": [2, 0, 4, 8], "texture": "#missing"}
			}
		},
		{
			"from": [20.82794, 9.77694, 0.999],
			"to": [22.82994, 14.77894, 9.001],
			"rotation": {"angle": 22.5, "axis": "z", "origin": [15.82894, 3.77794, -2]},
			"color": 7,
			"faces": {
				"north": {"uv": [2, 0, 4, 5], "texture": "#missing"},
				"east": {"uv": [4, 0, 12, 5], "texture": "#missing"},
				"south": {"uv": [2, 0, 4, 5], "texture": "#missing"},
				"west": {"uv": [4, 0, 12, 5], "texture": "#missing"},
				"up": {"uv": [2, 0, 4, 8], "texture": "#missing"},
				"down": {"uv": [2, 0, 4, 8], "texture": "#missing"}
			}
		},
		{
			"from": [9.84122, 22, 1],
			"to": [14.74122, 24, 9],
			"rotation": {"angle": -45, "axis": "z", "origin": [6.84122, 16.55105, -2]},
			"color": 7,
			"faces": {
				"north": {"uv": [4.9, 0, 9.8, 2], "texture": "#missing"},
				"east": {"uv": [4, 0, 12, 2], "texture": "#missing"},
				"south": {"uv": [4.9, 0, 9.8, 2], "texture": "#missing"},
				"west": {"uv": [4, 0, 12, 2], "texture": "#missing"},
				"up": {"uv": [4.9, 0, 9.8, 8], "texture": "#missing"},
				"down": {"uv": [4.9, 0, 9.8, 8], "texture": "#missing"}
			}
		},
		{
			"from": [7.16589, 21.75601, 0.999],
			"to": [12.16789, 23.75801, 9.001],
			"rotation": {"angle": -22.5, "axis": "z", "origin": [4.16689, 15.75701, -2]},
			"color": 7,
			"faces": {
				"north": {"uv": [5, 0, 10, 2], "texture": "#missing"},
				"east": {"uv": [4, 0, 12, 2], "texture": "#missing"},
				"south": {"uv": [5, 0, 10, 2], "texture": "#missing"},
				"west": {"uv": [4, 0, 12, 2], "texture": "#missing"},
				"up": {"uv": [5, 0, 10, 8], "texture": "#missing"},
				"down": {"uv": [5, 0, 10, 8], "texture": "#missing"}
			}
		},
		{
			"from": [-4, 8, 13],
			"to": [-2, 12, 21],
			"rotation": {"angle": 0, "axis": "y", "origin": [3, 2, 10]},
			"color": 7,
			"faces": {
				"north": {"uv": [0, 0, 2, 4], "texture": "#missing"},
				"east": {"uv": [0, 0, 8, 4], "texture": "#missing"},
				"south": {"uv": [0, 0, 2, 4], "texture": "#missing"},
				"west": {"uv": [0, 0, 8, 4], "texture": "#missing"},
				"up": {"uv": [0, 0, 2, 8], "texture": "#missing"},
				"down": {"uv": [0, 0, 2, 8], "texture": "#missing"}
			}
		},
		{
			"from": [-6.82994, 9.77694, 12.999],
			"to": [-4.82794, 14.77894, 21.001],
			"rotation": {"angle": -22.5, "axis": "z", "origin": [0.17106, 3.77794, 10]},
			"color": 7,
			"faces": {
				"north": {"uv": [0, 0, 2, 5], "texture": "#missing"},
				"east": {"uv": [0, 0, 8, 5], "texture": "#missing"},
				"south": {"uv": [0, 0, 2, 5], "texture": "#missing"},
				"west": {"uv": [0, 0, 8, 5], "texture": "#missing"},
				"up": {"uv": [0, 0, 2, 8], "texture": "#missing"},
				"down": {"uv": [0, 0, 2, 8], "texture": "#missing"}
			}
		},
		{
			"from": [3.83211, 21.75601, 12.999],
			"to": [8.83411, 23.75801, 21.001],
			"rotation": {"angle": 22.5, "axis": "z", "origin": [11.83311, 15.75701, 10]},
			"color": 7,
			"faces": {
				"north": {"uv": [0, 0, 5, 2], "texture": "#missing"},
				"east": {"uv": [0, 0, 8, 2], "texture": "#missing"},
				"south": {"uv": [0, 0, 5, 2], "texture": "#missing"},
				"west": {"uv": [0, 0, 8, 2], "texture": "#missing"},
				"up": {"uv": [0, 0, 5, 8], "texture": "#missing"},
				"down": {"uv": [0, 0, 5, 8], "texture": "#missing"}
			}
		},
		{
			"from": [1.25878, 22, 13],
			"to": [6.15878, 24, 21],
			"rotation": {"angle": 45, "axis": "z", "origin": [9.15878, 16.55105, 10]},
			"color": 7,
			"faces": {
				"north": {"uv": [0, 0, 4.9, 2], "texture": "#missing"},
				"east": {"uv": [0, 0, 8, 2], "texture": "#missing"},
				"south": {"uv": [0, 0, 4.9, 2], "texture": "#missing"},
				"west": {"uv": [0, 0, 8, 2], "texture": "#missing"},
				"up": {"uv": [0, 0, 4.9, 8], "texture": "#missing"},
				"down": {"uv": [0, 0, 4.9, 8], "texture": "#missing"}
			}
		},
		{
			"from": [6, 20, 13],
			"to": [10, 21.5, 21],
			"rotation": {"angle": 0, "axis": "y", "origin": [13, 14, 10]},
			"color": 7,
			"faces": {
				"north": {"uv": [0, 0, 4, 1.5], "texture": "#missing"},
				"east": {"uv": [0, 0, 8, 1.5], "texture": "#missing"},
				"south": {"uv": [0, 0, 4, 1.5], "texture": "#missing"},
				"west": {"uv": [0, 0, 8, 1.5], "texture": "#missing"},
				"up": {"uv": [0, 0, 4, 8], "texture": "#missing"},
				"down": {"uv": [0, 0, 4, 8], "texture": "#missing"}
			}
		},
		{
			"from": [7.16589, 21.75601, 12.999],
			"to": [12.16789, 23.75801, 21.001],
			"rotation": {"angle": -22.5, "axis": "z", "origin": [4.16689, 15.75701, 10]},
			"color": 7,
			"faces": {
				"north": {"uv": [5, 0, 10, 2], "texture": "#missing"},
				"east": {"uv": [4, 0, 12, 2], "texture": "#missing"},
				"south": {"uv": [5, 0, 10, 2], "texture": "#missing"},
				"west": {"uv": [4, 0, 12, 2], "texture": "#missing"},
				"up": {"uv": [5, 0, 10, 8], "texture": "#missing"},
				"down": {"uv": [5, 0, 10, 8], "texture": "#missing"}
			}
		},
		{
			"from": [9.84122, 22, 13],
			"to": [14.74122, 24, 21],
			"rotation": {"angle": -45, "axis": "z", "origin": [6.84122, 16.55105, 10]},
			"color": 7,
			"faces": {
				"north": {"uv": [4.9, 0, 9.8, 2], "texture": "#missing"},
				"east": {"uv": [4, 0, 12, 2], "texture": "#missing"},
				"south": {"uv": [4.9, 0, 9.8, 2], "texture": "#missing"},
				"west": {"uv": [4, 0, 12, 2], "texture": "#missing"},
				"up": {"uv": [4.9, 0, 9.8, 8], "texture": "#missing"},
				"down": {"uv": [4.9, 0, 9.8, 8], "texture": "#missing"}
			}
		},
		{
			"from": [20.82794, 9.77694, 12.999],
			"to": [22.82994, 14.77894, 21.001],
			"rotation": {"angle": 22.5, "axis": "z", "origin": [15.82894, 3.77794, 10]},
			"color": 7,
			"faces": {
				"north": {"uv": [2, 0, 4, 5], "texture": "#missing"},
				"east": {"uv": [4, 0, 12, 5], "texture": "#missing"},
				"south": {"uv": [2, 0, 4, 5], "texture": "#missing"},
				"west": {"uv": [4, 0, 12, 5], "texture": "#missing"},
				"up": {"uv": [2, 0, 4, 8], "texture": "#missing"},
				"down": {"uv": [2, 0, 4, 8], "texture": "#missing"}
			}
		},
		{
			"from": [18, 8, 13],
			"to": [20, 12, 21],
			"rotation": {"angle": 0, "axis": "y", "origin": [13, 2, 10]},
			"color": 7,
			"faces": {
				"north": {"uv": [2, 0, 4, 4], "texture": "#missing"},
				"east": {"uv": [4, 0, 12, 4], "texture": "#missing"},
				"south": {"uv": [2, 0, 4, 4], "texture": "#missing"},
				"west": {"uv": [4, 0, 12, 4], "texture": "#missing"},
				"up": {"uv": [2, 0, 4, 8], "texture": "#missing"},
				"down": {"uv": [2, 0, 4, 8], "texture": "#missing"}
			}
		},
		{
			"from": [-4, 8, 25],
			"to": [-2, 12, 31],
			"rotation": {"angle": 0, "axis": "y", "origin": [3, 2, 21]},
			"color": 7,
			"faces": {
				"north": {"uv": [0, 0, 2, 4], "texture": "#missing"},
				"east": {"uv": [0, 0, 6, 4], "texture": "#missing"},
				"south": {"uv": [0, 0, 2, 4], "texture": "#missing"},
				"west": {"uv": [0, 0, 6, 4], "texture": "#missing"},
				"up": {"uv": [0, 0, 2, 6], "texture": "#missing"},
				"down": {"uv": [0, 0, 2, 6], "texture": "#missing"}
			}
		},
		{
			"from": [-6.82994, 9.77694, 24.999],
			"to": [-4.82794, 14.77894, 31.001],
			"rotation": {"angle": -22.5, "axis": "z", "origin": [0.17106, 3.77794, 21]},
			"color": 7,
			"faces": {
				"north": {"uv": [0, 0, 2, 5], "texture": "#missing"},
				"east": {"uv": [0, 0, 6, 5], "texture": "#missing"},
				"south": {"uv": [0, 0, 2, 5], "texture": "#missing"},
				"west": {"uv": [0, 0, 6, 5], "texture": "#missing"},
				"up": {"uv": [0, 0, 2, 6], "texture": "#missing"},
				"down": {"uv": [0, 0, 2, 6], "texture": "#missing"}
			}
		},
		{
			"from": [1.25878, 22.6, 25],
			"to": [6.15878, 24, 31],
			"rotation": {"angle": 45, "axis": "z", "origin": [9.15878, 16.55105, 21]},
			"color": 7,
			"faces": {
				"north": {"uv": [0, 0, 4.9, 1.4], "texture": "#missing"},
				"east": {"uv": [0, 0, 6, 1.4], "texture": "#missing"},
				"south": {"uv": [0, 0, 4.9, 1.4], "texture": "#missing"},
				"west": {"uv": [0, 0, 6, 1.4], "texture": "#missing"},
				"up": {"uv": [0, 0, 4.9, 6], "texture": "#missing"},
				"down": {"uv": [0, 0, 4.9, 6], "texture": "#missing"}
			}
		},
		{
			"from": [3.83211, 21.75601, 24.999],
			"to": [8.83411, 23.75801, 31.001],
			"rotation": {"angle": 22.5, "axis": "z", "origin": [11.83311, 15.75701, 21]},
			"color": 7,
			"faces": {
				"north": {"uv": [0, 0, 5, 2], "texture": "#missing"},
				"east": {"uv": [0, 0, 6, 2], "texture": "#missing"},
				"south": {"uv": [0, 0, 5, 2], "texture": "#missing"},
				"west": {"uv": [0, 0, 6, 2], "texture": "#missing"},
				"up": {"uv": [0, 0, 5, 6], "texture": "#missing"},
				"down": {"uv": [0, 0, 5, 6], "texture": "#missing"}
			}
		},
		{
			"from": [6, 20, 25],
			"to": [10, 21.5, 31],
			"rotation": {"angle": 0, "axis": "y", "origin": [13, 14, 21]},
			"color": 7,
			"faces": {
				"north": {"uv": [0, 0, 4, 1.5], "texture": "#missing"},
				"east": {"uv": [0, 0, 6, 1.5], "texture": "#missing"},
				"south": {"uv": [0, 0, 4, 1.5], "texture": "#missing"},
				"west": {"uv": [0, 0, 6, 1.5], "texture": "#missing"},
				"up": {"uv": [0, 0, 4, 6], "texture": "#missing"},
				"down": {"uv": [0, 0, 4, 6], "texture": "#missing"}
			}
		},
		{
			"from": [7.16589, 21.75601, 24.999],
			"to": [12.16789, 23.75801, 31.001],
			"rotation": {"angle": -22.5, "axis": "z", "origin": [4.16689, 15.75701, 21]},
			"color": 7,
			"faces": {
				"north": {"uv": [5, 0, 10, 2], "texture": "#missing"},
				"east": {"uv": [4, 0, 10, 2], "texture": "#missing"},
				"south": {"uv": [5, 0, 10, 2], "texture": "#missing"},
				"west": {"uv": [4, 0, 10, 2], "texture": "#missing"},
				"up": {"uv": [5, 0, 10, 6], "texture": "#missing"},
				"down": {"uv": [5, 0, 10, 6], "texture": "#missing"}
			}
		},
		{
			"from": [9.84122, 22.5, 25],
			"to": [14.74122, 24, 31],
			"rotation": {"angle": -45, "axis": "z", "origin": [6.84122, 16.55105, 21]},
			"color": 7,
			"faces": {
				"north": {"uv": [4.9, 0, 9.8, 1.5], "texture": "#missing"},
				"east": {"uv": [4, 0, 10, 1.5], "texture": "#missing"},
				"south": {"uv": [4.9, 0, 9.8, 1.5], "texture": "#missing"},
				"west": {"uv": [4, 0, 10, 1.5], "texture": "#missing"},
				"up": {"uv": [4.9, 0, 9.8, 6], "texture": "#missing"},
				"down": {"uv": [4.9, 0, 9.8, 6], "texture": "#missing"}
			}
		},
		{
			"from": [20.82794, 9.77694, 24.999],
			"to": [22.82994, 14.77894, 31.001],
			"rotation": {"angle": 22.5, "axis": "z", "origin": [15.82894, 3.77794, 21]},
			"color": 7,
			"faces": {
				"north": {"uv": [2, 0, 4, 5], "texture": "#missing"},
				"east": {"uv": [4, 0, 10, 5], "texture": "#missing"},
				"south": {"uv": [2, 0, 4, 5], "texture": "#missing"},
				"west": {"uv": [4, 0, 10, 5], "texture": "#missing"},
				"up": {"uv": [2, 0, 4, 6], "texture": "#missing"},
				"down": {"uv": [2, 0, 4, 6], "texture": "#missing"}
			}
		},
		{
			"from": [18, 8, 25],
			"to": [20, 12, 31],
			"rotation": {"angle": 0, "axis": "y", "origin": [13, 2, 21]},
			"color": 7,
			"faces": {
				"north": {"uv": [2, 0, 4, 4], "texture": "#missing"},
				"east": {"uv": [4, 0, 10, 4], "texture": "#missing"},
				"south": {"uv": [2, 0, 4, 4], "texture": "#missing"},
				"west": {"uv": [4, 0, 10, 4], "texture": "#missing"},
				"up": {"uv": [2, 0, 4, 6], "texture": "#missing"},
				"down": {"uv": [2, 0, 4, 6], "texture": "#missing"}
			}
		},
		{
			"from": [17.05468, 7.94532, 21],
			"to": [18.05468, 11.94532, 25],
			"rotation": {"angle": 0, "axis": "y", "origin": [7.05468, 8.94532, 22]},
			"color": 7,
			"faces": {
				"north": {"uv": [1, 0, 2, 4], "texture": "#missing"},
				"east": {"uv": [8, 0, 12, 4], "texture": "#missing"},
				"south": {"uv": [1, 0, 2, 4], "texture": "#missing"},
				"west": {"uv": [8, 0, 12, 4], "texture": "#missing"},
				"up": {"uv": [1, 0, 2, 4], "texture": "#missing"},
				"down": {"uv": [1, 0, 2, 4], "texture": "#missing"}
			}
		},
		{
			"from": [17.50932, 7.65968, 21],
			"to": [18.50932, 11.65968, 25],
			"rotation": {"angle": 22.5, "axis": "z", "origin": [7.50932, 8.65968, 22]},
			"color": 7,
			"faces": {
				"north": {"uv": [1, 0, 2, 4], "texture": "#missing"},
				"east": {"uv": [8, 0, 12, 4], "texture": "#missing"},
				"south": {"uv": [1, 0, 2, 4], "texture": "#missing"},
				"west": {"uv": [8, 0, 12, 4], "texture": "#missing"},
				"up": {"uv": [1, 0, 2, 4], "texture": "#missing"},
				"down": {"uv": [1, 0, 2, 4], "texture": "#missing"}
			}
		},
		{
			"from": [18.03866, 7.56977, 21],
			"to": [19.03866, 11.56977, 25],
			"rotation": {"angle": 45, "axis": "z", "origin": [8.03866, 8.56977, 22]},
			"color": 7,
			"faces": {
				"north": {"uv": [1, 0, 2, 4], "texture": "#missing"},
				"east": {"uv": [8, 0, 12, 4], "texture": "#missing"},
				"south": {"uv": [1, 0, 2, 4], "texture": "#missing"},
				"west": {"uv": [8, 0, 12, 4], "texture": "#missing"},
				"up": {"uv": [1, 0, 2, 4], "texture": "#missing"},
				"down": {"uv": [1, 0, 2, 4], "texture": "#missing"}
			}
		},
		{
			"from": [7.54958, 20.68089, 21],
			"to": [11.54958, 21.68089, 25],
			"rotation": {"angle": -22.5, "axis": "z", "origin": [4.54958, 14.68089, 22]},
			"color": 7,
			"faces": {
				"north": {"uv": [4, 0, 8, 1], "texture": "#missing"},
				"east": {"uv": [8, 0, 12, 1], "texture": "#missing"},
				"south": {"uv": [4, 0, 8, 1], "texture": "#missing"},
				"west": {"uv": [8, 0, 12, 1], "texture": "#missing"},
				"up": {"uv": [4, 0, 8, 4], "texture": "#missing"},
				"down": {"uv": [4, 0, 8, 4], "texture": "#missing"}
			}
		},
		{
			"from": [-3.03866, 7.56977, 21],
			"to": [-2.03866, 11.56977, 25],
			"rotation": {"angle": -45, "axis": "z", "origin": [7.96134, 8.56977, 22]},
			"color": 7,
			"faces": {
				"north": {"uv": [0, 0, 1, 4], "texture": "#missing"},
				"east": {"uv": [0, 0, 4, 4], "texture": "#missing"},
				"south": {"uv": [0, 0, 1, 4], "texture": "#missing"},
				"west": {"uv": [0, 0, 4, 4], "texture": "#missing"},
				"up": {"uv": [0, 0, 1, 4], "texture": "#missing"},
				"down": {"uv": [0, 0, 1, 4], "texture": "#missing"}
			}
		},
		{
			"from": [6, 19, 21],
			"to": [10, 20, 25],
			"rotation": {"angle": 0, "axis": "y", "origin": [13, 13, 22]},
			"color": 7,
			"faces": {
				"north": {"uv": [0, 0, 4, 1], "texture": "#missing"},
				"east": {"uv": [0, 0, 4, 1], "texture": "#missing"},
				"south": {"uv": [0, 0, 4, 1], "texture": "#missing"},
				"west": {"uv": [0, 0, 4, 1], "texture": "#missing"},
				"up": {"uv": [0, 0, 4, 4], "texture": "#missing"},
				"down": {"uv": [0, 0, 4, 4], "texture": "#missing"}
			}
		},
		{
			"from": [4.45042, 20.68089, 21],
			"to": [8.45042, 21.68089, 25],
			"rotation": {"angle": 22.5, "axis": "z", "origin": [11.45042, 14.68089, 22]},
			"color": 7,
			"faces": {
				"north": {"uv": [0, 0, 4, 1], "texture": "#missing"},
				"east": {"uv": [0, 0, 4, 1], "texture": "#missing"},
				"south": {"uv": [0, 0, 4, 1], "texture": "#missing"},
				"west": {"uv": [0, 0, 4, 1], "texture": "#missing"},
				"up": {"uv": [0, 0, 4, 4], "texture": "#missing"},
				"down": {"uv": [0, 0, 4, 4], "texture": "#missing"}
			}
		},
		{
			"from": [-2.50932, 7.65968, 21],
			"to": [-1.50932, 11.65968, 25],
			"rotation": {"angle": -22.5, "axis": "z", "origin": [8.49068, 8.65968, 22]},
			"color": 7,
			"faces": {
				"north": {"uv": [0, 0, 1, 4], "texture": "#missing"},
				"east": {"uv": [0, 0, 4, 4], "texture": "#missing"},
				"south": {"uv": [0, 0, 1, 4], "texture": "#missing"},
				"west": {"uv": [0, 0, 4, 4], "texture": "#missing"},
				"up": {"uv": [0, 0, 1, 4], "texture": "#missing"},
				"down": {"uv": [0, 0, 1, 4], "texture": "#missing"}
			}
		},
		{
			"from": [-2.05468, 7.94532, 21],
			"to": [-1.05468, 11.94532, 25],
			"rotation": {"angle": 0, "axis": "y", "origin": [8.94532, 8.94532, 22]},
			"color": 7,
			"faces": {
				"north": {"uv": [0, 0, 1, 4], "texture": "#missing"},
				"east": {"uv": [0, 0, 4, 4], "texture": "#missing"},
				"south": {"uv": [0, 0, 1, 4], "texture": "#missing"},
				"west": {"uv": [0, 0, 4, 4], "texture": "#missing"},
				"up": {"uv": [0, 0, 1, 4], "texture": "#missing"},
				"down": {"uv": [0, 0, 1, 4], "texture": "#missing"}
			}
		},
		{
			"from": [-2.05468, 7.94532, 9],
			"to": [-1.05468, 11.94532, 13],
			"rotation": {"angle": 0, "axis": "y", "origin": [8.94532, 8.94532, 10]},
			"color": 7,
			"faces": {
				"north": {"uv": [0, 0, 1, 4], "texture": "#missing"},
				"east": {"uv": [0, 0, 4, 4], "texture": "#missing"},
				"south": {"uv": [0, 0, 1, 4], "texture": "#missing"},
				"west": {"uv": [0, 0, 4, 4], "texture": "#missing"},
				"up": {"uv": [0, 0, 1, 4], "texture": "#missing"},
				"down": {"uv": [0, 0, 1, 4], "texture": "#missing"}
			}
		},
		{
			"from": [-2.50932, 7.65968, 9],
			"to": [-1.50932, 11.65968, 13],
			"rotation": {"angle": -22.5, "axis": "z", "origin": [8.49068, 8.65968, 10]},
			"color": 7,
			"faces": {
				"north": {"uv": [0, 0, 1, 4], "texture": "#missing"},
				"east": {"uv": [0, 0, 4, 4], "texture": "#missing"},
				"south": {"uv": [0, 0, 1, 4], "texture": "#missing"},
				"west": {"uv": [0, 0, 4, 4], "texture": "#missing"},
				"up": {"uv": [0, 0, 1, 4], "texture": "#missing"},
				"down": {"uv": [0, 0, 1, 4], "texture": "#missing"}
			}
		},
		{
			"from": [-3.03866, 7.56977, 9],
			"to": [-2.03866, 11.56977, 13],
			"rotation": {"angle": -45, "axis": "z", "origin": [7.96134, 8.56977, 10]},
			"color": 7,
			"faces": {
				"north": {"uv": [0, 0, 1, 4], "texture": "#missing"},
				"east": {"uv": [0, 0, 4, 4], "texture": "#missing"},
				"south": {"uv": [0, 0, 1, 4], "texture": "#missing"},
				"west": {"uv": [0, 0, 4, 4], "texture": "#missing"},
				"up": {"uv": [0, 0, 1, 4], "texture": "#missing"},
				"down": {"uv": [0, 0, 1, 4], "texture": "#missing"}
			}
		},
		{
			"from": [4.45042, 20.68089, 9],
			"to": [8.45042, 21.68089, 13],
			"rotation": {"angle": 22.5, "axis": "z", "origin": [11.45042, 14.68089, 10]},
			"color": 7,
			"faces": {
				"north": {"uv": [0, 0, 4, 1], "texture": "#missing"},
				"east": {"uv": [0, 0, 4, 1], "texture": "#missing"},
				"south": {"uv": [0, 0, 4, 1], "texture": "#missing"},
				"west": {"uv": [0, 0, 4, 1], "texture": "#missing"},
				"up": {"uv": [0, 0, 4, 4], "texture": "#missing"},
				"down": {"uv": [0, 0, 4, 4], "texture": "#missing"}
			}
		},
		{
			"from": [6, 19, 9],
			"to": [10, 20, 13],
			"rotation": {"angle": 0, "axis": "y", "origin": [13, 13, 10]},
			"color": 7,
			"faces": {
				"north": {"uv": [0, 0, 4, 1], "texture": "#missing"},
				"east": {"uv": [0, 0, 4, 1], "texture": "#missing"},
				"south": {"uv": [0, 0, 4, 1], "texture": "#missing"},
				"west": {"uv": [0, 0, 4, 1], "texture": "#missing"},
				"up": {"uv": [0, 0, 4, 4], "texture": "#missing"},
				"down": {"uv": [0, 0, 4, 4], "texture": "#missing"}
			}
		},
		{
			"from": [7.54958, 20.68089, 9],
			"to": [11.54958, 21.68089, 13],
			"rotation": {"angle": -22.5, "axis": "z", "origin": [4.54958, 14.68089, 10]},
			"color": 7,
			"faces": {
				"north": {"uv": [4, 0, 8, 1], "texture": "#missing"},
				"east": {"uv": [8, 0, 12, 1], "texture": "#missing"},
				"south": {"uv": [4, 0, 8, 1], "texture": "#missing"},
				"west": {"uv": [8, 0, 12, 1], "texture": "#missing"},
				"up": {"uv": [4, 0, 8, 4], "texture": "#missing"},
				"down": {"uv": [4, 0, 8, 4], "texture": "#missing"}
			}
		},
		{
			"from": [18.03866, 7.56977, 9],
			"to": [19.03866, 11.56977, 13],
			"rotation": {"angle": 45, "axis": "z", "origin": [8.03866, 8.56977, 10]},
			"color": 7,
			"faces": {
				"north": {"uv": [1, 0, 2, 4], "texture": "#missing"},
				"east": {"uv": [8, 0, 12, 4], "texture": "#missing"},
				"south": {"uv": [1, 0, 2, 4], "texture": "#missing"},
				"west": {"uv": [8, 0, 12, 4], "texture": "#missing"},
				"up": {"uv": [1, 0, 2, 4], "texture": "#missing"},
				"down": {"uv": [1, 0, 2, 4], "texture": "#missing"}
			}
		},
		{
			"from": [17.50932, 7.65968, 9],
			"to": [18.50932, 11.65968, 13],
			"rotation": {"angle": 22.5, "axis": "z", "origin": [7.50932, 8.65968, 10]},
			"color": 7,
			"faces": {
				"north": {"uv": [1, 0, 2, 4], "texture": "#missing"},
				"east": {"uv": [8, 0, 12, 4], "texture": "#missing"},
				"south": {"uv": [1, 0, 2, 4], "texture": "#missing"},
				"west": {"uv": [8, 0, 12, 4], "texture": "#missing"},
				"up": {"uv": [1, 0, 2, 4], "texture": "#missing"},
				"down": {"uv": [1, 0, 2, 4], "texture": "#missing"}
			}
		},
		{
			"from": [17.05468, 7.94532, 9],
			"to": [18.05468, 11.94532, 13],
			"rotation": {"angle": 0, "axis": "y", "origin": [7.05468, 8.94532, 10]},
			"color": 7,
			"faces": {
				"north": {"uv": [1, 0, 2, 4], "texture": "#missing"},
				"east": {"uv": [8, 0, 12, 4], "texture": "#missing"},
				"south": {"uv": [1, 0, 2, 4], "texture": "#missing"},
				"west": {"uv": [8, 0, 12, 4], "texture": "#missing"},
				"up": {"uv": [1, 0, 2, 4], "texture": "#missing"},
				"down": {"uv": [1, 0, 2, 4], "texture": "#missing"}
			}
		},
		{
			"from": [-2.05568, 7.94432, -2.001],
			"to": [-1.05368, 11.94632, 1.001],
			"rotation": {"angle": 0, "axis": "y", "origin": [8.94532, 8.94532, -2]},
			"color": 7,
			"faces": {
				"north": {"uv": [0, 0, 0.125, 0.5], "texture": "#missing"},
				"east": {"uv": [0, 0, 0.375, 0.5], "texture": "#missing"},
				"south": {"uv": [0, 0, 0.125, 0.5], "texture": "#missing"},
				"west": {"uv": [0, 0, 0.375, 0.5], "texture": "#missing"},
				"up": {"uv": [0, 0, 0.125, 0.375], "texture": "#missing"},
				"down": {"uv": [0, 0, 0.125, 0.375], "texture": "#missing"}
			}
		},
		{
			"from": [-2.50932, 7.65968, -2],
			"to": [-1.50932, 11.65968, 1],
			"rotation": {"angle": -22.5, "axis": "z", "origin": [8.49068, 8.65968, -2]},
			"color": 7,
			"faces": {
				"north": {"uv": [0, 0, 0.125, 0.5], "texture": "#missing"},
				"east": {"uv": [0, 0, 0.375, 0.5], "texture": "#missing"},
				"south": {"uv": [0, 0, 0.125, 0.5], "texture": "#missing"},
				"west": {"uv": [0, 0, 0.375, 0.5], "texture": "#missing"},
				"up": {"uv": [0, 0, 0.125, 0.375], "texture": "#missing"},
				"down": {"uv": [0, 0, 0.125, 0.375], "texture": "#missing"}
			}
		},
		{
			"from": [-3.03966, 7.56877, -2.001],
			"to": [-2.03766, 11.57077, 1.001],
			"rotation": {"angle": -45, "axis": "z", "origin": [7.96134, 8.56977, -2]},
			"color": 7,
			"faces": {
				"north": {"uv": [0, 0, 0.125, 0.5], "texture": "#missing"},
				"east": {"uv": [0, 0, 0.375, 0.5], "texture": "#missing"},
				"south": {"uv": [0, 0, 0.125, 0.5], "texture": "#missing"},
				"west": {"uv": [0, 0, 0.375, 0.5], "texture": "#missing"},
				"up": {"uv": [0, 0, 0.125, 0.375], "texture": "#missing"},
				"down": {"uv": [0, 0, 0.125, 0.375], "texture": "#missing"}
			}
		},
		{
			"from": [4.45042, 20.68089, -2],
			"to": [8.45042, 21.68089, 1],
			"rotation": {"angle": 22.5, "axis": "z", "origin": [11.45042, 14.68089, -2]},
			"color": 7,
			"faces": {
				"north": {"uv": [0, 0, 0.5, 0.125], "texture": "#missing"},
				"east": {"uv": [0, 0, 0.375, 0.125], "texture": "#missing"},
				"south": {"uv": [0, 0, 0.5, 0.125], "texture": "#missing"},
				"west": {"uv": [0, 0, 0.375, 0.125], "texture": "#missing"},
				"up": {"uv": [0, 0, 0.5, 0.375], "texture": "#missing"},
				"down": {"uv": [0, 0, 0.5, 0.375], "texture": "#missing"}
			}
		},
		{
			"from": [6.6257, 16.06358, -2],
			"to": [8.6257, 17.06358, 0],
			"rotation": {"angle": -22.5, "axis": "z", "origin": [2.6257, 10.06358, -1]},
			"faces": {
				"north": {"uv": [6.875, 2.75, 6.375, 2.5], "texture": "#0"},
				"up": {"uv": [6.375, 2.625, 6.875, 3.125], "rotation": 90, "texture": "#0"},
				"down": {"uv": [6.375, 2.625, 6.875, 3.125], "rotation": 90, "texture": "#0"}
			}
		},
		{
			"from": [7.06858, 18.11231, -2.001],
			"to": [9.07058, 19.11431, 0.001],
			"rotation": {"angle": -45, "axis": "z", "origin": [3.06958, 12.11331, -1]},
			"faces": {
				"north": {"uv": [6.5005, 2.75, 6.25, 3.2505], "rotation": 90, "texture": "#0"},
				"up": {"uv": [6.375, 2.625, 6.8755, 3.1255], "rotation": 90, "texture": "#0"},
				"down": {"uv": [6.375, 2.625, 6.8755, 3.1255], "rotation": 90, "texture": "#0"}
			}
		},
		{
			"from": [14.78016, 9.13328, -2],
			"to": [15.78016, 11.13328, 0],
			"rotation": {"angle": 22.5, "axis": "z", "origin": [9.78016, 3.13328, -1]},
			"faces": {
				"north": {"uv": [6.5, 2.5, 6.25, 3], "texture": "#0"},
				"east": {"uv": [6.375, 2.625, 6.875, 3.125], "rotation": 180, "texture": "#0"},
				"west": {"uv": [6.375, 2.625, 6.875, 3.125], "rotation": 180, "texture": "#0"}
			}
		},
		{
			"from": [12.02634, 7.97166, -2.001],
			"to": [13.02834, 10.97366, 0.001],
			"rotation": {"angle": 0, "axis": "y", "origin": [7.02734, 2.97266, -1]},
			"faces": {
				"north": {"uv": [6.5005, 2.5, 6.25, 3.2505], "texture": "#0"},
				"east": {"uv": [6.375, 2.5, 6.8755, 3.2505], "texture": "#0"},
				"west": {"uv": [6.8755, 2.5, 6.375, 3.2505], "texture": "#0"}
			}
		},
		{
			"from": [6.92942, 18.11231, -2.001],
			"to": [8.93142, 19.11431, 0.001],
			"rotation": {"angle": 45, "axis": "z", "origin": [12.93042, 12.11331, -1]},
			"faces": {
				"north": {"uv": [6.625, 2.875, 6.8755, 3.3755], "rotation": 90, "texture": "#0"},
				"up": {"uv": [6.375, 2.625, 6.8755, 3.1255], "texture": "#0"},
				"down": {"uv": [6.375, 2.625, 6.8755, 3.1255], "rotation": 90, "texture": "#0"}
			}
		},
		{
			"from": [7.3743, 16.06358, -2],
			"to": [9.3743, 17.06358, 0],
			"rotation": {"angle": 22.5, "axis": "z", "origin": [13.3743, 10.06358, -1]},
			"faces": {
				"north": {"uv": [6.625, 2.75, 6.875, 3.25], "rotation": 90, "texture": "#0"},
				"up": {"uv": [6.375, 2.625, 6.875, 3.125], "rotation": 90, "texture": "#0"},
				"down": {"uv": [6.375, 2.625, 6.875, 3.125], "rotation": 90, "texture": "#0"}
			}
		},
		{
			"from": [0.21984, 9.13328, -2],
			"to": [1.21984, 11.13328, 0],
			"rotation": {"angle": -22.5, "axis": "z", "origin": [6.21984, 3.13328, -1]},
			"faces": {
				"north": {"uv": [6.25, 2.75, 6.5, 3.25], "texture": "#0"},
				"east": {"uv": [6.375, 2.625, 6.875, 3.125], "texture": "#0"},
				"west": {"uv": [6.375, 2.625, 6.875, 3.125], "texture": "#0"}
			}
		},
		{
			"from": [2.97166, 7.97166, -2.001],
			"to": [3.97366, 10.97366, 0.001],
			"rotation": {"angle": 0, "axis": "y", "origin": [8.97266, 2.97266, -1]},
			"faces": {
				"north": {"uv": [6.25, 2.625, 6.5005, 3.3755], "texture": "#0"},
				"east": {"uv": [6.375, 2.625, 6.8755, 3.3755], "texture": "#0"},
				"west": {"uv": [6.375, 2.625, 6.8755, 3.3755], "texture": "#0"}
			}
		},
		{
			"from": [7, 11.9331, -9.6669],
			"to": [9, 13.3481, -8.6669],
			"rotation": {"angle": 45, "axis": "x", "origin": [13, 5.3331, -9.6669]},
			"faces": {
				"north": {"uv": [5.375, 2.125, 5.875, 2.5], "texture": "#0"},
				"east": {"uv": [5.71875, 2.5, 5.375, 2.875], "texture": "#0"},
				"west": {"uv": [5.375, 2.5, 5.71875, 2.875], "texture": "#0"}
			}
		},
		{
			"from": [6.999, 7.999, -5.001],
			"to": [9.001, 10.001, -3.999],
			"rotation": {"angle": 0, "axis": "y", "origin": [13, 2, -5]},
			"faces": {
				"north": {"uv": [5.75, 2.125, 6.2505, 2.6255], "texture": "#0"},
				"east": {"uv": [5.625, 2, 5.8755, 2.5005], "texture": "#0"},
				"west": {"uv": [5.375, 2, 5.6255, 2.5005], "texture": "#0"}
			}
		},
		{
			"from": [6.999, 7.999, -4.001],
			"to": [9.001, 11.001, -2.999],
			"rotation": {"angle": 0, "axis": "y", "origin": [13, 2, -4]},
			"faces": {
				"east": {"uv": [4.875, 1.75, 5.1255, 2.5005], "texture": "#0"},
				"west": {"uv": [5.1255, 1.75, 4.875, 2.5005], "texture": "#0"},
				"up": {"uv": [5.75, 0.75, 6.2505, 1.0005], "texture": "#0"}
			}
		},
		{
			"from": [6, 8, -3],
			"to": [10, 12, 0],
			"rotation": {"angle": 0, "axis": "y", "origin": [13, 2, -1]},
			"faces": {
				"north": {"uv": [6, 3.5, 7, 4.5], "texture": "#0"},
				"east": {"uv": [6.25, 2.5, 7, 3.5], "texture": "#0"},
				"south": {"uv": [4.625, 3.875, 5.625, 4.875], "texture": "#0"},
				"west": {"uv": [6.25, 2.5, 7, 3.5], "texture": "#0"},
				"up": {"uv": [6.25, 2.5, 7, 3.5], "rotation": 90, "texture": "#0"},
				"down": {"uv": [4.625, 3.875, 5.625, 4.625], "texture": "#0"}
			}
		},
		{
			"from": [-0.5, 9, -1.5],
			"to": [2.5, 11, 0],
			"rotation": {"angle": 0, "axis": "z", "origin": [8, 10, 0]},
			"faces": {
				"north": {"uv": [1.375, 6, 1.875, 6.75], "rotation": 90, "texture": "#0"},
				"east": {"uv": [1.375, 6.5, 1.875, 6.875], "rotation": 270, "texture": "#0"},
				"west": {"uv": [1.375, 6, 1.875, 6.375], "rotation": 270, "texture": "#0"},
				"up": {"uv": [1.375, 6, 1.75, 6.75], "rotation": 270, "texture": "#0"},
				"down": {"uv": [1.375, 6, 1.75, 6.75], "rotation": 270, "texture": "#0"}
			}
		},
		{
			"from": [-1.1, 9.5, -1],
			"to": [6, 10.5, 0],
			"rotation": {"angle": 0, "axis": "z", "origin": [8, 10, 0]},
			"faces": {
				"north": {"uv": [5.75, 1.5, 6, 3.275], "rotation": 90, "texture": "#0"},
				"south": {"uv": [5.75, 1.5, 6, 3.275], "rotation": 270, "texture": "#0"},
				"up": {"uv": [5.75, 1.5, 6, 3.275], "rotation": 270, "texture": "#0"},
				"down": {"uv": [5.75, 1.5, 6, 3.275], "rotation": 270, "texture": "#0"}
			}
		},
		{
			"from": [13.5, 9, -1.5],
			"to": [16.5, 11, 0],
			"rotation": {"angle": 0, "axis": "z", "origin": [8, 10, 0]},
			"faces": {
				"north": {"uv": [1.375, 6, 1.875, 6.75], "rotation": 270, "texture": "#0"},
				"east": {"uv": [1.375, 6, 1.875, 6.375], "rotation": 90, "texture": "#0"},
				"west": {"uv": [1.375, 6.5, 1.875, 6.875], "rotation": 90, "texture": "#0"},
				"up": {"uv": [1.375, 6, 1.75, 6.75], "rotation": 90, "texture": "#0"},
				"down": {"uv": [1.375, 6, 1.75, 6.75], "rotation": 90, "texture": "#0"}
			}
		},
		{
			"from": [10, 9.5, -1],
			"to": [17.1, 10.5, 0],
			"rotation": {"angle": 0, "axis": "z", "origin": [8, 10, 0]},
			"faces": {
				"north": {"uv": [5.75, 1.5, 6, 3.275], "rotation": 270, "texture": "#0"},
				"south": {"uv": [5.75, 1.5, 6, 3.275], "rotation": 90, "texture": "#0"},
				"up": {"uv": [5.75, 1.5, 6, 3.275], "rotation": 90, "texture": "#0"},
				"down": {"uv": [5.75, 1.5, 6, 3.275], "rotation": 90, "texture": "#0"}
			}
		},
		{
			"from": [7, 15.5, -1.5],
			"to": [9, 18.5, 0],
			"rotation": {"angle": 45, "axis": "z", "origin": [8, 10, 0]},
			"faces": {
				"north": {"uv": [1.375, 6, 1.875, 6.75], "texture": "#0"},
				"east": {"uv": [1.375, 6, 1.75, 6.75], "texture": "#0"},
				"west": {"uv": [1.375, 6, 1.75, 6.75], "texture": "#0"},
				"up": {"uv": [1.375, 6, 1.875, 6.375], "texture": "#0"},
				"down": {"uv": [1.375, 6.5, 1.875, 6.875], "texture": "#0"}
			}
		},
		{
			"from": [7.5, 12, -1],
			"to": [8.5, 19, 0],
			"rotation": {"angle": 45, "axis": "z", "origin": [8, 10, 0]},
			"faces": {
				"north": {"uv": [5.75, 1.5, 6, 3.25], "texture": "#0"},
				"east": {"uv": [5.75, 1.5, 6, 3.25], "texture": "#0"},
				"south": {"uv": [5.75, 1.5, 6, 3.25], "texture": "#0"},
				"west": {"uv": [5.75, 1.5, 6, 3.25], "texture": "#0"}
			}
		},
		{
			"from": [7, 15.5, -1.5],
			"to": [9, 18.5, 0],
			"rotation": {"angle": -45, "axis": "z", "origin": [8, 10, 0]},
			"faces": {
				"north": {"uv": [1.375, 6, 1.875, 6.75], "texture": "#0"},
				"east": {"uv": [1.375, 6, 1.75, 6.75], "texture": "#0"},
				"west": {"uv": [1.375, 6, 1.75, 6.75], "texture": "#0"},
				"up": {"uv": [1.375, 6, 1.875, 6.375], "texture": "#0"},
				"down": {"uv": [1.375, 6.5, 1.875, 6.875], "texture": "#0"}
			}
		},
		{
			"from": [7.5, 12, -1],
			"to": [8.5, 19, 0],
			"rotation": {"angle": -45, "axis": "z", "origin": [8, 10, 0]},
			"faces": {
				"north": {"uv": [5.75, 1.5, 6, 3.25], "texture": "#0"},
				"east": {"uv": [5.75, 1.5, 6, 3.25], "texture": "#0"},
				"south": {"uv": [5.75, 1.5, 6, 3.25], "texture": "#0"},
				"west": {"uv": [5.75, 1.5, 6, 3.25], "texture": "#0"}
			}
		},
		{
			"from": [7, 15.5, -1.5],
			"to": [9, 18.5, 0],
			"rotation": {"angle": 0, "axis": "y", "origin": [8, 10, 0]},
			"faces": {
				"north": {"uv": [1.375, 6, 1.875, 6.75], "texture": "#0"},
				"east": {"uv": [1.375, 6, 1.75, 6.75], "texture": "#0"},
				"west": {"uv": [1.375, 6, 1.75, 6.75], "texture": "#0"},
				"up": {"uv": [1.375, 6, 1.875, 6.375], "texture": "#0"},
				"down": {"uv": [1.375, 6.5, 1.875, 6.875], "texture": "#0"}
			}
		},
		{
			"from": [7.5, 12, -1],
			"to": [8.5, 19, 0],
			"rotation": {"angle": 0, "axis": "y", "origin": [8, 10, 0]},
			"faces": {
				"north": {"uv": [5.75, 1.5, 6, 3.25], "texture": "#0"},
				"east": {"uv": [5.75, 1.5, 6, 3.25], "texture": "#0"},
				"south": {"uv": [5.75, 1.5, 6, 3.25], "texture": "#0"},
				"west": {"uv": [5.75, 1.5, 6, 3.25], "texture": "#0"}
			}
		},
		{
			"from": [6.999, 13.999, -2.001],
			"to": [9.001, 15.001, 0.001],
			"rotation": {"angle": 0, "axis": "y", "origin": [13, 8, -1]},
			"faces": {
				"north": {"uv": [6.375, 2.7505, 6.8755, 2.5], "texture": "#0"},
				"up": {"uv": [6.375, 2.625, 6.8755, 3.1255], "rotation": 90, "texture": "#0"},
				"down": {"uv": [6.375, 2.625, 6.8755, 3.1255], "rotation": 90, "texture": "#0"}
			}
		},
		{
			"from": [5.999, 18.999, -2.001],
			"to": [10.001, 20.001, 1.001],
			"rotation": {"angle": 0, "axis": "y", "origin": [13, 13, -2]},
			"color": 7,
			"faces": {
				"north": {"uv": [0, 0, 0.5, 0.125], "texture": "#missing"},
				"east": {"uv": [0, 0, 0.375, 0.125], "texture": "#missing"},
				"south": {"uv": [0, 0, 0.5, 0.125], "texture": "#missing"},
				"west": {"uv": [0, 0, 0.375, 0.125], "texture": "#missing"},
				"up": {"uv": [0, 0, 0.5, 0.375], "texture": "#missing"},
				"down": {"uv": [0, 0, 0.5, 0.375], "texture": "#missing"}
			}
		},
		{
			"from": [18.03766, 7.56877, -2.001],
			"to": [19.03966, 11.57077, 1.001],
			"rotation": {"angle": 45, "axis": "z", "origin": [8.03866, 8.56977, -2]},
			"color": 7,
			"faces": {
				"north": {"uv": [1, 0, 1.125, 0.5], "texture": "#missing"},
				"east": {"uv": [8, 0, 8.375, 0.5], "texture": "#missing"},
				"south": {"uv": [1, 0, 1.125, 0.5], "texture": "#missing"},
				"west": {"uv": [8, 0, 8.375, 0.5], "texture": "#missing"},
				"up": {"uv": [1, 0, 1.125, 0.375], "texture": "#missing"},
				"down": {"uv": [1, 0, 1.125, 0.375], "texture": "#missing"}
			}
		},
		{
			"from": [17.50932, 7.65968, -2],
			"to": [18.50932, 11.65968, 1],
			"rotation": {"angle": 22.5, "axis": "z", "origin": [7.50932, 8.65968, -2]},
			"color": 7,
			"faces": {
				"north": {"uv": [1, 0, 1.125, 0.5], "texture": "#missing"},
				"east": {"uv": [8, 0, 8.375, 0.5], "texture": "#missing"},
				"south": {"uv": [1, 0, 1.125, 0.5], "texture": "#missing"},
				"west": {"uv": [8, 0, 8.375, 0.5], "texture": "#missing"},
				"up": {"uv": [1, 0, 1.125, 0.375], "texture": "#missing"},
				"down": {"uv": [1, 0, 1.125, 0.375], "texture": "#missing"}
			}
		},
		{
			"from": [17.05368, 7.94432, -2.001],
			"to": [18.05568, 11.94632, 1.001],
			"rotation": {"angle": 0, "axis": "y", "origin": [7.05468, 8.94532, -2]},
			"color": 7,
			"faces": {
				"north": {"uv": [1, 0, 1.125, 0.5], "texture": "#missing"},
				"east": {"uv": [8, 0, 8.375, 0.5], "texture": "#missing"},
				"south": {"uv": [1, 0, 1.125, 0.5], "texture": "#missing"},
				"west": {"uv": [8, 0, 8.375, 0.5], "texture": "#missing"},
				"up": {"uv": [1, 0, 1.125, 0.375], "texture": "#missing"},
				"down": {"uv": [1, 0, 1.125, 0.375], "texture": "#missing"}
			}
		},
		{
			"from": [17.05368, 7.94432, -4.501],
			"to": [18.05568, 8.94632, -1.999],
			"rotation": {"angle": 0, "axis": "y", "origin": [7.05468, 8.94532, -4]},
			"faces": {
				"north": {"uv": [11, 5.5, 11.2505, 5.7505], "texture": "#0"},
				"east": {"uv": [10.375, 5.5, 11.0005, 5.7505], "texture": "#0"},
				"west": {"uv": [10.375, 5.625, 11.0005, 5.8755], "texture": "#0"},
				"up": {"uv": [14.1255, 4, 13.875, 4.6255], "texture": "#0"}
			}
		},
		{
			"from": [-2.04632, 7.94432, -4.501],
			"to": [-1.04432, 8.94632, -1.999],
			"rotation": {"angle": 0, "axis": "y", "origin": [-12.04532, 8.94532, -4]},
			"faces": {
				"north": {"uv": [11.25, 5.5, 11.5005, 5.7505], "texture": "#0"},
				"east": {"uv": [11.5, 5.625, 12.1255, 5.8755], "texture": "#0"},
				"west": {"uv": [12.125, 5.5, 12.7505, 5.7505], "texture": "#0"},
				"up": {"uv": [13.875, 4, 14.1255, 4.6255], "texture": "#0"}
			}
		},
		{
			"from": [9.05368, 7.94432, -4.501],
			"to": [17.05568, 8.94632, -3.499],
			"rotation": {"angle": 0, "axis": "y", "origin": [6.05468, 8.94532, -3.5]},
			"faces": {
				"north": {"uv": [10.625, 5.5, 12.6255, 5.7505], "texture": "#0"},
				"south": {"uv": [10.75, 5.625, 12.7505, 5.8755], "texture": "#0"},
				"up": {"uv": [10.625, 5.5, 12.6255, 5.7505], "texture": "#0"}
			}
		},
		{
			"from": [-1.04632, 7.94432, -4.501],
			"to": [6.95568, 8.94632, -3.499],
			"rotation": {"angle": 0, "axis": "y", "origin": [-4.04532, 8.94532, -3.5]},
			"faces": {
				"north": {"uv": [10.75, 5.5, 12.7505, 5.7505], "texture": "#0"},
				"south": {"uv": [10.75, 5.625, 12.7505, 5.8755], "texture": "#0"},
				"up": {"uv": [10.75, 5.5, 12.7505, 5.7505], "texture": "#0"}
			}
		},
		{
			"from": [-1.43374, 6.54367, -0.501],
			"to": [-0.43174, 10.34567, 1.001],
			"rotation": {"angle": -45, "axis": "z", "origin": [9.56726, 8.84467, -2]},
			"faces": {
				"north": {"uv": [7.001, 0.125, 6.751, 1.125], "texture": "#0"},
				"east": {"uv": [6.625, 0.125, 6.25, 1.125], "texture": "#0"}
			}
		},
		{
			"from": [-1.43274, 7.44467, -0.5],
			"to": [-0.43274, 11.04467, 1],
			"rotation": {"angle": -22.5, "axis": "z", "origin": [9.56726, 8.64467, -2]},
			"faces": {
				"north": {"uv": [7, 0.125, 6.75, 1], "texture": "#0"},
				"east": {"uv": [6.625, 1.5, 6.25, 2.4], "texture": "#0"}
			}
		},
		{
			"from": [-1.05568, 7.94432, -0.501],
			"to": [-0.05368, 11.94632, 1.001],
			"rotation": {"angle": 0, "axis": "y", "origin": [9.94532, 8.94532, -2]},
			"faces": {
				"north": {"uv": [6.876, 2.5, 6.626, 3.5], "texture": "#0"},
				"east": {"uv": [6.626, 2.5, 6.2505, 3.5005], "texture": "#0"}
			}
		},
		{
			"from": [6.86726, 18.54467, -0.5],
			"to": [10.46726, 19.54467, 1],
			"rotation": {"angle": 22.5, "axis": "z", "origin": [9.56726, 8.54467, -2]},
			"faces": {
				"north": {"uv": [6.75, 1, 7, 1.875], "rotation": 90, "texture": "#0"},
				"down": {"uv": [6.25, 0.125, 6.625, 1], "rotation": 270, "texture": "#0"}
			}
		},
		{
			"from": [5.999, 17.999, -0.501],
			"to": [9.801, 19.001, 1.001],
			"rotation": {"angle": 0, "axis": "y", "origin": [13, 12, -2]},
			"faces": {
				"north": {"uv": [6.75, 1.375, 7, 2.375], "rotation": 90, "texture": "#0"},
				"down": {"uv": [6.625, 2.375, 6.25, 1.375], "rotation": 90, "texture": "#0"}
			}
		},
		{
			"from": [5.53274, 18.54467, -0.5],
			"to": [9.13274, 19.54467, 1],
			"rotation": {"angle": -22.5, "axis": "z", "origin": [6.43274, 8.54467, -2]},
			"faces": {
				"north": {"uv": [6.75, 1.5, 7, 2.4], "rotation": 90, "texture": "#0"},
				"down": {"uv": [6.25, 1.375, 6.625, 2.275], "rotation": 270, "texture": "#0"}
			}
		},
		{
			"from": [16.05368, 7.94432, -0.501],
			"to": [17.05568, 11.94632, 1.001],
			"rotation": {"angle": 0, "axis": "y", "origin": [6.05468, 8.94532, -2]},
			"faces": {
				"north": {"uv": [6.625, 2.5, 6.875, 3.5], "texture": "#0"},
				"west": {"uv": [6.6255, 2.5, 6.25, 3.5005], "texture": "#0"}
			}
		},
		{
			"from": [16.43274, 7.44467, -0.5],
			"to": [17.43274, 11.04467, 1],
			"rotation": {"angle": 22.5, "axis": "z", "origin": [6.43274, 8.64467, -2]},
			"faces": {
				"north": {"uv": [6.75, 0.125, 7, 1], "texture": "#0"},
				"west": {"uv": [6.25, 1.5, 6.625, 2.4], "texture": "#0"}
			}
		},
		{
			"from": [16.43174, 6.54367, -0.501],
			"to": [17.43374, 10.34567, 1.001],
			"rotation": {"angle": 45, "axis": "z", "origin": [6.43274, 8.84467, -2]},
			"faces": {
				"north": {"uv": [6.75, 0.125, 7, 1.125], "texture": "#0"},
				"west": {"uv": [6.25, 0.125, 6.625, 1.125], "texture": "#0"}
			}
		},
		{
			"from": [7.54958, 20.68089, -2],
			"to": [11.54958, 21.68089, 1],
			"rotation": {"angle": -22.5, "axis": "z", "origin": [4.54958, 14.68089, -2]},
			"color": 7,
			"faces": {
				"north": {"uv": [4, 0, 4.5, 0.125], "texture": "#missing"},
				"east": {"uv": [8, 0, 8.375, 0.125], "texture": "#missing"},
				"south": {"uv": [4, 0, 4.5, 0.125], "texture": "#missing"},
				"west": {"uv": [8, 0, 8.375, 0.125], "texture": "#missing"},
				"up": {"uv": [4, 0, 4.5, 0.375], "texture": "#missing"},
				"down": {"uv": [4, 0, 4.5, 0.375], "texture": "#missing"}
			}
		},
		{
			"from": [-4, -8, 3],
			"to": [20, 8, 31],
			"rotation": {"angle": 0, "axis": "y", "origin": [-3, -8, 4]},
			"color": 7,
			"faces": {
				"north": {"uv": [0, 0, 3, 2], "texture": "#missing"},
				"east": {"uv": [0, 0, 3.5, 2], "texture": "#missing"},
				"south": {"uv": [0, 0, 3, 2], "texture": "#missing"},
				"west": {"uv": [0, 0, 3.5, 2], "texture": "#missing"},
				"up": {"uv": [0, 0, 3, 3.5], "texture": "#missing"},
				"down": {"uv": [0, 0, 3, 3.5], "texture": "#missing"}
			}
		},
		{
			"from": [1, -8, 31],
			"to": [5, 14, 32],
			"rotation": {"angle": 0, "axis": "y", "origin": [2, -8, 5]},
			"color": 7,
			"faces": {
				"north": {"uv": [0, 0, 0.5, 2.75], "texture": "#missing"},
				"east": {"uv": [0, 0, 0.125, 2.75], "texture": "#missing"},
				"south": {"uv": [0, 0, 0.5, 2.75], "texture": "#missing"},
				"west": {"uv": [0, 0, 0.125, 2.75], "texture": "#missing"},
				"up": {"uv": [0, 0, 0.5, 0.125], "texture": "#missing"},
				"down": {"uv": [0, 0, 0.5, 0.125], "texture": "#missing"}
			}
		},
		{
			"from": [11, -8, 31],
			"to": [15, 14, 32],
			"rotation": {"angle": 0, "axis": "y", "origin": [12, -8, 5]},
			"color": 7,
			"faces": {
				"north": {"uv": [0, 0, 0.5, 2.75], "texture": "#missing"},
				"east": {"uv": [0, 0, 0.125, 2.75], "texture": "#missing"},
				"south": {"uv": [0, 0, 0.5, 2.75], "texture": "#missing"},
				"west": {"uv": [0, 0, 0.125, 2.75], "texture": "#missing"},
				"up": {"uv": [0, 0, 0.5, 0.125], "texture": "#missing"},
				"down": {"uv": [0, 0, 0.5, 0.125], "texture": "#missing"}
			}
		},
		{
			"from": [11, -8, 31],
			"to": [15, 14, 32],
			"rotation": {"angle": 0, "axis": "y", "origin": [12, -8, 5]},
			"color": 7,
			"faces": {
				"north": {"uv": [0, 0, 0.5, 2.75], "texture": "#missing"},
				"east": {"uv": [0, 0, 0.125, 2.75], "texture": "#missing"},
				"south": {"uv": [0, 0, 0.5, 2.75], "texture": "#missing"},
				"west": {"uv": [0, 0, 0.125, 2.75], "texture": "#missing"},
				"up": {"uv": [0, 0, 0.5, 0.125], "texture": "#missing"},
				"down": {"uv": [0, 0, 0.5, 0.125], "texture": "#missing"}
			}
		},
		{
			"from": [-0.05, 8, 1],
			"to": [16.05, 18, 1],
			"rotation": {"angle": 0, "axis": "y", "origin": [-3, 8, 2]},
			"faces": {
				"north": {"uv": [10.5, 10.875, 14.5, 13.375], "texture": "#0"}
			}
		},
		{
			"from": [-2.05, 8, 30.99],
			"to": [18.05, 20, 30.99],
			"rotation": {"angle": 0, "axis": "y", "origin": [-3, 8, 32]},
			"faces": {
				"south": {"uv": [10, 5.375, 14.0125, 7.875], "texture": "#0"}
			}
		}
	],
	"display": {
		"fixed": {
			"rotation": [-90, 0, 0],
			"translation": [-32, 36, -64],
			"scale": [4, 4, 4]
		}
	},
	"groups": [
		0,
		1,
		2,
		3,
		4,
		5,
		6,
		7,
		8,
		9,
		10,
		11,
		12,
		13,
		14,
		15,
		16,
		17,
		18,
		19,
		20,
		21,
		22,
		23,
		24,
		25,
		26,
		27,
		28,
		29,
		30,
		31,
		32,
		33,
		34,
		35,
		36,
		37,
		38,
		39,
		40,
		41,
		42,
		43,
		44,
		45,
		46,
		47,
		48,
		49,
		50,
		51,
		52,
		53,
		54,
		55,
		56,
		57,
		58,
		59,
		60,
		61,
		62,
		63,
		64,
		65,
		66,
		67,
		68,
		69,
		70,
		71,
		72,
		73,
		74,
		75,
		76,
		77,
		78,
		79,
		80,
		81,
		82,
		83,
		84,
		85,
		86,
		87,
		88,
		89,
		90,
		91,
		92,
		93,
		94,
		95,
		96,
		97,
		98,
		{
			"name": "group",
			"origin": [6.43274, 8.84467, -2],
			"color": 0,
			"children": [99, 100, 101, 102, 103, 104, 105, 106, 107]
		},
		108,
		109,
		110,
		111,
		112,
		113,
		114
	]
}