{
	"credit": "Made with Blockbench",
	"texture_size": [64, 64],
	"textures": {
		"1": "item/expeditions/interactables/reverie_drive_console",
		"2": "item/expeditions/interactables/reverie_drive_console_interface",
		"particle": "item/dreamfarers/reverie_drive_console"
	},
	"elements": [
		{
			"from": [28, -16, 5],
			"to": [32, 0, 16],
			"rotation": {"angle": 0, "axis": "y", "origin": [13, -16, 1]},
			"faces": {
				"east": {"uv": [7.75, 0, 10.5, 4], "texture": "#1"},
				"up": {"uv": [8.75, 3.25, 7.75, 0.5], "texture": "#1"}
			}
		},
		{
			"from": [15.81572, -6.999, 0.65785],
			"to": [21.51372, -0.001, 4.65585],
			"rotation": {"angle": -45, "axis": "y", "origin": [21.51472, -16, 15.48528]},
			"faces": {
				"north": {"uv": [10.25, 0, 11.5, 1.75], "texture": "#1"},
				"up": {"uv": [8.5, 4, 9.75, 2.625], "texture": "#1"}
			}
		},
		{
			"from": [24, -7, 1],
			"to": [28, 0, 16],
			"rotation": {"angle": 0, "axis": "y", "origin": [9, -16, 2]},
			"faces": {
				"north": {"uv": [10.75, 0, 11.75, 1.75], "texture": "#1"},
				"up": {"uv": [8.75, 0, 9.75, 3.75], "texture": "#1"}
			}
		},
		{
			"from": [-5.51372, -6.999, 0.65785],
			"to": [0.18428, -0.001, 4.65585],
			"rotation": {"angle": 45, "axis": "y", "origin": [-5.51472, -16, 15.48528]},
			"faces": {
				"north": {"uv": [11.5, 0, 10.25, 1.75], "texture": "#1"},
				"up": {"uv": [9.75, 4, 8.5, 2.625], "texture": "#1"}
			}
		},
		{
			"from": [-16, -16, 5],
			"to": [-12, 0, 16],
			"rotation": {"angle": 0, "axis": "y", "origin": [3, -16, 1]},
			"faces": {
				"west": {"uv": [10.5, 0, 7.75, 4], "texture": "#1"},
				"up": {"uv": [7.75, 3.25, 8.75, 0.5], "texture": "#1"}
			}
		},
		{
			"from": [-12, -7, 1],
			"to": [-8, 0, 16],
			"rotation": {"angle": 0, "axis": "y", "origin": [7, -16, 2]},
			"faces": {
				"north": {"uv": [11.75, 0, 10.75, 1.75], "texture": "#1"},
				"up": {"uv": [9.75, 0, 8.75, 3.75], "texture": "#1"}
			}
		},
		{
			"from": [14, -4.92388, 0.38268],
			"to": [24, 1.07612, 17.88268],
			"rotation": {"angle": -22.5, "axis": "x", "origin": [9, 0.07612, 0.38268]},
			"faces": {
				"east": {"uv": [1.5, 4.25, 0, 8.5], "rotation": 270, "texture": "#1"},
				"up": {"uv": [0, 8.5, 2.5, 4.25], "rotation": 180, "texture": "#1"}
			}
		},
		{
			"from": [-8, -4.92388, 0.38268],
			"to": [8, 1.07612, 17.88268],
			"rotation": {"angle": -22.5, "axis": "x", "origin": [-13, 0.07612, 0.38268]},
			"faces": {
				"west": {"uv": [4.75, 4.25, 3.25, 8.5], "rotation": 90, "texture": "#1"},
				"up": {"uv": [0.75, 8.5, 4.75, 4.25], "rotation": 180, "texture": "#1"}
			}
		},
		{
			"from": [-7, -8, -1],
			"to": [0, 1.5412, 0],
			"rotation": {"angle": 0, "axis": "x", "origin": [9, -0.4588, 0]},
			"faces": {
				"north": {"uv": [13.5, 0, 15.25, 2.25], "rotation": 180, "texture": "#1"},
				"east": {"uv": [13.5, 0, 13.75, 2.25], "texture": "#1"},
				"south": {"uv": [13.5, 0, 15.25, 2.25], "texture": "#1"},
				"west": {"uv": [13.5, 0, 13.75, 2.25], "texture": "#1"}
			}
		},
		{
			"from": [-8, -16, 0],
			"to": [24, -7, 1],
			"rotation": {"angle": 0, "axis": "x", "origin": [33, -2, 1]},
			"faces": {
				"north": {"uv": [8, 4.25, 0, 2], "rotation": 180, "texture": "#1"},
				"east": {"uv": [0, 2, 0.25, 4.25], "texture": "#1"},
				"west": {"uv": [10.25, 1.75, 10.5, 4], "texture": "#1"}
			}
		},
		{
			"from": [-8.001, -7.001, -0.001],
			"to": [24.001, 1.001, 1.001],
			"rotation": {"angle": 0, "axis": "x", "origin": [33, 7, 1]},
			"faces": {
				"north": {"uv": [8, 2, 0, 0], "rotation": 180, "texture": "#1"},
				"east": {"uv": [0, 0, 0.25, 2], "texture": "#1"},
				"west": {"uv": [10.25, 0, 10.5, 2], "texture": "#1"}
			}
		},
		{
			"from": [18, -8, -1],
			"to": [21, 0, 0],
			"rotation": {"angle": 0, "axis": "x", "origin": [30, -2, 1]},
			"faces": {
				"north": {"uv": [11, 4, 11.75, 2], "rotation": 180, "texture": "#1"},
				"east": {"uv": [10.5, 2, 10.75, 4], "texture": "#1"},
				"west": {"uv": [10.5, 2, 10.75, 4], "texture": "#1"}
			}
		},
		{
			"from": [2, -8, -1],
			"to": [5, 0, 0],
			"rotation": {"angle": 0, "axis": "x", "origin": [15, -2, 1]},
			"faces": {
				"north": {"uv": [11, 4, 11.75, 2], "rotation": 180, "texture": "#1"},
				"east": {"uv": [10.5, 2, 10.75, 4], "texture": "#1"},
				"west": {"uv": [10.5, 2, 10.75, 4], "texture": "#1"}
			}
		},
		{
			"from": [10, -8, -1],
			"to": [13, 0, 0],
			"rotation": {"angle": 0, "axis": "x", "origin": [23, -2, 1]},
			"faces": {
				"north": {"uv": [11, 4, 11.75, 2], "rotation": 180, "texture": "#1"},
				"east": {"uv": [10.5, 2, 10.75, 4], "texture": "#1"},
				"west": {"uv": [10.5, 2, 10.75, 4], "texture": "#1"}
			}
		},
		{
			"from": [-7, 1.07612, -0.31075],
			"to": [0, 2.07612, 16.68925],
			"rotation": {"angle": -22.5, "axis": "x", "origin": [9, 0.07612, 0.68925]},
			"faces": {
				"east": {"uv": [4.75, 4.25, 5, 8.5], "rotation": 270, "texture": "#1"},
				"south": {"uv": [4.75, 4.25, 6.5, 4.5], "texture": "#1"},
				"west": {"uv": [4.75, 4.25, 5, 8.5], "rotation": 90, "texture": "#1"},
				"up": {"uv": [4.75, 4.25, 6.5, 8.5], "rotation": 180, "texture": "#1"}
			}
		},
		{
			"from": [-6, 3.07612, 1.48925],
			"to": [-1, 6.07612, 4.48925],
			"rotation": {"angle": 22.5, "axis": "x", "origin": [9, -4.92388, 5.48925]},
			"faces": {
				"north": {"uv": [13.5, 2.5, 14.75, 3.25], "texture": "#1"},
				"east": {"uv": [13.75, 1, 14.5, 1.75], "texture": "#1"},
				"west": {"uv": [13.75, 1, 14.5, 1.75], "texture": "#1"},
				"up": {"uv": [13.5, 2.5, 14.75, 3.25], "texture": "#1"}
			}
		},
		{
			"from": [-5, 11.05517, 7.45789],
			"to": [-4, 17.05517, 9.45789],
			"rotation": {"angle": 22.5, "axis": "x", "origin": [8, 10.05517, -4.54211]},
			"faces": {
				"north": {"uv": [7.75, 1, 8, 2.5], "rotation": 180, "texture": "#1"},
				"east": {"uv": [2.5, 4, 4, 4.5], "rotation": 90, "texture": "#1"},
				"south": {"uv": [10.25, 1.5, 10.5, 3], "texture": "#1"},
				"west": {"uv": [3.25, 4, 4.75, 4.5], "rotation": 90, "texture": "#1"}
			}
		},
		{
			"from": [-7, 17.05517, 7.45789],
			"to": [0, 19.05517, 9.45789],
			"rotation": {"angle": 22.5, "axis": "x", "origin": [8, 10.05517, -4.54211]},
			"faces": {
				"north": {"uv": [15.75, 0.5, 15.25, 2.25], "rotation": 90, "texture": "#1"},
				"east": {"uv": [15.25, 0, 15.75, 0.5], "rotation": 270, "texture": "#1"},
				"south": {"uv": [15.75, 0.5, 15.25, 2.25], "rotation": 90, "texture": "#1"},
				"west": {"uv": [15.25, 0, 15.75, 0.5], "rotation": 90, "texture": "#1"},
				"up": {"uv": [15.75, 0.5, 15.25, 2.25], "rotation": 90, "texture": "#1"},
				"down": {"uv": [15.25, 0.5, 15.75, 2.25], "rotation": 90, "texture": "#1"}
			}
		},
		{
			"from": [-2, 16.95517, 7.35789],
			"to": [-1, 19.15517, 9.55789],
			"rotation": {"angle": 22.5, "axis": "x", "origin": [7, 10.05517, -4.54211]},
			"faces": {
				"north": {"uv": [15.75, 0.75, 15.25, 1], "rotation": 90, "texture": "#1"},
				"south": {"uv": [15.75, 0.75, 15.25, 1], "rotation": 90, "texture": "#1"},
				"up": {"uv": [15.75, 0.75, 15.25, 1], "rotation": 90, "texture": "#1"},
				"down": {"uv": [15.25, 0.75, 15.75, 1], "rotation": 90, "texture": "#1"}
			}
		},
		{
			"from": [-4, 16.95517, 7.35789],
			"to": [-3, 19.15517, 9.55789],
			"rotation": {"angle": 22.5, "axis": "x", "origin": [5, 10.05517, -4.54211]},
			"faces": {
				"north": {"uv": [15.75, 0.75, 15.25, 1], "rotation": 90, "texture": "#1"},
				"south": {"uv": [15.75, 0.75, 15.25, 1], "rotation": 90, "texture": "#1"},
				"up": {"uv": [15.75, 0.75, 15.25, 1], "rotation": 90, "texture": "#1"},
				"down": {"uv": [15.25, 0.75, 15.75, 1], "rotation": 90, "texture": "#1"}
			}
		},
		{
			"from": [-6, 16.95517, 7.35789],
			"to": [-5, 19.15517, 9.55789],
			"rotation": {"angle": 22.5, "axis": "x", "origin": [3, 10.05517, -4.54211]},
			"faces": {
				"north": {"uv": [15.75, 0.75, 15.25, 1], "rotation": 90, "texture": "#1"},
				"south": {"uv": [15.75, 0.75, 15.25, 1], "rotation": 90, "texture": "#1"},
				"up": {"uv": [15.75, 0.75, 15.25, 1], "rotation": 90, "texture": "#1"},
				"down": {"uv": [15.25, 0.75, 15.75, 1], "rotation": 90, "texture": "#1"}
			}
		},
		{
			"from": [-3, 10.05517, 7.45789],
			"to": [-2, 17.05517, 9.45789],
			"rotation": {"angle": 22.5, "axis": "x", "origin": [11, 9.05517, -4.54211]},
			"faces": {
				"north": {"uv": [10.25, 2, 10.5, 3.75], "rotation": 180, "texture": "#1"},
				"east": {"uv": [2.75, 4, 4.5, 4.5], "rotation": 90, "texture": "#1"},
				"south": {"uv": [10.25, 2, 10.5, 3.75], "texture": "#1"},
				"west": {"uv": [2.5, 4, 4.25, 4.5], "rotation": 90, "texture": "#1"}
			}
		},
		{
			"from": [1, -2.52388, -3.21732],
			"to": [22, -0.52388, 13.78268],
			"rotation": {"angle": -45, "axis": "x", "origin": [9, 0.47612, -5.21732]},
			"faces": {
				"north": {"uv": [10.5, 8.25, 15.75, 7.75], "rotation": 180, "texture": "#1"},
				"east": {"uv": [15.5, 3.75, 16, 8], "rotation": 90, "texture": "#1"},
				"south": {"uv": [10.5, 7.75, 15.75, 8.25], "texture": "#1"},
				"west": {"uv": [15.5, 3.75, 16, 8], "rotation": 90, "texture": "#1"},
				"up": {"uv": [10.5, 3.75, 15.75, 8], "rotation": 180, "texture": "#1"},
				"down": {"uv": [10.5, 3.75, 15.75, 8], "texture": "#1"}
			}
		},
		{
			"from": [2.001, -8.92288, -2.04132],
			"to": [20.999, -2.92488, 12.95668],
			"rotation": {"angle": -45, "axis": "x", "origin": [9, 0.07612, -5.61732]},
			"faces": {
				"north": {"uv": [10.5, 2.25, 15.25, 3.75], "rotation": 180, "texture": "#1"},
				"east": {"uv": [10.5, 2.25, 14.25, 3.75], "rotation": 180, "texture": "#1"},
				"south": {"uv": [10.5, 2.25, 15.25, 3.75], "texture": "#1"},
				"west": {"uv": [10.5, 2.25, 14.25, 3.75], "rotation": 180, "texture": "#1"}
			}
		},
		{
			"from": [7, 10.07612, 10.38268],
			"to": [11, 14.07612, 15.98268],
			"rotation": {"angle": 0, "axis": "x", "origin": [3, 18.07612, -1.61732]},
			"faces": {
				"north": {"uv": [6.5, 7.5, 7.5, 8.5], "texture": "#1"},
				"east": {"uv": [6.5, 4.5, 7.5, 5.75], "rotation": 270, "texture": "#1"},
				"west": {"uv": [6.5, 4.75, 7.5, 6], "rotation": 90, "texture": "#1"},
				"up": {"uv": [6.5, 7.25, 7.5, 8.5], "rotation": 180, "texture": "#1"}
			}
		},
		{
			"from": [-13, 0, 10],
			"to": [-8, 4, 14],
			"rotation": {"angle": 0, "axis": "x", "origin": [-16, 8.05112, -5.61732]},
			"faces": {
				"north": {"uv": [7.5, 5.25, 6.5, 6.5], "rotation": 90, "texture": "#1"},
				"south": {"uv": [6.5, 6.75, 7.5, 8], "rotation": 90, "texture": "#1"},
				"up": {"uv": [6.5, 6.75, 7.5, 8], "rotation": 90, "texture": "#1"}
			}
		},
		{
			"from": [-12, 0, 3],
			"to": [-8, 1, 10],
			"rotation": {"angle": 0, "axis": "x", "origin": [-16, 8.05112, -9.61732]},
			"faces": {
				"north": {"uv": [8.25, 3.75, 9.25, 4], "rotation": 180, "texture": "#1"},
				"east": {"uv": [7.75, 0.75, 8, 2.5], "rotation": 270, "texture": "#1"},
				"south": {"uv": [9.25, 3.75, 10.25, 4], "texture": "#1"},
				"west": {"uv": [7.75, 0.75, 8, 2.5], "rotation": 90, "texture": "#1"},
				"up": {"uv": [9.5, 2.25, 10.5, 4], "rotation": 180, "texture": "#1"}
			}
		},
		{
			"from": [25, 0, 3],
			"to": [29, 1, 7],
			"rotation": {"angle": 0, "axis": "x", "origin": [21, 8.05112, -11.61732]},
			"faces": {
				"north": {"uv": [10.75, 2, 11.75, 2.25], "rotation": 180, "texture": "#1"},
				"east": {"uv": [10.25, 1.75, 10.5, 2.75], "rotation": 270, "texture": "#1"},
				"south": {"uv": [10.75, 2, 11.75, 2.25], "texture": "#1"},
				"west": {"uv": [10.25, 1.75, 10.5, 2.75], "rotation": 90, "texture": "#1"},
				"up": {"uv": [9.5, 4, 10.5, 5], "rotation": 180, "texture": "#1"}
			}
		},
		{
			"from": [-11, 1, 7],
			"to": [-9, 2, 9],
			"rotation": {"angle": 0, "axis": "x", "origin": [-16, 9.07612, -9.61732]},
			"faces": {
				"north": {"uv": [15.25, 2.75, 15.75, 3], "rotation": 180, "texture": "#1"},
				"east": {"uv": [15.25, 2.75, 15.75, 3], "texture": "#1"},
				"south": {"uv": [15.25, 2.75, 15.75, 3], "texture": "#1"},
				"west": {"uv": [15.25, 2.75, 15.75, 3], "texture": "#1"},
				"up": {"uv": [15.25, 2.25, 15.75, 2.75], "rotation": 180, "texture": "#1"}
			}
		},
		{
			"from": [-11, 1, 4],
			"to": [-9, 2, 6],
			"rotation": {"angle": 0, "axis": "x", "origin": [-16, 10.05112, -12.61732]},
			"faces": {
				"north": {"uv": [15.25, 3.5, 15.75, 3.75], "rotation": 180, "texture": "#1"},
				"east": {"uv": [15.25, 3.5, 15.75, 3.75], "texture": "#1"},
				"south": {"uv": [15.25, 3.5, 15.75, 3.75], "texture": "#1"},
				"west": {"uv": [15.25, 3.5, 15.75, 3.75], "texture": "#1"},
				"up": {"uv": [15.25, 3, 15.75, 3.5], "rotation": 180, "texture": "#1"}
			}
		},
		{
			"from": [26, 1, 4],
			"to": [28, 2, 6],
			"rotation": {"angle": 0, "axis": "x", "origin": [21, 10.05112, -12.61732]},
			"faces": {
				"north": {"uv": [9.5, 4.5, 9, 4.75], "rotation": 180, "texture": "#1"},
				"east": {"uv": [9, 4.5, 9.5, 4.75], "rotation": 180, "texture": "#1"},
				"south": {"uv": [9, 4.5, 9.5, 4.75], "texture": "#1"},
				"west": {"uv": [9, 4.5, 9.5, 4.75], "rotation": 180, "texture": "#1"},
				"up": {"uv": [9, 4, 9.5, 4.5], "rotation": 180, "texture": "#1"}
			}
		},
		{
			"from": [-15, 0, 12],
			"to": [-13, 4, 16],
			"rotation": {"angle": 0, "axis": "x", "origin": [-18, 8.05112, -1.61732]},
			"faces": {
				"west": {"uv": [6.5, 4.75, 7.5, 5.75], "rotation": 90, "texture": "#1"},
				"up": {"uv": [7, 5.75, 6.5, 4.75], "rotation": 180, "texture": "#1"}
			}
		},
		{
			"from": [-13, 0, 14],
			"to": [-11, 4, 16],
			"rotation": {"angle": 0, "axis": "x", "origin": [-16, 8.07612, 0.38268]},
			"faces": {
				"east": {"uv": [6.5, 4.5, 7.5, 5], "rotation": 90, "texture": "#1"},
				"up": {"uv": [6.5, 5, 7, 5.5], "rotation": 180, "texture": "#1"}
			}
		},
		{
			"from": [-2.49142, 0.001, 11.8681],
			"to": [-0.49342, 3.999, 14.6911],
			"rotation": {"angle": -45, "axis": "y", "origin": [-5.49242, 8.05112, -1.75022]},
			"faces": {
				"west": {"uv": [6.5, 5.25, 7.5, 6], "rotation": 90, "texture": "#1"},
				"up": {"uv": [7.2, 7.25, 6.5, 8], "rotation": 180, "texture": "#1"}
			}
		},
		{
			"from": [16, 7, 15],
			"to": [28, 11, 16],
			"rotation": {"angle": 0, "axis": "x", "origin": [12, 14, -1]},
			"faces": {
				"north": {"uv": [6.5, 5.25, 7.5, 8.25], "rotation": 90, "texture": "#1"},
				"east": {"uv": [6.5, 7, 6.75, 8], "texture": "#1"},
				"up": {"uv": [6.5, 8.25, 6.75, 5.25], "rotation": 90, "texture": "#1"},
				"down": {"uv": [7.25, 8.25, 7.5, 5.25], "rotation": 90, "texture": "#1"}
			}
		},
		{
			"from": [16.001, 20.90392, 19.92993],
			"to": [19.999, 23.72692, 21.92793],
			"rotation": {"angle": 45, "axis": "x", "origin": [12, 27.72792, 5.92893]},
			"faces": {
				"north": {"uv": [6.5, 4.5, 7.5, 5.25], "rotation": 180, "texture": "#1"},
				"east": {"uv": [7.2, 4.5, 6.5, 5.25], "texture": "#1"},
				"west": {"uv": [6.5, 4.5, 7.2, 5.25], "texture": "#1"}
			}
		},
		{
			"from": [16, 11, 11],
			"to": [20, 13, 13],
			"rotation": {"angle": 0, "axis": "x", "origin": [12, 19, -3]},
			"faces": {
				"north": {"uv": [6.5, 4.5, 7.5, 5], "rotation": 180, "texture": "#1"},
				"east": {"uv": [7, 5.5, 7.5, 5], "texture": "#1"},
				"west": {"uv": [6.5, 5, 7, 5.5], "texture": "#1"}
			}
		},
		{
			"from": [16, 11, 13],
			"to": [20, 15, 16],
			"rotation": {"angle": 0, "axis": "x", "origin": [12, 19, -1]},
			"faces": {
				"east": {"uv": [6.5, 8, 7.5, 7.25], "rotation": 90, "texture": "#1"},
				"west": {"uv": [6.5, 7.25, 7.5, 8], "rotation": 90, "texture": "#1"},
				"up": {"uv": [6.5, 5.25, 7.5, 6], "rotation": 180, "texture": "#1"},
				"down": {"uv": [6.5, 4.5, 7.5, 5.25], "texture": "#1"}
			}
		},
		{
			"from": [16, 6, 11],
			"to": [20, 11, 15],
			"rotation": {"angle": 0, "axis": "x", "origin": [12, 15, -2]},
			"faces": {
				"north": {"uv": [6.5, 4.25, 7.5, 5.5], "rotation": 180, "texture": "#1"},
				"east": {"uv": [6.5, 5.5, 7.5, 4.25], "texture": "#1"},
				"south": {"uv": [6.5, 4.25, 7.5, 5.5], "texture": "#1"},
				"west": {"uv": [6.5, 4.25, 7.5, 5.5], "texture": "#1"}
			}
		},
		{
			"from": [24, 7, 12],
			"to": [28, 11, 15],
			"rotation": {"angle": 0, "axis": "x", "origin": [20, 15, -2]},
			"faces": {
				"east": {"uv": [6.5, 8, 7.5, 7.25], "rotation": 90, "texture": "#1"},
				"west": {"uv": [6.5, 7.25, 7.5, 8], "rotation": 90, "texture": "#1"},
				"up": {"uv": [6.5, 4.5, 7.5, 5.25], "rotation": 180, "texture": "#1"},
				"down": {"uv": [6.5, 4.5, 7.5, 5.25], "texture": "#1"}
			}
		},
		{
			"from": [24.001, 16.90392, 18.92993],
			"to": [27.999, 19.72692, 20.92793],
			"rotation": {"angle": 45, "axis": "x", "origin": [20, 23.72792, 4.92893]},
			"faces": {
				"north": {"uv": [6.5, 5.25, 7.5, 6], "rotation": 180, "texture": "#1"},
				"east": {"uv": [7.2, 4.5, 6.5, 5.25], "texture": "#1"},
				"west": {"uv": [6.5, 4.5, 7.2, 5.25], "texture": "#1"}
			}
		},
		{
			"from": [24, 7, 10],
			"to": [28, 9, 12],
			"rotation": {"angle": 0, "axis": "x", "origin": [20, 15, -4]},
			"faces": {
				"north": {"uv": [6.5, 4.5, 7.5, 5], "rotation": 180, "texture": "#1"},
				"east": {"uv": [7, 5.5, 7.5, 5], "texture": "#1"},
				"west": {"uv": [6.5, 5, 7, 5.5], "texture": "#1"}
			}
		},
		{
			"from": [24, 2, 10],
			"to": [28, 7, 14],
			"rotation": {"angle": 0, "axis": "x", "origin": [20, 11, -3]},
			"faces": {
				"north": {"uv": [6.5, 4.25, 7.5, 5.5], "rotation": 180, "texture": "#1"},
				"east": {"uv": [6.5, 5.5, 7.5, 4.25], "texture": "#1"},
				"south": {"uv": [6.5, 4.25, 7.5, 5.5], "texture": "#1"},
				"west": {"uv": [6.5, 4.25, 7.5, 5.5], "texture": "#1"}
			}
		},
		{
			"from": [24, 0, 8],
			"to": [29, 2, 16],
			"rotation": {"angle": 0, "axis": "x", "origin": [20, 9, -3]},
			"faces": {
				"north": {"uv": [4.75, 4.75, 6, 4.25], "rotation": 180, "texture": "#1"},
				"east": {"uv": [5.25, 4.25, 4.75, 6.25], "rotation": 270, "texture": "#1"},
				"up": {"uv": [4.75, 6.5, 6, 8.5], "rotation": 180, "texture": "#1"}
			}
		},
		{
			"from": [3, 6.07612, 10.38268],
			"to": [7, 12.07612, 14.88268],
			"rotation": {"angle": 0, "axis": "x", "origin": [-1, 18.07612, -1.61732]},
			"faces": {
				"north": {"uv": [6.5, 4.25, 7.5, 5.75], "rotation": 180, "texture": "#1"},
				"south": {"uv": [6.5, 4.25, 7.5, 5.75], "texture": "#1"},
				"west": {"uv": [6.5, 4.5, 7.5, 6], "texture": "#1"}
			}
		},
		{
			"from": [5, 12.07612, 10.38268],
			"to": [7, 14.07612, 14.88268],
			"rotation": {"angle": 0, "axis": "x", "origin": [-1, 26.07612, -1.61732]},
			"faces": {
				"north": {"uv": [6.5, 5.125, 7, 5.625], "rotation": 90, "texture": "#1"},
				"south": {"uv": [7, 5.125, 7.5, 5.625], "rotation": 270, "texture": "#1"},
				"up": {"uv": [6.5, 4.5, 7.5, 5], "rotation": 90, "texture": "#1"}
			}
		},
		{
			"from": [15.24364, 11.98004, 10.38368],
			"to": [17.24164, 14.80304, 14.88168],
			"rotation": {"angle": -45, "axis": "z", "origin": [9.24264, 26.80404, -1.61732]},
			"faces": {
				"north": {"uv": [6.5, 5, 6.91875, 5.75625], "rotation": 180, "texture": "#1"},
				"south": {"uv": [6.5, 5, 7, 5.70625], "texture": "#1"},
				"west": {"uv": [6.5, 5, 7.5, 5.75], "texture": "#1"}
			}
		},
		{
			"from": [21.001, 4.01265, -0.26657],
			"to": [17.999, 3.01065, -3.26857],
			"rotation": {"angle": -45, "axis": "x", "origin": [21, 4.01165, -0.26757]},
			"faces": {
				"north": {"uv": [0, 9, 3, 10], "texture": "#2"},
				"east": {"uv": [2, 9, 3, 12], "rotation": 90, "texture": "#2"},
				"south": {"uv": [0, 11, 3, 12], "texture": "#2"},
				"west": {"uv": [0, 9, 1, 12], "rotation": 90, "texture": "#2"},
				"up": {"uv": [0, 9, 3, 12], "texture": "#2"}
			}
		},
		{
			"from": [17.001, 4.01265, -0.26657],
			"to": [13.999, 3.01065, -3.26857],
			"rotation": {"angle": -45, "axis": "x", "origin": [17, 4.01165, -0.26757]},
			"faces": {
				"north": {"uv": [3, 9, 6, 10], "texture": "#2"},
				"east": {"uv": [5, 9, 6, 12], "rotation": 90, "texture": "#2"},
				"south": {"uv": [3, 11, 6, 12], "texture": "#2"},
				"west": {"uv": [3, 9, 4, 12], "rotation": 90, "texture": "#2"},
				"up": {"uv": [3, 9, 6, 12], "texture": "#2"}
			}
		},
		{
			"from": [13.001, 4.01265, -0.26657],
			"to": [9.999, 3.01065, -3.26857],
			"rotation": {"angle": -45, "axis": "x", "origin": [13, 4.01165, -0.26757]},
			"faces": {
				"north": {"uv": [6, 9, 9, 10], "texture": "#2"},
				"east": {"uv": [8, 9, 9, 12], "rotation": 90, "texture": "#2"},
				"south": {"uv": [6, 11, 9, 12], "texture": "#2"},
				"west": {"uv": [6, 9, 7, 12], "rotation": 90, "texture": "#2"},
				"up": {"uv": [6, 9, 9, 12], "texture": "#2"}
			}
		},
		{
			"from": [9.001, 4.01265, -0.26657],
			"to": [5.999, 3.01065, -3.26857],
			"rotation": {"angle": -45, "axis": "x", "origin": [9, 4.01165, -0.26757]},
			"faces": {
				"north": {"uv": [9, 9, 12, 10], "texture": "#2"},
				"east": {"uv": [11, 9, 12, 12], "rotation": 90, "texture": "#2"},
				"south": {"uv": [9, 11, 12, 12], "texture": "#2"},
				"west": {"uv": [9, 9, 10, 12], "rotation": 90, "texture": "#2"},
				"up": {"uv": [9, 9, 12, 12], "texture": "#2"}
			}
		},
		{
			"from": [5.001, 4.01265, -0.26657],
			"to": [1.999, 3.01065, -3.26857],
			"rotation": {"angle": -45, "axis": "x", "origin": [5, 4.01165, -0.26757]},
			"faces": {
				"north": {"uv": [12, 9, 15, 10], "texture": "#2"},
				"east": {"uv": [14, 9, 15, 12], "rotation": 90, "texture": "#2"},
				"south": {"uv": [12, 11, 15, 12], "texture": "#2"},
				"west": {"uv": [12, 9, 13, 12], "rotation": 90, "texture": "#2"},
				"up": {"uv": [12, 9, 15, 12], "texture": "#2"}
			}
		},
		{
			"from": [21.001, 6.84108, 2.56185],
			"to": [17.999, 5.83908, -0.44015],
			"rotation": {"angle": -45, "axis": "x", "origin": [21, 6.84008, 2.56085]},
			"faces": {
				"north": {"uv": [0, 6, 3, 7], "texture": "#2"},
				"east": {"uv": [2, 6, 3, 9], "rotation": 90, "texture": "#2"},
				"south": {"uv": [0, 8, 3, 9], "texture": "#2"},
				"west": {"uv": [0, 6, 1, 9], "rotation": 90, "texture": "#2"},
				"up": {"uv": [0, 6, 3, 9], "texture": "#2"}
			}
		},
		{
			"from": [17.001, 6.84108, 2.56185],
			"to": [13.999, 5.83908, -0.44015],
			"rotation": {"angle": -45, "axis": "x", "origin": [17, 6.84008, 2.56085]},
			"faces": {
				"north": {"uv": [3, 6, 6, 7], "texture": "#2"},
				"east": {"uv": [5, 6, 6, 9], "rotation": 90, "texture": "#2"},
				"south": {"uv": [3, 8, 6, 9], "texture": "#2"},
				"west": {"uv": [3, 6, 4, 9], "rotation": 90, "texture": "#2"},
				"up": {"uv": [3, 6, 6, 9], "texture": "#2"}
			}
		},
		{
			"from": [13.001, 6.84108, 2.56185],
			"to": [9.999, 5.83908, -0.44015],
			"rotation": {"angle": -45, "axis": "x", "origin": [13, 6.84008, 2.56085]},
			"faces": {
				"north": {"uv": [6, 6, 9, 7], "texture": "#2"},
				"east": {"uv": [8, 6, 9, 9], "rotation": 90, "texture": "#2"},
				"south": {"uv": [6, 8, 9, 9], "texture": "#2"},
				"west": {"uv": [6, 6, 7, 9], "rotation": 90, "texture": "#2"},
				"up": {"uv": [6, 6, 9, 9], "texture": "#2"}
			}
		},
		{
			"from": [9.001, 6.84108, 2.56185],
			"to": [5.999, 5.83908, -0.44015],
			"rotation": {"angle": -45, "axis": "x", "origin": [9, 6.84008, 2.56085]},
			"faces": {
				"north": {"uv": [9, 6, 12, 7], "texture": "#2"},
				"east": {"uv": [11, 6, 12, 9], "rotation": 90, "texture": "#2"},
				"south": {"uv": [9, 8, 12, 9], "texture": "#2"},
				"west": {"uv": [9, 6, 10, 9], "rotation": 90, "texture": "#2"},
				"up": {"uv": [9, 6, 12, 9], "texture": "#2"}
			}
		},
		{
			"from": [5.001, 6.84108, 2.56185],
			"to": [1.999, 5.83908, -0.44015],
			"rotation": {"angle": -45, "axis": "x", "origin": [5, 6.84008, 2.56085]},
			"faces": {
				"north": {"uv": [12, 6, 15, 7], "texture": "#2"},
				"east": {"uv": [14, 6, 15, 9], "rotation": 90, "texture": "#2"},
				"south": {"uv": [12, 8, 15, 9], "texture": "#2"},
				"west": {"uv": [12, 6, 13, 9], "rotation": 90, "texture": "#2"},
				"up": {"uv": [12, 6, 15, 9], "texture": "#2"}
			}
		},
		{
			"from": [21.001, 9.66951, 5.39028],
			"to": [17.999, 8.66751, 2.38828],
			"rotation": {"angle": -45, "axis": "x", "origin": [21, 9.66851, 5.38928]},
			"faces": {
				"north": {"uv": [0, 3, 3, 4], "texture": "#2"},
				"east": {"uv": [2, 3, 3, 6], "rotation": 90, "texture": "#2"},
				"south": {"uv": [0, 5, 3, 6], "texture": "#2"},
				"west": {"uv": [0, 3, 1, 6], "rotation": 90, "texture": "#2"},
				"up": {"uv": [0, 3, 3, 6], "texture": "#2"}
			}
		},
		{
			"from": [17.001, 9.66951, 5.39028],
			"to": [13.999, 8.66751, 2.38828],
			"rotation": {"angle": -45, "axis": "x", "origin": [17, 9.66851, 5.38928]},
			"faces": {
				"north": {"uv": [3, 3, 6, 4], "texture": "#2"},
				"east": {"uv": [5, 3, 6, 6], "rotation": 90, "texture": "#2"},
				"south": {"uv": [3, 5, 6, 6], "texture": "#2"},
				"west": {"uv": [3, 3, 4, 6], "rotation": 90, "texture": "#2"},
				"up": {"uv": [3, 3, 6, 6], "texture": "#2"}
			}
		},
		{
			"from": [13.001, 9.66951, 5.39028],
			"to": [9.999, 8.66751, 2.38828],
			"rotation": {"angle": -45, "axis": "x", "origin": [13, 9.66851, 5.38928]},
			"faces": {
				"north": {"uv": [6, 3, 9, 4], "texture": "#2"},
				"east": {"uv": [8, 3, 9, 6], "rotation": 90, "texture": "#2"},
				"south": {"uv": [6, 5, 9, 6], "texture": "#2"},
				"west": {"uv": [6, 3, 7, 6], "rotation": 90, "texture": "#2"},
				"up": {"uv": [6, 3, 9, 6], "texture": "#2"}
			}
		},
		{
			"from": [9.001, 9.66951, 5.39028],
			"to": [5.999, 8.66751, 2.38828],
			"rotation": {"angle": -45, "axis": "x", "origin": [9, 9.66851, 5.38928]},
			"faces": {
				"north": {"uv": [9, 3, 12, 4], "texture": "#2"},
				"east": {"uv": [11, 3, 12, 6], "rotation": 90, "texture": "#2"},
				"south": {"uv": [9, 5, 12, 6], "texture": "#2"},
				"west": {"uv": [9, 3, 10, 6], "rotation": 90, "texture": "#2"},
				"up": {"uv": [9, 3, 12, 6], "texture": "#2"}
			}
		},
		{
			"from": [5.001, 9.66951, 5.39028],
			"to": [1.999, 8.66751, 2.38828],
			"rotation": {"angle": -45, "axis": "x", "origin": [5, 9.66851, 5.38928]},
			"faces": {
				"north": {"uv": [12, 3, 15, 4], "texture": "#2"},
				"east": {"uv": [14, 3, 15, 6], "rotation": 90, "texture": "#2"},
				"south": {"uv": [12, 5, 15, 6], "texture": "#2"},
				"west": {"uv": [12, 3, 13, 6], "rotation": 90, "texture": "#2"},
				"up": {"uv": [12, 3, 15, 6], "texture": "#2"}
			}
		},
		{
			"from": [21.001, 12.49794, 8.21871],
			"to": [17.999, 11.49594, 5.21671],
			"rotation": {"angle": -45, "axis": "x", "origin": [21, 12.49694, 8.21771]},
			"faces": {
				"north": {"uv": [0, 0, 3, 1], "texture": "#2"},
				"east": {"uv": [2, 0, 3, 3], "rotation": 90, "texture": "#2"},
				"south": {"uv": [0, 2, 3, 3], "texture": "#2"},
				"west": {"uv": [0, 0, 1, 3], "rotation": 90, "texture": "#2"},
				"up": {"uv": [0, 0, 3, 3], "texture": "#2"}
			}
		},
		{
			"from": [17.001, 12.49794, 8.21871],
			"to": [13.999, 11.49594, 5.21671],
			"rotation": {"angle": -45, "axis": "x", "origin": [17, 12.49694, 8.21771]},
			"faces": {
				"north": {"uv": [3, 0, 6, 1], "texture": "#2"},
				"east": {"uv": [5, 0, 6, 3], "rotation": 90, "texture": "#2"},
				"south": {"uv": [3, 2, 6, 3], "texture": "#2"},
				"west": {"uv": [3, 0, 4, 3], "rotation": 90, "texture": "#2"},
				"up": {"uv": [3, 0, 6, 3], "texture": "#2"}
			}
		},
		{
			"from": [13.001, 12.49794, 8.21871],
			"to": [9.999, 11.49594, 5.21671],
			"rotation": {"angle": -45, "axis": "x", "origin": [13, 12.49694, 8.21771]},
			"faces": {
				"north": {"uv": [6, 0, 9, 1], "texture": "#2"},
				"east": {"uv": [8, 0, 9, 3], "rotation": 90, "texture": "#2"},
				"south": {"uv": [6, 2, 9, 3], "texture": "#2"},
				"west": {"uv": [6, 0, 7, 3], "rotation": 90, "texture": "#2"},
				"up": {"uv": [6, 0, 9, 3], "texture": "#2"}
			}
		},
		{
			"from": [9.001, 12.49794, 8.21871],
			"to": [5.999, 11.49594, 5.21671],
			"rotation": {"angle": -45, "axis": "x", "origin": [9, 12.49694, 8.21771]},
			"faces": {
				"north": {"uv": [9, 0, 12, 1], "texture": "#2"},
				"east": {"uv": [11, 0, 12, 3], "rotation": 90, "texture": "#2"},
				"south": {"uv": [9, 2, 12, 3], "texture": "#2"},
				"west": {"uv": [9, 0, 10, 3], "rotation": 90, "texture": "#2"},
				"up": {"uv": [9, 0, 12, 3], "texture": "#2"}
			}
		},
		{
			"from": [5.001, 12.49794, 8.21871],
			"to": [1.999, 11.49594, 5.21671],
			"rotation": {"angle": -45, "axis": "x", "origin": [5, 12.49694, 8.21771]},
			"faces": {
				"north": {"uv": [12, 0, 15, 1], "texture": "#2"},
				"east": {"uv": [14, 0, 15, 3], "rotation": 90, "texture": "#2"},
				"south": {"uv": [12, 2, 15, 3], "texture": "#2"},
				"west": {"uv": [12, 0, 13, 3], "rotation": 90, "texture": "#2"},
				"up": {"uv": [12, 0, 15, 3], "texture": "#2"}
			}
		},
		{
			"from": [24, -16, 0],
			"to": [32, -7, 5],
			"rotation": {"angle": 0, "axis": "y", "origin": [0, -16, 13]},
			"faces": {
				"north": {"uv": [11.5, 0, 13.5, 2.25], "texture": "#1"},
				"east": {"uv": [12.75, 0, 11.5, 2.25], "texture": "#1"},
				"up": {"uv": [11.5, 0, 12.75, 2], "rotation": 90, "texture": "#1"}
			}
		},
		{
			"from": [-16, -16, 0],
			"to": [-8, -7, 5],
			"rotation": {"angle": 0, "axis": "y", "origin": [16, -16, 13]},
			"faces": {
				"north": {"uv": [13.5, 0, 11.5, 2.25], "texture": "#1"},
				"west": {"uv": [11.5, 0, 12.75, 2.25], "texture": "#1"},
				"up": {"uv": [11.5, 2, 12.75, 0], "rotation": 90, "texture": "#1"}
			}
		}
	],
	"display": {
		"fixed": {
			"rotation": [-90, 0, 0],
			"translation": [-32, 0, -48],
			"scale": [2, 2, 2]
		}
	},
	"groups": [
		0,
		1,
		2,
		3,
		4,
		5,
		6,
		7,
		8,
		9,
		10,
		11,
		12,
		13,
		14,
		15,
		16,
		17,
		18,
		19,
		20,
		21,
		22,
		23,
		24,
		25,
		26,
		27,
		28,
		29,
		30,
		31,
		32,
		33,
		34,
		35,
		36,
		37,
		38,
		39,
		40,
		41,
		42,
		43,
		44,
		45,
		46,
		{
			"name": "group",
			"origin": [-6, 2.07612, -17.61732],
			"color": 0,
			"children": []
		},
		{
			"name": "group",
			"origin": [21, 11.09694, -0.18229],
			"color": 0,
			"children": [47, 48, 49, 50, 51, 52, 53, 54, 55, 56, 57, 58, 59, 60, 61, 62, 63, 64, 65, 66]
		},
		{
			"name": "group",
			"origin": [-5, -2.90711, 23.70711],
			"color": 0,
			"children": []
		},
		67,
		68
	]
}