{
    "providers": [
        {
            "type": "bitmap",
            "file": "minecraft:font_custom/box_font.png",
            "ascent": 7,
            "height": 8,
            "chars": [
                "\ue000\ue001\ue002\ue003\ue004\ue005\ue006\ue007\ue008\ue009\ue012\ue013\ue014\ue015\ue016\ue017",
                "\ue101\ue102\ue103\ue104\ue105\ue106\ue107\ue108\ue109\ue110\ue111\ue112\ue113\ue114\ue115\ue116",
                "\ue117\ue118\ue119\ue120\ue121\ue122\ue123\ue124\ue125\ue126\ue010\ue011\ue00a\ue00b\ue00c\ue00d"
            ]
        },
        {
            "type": "bitmap",
            "file": "minecraft:font_custom/badges_staff.png",
            "ascent": 7,
            "height": 8,
            "chars": [
                "\ue901\ue902\ue903\ue904"
            ]
        },
        {
            "type": "bitmap",
            "file": "minecraft:font_custom/badges_supporter.png",
            "ascent": 7,
            "height": 8,
            "chars": [
                "\ue910\ue911\ue912\ue913\ue914\ue915\ue916"
            ]
        },
        {
            "type": "bitmap",
            "file": "minecraft:font_custom/images_wooden.png",
            "ascent": 30,
            "height": 56,
            "chars": [
                "\uee10\uee11\uee12\uee13\uee14\uee15\uee16\uee17",
                "\uee18\uee19\uee1a\uee1b\uee1c\uee1d\uee1e\uee1f"
            ]
        },
        {
            "type": "bitmap",
            "file": "minecraft:font_custom/images_copper.png",
            "ascent": 46,
            "height": 88,
            "chars": [
                "\uee20\uee21\uee22\uee23\uee24\uee25\uee26\uee27",
                "\uee28\uee29\uee2a\uee2b\uee2c\uee2d\uee2e\uee2f"
            ]
        },
        {
            "type": "bitmap",
            "file": "minecraft:font_custom/badges_basic.png",
            "ascent": 7,
            "height": 8,
            "chars": [
                "\ue920\ue921\ue922"
            ]
        },
        {
            "type": "bitmap",
            "file": "minecraft:font_custom/icons_combat.png",
            "ascent": 8,
            "height": 9,
            "chars": [
                "\ued00\ued01\ued02\ued03\ued04\ued05\ued06\ued07",
                "\ued08\ued09\ued0a\ued0b\ued0c\ued0d\ued0e\ued0f"
            ]
        },
        {
            "type": "bitmap",
            "file": "minecraft:font_custom/icons_magic.png",
            "ascent": 13,
            "height": 14,
            "chars": [
                "\uec00\uec01\uec02\uec03\uec04\uec05",
                "\uec06\uec07\uec08\uec09\uec0a\uec0b"
            ]
        },
        {
            "type": "bitmap",
            "file": "minecraft:font_custom/npcs.png",
            "ascent": 4,
            "height": 80,
            "chars": [
                "\uea01\uea02\uea03\uea04"
            ]
        },
        {
            "type": "bitmap",
            "file": "minecraft:font_custom/npc_chat.png",
            "ascent": 8,
            "height": 9,
            "chars": [
                "\uea00"
            ]
        },
        {
            "type": "bitmap",
            "file": "minecraft:font_custom/bossbar_ggolem.png",
            "ascent": 0,
            "height": 15,
            "chars": [
                "\uef0a",
                "\uef0b"
            ]
        },
        {
            "type": "bitmap",
            "file": "minecraft:font_custom/tooltip_bone.png",
            "ascent": 27,
            "height": 32,
            "chars": [
                "\uee01"
            ]
        },
        {
            "type": "bitmap",
            "file": "minecraft:font_custom/image_box.png",
            "ascent": 14,
            "height": 24,
            "chars": [
                "\uee03"
            ]
        },
        {
            "type": "bitmap",
            "file": "minecraft:font_custom/server_select.png",
            "ascent": 13,
            "height": 256,
            "chars": [
                "\uef01"
            ]
        },
        {
            "type": "bitmap",
            "file": "minecraft:font_custom/map_back.png",
            "ascent": 23,
            "height": 160,
            "chars": [
                "\uef02"
            ]
        },
        {
            "type": "bitmap",
            "file": "minecraft:font_custom/ui_hoh.png",
            "ascent": 32,
            "height": 256,
            "chars": [
                "\uef03"
            ]
        },
        {
            "type": "bitmap",
            "file": "minecraft:font_custom/black_screen.png",
            "ascent": 1000,
            "height": 2048,
            "chars": [
                "\ueeee"
            ]
        },
        {
            "type": "bitmap",
            "file": "minecraft:font_custom/ink_screen.png",
            "ascent": 80,
            "height": 156,
            "chars": [
                "\ueeef"
            ]
        },
        {
            "type": "bitmap",
            "file": "minecraft:font_custom/party_ally.png",
            "ascent": 8,
            "height": 9,
            "chars": [
                "\ue011"
            ]
        },
        {
            "type": "ttf",
            "file": "minecraft:negative_spaces.ttf",
            "shift": [
                0.0,
                0.0
            ],
            "size": 10.0,
            "oversample": 1.0
        }
    ]
}