{
	"credit": "Made with Blockbench",
	"textures": {
		"1": "item/interactable/cafting_station_1_1",
		"particle": "item/interactable/cafting_station_1_1"
	},
	"elements": [
		{
			"from": [-16, 12, 0],
			"to": [16, 16, 16],
			"faces": {
				"north": {"uv": [8, 0, 16, 2], "texture": "#1"},
				"east": {"uv": [8, 2, 12, 4], "texture": "#1"},
				"south": {"uv": [8, 0, 16, 2], "texture": "#1"},
				"west": {"uv": [8, 2, 12, 4], "texture": "#1"},
				"up": {"uv": [0, 0, 8, 8], "texture": "#1"},
				"down": {"uv": [0, 8, 8, 16], "texture": "#1"}
			}
		},
		{
			"from": [12, 0, 12],
			"to": [15, 12, 15],
			"faces": {
				"north": {"uv": [9.5, 7, 10.25, 13], "texture": "#1"},
				"east": {"uv": [9.5, 7, 10.25, 13], "texture": "#1"},
				"south": {"uv": [9.5, 7, 10.25, 13], "texture": "#1"},
				"west": {"uv": [9.5, 7, 10.25, 13], "texture": "#1"},
				"down": {"uv": [9.5, 11.5, 10.25, 13], "texture": "#1"}
			}
		},
		{
			"from": [12, 0, 1],
			"to": [15, 12, 4],
			"faces": {
				"north": {"uv": [8, 7, 8.75, 13], "texture": "#1"},
				"east": {"uv": [8, 7, 8.75, 13], "texture": "#1"},
				"south": {"uv": [8, 7, 8.75, 13], "texture": "#1"},
				"west": {"uv": [8, 7, 8.75, 13], "texture": "#1"},
				"down": {"uv": [8, 11.5, 8.75, 13], "texture": "#1"}
			}
		},
		{
			"from": [-15, 0, 12],
			"to": [-12, 12, 15],
			"faces": {
				"north": {"uv": [10.25, 7, 11, 13], "texture": "#1"},
				"east": {"uv": [10.25, 7, 11, 13], "texture": "#1"},
				"south": {"uv": [10.25, 7, 11, 13], "texture": "#1"},
				"west": {"uv": [10.25, 7, 11, 13], "texture": "#1"},
				"down": {"uv": [10.25, 11.5, 11, 13], "texture": "#1"}
			}
		},
		{
			"from": [-15, 0, 1],
			"to": [-12, 12, 4],
			"faces": {
				"north": {"uv": [8.75, 7, 9.5, 13], "texture": "#1"},
				"east": {"uv": [8.75, 7, 9.5, 13], "texture": "#1"},
				"south": {"uv": [8.75, 7, 9.5, 13], "texture": "#1"},
				"west": {"uv": [8.75, 7, 9.5, 13], "texture": "#1"},
				"down": {"uv": [8.75, 11.5, 9.5, 13], "texture": "#1"}
			}
		},
		{
			"from": [-14, 4, 4],
			"to": [-13, 6, 12],
			"faces": {
				"east": {"uv": [10, 5, 8, 6], "texture": "#1"},
				"west": {"uv": [8, 5, 10, 6], "texture": "#1"},
				"up": {"uv": [8, 5, 10, 5.5], "rotation": 90, "texture": "#1"},
				"down": {"uv": [10, 5.5, 8, 6], "rotation": 90, "texture": "#1"}
			}
		},
		{
			"from": [13, 4, 4],
			"to": [14, 6, 12],
			"faces": {
				"east": {"uv": [10, 6, 8, 7], "texture": "#1"},
				"west": {"uv": [8, 6, 10, 7], "texture": "#1"},
				"up": {"uv": [8, 6, 10, 6.5], "rotation": 90, "texture": "#1"},
				"down": {"uv": [10, 6.5, 8, 7], "rotation": 90, "texture": "#1"}
			}
		},
		{
			"from": [-12, 2, 13],
			"to": [12, 4, 14],
			"faces": {
				"north": {"uv": [14, 4, 8, 5], "texture": "#1"},
				"south": {"uv": [8, 4, 14, 5], "texture": "#1"},
				"up": {"uv": [8, 4, 14, 4.5], "texture": "#1"},
				"down": {"uv": [8, 4.5, 14, 5], "texture": "#1"}
			}
		}
	],
	"display": {
		"thirdperson_righthand": {
			"rotation": [0, 0, 90],
			"translation": [3.5, 2.75, 2.25],
			"scale": [0.6, 0.6, 0.6]
		},
		"firstperson_righthand": {
			"rotation": [10, 155, 0],
			"translation": [-6, -2, -6],
			"scale": [0.6, 0.6, 0.6]
		},
		"ground": {
			"translation": [4, 2, 0],
			"scale": [0.5, 0.5, 0.5]
		},
		"gui": {
			"rotation": [30, 25, 0],
			"translation": [3.75, 0, 0],
			"scale": [0.5, 0.5, 0.5]
		},
		"fixed": {
			"rotation": [-90, 0, 0],
			"translation": [0, 0, -16],
			"scale": [2, 2, 2]
		}
	}
}