{
	"credit": "Made with Blockbench",
	"textures": {
		"0": "block/command_base_0",
		"1": "block/command_base_1",
		"2": "block/command_screen_green",
		"3": "block/command_base_2",
		"particle": "block/command_base_1"
	},
	"elements": [
		{
			"from": [0, 12, 0],
			"to": [16, 16, 16],
			"rotation": {"angle": 0, "axis": "y", "origin": [0, 16, 0]},
			"faces": {
				"north": {"uv": [0, 12, 16, 16], "texture": "#0"},
				"east": {"uv": [0, 12, 16, 16], "texture": "#0"},
				"south": {"uv": [0, 12, 16, 16], "texture": "#0"},
				"west": {"uv": [0, 12, 16, 16], "texture": "#0"},
				"up": {"uv": [0, 0, 16, 16], "texture": "#1"},
				"down": {"uv": [0, 0, 16, 16], "texture": "#1"}
			}
		},
		{
			"from": [9, 0, 0],
			"to": [16, 1, 16],
			"rotation": {"angle": 0, "axis": "y", "origin": [0, 16, 0]},
			"faces": {
				"north": {"uv": [0, 0, 7, 1], "texture": "#1"},
				"east": {"uv": [0, 0, 16, 1], "texture": "#1"},
				"south": {"uv": [0, 0, 7, 1], "texture": "#1"},
				"west": {"uv": [10, 0, 9, 16], "rotation": 90, "texture": "#3"},
				"up": {"uv": [9, 0, 16, 16], "texture": "#1"},
				"down": {"uv": [9, 0, 16, 16], "texture": "#3"}
			}
		},
		{
			"from": [0, 1, 15],
			"to": [1, 12, 16],
			"rotation": {"angle": 0, "axis": "y", "origin": [0, 16, 0]},
			"faces": {
				"north": {"uv": [0, 0, 1, 11], "texture": "#0"},
				"east": {"uv": [0, 0, 1, 11], "texture": "#0"},
				"south": {"uv": [0, 0, 1, 11], "texture": "#0"},
				"west": {"uv": [0, 0, 1, 11], "texture": "#0"}
			}
		},
		{
			"from": [15, 1, 15],
			"to": [16, 12, 16],
			"rotation": {"angle": 0, "axis": "y", "origin": [0, 16, 0]},
			"faces": {
				"north": {"uv": [0, 0, 1, 11], "texture": "#0"},
				"east": {"uv": [0, 0, 1, 11], "texture": "#0"},
				"south": {"uv": [0, 0, 1, 11], "texture": "#0"},
				"west": {"uv": [0, 0, 1, 11], "texture": "#0"}
			}
		},
		{
			"from": [15, 1, 0],
			"to": [16, 12, 1],
			"rotation": {"angle": 0, "axis": "y", "origin": [0, 16, 0]},
			"faces": {
				"north": {"uv": [0, 0, 1, 11], "texture": "#0"},
				"east": {"uv": [0, 0, 1, 11], "texture": "#0"},
				"south": {"uv": [0, 0, 1, 11], "texture": "#0"},
				"west": {"uv": [0, 0, 1, 11], "texture": "#0"}
			}
		},
		{
			"from": [0, 1, 0],
			"to": [1, 12, 1],
			"rotation": {"angle": 0, "axis": "y", "origin": [0, 16, 0]},
			"faces": {
				"north": {"uv": [0, 0, 1, 11], "texture": "#0"},
				"east": {"uv": [0, 0, 1, 11], "texture": "#0"},
				"south": {"uv": [0, 0, 1, 11], "texture": "#0"},
				"west": {"uv": [0, 0, 1, 11], "texture": "#0"}
			}
		},
		{
			"from": [8, 1, -2],
			"to": [8, 12, 18],
			"rotation": {"angle": 45, "axis": "y", "origin": [8, 16, 8]},
			"faces": {
				"east": {"uv": [1, 1, 15, 12], "texture": "#0"},
				"west": {"uv": [1, 1, 15, 12], "texture": "#0"}
			}
		},
		{
			"from": [-2, 1, 8],
			"to": [18, 12, 8],
			"rotation": {"angle": 45, "axis": "y", "origin": [8, 16, 8]},
			"faces": {
				"north": {"uv": [1, 1, 15, 12], "texture": "#0"},
				"south": {"uv": [1, 1, 15, 12], "texture": "#0"}
			}
		},
		{
			"from": [2, 1, 2],
			"to": [14, 12, 14],
			"rotation": {"angle": 0, "axis": "y", "origin": [0, 16, 0]},
			"faces": {
				"north": {"uv": [2, 0, 14, 11], "texture": "#2"},
				"east": {"uv": [2, 0, 14, 11], "texture": "#2"},
				"south": {"uv": [2, 0, 14, 11], "texture": "#2"},
				"west": {"uv": [2, 0, 14, 11], "texture": "#2"}
			}
		},
		{
			"from": [3, 0.5, 3],
			"to": [9, 0.5, 9],
			"rotation": {"angle": 0, "axis": "y", "origin": [0, 16, 0]},
			"faces": {
				"down": {"uv": [2, 10, 8, 16], "texture": "#2"}
			}
		},
		{
			"from": [0, 0, 0],
			"to": [3, 1, 16],
			"rotation": {"angle": 0, "axis": "y", "origin": [0, 16, 0]},
			"faces": {
				"north": {"uv": [0, 0, 3, 1], "texture": "#1"},
				"east": {"uv": [3, 16, 2, 0], "rotation": 90, "texture": "#3"},
				"south": {"uv": [0, 0, 3, 1], "texture": "#1"},
				"west": {"uv": [0, 0, 16, 1], "texture": "#1"},
				"up": {"uv": [0, 0, 3, 16], "texture": "#1"},
				"down": {"uv": [0, 0, 3, 16], "texture": "#3"}
			}
		},
		{
			"from": [3, 0, 9],
			"to": [9, 1, 16],
			"rotation": {"angle": 0, "axis": "y", "origin": [0, 16, 0]},
			"faces": {
				"north": {"uv": [3, 9, 9, 10], "texture": "#3"},
				"south": {"uv": [3, 0, 9, 1], "texture": "#1"},
				"up": {"uv": [3, 0, 9, 7], "texture": "#1"},
				"down": {"uv": [3, 9, 9, 16], "texture": "#3"}
			}
		},
		{
			"from": [3, 0, 0],
			"to": [9, 1, 3],
			"rotation": {"angle": 0, "axis": "y", "origin": [0, 16, 0]},
			"faces": {
				"north": {"uv": [3, 0, 9, 1], "texture": "#1"},
				"south": {"uv": [3, 2, 9, 3], "texture": "#3"},
				"up": {"uv": [3, 13, 9, 16], "texture": "#1"},
				"down": {"uv": [3, 0, 9, 3], "texture": "#3"}
			}
		}
	]
}