{
	"credit": "Made with Blockbench",
	"textures": {
		"particle": "#wall"
	},
	"elements": [
		{
			"from": [5, 0, 0],
			"to": [11, 14, 8],
			"faces": {
				"north": {"uv": [5, 2, 11, 16], "texture": "#wall", "cullface": "north"},
				"east": {"uv": [8, 2, 16, 16], "texture": "#wall"},
				"south": {"uv": [5, 2, 11, 16], "texture": "#wall"},
				"west": {"uv": [0, 2, 8, 16], "texture": "#wall"},
				"up": {"uv": [5, 0, 11, 8], "texture": "#top"},
				"down": {"uv": [5, 8, 11, 16], "texture": "#top", "cullface": "down"}
			}
		}
	]
}