{"textures":{"0":"modelengine:entity/anchorworm"},"elements":[{"from":[7.5,6.7,8.0],"to":[8.5,6.7,16.0],"faces":{"up":{"uv":[5.5,0.0,6.0,4.0],"tintindex":0,"rotation":0,"texture":"#0"},"down":{"uv":[5.5,0.0,6.0,4.0],"tintindex":0,"rotation":0,"texture":"#0"}}},{"from":[7.5,7.5,14.0],"to":[8.5,8.5,16.0],"faces":{"east":{"uv":[5.0,0.5,5.5,1.5],"tintindex":0,"rotation":90,"texture":"#0"},"north":{"uv":[5.0,0.5,5.5,1.0],"tintindex":0,"rotation":0,"texture":"#0"},"west":{"uv":[5.0,0.5,5.5,1.5],"tintindex":0,"rotation":90,"texture":"#0"},"up":{"uv":[5.0,0.5,5.5,1.5],"tintindex":0,"rotation":0,"texture":"#0"},"down":{"uv":[5.0,0.5,5.5,1.5],"tintindex":0,"rotation":0,"texture":"#0"}}},{"from":[6.68,6.88,11.679999],"to":[9.72,8.92,14.72],"faces":{"east":{"uv":[7.0,1.5,8.0,0.0],"tintindex":0,"rotation":90,"texture":"#0"},"south":{"uv":[8.5,0.0,9.5,1.5],"tintindex":0,"rotation":90,"texture":"#0"},"north":{"uv":[8.5,0.0,9.5,1.5],"tintindex":0,"rotation":90,"texture":"#0"},"west":{"uv":[8.5,0.0,9.5,1.5],"tintindex":0,"rotation":90,"texture":"#0"},"up":{"uv":[8.5,1.5,7.0,0.0],"tintindex":0,"rotation":0,"texture":"#0"},"down":{"uv":[7.0,1.5,8.5,0.0],"tintindex":0,"rotation":180,"texture":"#0"}}},{"from":[5.98,6.48,7.98],"to":[10.02,9.52,16.02],"faces":{"east":{"uv":[11.5,9.0,13.0,13.0],"tintindex":0,"rotation":90,"texture":"#0"},"south":{"uv":[14.0,7.5,16.0,9.0],"tintindex":0,"rotation":0,"texture":"#0"},"north":{"uv":[14.0,7.5,16.0,9.0],"tintindex":0,"rotation":0,"texture":"#0"},"west":{"uv":[11.5,13.0,13.0,9.0],"tintindex":0,"rotation":90,"texture":"#0"},"up":{"uv":[9.5,9.0,11.5,13.0],"tintindex":0,"rotation":0,"texture":"#0"},"down":{"uv":[13.0,9.0,15.0,13.0],"tintindex":0,"rotation":0,"texture":"#0"}}},{"from":[7.5,7.5,8.0],"to":[8.5,8.5,10.7],"faces":{"east":{"uv":[5.0,2.0,5.5,3.35],"tintindex":0,"rotation":90,"texture":"#0"},"south":{"uv":[5.0,2.0,5.5,2.5],"tintindex":0,"rotation":0,"texture":"#0"},"west":{"uv":[5.5,3.35,5.0,2.0],"tintindex":0,"rotation":90,"texture":"#0"},"up":{"uv":[5.0,2.0,5.5,3.35],"tintindex":0,"rotation":0,"texture":"#0"},"down":{"uv":[5.0,2.0,5.5,3.35],"tintindex":0,"rotation":0,"texture":"#0"}}},{"from":[6.28,7.18,12.679999],"to":[8.320001,8.22,15.72],"faces":{"east":{"uv":[6.0,5.0,6.5,6.5],"tintindex":0,"rotation":90,"texture":"#0"},"south":{"uv":[6.0,5.0,7.0,5.5],"tintindex":0,"rotation":0,"texture":"#0"},"north":{"uv":[6.0,5.0,7.0,5.5],"tintindex":0,"rotation":0,"texture":"#0"},"west":{"uv":[6.0,5.0,6.5,6.5],"tintindex":0,"rotation":90,"texture":"#0"},"up":{"uv":[6.0,5.0,7.0,6.5],"tintindex":0,"rotation":0,"texture":"#0"},"down":{"uv":[6.0,5.0,7.0,6.5],"tintindex":0,"rotation":0,"texture":"#0"}}},{"from":[7.68,6.88,9.6449995],"to":[9.72,8.92,11.685],"faces":{"east":{"uv":[7.5,1.5,8.5,2.5],"tintindex":0,"rotation":0,"texture":"#0"},"south":{"uv":[8.0,1.5,9.0,2.5],"tintindex":0,"rotation":0,"texture":"#0"},"north":{"uv":[8.0,1.5,9.0,2.5],"tintindex":0,"rotation":0,"texture":"#0"},"west":{"uv":[9.0,1.5,8.0,2.5],"tintindex":0,"rotation":0,"texture":"#0"},"up":{"uv":[8.0,2.5,7.0,1.5],"tintindex":0,"rotation":0,"texture":"#0"},"down":{"uv":[7.0,1.5,8.0,2.5],"tintindex":0,"rotation":0,"texture":"#0"}}}],"display":{"gui":{"rotation":[30,225,0]}}}