{
	"textures":{
		"0":"item/mailbox/basic",
		"particle":"item/mailbox/basic"
	},
	"elements":[
		{
			"from":[4,23,1],
			"to":[12,28,2],
			"rotation":{"angle":0,"axis":"y","origin":[0,15.9,0]},
			"faces":{
				"north":{"uv":[7.5,9,11.5,11.5],"texture":"#0"},
				"south":{"uv":[7.5,9,11.5,11.5],"texture":"#0"},
				"down":{"uv":[7.5,11,11.5,11.5],"texture":"#0"}
			}
		},
		{
			"from":[5,14.5,-8],
			"to":[11,15.5,-7],
			"rotation":{"angle":-45,"axis":"x","origin":[0,15.5,1]},
			"faces":{
				"north":{"uv":[12.5,7,15.5,7.5],"rotation":180,"texture":"#0"},
				"east":{"uv":[12.5,7,13,7.5],"rotation":90,"texture":"#0"},
				"west":{"uv":[12.5,7,13,7.5],"rotation":270,"texture":"#0"},
				"up":{"uv":[12.5,7,15.5,7.5],"texture":"#0"},
				"down":{"uv":[12.5,7,15.5,7.5],"rotation":180,"texture":"#0"}
			}
		},
		{
			"from":[4,14.5,-6],
			"to":[6,15.5,-5],
			"rotation":{"angle":-45,"axis":"x","origin":[0,15.5,1]},
			"faces":{
				"east":{"uv":[15,8,15.5,8.5],"rotation":90,"texture":"#0"},
				"west":{"uv":[15.5,8,16,8.5],"rotation":270,"texture":"#0"},
				"up":{"uv":[16,8,15,8.5],"texture":"#0"},
				"down":{"uv":[15,8,16,8.5],"rotation":180,"texture":"#0"}
			}
		},
		{
			"from":[10,14.5,-6],
			"to":[12,15.5,-5],
			"rotation":{"angle":-45,"axis":"x","origin":[0,15.5,1]},
			"faces":{
				"east":{"uv":[12,8,12.5,8.5],"rotation":90,"texture":"#0"},
				"west":{"uv":[12.5,8,13,8.5],"rotation":270,"texture":"#0"},
				"up":{"uv":[13,8,12,8.5],"texture":"#0"},
				"down":{"uv":[12,8,13,8.5],"rotation":180,"texture":"#0"}
			}
		},
		{
			"from":[4,14.5,-7],
			"to":[12,15.5,-6],
			"rotation":{"angle":-45,"axis":"x","origin":[0,15.5,1]},
			"faces":{
				"north":{"uv":[12,7.5,16,8],"rotation":180,"texture":"#0"},
				"east":{"uv":[12,7.5,12.5,8],"rotation":90,"texture":"#0"},
				"south":{"uv":[16,7.5,12,8],"texture":"#0"},
				"west":{"uv":[12,7.5,12.5,8],"rotation":270,"texture":"#0"},
				"up":{"uv":[12,7.5,16,8],"texture":"#0"},
				"down":{"uv":[12,7.5,16,8],"rotation":180,"texture":"#0"}
			}
		},
		{
			"from":[4,14.5,-5],
			"to":[12,15.5,1],
			"rotation":{"angle":-45,"axis":"x","origin":[0,15.5,1]},
			"faces":{
				"north":{"uv":[12,8.5,16,9],"rotation":180,"texture":"#0"},
				"east":{"uv":[12,8.5,12.5,11.5],"rotation":90,"texture":"#0"},
				"south":{"uv":[12,8.5,16,9],"texture":"#0"},
				"west":{"uv":[12,8.5,12.5,11.5],"rotation":270,"texture":"#0"},
				"up":{"uv":[12,8.5,16,11.5],"texture":"#0"},
				"down":{"uv":[12,8.5,16,11.5],"rotation":180,"texture":"#0"}
			}
		},
		{
			"from":[-2,18,4],
			"to":[-1,19,12],
			"rotation":{"angle":0,"axis":"y","origin":[0,18.5,0]},
			"faces":{
				"north":{"uv":[9,5,9.5,5.5],"rotation":180,"texture":"#0"},
				"east":{"uv":[9,1.5,9.5,5.5],"rotation":270,"texture":"#0"},
				"south":{"uv":[9,1.5,9.5,2],"texture":"#0"},
				"west":{"uv":[9,1.5,9.5,5.5],"rotation":90,"texture":"#0"},
				"up":{"uv":[9,1.5,9.5,5.5],"rotation":180,"texture":"#0"},
				"down":{"uv":[9,1.5,9.5,5.5],"texture":"#0"}
			}
		},
		{
			"from":[4,16,14],
			"to":[12,28,15],
			"rotation":{"angle":0,"axis":"y","origin":[0,-2.5,0]},
			"faces":{
				"north":{"uv":[7.5,9,11.5,15],"texture":"#0"},
				"south":{"uv":[7.5,9,11.5,15],"texture":"#0"}
			}
		},
		{
			"from":[-1.5,15,9],
			"to":[-1.5,18,12],
			"rotation":{"angle":0,"axis":"y","origin":[0,18.5,0]},
			"faces":{
				"east":{"uv":[10,6,8.5,7.5],"rotation":270,"texture":"#0"},
				"west":{"uv":[8.5,6,10,7.5],"rotation":90,"texture":"#0"}
			}
		},
		{
			"from":[-1,17,3],
			"to":[2,20,6],
			"rotation":{"angle":0,"axis":"y","origin":[0,-2,0]},
			"faces":{
				"north":{"uv":[1.5,7.5,3,9],"texture":"#0"},
				"south":{"uv":[3,7.5,1.5,9],"texture":"#0"},
				"west":{"uv":[3,7.5,4.5,9],"texture":"#0"},
				"up":{"uv":[0,8,1.5,6.5],"rotation":90,"texture":"#0"},
				"down":{"uv":[0,9,1.5,7.5],"rotation":90,"texture":"#0"}
			}
		},
		{
			"from":[2,16,1],
			"to":[4,24,15],
			"rotation":{"angle":0,"axis":"y","origin":[0,-2,0]},
			"faces":{
				"north":{"uv":[7.5,11,6.5,15],"texture":"#0"},
				"east":{"uv":[0,11,7,15],"texture":"#0"},
				"south":{"uv":[6.5,11,7.5,15],"texture":"#0"},
				"west":{"uv":[0,11,7,15],"texture":"#0"}
			}
		},
		{
			"from":[12,16,1],
			"to":[14,24,15],
			"rotation":{"angle":0,"axis":"y","origin":[0,-2,0]},
			"faces":{
				"north":{"uv":[12.5,11,11.5,15],"texture":"#0"},
				"east":{"uv":[0,11,7,15],"texture":"#0"},
				"south":{"uv":[11.5,11,12.5,15],"texture":"#0"},
				"west":{"uv":[0,11,7,15],"texture":"#0"}
			}
		},
		{
			"from":[2,14,1],
			"to":[14,16,15],
			"faces":{
				"north":{"uv":[6.5,15,12.5,16],"texture":"#0"},
				"east":{"uv":[0,15,7,16],"texture":"#0"},
				"south":{"uv":[6.5,15,12.5,16],"texture":"#0"},
				"west":{"uv":[0,15,7,16],"texture":"#0"},
				"up":{"uv":[10,0,16,7],"texture":"#0"},
				"down":{"uv":[10,0,16,7],"texture":"#0"}
			}
		},
		{
			"from":[6,0,6],
			"to":[10,14,10],
			"faces":{
				"north":{"uv":[0,9,7,11],"rotation":90,"texture":"#0"},
				"east":{"uv":[0,9,7,11],"rotation":90,"texture":"#0"},
				"south":{"uv":[0,9,7,11],"rotation":90,"texture":"#0"},
				"west":{"uv":[0,9,7,11],"rotation":90,"texture":"#0"},
				"down":{"uv":[12,2.5,14,4.5],"texture":"#0"}
			}
		},
		{
			"from":[-3,28,-0.5],
			"to":[9,30,16.5],
			"rotation":{"angle":45,"axis":"z","origin":[8,29,0]},
			"faces":{
				"north":{"uv":[9,0,8,6],"rotation":270,"texture":"#0"},
				"east":{"uv":[0,1,8.5,0],"rotation":180,"texture":"#0"},
				"south":{"uv":[8,0,9,6],"rotation":90,"texture":"#0"},
				"west":{"uv":[0,6.5,8.5,5.5],"rotation":180,"texture":"#0"},
				"up":{"uv":[0,0,8.5,6],"rotation":90,"texture":"#0"},
				"down":{"uv":[0,0,8.5,6],"rotation":90,"texture":"#0"}
			}
		},
		{
			"from":[9,28,-0.5],
			"to":[19,30,16.5],
			"rotation":{"angle":-45,"axis":"z","origin":[8,29,0]},
			"faces":{
				"north":{"uv":[9,6,8,1],"rotation":270,"texture":"#0"},
				"east":{"uv":[0,6.5,8.5,5.5],"rotation":180,"texture":"#0"},
				"south":{"uv":[8,6,9,1],"rotation":90,"texture":"#0"},
				"up":{"uv":[0,6,8.5,1],"rotation":90,"texture":"#0"},
				"down":{"uv":[0,6,8.5,1],"rotation":90,"texture":"#0"}
			}
		}
	]
}