{
	"textures":{
		"0":"item/mailbox/cardboard",
		"particle":"item/mailbox/cardboard"
	},
	"elements":[
		{
			"from":[5.7,20.5,6.5],
			"to":[12.7,20.5,10.5],
			"rotation":{"angle":-22.5,"axis":"y","origin":[8,0,8]},
			"faces":{
				"up":{"uv":[8,9.5,11.5,11.5],"texture":"#0"},
				"down":{"uv":[8,9.5,11.5,11.5],"texture":"#0"}
			}
		},
		{
			"from":[4.1,20.3,4.6],
			"to":[8.1,20.3,11.6],
			"rotation":{"angle":-22.5,"axis":"y","origin":[8,0,8]},
			"faces":{
				"up":{"uv":[8,9.5,11.5,11.5],"rotation":90,"texture":"#0"},
				"down":{"uv":[8,9.5,11.5,11.5],"rotation":270,"texture":"#0"}
			}
		},
		{
			"from":[5.5,21.2,8.7],
			"to":[12.5,21.2,12.7],
			"rotation":{"angle":22.5,"axis":"z","origin":[8,23.4,0]},
			"faces":{
				"north":{"uv":[0,0,5,0],"texture":"#0"},
				"east":{"uv":[0,0,5,0],"texture":"#0"},
				"south":{"uv":[0,0,5,0],"texture":"#0"},
				"west":{"uv":[0,0,5,0],"texture":"#0"},
				"up":{"uv":[11.5,11.5,8,9.5],"texture":"#0"},
				"down":{"uv":[8,9.5,11.5,11.5],"texture":"#0"}
			}
		},
		{
			"from":[6.3,15.1,5.3],
			"to":[13.3,15.1,9.3],
			"rotation":{"angle":45,"axis":"y","origin":[9.1,0,8]},
			"faces":{
				"north":{"uv":[0,0,5,0],"texture":"#0"},
				"east":{"uv":[0,0,5,0],"texture":"#0"},
				"south":{"uv":[0,0,5,0],"texture":"#0"},
				"west":{"uv":[0,0,5,0],"texture":"#0"},
				"up":{"uv":[8,9.5,11.5,11.5],"texture":"#0"},
				"down":{"uv":[8,9.5,11.5,11.5],"texture":"#0"}
			}
		},
		{
			"from":[8.6,20.7,6.3],
			"to":[10.6,20.7,8.3],
			"rotation":{"angle":22.5,"axis":"y","origin":[9.1,0,8]},
			"faces":{
				"north":{"uv":[0,0,5,0],"texture":"#0"},
				"east":{"uv":[0,0,5,0],"texture":"#0"},
				"south":{"uv":[0,0,5,0],"texture":"#0"},
				"west":{"uv":[0,0,5,0],"texture":"#0"},
				"up":{"uv":[11.5,10.5,12.5,11.5],"texture":"#0"}
			}
		},
		{
			"from":[3.7,21.8,4.3],
			"to":[3.7,28.8,8.3],
			"rotation":{"angle":22.5,"axis":"z","origin":[8,23.4,0]},
			"faces":{
				"north":{"uv":[0,0,5,0],"rotation":270,"texture":"#0"},
				"east":{"uv":[8,9.5,11.5,11.5],"rotation":90,"texture":"#0"},
				"south":{"uv":[0,0,5,0],"rotation":90,"texture":"#0"},
				"west":{"uv":[8,9.5,11.5,11.5],"rotation":90,"texture":"#0"},
				"up":{"uv":[0,0,5,0],"rotation":90,"texture":"#0"},
				"down":{"uv":[0,0,5,0],"rotation":90,"texture":"#0"}
			}
		},
		{
			"from":[-2,24,3],
			"to":[3,24,13],
			"rotation":{"angle":-22.5,"axis":"z","origin":[3,24,0]},
			"faces":{
				"up":{"uv":[6,16,3.5,11],"texture":"#0"},
				"down":{"uv":[6,11,3.5,16],"texture":"#0"}
			}
		},
		{
			"from":[13,24,3],
			"to":[18,24,13],
			"rotation":{"angle":45,"axis":"z","origin":[13,24,0]},
			"faces":{
				"up":{"uv":[3.5,11,6,16],"texture":"#0"},
				"down":{"uv":[3.5,11,6,16],"texture":"#0"}
			}
		},
		{
			"from":[4.2,15.3,4.2],
			"to":[11.8,19.9,11.8],
			"rotation":{"angle":-22.5,"axis":"y","origin":[8,0,8]},
			"faces":{
				"north":{"uv":[6,11,3.5,15],"rotation":90,"texture":"#0"},
				"east":{"uv":[3.5,11,6,15],"rotation":90,"texture":"#0"},
				"south":{"uv":[3.5,11,6,15],"rotation":90,"texture":"#0"},
				"west":{"uv":[3.5,11,6,15],"rotation":90,"texture":"#0"},
				"up":{"uv":[0.5,1.5,4.5,5.5],"rotation":90,"texture":"#0"},
				"down":{"uv":[0.5,1.5,4.5,5.5],"rotation":90,"texture":"#0"}
			}
		},
		{
			"from":[2,0,2.6],
			"to":[9,3,6.6],
			"rotation":{"angle":22.5,"axis":"y","origin":[8,0,6]},
			"faces":{
				"north":{"uv":[7.5,2,11,3.5],"texture":"#0"},
				"east":{"uv":[5.5,0.5,7.5,2],"texture":"#0"},
				"south":{"uv":[7.5,2,11,3.5],"texture":"#0"},
				"west":{"uv":[5.5,0.5,7.5,2],"texture":"#0"},
				"up":{"uv":[7.5,0,11,2],"texture":"#0"}
			}
		},
		{
			"from":[10,0,3],
			"to":[14,4,9],
			"rotation":{"angle":-22.5,"axis":"y","origin":[8,0,6]},
			"faces":{
				"north":{"uv":[11,0,13,2],"texture":"#0"},
				"east":{"uv":[13,2,16,4],"texture":"#0"},
				"south":{"uv":[11,0,13,2],"texture":"#0"},
				"west":{"uv":[13,2,16,4],"texture":"#0"},
				"up":{"uv":[13,0,16,2],"rotation":90,"texture":"#0"}
			}
		},
		{
			"from":[4.6,0,8.9],
			"to":[8.6,3,11.9],
			"faces":{
				"north":{"uv":[12.5,4,14.5,5.5],"texture":"#0"},
				"east":{"uv":[11,4,12.5,5.5],"texture":"#0"},
				"south":{"uv":[12.5,4,14.5,5.5],"texture":"#0"},
				"west":{"uv":[11,4,12.5,5.5],"texture":"#0"},
				"up":{"uv":[14.5,4,16,6],"rotation":90,"texture":"#0"}
			}
		},
		{
			"from":[7,0,7],
			"to":[9,15,9],
			"faces":{
				"north":{"uv":[1.5,8.5,2.5,16],"texture":"#0"},
				"east":{"uv":[1.5,8.5,2.5,16],"texture":"#0"},
				"south":{"uv":[1.5,8.5,2.5,16],"texture":"#0"},
				"west":{"uv":[1.5,8.5,2.5,16],"texture":"#0"},
				"up":{"uv":[1.5,8.5,2.5,9.5],"texture":"#0"}
			}
		},
		{
			"from":[6.5,10,6.5],
			"to":[9.5,15,9.5],
			"faces":{
				"north":{"uv":[0,6.5,1.5,9],"texture":"#0"},
				"east":{"uv":[0,6.5,1.5,9],"texture":"#0"},
				"south":{"uv":[0,6.5,1.5,9],"texture":"#0"},
				"west":{"uv":[0,6.5,1.5,9],"texture":"#0"},
				"down":{"uv":[0,9,1.5,10.5],"texture":"#0"}
			}
		},
		{
			"from":[2.9,14.6,7.5],
			"to":[13.3,17.6,8.5],
			"rotation":{"angle":-22.5,"axis":"x","origin":[0,15,8]},
			"faces":{
				"east":{"uv":[0,0,1.5,0.5],"rotation":90,"texture":"#0"},
				"west":{"uv":[0,0,1.5,0.5],"rotation":90,"texture":"#0"},
				"down":{"uv":[0,0,5,0.5],"texture":"#0"}
			}
		},
		{
			"from":[1.2,17,2.5],
			"to":[12.9,18,13.5],
			"rotation":{"angle":-22.5,"axis":"z","origin":[8,15,0]},
			"faces":{
				"north":{"uv":[0,0,6,0.5],"texture":"#0"},
				"east":{"uv":[0,0,5.5,0.5],"texture":"#0"},
				"south":{"uv":[0,0,6,0.5],"texture":"#0"},
				"west":{"uv":[0,0,5.5,0.5],"texture":"#0"}
			}
		},
		{
			"from":[2.81,17.01,2.51],
			"to":[13.49,17.99,13.49],
			"faces":{
				"north":{"uv":[0,0,5.5,0.5],"texture":"#0"},
				"east":{"uv":[0,0,5.5,0.5],"texture":"#0"},
				"south":{"uv":[0,0,5.5,0.5],"texture":"#0"},
				"west":{"uv":[0,0,5.5,0.5],"texture":"#0"}
			}
		},
		{
			"from":[3,15,13],
			"to":[13,24,13],
			"faces":{
				"north":{"uv":[11,11.5,16,16],"texture":"#0"},
				"south":{"uv":[11,11.5,16,16],"texture":"#0"}
			}
		},
		{
			"from":[3,15,3],
			"to":[13,24,3],
			"faces":{
				"north":{"uv":[11,11.5,16,16],"texture":"#0"},
				"south":{"uv":[11,11.5,16,16],"texture":"#0"}
			}
		},
		{
			"from":[3,15,3],
			"to":[13,15,13],
			"faces":{
				"up":{"uv":[0,1,5,6],"texture":"#0"},
				"down":{"uv":[0,1,5,6],"texture":"#0"}
			}
		},
		{
			"from":[3,15,3],
			"to":[3,24,13],
			"faces":{
				"east":{"uv":[11,11.5,16,16],"texture":"#0"},
				"west":{"uv":[6,11.5,11,16],"texture":"#0"}
			}
		},
		{
			"from":[13,15,3],
			"to":[13,24,13],
			"faces":{
				"east":{"uv":[6,11.5,11,16],"texture":"#0"},
				"west":{"uv":[11,11.5,16,16],"texture":"#0"}
			}
		},
		{
			"from":[13.4,10.3,9.5],
			"to":[13.4,15.3,10.5],
			"faces":{
				"east":{"uv":[0,0,2.5,0.5],"rotation":90,"texture":"#0"},
				"west":{"uv":[0,0,2.5,0.5],"rotation":90,"texture":"#0"}
			}
		},
		{
			"from":[2,7,8],
			"to":[6,10,8],
			"rotation":{"angle":-22.5,"axis":"z","origin":[7,11,0]},
			"faces":{
				"north":{"uv":[8,7.5,6.5,5.5],"rotation":90,"texture":"#0"},
				"south":{"uv":[6.5,7.5,8,5.5],"rotation":270,"texture":"#0"}
			}
		},
		{
			"from":[5.01,9,7.01],
			"to":[6.99,13.98,8.99],
			"rotation":{"angle":45,"axis":"z","origin":[7,11,0]},
			"faces":{
				"north":{"uv":[0,13.5,1,16],"texture":"#0"},
				"east":{"uv":[0,13.5,1,16],"texture":"#0"},
				"south":{"uv":[0,13.5,1,16],"texture":"#0"},
				"west":{"uv":[0,13.5,1,16],"texture":"#0"},
				"up":{"uv":[2.5,15,3.5,16],"texture":"#0"}
			}
		},
		{
			"from":[7,11.5,8],
			"to":[9,13.5,13],
			"rotation":{"angle":-22.5,"axis":"x","origin":[0,13.5,9]},
			"faces":{
				"east":{"uv":[0,10.5,1,13],"rotation":90,"texture":"#0"},
				"south":{"uv":[2.5,15,3.5,16],"texture":"#0"},
				"west":{"uv":[0,10.5,1,13],"rotation":90,"texture":"#0"},
				"up":{"uv":[0,10.5,1,13],"texture":"#0"},
				"down":{"uv":[0,10.5,1,13],"texture":"#0"}
			}
		},
		{
			"from":[8,9.7,11],
			"to":[8,12.7,14],
			"rotation":{"angle":0,"axis":"y","origin":[0,0,9]},
			"faces":{
				"east":{"uv":[8,6,9.5,7.5],"rotation":180,"texture":"#0"},
				"west":{"uv":[8,7.5,9.5,6],"texture":"#0"}
			}
		}
	]
}