{
    "credit": "Made with Blockbench",
    "textures": {
        "0": "block/command_base_0",
        "1": "block/command_base_1",
        "2": "block/command_screen_green",
        "3": "block/command_base_2",
        "4": "block/command_screen_green_side",
        "5": "block/command_base_3",
        "particle": "block/command_base_1"
    },
    "elements": [
        {
            "from": [
                0,
                0,
                0
            ],
            "to": [
                16,
                4,
                16
            ],
            "faces": {
                "north": {
                    "uv": [
                        0,
                        12,
                        16,
                        16
                    ],
                    "texture": "#0"
                },
                "east": {
                    "uv": [
                        0,
                        12,
                        16,
                        16
                    ],
                    "texture": "#0"
                },
                "south": {
                    "uv": [
                        0,
                        12,
                        16,
                        16
                    ],
                    "texture": "#5"
                },
                "west": {
                    "uv": [
                        0,
                        12,
                        16,
                        16
                    ],
                    "texture": "#0"
                },
                "up": {
                    "uv": [
                        0,
                        0,
                        16,
                        16
                    ],
                    "texture": "#1"
                },
                "down": {
                    "uv": [
                        0,
                        0,
                        16,
                        16
                    ],
                    "texture": "#1"
                }
            }
        },
        {
            "from": [
                9,
                15,
                0
            ],
            "to": [
                16,
                16,
                16
            ],
            "faces": {
                "north": {
                    "uv": [
                        0,
                        0,
                        7,
                        1
                    ],
                    "texture": "#1"
                },
                "east": {
                    "uv": [
                        0,
                        0,
                        16,
                        1
                    ],
                    "texture": "#1"
                },
                "south": {
                    "uv": [
                        9,
                        0,
                        16,
                        1
                    ],
                    "texture": "#5"
                },
                "west": {
                    "uv": [
                        9,
                        16,
                        10,
                        0
                    ],
                    "rotation": 90,
                    "texture": "#3"
                },
                "up": {
                    "uv": [
                        9,
                        0,
                        16,
                        16
                    ],
                    "texture": "#3"
                },
                "down": {
                    "uv": [
                        9,
                        0,
                        16,
                        16
                    ],
                    "texture": "#1"
                }
            }
        },
        {
            "from": [
                0,
                4,
                15
            ],
            "to": [
                16,
                15,
                16
            ],
            "faces": {
                "north": {
                    "uv": [
                        0,
                        0,
                        1,
                        11
                    ],
                    "texture": "#0"
                },
                "east": {
                    "uv": [
                        0,
                        0,
                        1,
                        11
                    ],
                    "texture": "#0"
                },
                "south": {
                    "uv": [
                        0,
                        1,
                        16,
                        12
                    ],
                    "texture": "#5"
                },
                "west": {
                    "uv": [
                        0,
                        0,
                        1,
                        11
                    ],
                    "texture": "#0"
                }
            }
        },
        {
            "from": [
                15,
                4,
                0
            ],
            "to": [
                16,
                15,
                1
            ],
            "faces": {
                "north": {
                    "uv": [
                        0,
                        0,
                        1,
                        11
                    ],
                    "texture": "#0"
                },
                "east": {
                    "uv": [
                        0,
                        0,
                        1,
                        11
                    ],
                    "texture": "#0"
                },
                "south": {
                    "uv": [
                        0,
                        0,
                        1,
                        11
                    ],
                    "texture": "#0"
                },
                "west": {
                    "uv": [
                        0,
                        0,
                        1,
                        11
                    ],
                    "texture": "#0"
                }
            }
        },
        {
            "from": [
                0,
                4,
                0
            ],
            "to": [
                1,
                15,
                1
            ],
            "faces": {
                "north": {
                    "uv": [
                        0,
                        0,
                        1,
                        11
                    ],
                    "texture": "#0"
                },
                "east": {
                    "uv": [
                        0,
                        0,
                        1,
                        11
                    ],
                    "texture": "#0"
                },
                "south": {
                    "uv": [
                        0,
                        0,
                        1,
                        11
                    ],
                    "texture": "#0"
                },
                "west": {
                    "uv": [
                        0,
                        0,
                        1,
                        11
                    ],
                    "texture": "#0"
                }
            }
        },
        {
            "from": [
                8,
                4,
                -2
            ],
            "to": [
                8,
                15,
                18
            ],
            "rotation": {
                "angle": 45,
                "axis": "y",
                "origin": [
                    8,
                    0,
                    8
                ]
            },
            "faces": {
                "east": {
                    "uv": [
                        1,
                        1,
                        15,
                        12
                    ],
                    "texture": "#0"
                },
                "west": {
                    "uv": [
                        1,
                        1,
                        15,
                        12
                    ],
                    "texture": "#0"
                }
            }
        },
        {
            "from": [
                -2,
                4,
                8
            ],
            "to": [
                18,
                15,
                8
            ],
            "rotation": {
                "angle": 45,
                "axis": "y",
                "origin": [
                    8,
                    0,
                    8
                ]
            },
            "faces": {
                "north": {
                    "uv": [
                        1,
                        1,
                        15,
                        12
                    ],
                    "texture": "#0"
                },
                "south": {
                    "uv": [
                        1,
                        1,
                        15,
                        12
                    ],
                    "texture": "#0"
                }
            }
        },
        {
            "from": [
                2,
                4,
                2
            ],
            "to": [
                14,
                15,
                14
            ],
            "faces": {
                "north": {
                    "uv": [
                        2,
                        0,
                        14,
                        11
                    ],
                    "texture": "#2"
                },
                "east": {
                    "uv": [
                        2,
                        0,
                        14,
                        11
                    ],
                    "texture": "#4"
                },
                "west": {
                    "uv": [
                        14,
                        0,
                        2,
                        11
                    ],
                    "texture": "#4"
                }
            }
        },
        {
            "from": [
                3,
                15.5,
                3
            ],
            "to": [
                9,
                15.5,
                9
            ],
            "faces": {
                "up": {
                    "uv": [
                        8,
                        10,
                        2,
                        16
                    ],
                    "rotation": 90,
                    "texture": "#4"
                }
            }
        },
        {
            "from": [
                0,
                15,
                0
            ],
            "to": [
                3,
                16,
                16
            ],
            "faces": {
                "north": {
                    "uv": [
                        0,
                        0,
                        3,
                        1
                    ],
                    "texture": "#1"
                },
                "east": {
                    "uv": [
                        2,
                        0,
                        3,
                        16
                    ],
                    "rotation": 90,
                    "texture": "#3"
                },
                "south": {
                    "uv": [
                        0,
                        0,
                        3,
                        1
                    ],
                    "texture": "#5"
                },
                "west": {
                    "uv": [
                        0,
                        0,
                        16,
                        1
                    ],
                    "texture": "#1"
                },
                "up": {
                    "uv": [
                        0,
                        0,
                        3,
                        16
                    ],
                    "texture": "#3"
                },
                "down": {
                    "uv": [
                        0,
                        0,
                        3,
                        16
                    ],
                    "texture": "#1"
                }
            }
        },
        {
            "from": [
                3,
                15,
                9
            ],
            "to": [
                9,
                16,
                16
            ],
            "faces": {
                "north": {
                    "uv": [
                        3,
                        9,
                        9,
                        10
                    ],
                    "texture": "#3"
                },
                "south": {
                    "uv": [
                        3,
                        0,
                        9,
                        1
                    ],
                    "texture": "#5"
                },
                "up": {
                    "uv": [
                        3,
                        9,
                        9,
                        16
                    ],
                    "texture": "#3"
                },
                "down": {
                    "uv": [
                        3,
                        0,
                        9,
                        7
                    ],
                    "texture": "#1"
                }
            }
        },
        {
            "from": [
                3,
                15,
                0
            ],
            "to": [
                9,
                16,
                3
            ],
            "faces": {
                "north": {
                    "uv": [
                        3,
                        0,
                        9,
                        1
                    ],
                    "texture": "#1"
                },
                "south": {
                    "uv": [
                        3,
                        2,
                        9,
                        3
                    ],
                    "texture": "#3"
                },
                "up": {
                    "uv": [
                        3,
                        0,
                        9,
                        3
                    ],
                    "texture": "#3"
                },
                "down": {
                    "uv": [
                        3,
                        13,
                        9,
                        16
                    ],
                    "texture": "#1"
                }
            }
        }
    ]
}