{
    "ambientocclusion": false,
    "textures": {
        "0": "block/rail_detector_on",
        "particle": "item/rail_detector"
    },
    "elements": [
        {
            "from": [
                1,
                0,
                1
            ],
            "to": [
                15,
                1,
                3
            ],
            "faces": {
                "north": {
                    "uv": [
                        7,
                        0,
                        0,
                        0.5
                    ],
                    "texture": "#0"
                },
                "east": {
                    "uv": [
                        6.5,
                        0,
                        7,
                        1
                    ],
                    "rotation": 90,
                    "texture": "#0"
                },
                "south": {
                    "uv": [
                        0,
                        0.5,
                        7,
                        1
                    ],
                    "texture": "#0"
                },
                "west": {
                    "uv": [
                        0,
                        1,
                        0.5,
                        0
                    ],
                    "rotation": 90,
                    "texture": "#0"
                },
                "up": {
                    "uv": [
                        0,
                        0,
                        7,
                        1
                    ],
                    "texture": "#0"
                },
                "down": {
                    "uv": [
                        0,
                        1,
                        7,
                        0
                    ],
                    "texture": "#0"
                }
            }
        },
        {
            "from": [
                1,
                0,
                13
            ],
            "to": [
                15,
                1,
                15
            ],
            "faces": {
                "north": {
                    "uv": [
                        7,
                        2,
                        0,
                        2.5
                    ],
                    "texture": "#0"
                },
                "east": {
                    "uv": [
                        6.5,
                        2,
                        7,
                        3
                    ],
                    "rotation": 90,
                    "texture": "#0"
                },
                "south": {
                    "uv": [
                        0,
                        2.5,
                        7,
                        3
                    ],
                    "texture": "#0"
                },
                "west": {
                    "uv": [
                        0,
                        3,
                        0.5,
                        2
                    ],
                    "rotation": 90,
                    "texture": "#0"
                },
                "up": {
                    "uv": [
                        0,
                        2,
                        7,
                        3
                    ],
                    "texture": "#0"
                },
                "down": {
                    "uv": [
                        0,
                        3,
                        7,
                        2
                    ],
                    "texture": "#0"
                }
            }
        },
        {
            "from": [
                2,
                0.997,
                0
            ],
            "to": [
                3,
                1.997,
                16
            ],
            "faces": {
                "north": {
                    "uv": [
                        9,
                        0,
                        9.5,
                        0.5
                    ],
                    "texture": "#0"
                },
                "east": {
                    "uv": [
                        9,
                        0,
                        9.5,
                        8
                    ],
                    "rotation": 90,
                    "texture": "#0"
                },
                "south": {
                    "uv": [
                        9,
                        7.5,
                        9.5,
                        8
                    ],
                    "texture": "#0"
                },
                "west": {
                    "uv": [
                        9,
                        0,
                        9.5,
                        8
                    ],
                    "rotation": 90,
                    "texture": "#0"
                },
                "up": {
                    "uv": [
                        9,
                        0,
                        9.5,
                        8
                    ],
                    "texture": "#0"
                },
                "down": {
                    "uv": [
                        9,
                        0,
                        9.5,
                        8
                    ],
                    "texture": "#0"
                }
            }
        },
        {
            "from": [
                3,
                1,
                0
            ],
            "to": [
                4,
                1.5,
                16
            ],
            "faces": {
                "north": {
                    "uv": [
                        9.5,
                        0,
                        10,
                        0.5
                    ],
                    "texture": "#0"
                },
                "east": {
                    "uv": [
                        9.5,
                        0,
                        10,
                        8
                    ],
                    "rotation": 90,
                    "texture": "#0"
                },
                "south": {
                    "uv": [
                        9.5,
                        7.5,
                        10,
                        8
                    ],
                    "texture": "#0"
                },
                "up": {
                    "uv": [
                        9.5,
                        0,
                        10,
                        8
                    ],
                    "texture": "#0"
                },
                "down": {
                    "uv": [
                        9.5,
                        0,
                        10,
                        8
                    ],
                    "texture": "#0"
                }
            }
        },
        {
            "from": [
                13,
                0.997,
                0
            ],
            "to": [
                14,
                1.997,
                16
            ],
            "faces": {
                "north": {
                    "uv": [
                        11,
                        0,
                        10.5,
                        0.5
                    ],
                    "texture": "#0"
                },
                "east": {
                    "uv": [
                        10.5,
                        8,
                        11,
                        0
                    ],
                    "rotation": 90,
                    "texture": "#0"
                },
                "south": {
                    "uv": [
                        11,
                        7.5,
                        10.5,
                        8
                    ],
                    "texture": "#0"
                },
                "west": {
                    "uv": [
                        10.5,
                        8,
                        11,
                        0
                    ],
                    "rotation": 90,
                    "texture": "#0"
                },
                "up": {
                    "uv": [
                        11,
                        0,
                        10.5,
                        8
                    ],
                    "texture": "#0"
                },
                "down": {
                    "uv": [
                        11,
                        0,
                        10.5,
                        8
                    ],
                    "texture": "#0"
                }
            }
        },
        {
            "from": [
                12,
                1,
                0
            ],
            "to": [
                13,
                1.5,
                16
            ],
            "faces": {
                "north": {
                    "uv": [
                        10.5,
                        0,
                        10,
                        0.5
                    ],
                    "texture": "#0"
                },
                "south": {
                    "uv": [
                        10.5,
                        7.5,
                        10,
                        8
                    ],
                    "texture": "#0"
                },
                "west": {
                    "uv": [
                        10,
                        8,
                        10.5,
                        0
                    ],
                    "rotation": 90,
                    "texture": "#0"
                },
                "up": {
                    "uv": [
                        10.5,
                        0,
                        10,
                        8
                    ],
                    "texture": "#0"
                },
                "down": {
                    "uv": [
                        10.5,
                        0,
                        10,
                        8
                    ],
                    "texture": "#0"
                }
            }
        },
        {
            "from": [
                4,
                1,
                6
            ],
            "to": [
                6,
                2,
                10
            ],
            "faces": {
                "north": {
                    "uv": [
                        11,
                        3,
                        12,
                        3.5
                    ],
                    "texture": "#0"
                },
                "east": {
                    "uv": [
                        11.5,
                        3,
                        12,
                        5
                    ],
                    "rotation": 90,
                    "texture": "#0"
                },
                "south": {
                    "uv": [
                        11,
                        4.5,
                        12,
                        5
                    ],
                    "texture": "#0"
                },
                "west": {
                    "uv": [
                        11,
                        5,
                        11.5,
                        3
                    ],
                    "rotation": 90,
                    "texture": "#0"
                },
                "up": {
                    "uv": [
                        11,
                        3,
                        12,
                        5
                    ],
                    "texture": "#0"
                }
            }
        },
        {
            "from": [
                3,
                0,
                5
            ],
            "to": [
                7,
                1,
                11
            ],
            "faces": {
                "north": {
                    "uv": [
                        11,
                        0,
                        13,
                        0.5
                    ],
                    "texture": "#0"
                },
                "east": {
                    "uv": [
                        12.5,
                        0,
                        13,
                        3
                    ],
                    "rotation": 90,
                    "texture": "#0"
                },
                "south": {
                    "uv": [
                        11,
                        2.5,
                        13,
                        3
                    ],
                    "texture": "#0"
                },
                "west": {
                    "uv": [
                        11,
                        3,
                        11.5,
                        0
                    ],
                    "rotation": 90,
                    "texture": "#0"
                },
                "up": {
                    "uv": [
                        11,
                        0,
                        13,
                        3
                    ],
                    "texture": "#0"
                },
                "down": {
                    "uv": [
                        11,
                        3,
                        13,
                        0
                    ],
                    "texture": "#0"
                }
            }
        },
        {
            "from": [
                4,
                0,
                3
            ],
            "to": [
                6,
                1,
                13
            ],
            "faces": {
                "east": {
                    "uv": [
                        15.5,
                        0,
                        16,
                        5
                    ],
                    "rotation": 90,
                    "texture": "#0"
                },
                "west": {
                    "uv": [
                        15,
                        0,
                        15.5,
                        5
                    ],
                    "rotation": 90,
                    "texture": "#0"
                },
                "up": {
                    "uv": [
                        15,
                        0,
                        16,
                        5
                    ],
                    "texture": "#0"
                },
                "down": {
                    "uv": [
                        15,
                        0,
                        16,
                        5
                    ],
                    "texture": "#0"
                }
            }
        },
        {
            "from": [
                1,
                0,
                7
            ],
            "to": [
                15,
                1,
                9
            ],
            "faces": {
                "north": {
                    "uv": [
                        7,
                        1,
                        0,
                        1.5
                    ],
                    "texture": "#0"
                },
                "east": {
                    "uv": [
                        6.5,
                        1,
                        7,
                        2
                    ],
                    "rotation": 90,
                    "texture": "#0"
                },
                "south": {
                    "uv": [
                        0,
                        1.5,
                        7,
                        2
                    ],
                    "texture": "#0"
                },
                "west": {
                    "uv": [
                        0,
                        2,
                        0.5,
                        1
                    ],
                    "rotation": 90,
                    "texture": "#0"
                },
                "up": {
                    "uv": [
                        0,
                        1,
                        7,
                        2
                    ],
                    "texture": "#0"
                },
                "down": {
                    "uv": [
                        0,
                        2,
                        7,
                        1
                    ],
                    "texture": "#0"
                }
            }
        },
        {
            "from": [
                9,
                0,
                5
            ],
            "to": [
                13,
                1,
                11
            ],
            "faces": {
                "north": {
                    "uv": [
                        13,
                        0,
                        15,
                        0.5
                    ],
                    "texture": "#0"
                },
                "east": {
                    "uv": [
                        14.5,
                        0,
                        15,
                        3
                    ],
                    "rotation": 90,
                    "texture": "#0"
                },
                "south": {
                    "uv": [
                        13,
                        2.5,
                        15,
                        3
                    ],
                    "texture": "#0"
                },
                "west": {
                    "uv": [
                        13,
                        3,
                        13.5,
                        0
                    ],
                    "rotation": 90,
                    "texture": "#0"
                },
                "up": {
                    "uv": [
                        13,
                        0,
                        15,
                        3
                    ],
                    "texture": "#0"
                },
                "down": {
                    "uv": [
                        13,
                        3,
                        15,
                        0
                    ],
                    "texture": "#0"
                }
            }
        },
        {
            "from": [
                10,
                1,
                6
            ],
            "to": [
                12,
                2,
                10
            ],
            "faces": {
                "north": {
                    "uv": [
                        12,
                        3,
                        13,
                        3.5
                    ],
                    "texture": "#0"
                },
                "east": {
                    "uv": [
                        12.5,
                        3,
                        13,
                        5
                    ],
                    "rotation": 90,
                    "texture": "#0"
                },
                "south": {
                    "uv": [
                        12,
                        4.5,
                        13,
                        5
                    ],
                    "texture": "#0"
                },
                "west": {
                    "uv": [
                        12,
                        5,
                        12.5,
                        3
                    ],
                    "rotation": 90,
                    "texture": "#0"
                },
                "up": {
                    "uv": [
                        12,
                        3,
                        13,
                        5
                    ],
                    "texture": "#0"
                }
            }
        }
    ]
}