{"providers":[{"type":"bitmap","file":"happyhud:font/assets/air_hud/air_bar_short_outline.png","height":3,"ascent":-118500,"chars":[""]},{"type":"bitmap","file":"happyhud:font/assets/air_hud/air_bar_short_fill/horizontal/13/1.png","height":3,"ascent":-119500,"chars":[""]},{"type":"bitmap","file":"happyhud:font/assets/air_hud/air_bar_short_fill/horizontal/13/2.png","height":3,"ascent":-119500,"chars":[""]},{"type":"bitmap","file":"happyhud:font/assets/air_hud/air_bar_short_fill/horizontal/13/3.png","height":3,"ascent":-119500,"chars":[""]},{"type":"bitmap","file":"happyhud:font/assets/air_hud/air_bar_short_fill/horizontal/13/4.png","height":3,"ascent":-119500,"chars":[""]},{"type":"bitmap","file":"happyhud:font/assets/air_hud/air_bar_short_fill/horizontal/13/5.png","height":3,"ascent":-119500,"chars":[""]},{"type":"bitmap","file":"happyhud:font/assets/air_hud/air_bar_short_fill/horizontal/13/6.png","height":3,"ascent":-119500,"chars":[""]},{"type":"bitmap","file":"happyhud:font/assets/air_hud/air_bar_short_fill/horizontal/13/7.png","height":3,"ascent":-119500,"chars":[""]},{"type":"bitmap","file":"happyhud:font/assets/air_hud/air_bar_short_fill/horizontal/13/8.png","height":3,"ascent":-119500,"chars":[""]},{"type":"bitmap","file":"happyhud:font/assets/air_hud/air_bar_short_fill/horizontal/13/9.png","height":3,"ascent":-119500,"chars":[""]},{"type":"bitmap","file":"happyhud:font/assets/air_hud/air_bar_short_fill/horizontal/13/10.png","height":3,"ascent":-119500,"chars":[""]},{"type":"bitmap","file":"happyhud:font/assets/air_hud/air_bar_short_fill/horizontal/13/11.png","height":3,"ascent":-119500,"chars":[""]},{"type":"bitmap","file":"happyhud:font/assets/air_hud/air_bar_short_fill/horizontal/13/12.png","height":3,"ascent":-119500,"chars":[""]},{"type":"bitmap","file":"happyhud:font/assets/air_hud/air_bar_short_fill/horizontal/13/13.png","height":3,"ascent":-119500,"chars":[""]},{"type":"bitmap","file":"happyhud:font/assets/air_hud/lumen_air.png","height":5,"ascent":-120500,"chars":[""]},{"type":"bitmap","file":"happyhud:font/assets/lumentest/hunger.png","height":24,"ascent":-121500,"chars":[""]},{"type":"bitmap","file":"happyhud:font/assets/lumentest/hunger/vertical/24/1.png","height":1,"ascent":-122500,"chars":[""]},{"type":"bitmap","file":"happyhud:font/assets/lumentest/hunger/vertical/24/2.png","height":2,"ascent":-123500,"chars":[""]},{"type":"bitmap","file":"happyhud:font/assets/lumentest/hunger/vertical/24/3.png","height":3,"ascent":-124500,"chars":[""]},{"type":"bitmap","file":"happyhud:font/assets/lumentest/hunger/vertical/24/4.png","height":4,"ascent":-125500,"chars":[""]},{"type":"bitmap","file":"happyhud:font/assets/lumentest/hunger/vertical/24/5.png","height":5,"ascent":-126500,"chars":[""]},{"type":"bitmap","file":"happyhud:font/assets/lumentest/hunger/vertical/24/6.png","height":6,"ascent":-127500,"chars":[""]},{"type":"bitmap","file":"happyhud:font/assets/lumentest/hunger/vertical/24/7.png","height":7,"ascent":-128500,"chars":[""]},{"type":"bitmap","file":"happyhud:font/assets/lumentest/hunger/vertical/24/8.png","height":8,"ascent":-129500,"chars":[""]},{"type":"bitmap","file":"happyhud:font/assets/lumentest/hunger/vertical/24/9.png","height":9,"ascent":-130500,"chars":[""]},{"type":"bitmap","file":"happyhud:font/assets/lumentest/hunger/vertical/24/10.png","height":10,"ascent":-131500,"chars":[""]},{"type":"bitmap","file":"happyhud:font/assets/lumentest/hunger/vertical/24/11.png","height":11,"ascent":-132500,"chars":[""]},{"type":"bitmap","file":"happyhud:font/assets/lumentest/hunger/vertical/24/12.png","height":12,"ascent":-133500,"chars":[""]},{"type":"bitmap","file":"happyhud:font/assets/lumentest/hunger/vertical/24/13.png","height":13,"ascent":-134500,"chars":[""]},{"type":"bitmap","file":"happyhud:font/assets/lumentest/hunger/vertical/24/14.png","height":14,"ascent":-135500,"chars":[""]},{"type":"bitmap","file":"happyhud:font/assets/lumentest/hunger/vertical/24/15.png","height":15,"ascent":-136500,"chars":[""]},{"type":"bitmap","file":"happyhud:font/assets/lumentest/hunger/vertical/24/16.png","height":16,"ascent":-137500,"chars":[""]},{"type":"bitmap","file":"happyhud:font/assets/lumentest/hunger/vertical/24/17.png","height":17,"ascent":-138500,"chars":[""]},{"type":"bitmap","file":"happyhud:font/assets/lumentest/hunger/vertical/24/18.png","height":18,"ascent":-139500,"chars":[""]},{"type":"bitmap","file":"happyhud:font/assets/lumentest/hunger/vertical/24/19.png","height":19,"ascent":-140500,"chars":[""]},{"type":"bitmap","file":"happyhud:font/assets/lumentest/hunger/vertical/24/20.png","height":20,"ascent":-141500,"chars":[""]},{"type":"bitmap","file":"happyhud:font/assets/lumentest/hunger/vertical/24/21.png","height":21,"ascent":-142500,"chars":[""]},{"type":"bitmap","file":"happyhud:font/assets/lumentest/hunger/vertical/24/22.png","height":22,"ascent":-143500,"chars":[""]},{"type":"bitmap","file":"happyhud:font/assets/lumentest/hunger/vertical/24/23.png","height":23,"ascent":-144500,"chars":[""]},{"type":"bitmap","file":"happyhud:font/assets/lumentest/hunger/vertical/24/24.png","height":24,"ascent":-145500,"chars":[""]},{"type":"bitmap","file":"happyhud:font/assets/lumentest/level_frame_background.png","height":32,"ascent":-146500,"chars":[""]},{"type":"bitmap","file":"happyhud:font/assets/lumentest/level_frame_bar/vertical/26/1.png","height":1,"ascent":-147500,"chars":[""]},{"type":"bitmap","file":"happyhud:font/assets/lumentest/level_frame_bar/vertical/26/2.png","height":2,"ascent":-148500,"chars":[""]},{"type":"bitmap","file":"happyhud:font/assets/lumentest/level_frame_bar/vertical/26/3.png","height":3,"ascent":-149500,"chars":[""]},{"type":"bitmap","file":"happyhud:font/assets/lumentest/level_frame_bar/vertical/26/4.png","height":4,"ascent":-150500,"chars":[""]},{"type":"bitmap","file":"happyhud:font/assets/lumentest/level_frame_bar/vertical/26/5.png","height":5,"ascent":-151500,"chars":[""]},{"type":"bitmap","file":"happyhud:font/assets/lumentest/level_frame_bar/vertical/26/6.png","height":6,"ascent":-152500,"chars":[""]},{"type":"bitmap","file":"happyhud:font/assets/lumentest/level_frame_bar/vertical/26/7.png","height":7,"ascent":-153500,"chars":[""]},{"type":"bitmap","file":"happyhud:font/assets/lumentest/level_frame_bar/vertical/26/8.png","height":8,"ascent":-154500,"chars":[""]},{"type":"bitmap","file":"happyhud:font/assets/lumentest/level_frame_bar/vertical/26/9.png","height":9,"ascent":-155500,"chars":[""]},{"type":"bitmap","file":"happyhud:font/assets/lumentest/level_frame_bar/vertical/26/10.png","height":10,"ascent":-156500,"chars":[""]},{"type":"bitmap","file":"happyhud:font/assets/lumentest/level_frame_bar/vertical/26/11.png","height":11,"ascent":-157500,"chars":[""]},{"type":"bitmap","file":"happyhud:font/assets/lumentest/level_frame_bar/vertical/26/12.png","height":12,"ascent":-158500,"chars":[""]},{"type":"bitmap","file":"happyhud:font/assets/lumentest/level_frame_bar/vertical/26/13.png","height":13,"ascent":-159500,"chars":[""]},{"type":"bitmap","file":"happyhud:font/assets/lumentest/level_frame_bar/vertical/26/14.png","height":14,"ascent":-160500,"chars":[""]},{"type":"bitmap","file":"happyhud:font/assets/lumentest/level_frame_bar/vertical/26/15.png","height":14,"ascent":-160500,"chars":[""]},{"type":"bitmap","file":"happyhud:font/assets/lumentest/level_frame_bar/vertical/26/16.png","height":16,"ascent":-161500,"chars":[""]},{"type":"bitmap","file":"happyhud:font/assets/lumentest/level_frame_bar/vertical/26/17.png","height":17,"ascent":-162500,"chars":[""]},{"type":"bitmap","file":"happyhud:font/assets/lumentest/level_frame_bar/vertical/26/18.png","height":18,"ascent":-163500,"chars":[""]},{"type":"bitmap","file":"happyhud:font/assets/lumentest/level_frame_bar/vertical/26/19.png","height":19,"ascent":-164500,"chars":[""]},{"type":"bitmap","file":"happyhud:font/assets/lumentest/level_frame_bar/vertical/26/20.png","height":20,"ascent":-165500,"chars":[""]},{"type":"bitmap","file":"happyhud:font/assets/lumentest/level_frame_bar/vertical/26/21.png","height":21,"ascent":-166500,"chars":[""]},{"type":"bitmap","file":"happyhud:font/assets/lumentest/level_frame_bar/vertical/26/22.png","height":22,"ascent":-167500,"chars":[""]},{"type":"bitmap","file":"happyhud:font/assets/lumentest/level_frame_bar/vertical/26/23.png","height":23,"ascent":-168500,"chars":[""]},{"type":"bitmap","file":"happyhud:font/assets/lumentest/level_frame_bar/vertical/26/24.png","height":24,"ascent":-169500,"chars":[""]},{"type":"bitmap","file":"happyhud:font/assets/lumentest/level_frame_bar/vertical/26/25.png","height":25,"ascent":-170500,"chars":[""]},{"type":"bitmap","file":"happyhud:font/assets/lumentest/level_frame_bar/vertical/26/26.png","height":26,"ascent":-171500,"chars":[""]},{"type":"bitmap","file":"happyhud:font/assets/lumentest/skill_bar.png","height":36,"ascent":-174500,"chars":[""]},{"type":"bitmap","file":"happyhud:font/assets/skills/daring/icon_daring_slidingslash.png","height":32,"ascent":-175500,"chars":[""]},{"type":"bitmap","file":"happyhud:font/assets/skills/enigma/icon_enigma_opposingwinds.png","height":32,"ascent":-175500,"chars":[""]},{"type":"bitmap","file":"happyhud:font/assets/skills/resonance/icon_resonance_naiossluminance.png","height":31,"ascent":-175500,"chars":[""]},{"type":"bitmap","file":"happyhud:font/assets/skills/enigma/icon_enigma_transfiguration.png","height":32,"ascent":-175500,"chars":[""]},{"type":"bitmap","file":"happyhud:font/assets/skills/no_skill.png","height":1,"ascent":-175500,"chars":[""]},{"type":"bitmap","file":"happyhud:font/assets/skills/valor/icon_valor_divideandconquer.png","height":32,"ascent":-175500,"chars":[""]},{"type":"bitmap","file":"happyhud:font/assets/skills/guile/icon_guile_dreadnaughtdraught.png","height":32,"ascent":-175500,"chars":[""]},{"type":"bitmap","file":"happyhud:font/assets/skills/daring/icon_daring_sinfulshadow.png","height":32,"ascent":-175500,"chars":[""]},{"type":"bitmap","file":"happyhud:font/assets/skills/fury/icon_fury_fistofagavres.png","height":32,"ascent":-175500,"chars":[""]},{"type":"bitmap","file":"happyhud:font/assets/skills/enigma/icon_enigma_shockmines.png","height":30,"ascent":-175500,"chars":[""]},{"type":"bitmap","file":"happyhud:font/assets/skills/enigma/icon_enigma_runerupture.png","height":32,"ascent":-175500,"chars":[""]},{"type":"bitmap","file":"happyhud:font/assets/skills/fury/icon_fury_infernoslash.png","height":29,"ascent":-175500,"chars":[""]},{"type":"bitmap","file":"happyhud:font/assets/skills/resonance/icon_resonance_warcant.png","height":32,"ascent":-175500,"chars":[""]},{"type":"bitmap","file":"happyhud:font/assets/skills/fury/icon_fury_wildabandon.png","height":30,"ascent":-175500,"chars":[""]},{"type":"bitmap","file":"happyhud:font/assets/skills/vigilance/icon_vigilance_seekandsunder.png","height":32,"ascent":-175500,"chars":[""]},{"type":"bitmap","file":"happyhud:font/assets/skills/focus/icon_focus_glacialshard.png","height":32,"ascent":-175500,"chars":[""]},{"type":"bitmap","file":"happyhud:font/assets/skills/guile/icon_guile_malignanthaze.png","height":32,"ascent":-175500,"chars":[""]},{"type":"bitmap","file":"happyhud:font/assets/skills/resonance/icon_resonance_percussion.png","height":31,"ascent":-175500,"chars":[""]},{"type":"bitmap","file":"happyhud:font/assets/skills/fury/icon_fury_fistofvitality.png","height":32,"ascent":-175500,"chars":[""]},{"type":"bitmap","file":"happyhud:font/assets/skills/enigma/icon_enigma_runequakepropulsion.png","height":32,"ascent":-175500,"chars":[""]},{"type":"bitmap","file":"happyhud:font/assets/skills/resonance/icon_resonance_piercingtone.png","height":32,"ascent":-175500,"chars":[""]},{"type":"bitmap","file":"happyhud:font/assets/skills/enigma/icon_enigma_nullzone.png","height":28,"ascent":-175500,"chars":[""]},{"type":"bitmap","file":"happyhud:font/assets/skills/enigma/icon_enigma_electricfence.png","height":29,"ascent":-175500,"chars":[""]},{"type":"bitmap","file":"happyhud:font/assets/skills/vigilance/icon_vigilance_lacerations.png","height":29,"ascent":-175500,"chars":[""]},{"type":"bitmap","file":"happyhud:font/assets/skills/focus/icon_focus_stingofthewild.png","height":32,"ascent":-175500,"chars":[""]},{"type":"bitmap","file":"happyhud:font/assets/skills/command/icon_command_bannercharge.png","height":32,"ascent":-175500,"chars":[""]},{"type":"bitmap","file":"happyhud:font/assets/skills/fury/icon_fury_concussiveclap.png","height":32,"ascent":-175500,"chars":[""]},{"type":"bitmap","file":"happyhud:font/assets/skills/resonance/icon_resonance_boundlessballad.png","height":32,"ascent":-175500,"chars":[""]},{"type":"bitmap","file":"happyhud:font/assets/skills/vigilance/icon_guile_bolatoss.png","height":32,"ascent":-175500,"chars":[""]},{"type":"bitmap","file":"happyhud:font/assets/skills/command/icon_command_hammerdown.png","height":32,"ascent":-175500,"chars":[""]},{"type":"bitmap","file":"happyhud:font/assets/skills/command/icon_command_sustainedfortitude.png","height":32,"ascent":-175500,"chars":[""]},{"type":"bitmap","file":"happyhud:font/assets/skills/vigilance/icon_guile_honeypot.png","height":32,"ascent":-175500,"chars":[""]},{"type":"bitmap","file":"happyhud:font/assets/skills/focus/icon_focus_frigidtomb.png","height":32,"ascent":-175500,"chars":[""]},{"type":"bitmap","file":"happyhud:font/assets/skills/fury/icon_fury_limitlessgrace.png","height":29,"ascent":-175500,"chars":[""]},{"type":"bitmap","file":"happyhud:font/assets/skills/valor/icon_valor_riposte.png","height":31,"ascent":-175500,"chars":[""]},{"type":"bitmap","file":"happyhud:font/assets/skills/resonance/icon_resonance_eclipse.png","height":30,"ascent":-175500,"chars":[""]},{"type":"bitmap","file":"happyhud:font/assets/skills/focus/icon_focus_silverstorm.png","height":32,"ascent":-175500,"chars":[""]},{"type":"bitmap","file":"happyhud:font/assets/skills/enigma/icon_enigma_runiclance.png","height":32,"ascent":-175500,"chars":[""]},{"type":"bitmap","file":"happyhud:font/assets/skills/command/icon_command_battlelinebulwark.png","height":32,"ascent":-175500,"chars":[""]},{"type":"bitmap","file":"happyhud:font/assets/skills/guile/icon_guile_vapourvault.png","height":32,"ascent":-175500,"chars":[""]},{"type":"bitmap","file":"happyhud:font/assets/skills/daring/icon_daring_toolsofthetrade.png","height":31,"ascent":-175500,"chars":[""]},{"type":"bitmap","file":"happyhud:font/assets/skills/fury/icon_fury_recklesszealotry.png","height":32,"ascent":-175500,"chars":[""]},{"type":"bitmap","file":"happyhud:font/assets/skills/enigma/icon_enigma_arcanestudies.png","height":28,"ascent":-175500,"chars":[""]},{"type":"bitmap","file":"happyhud:font/assets/skills/valor/icon_valor_piercingstrike.png","height":30,"ascent":-175500,"chars":[""]},{"type":"bitmap","file":"happyhud:font/assets/skills/resonance/icon_resonance_tuningstrike.png","height":28,"ascent":-175500,"chars":[""]},{"type":"bitmap","file":"happyhud:font/assets/skills/enigma/icon_enigma_controlfactotum.png","height":32,"ascent":-175500,"chars":[""]},{"type":"bitmap","file":"happyhud:font/assets/skills/daring/icon_daring_lockandload.png","height":32,"ascent":-175500,"chars":[""]},{"type":"bitmap","file":"happyhud:font/assets/skills/fury/icon_fury_furioussurge.png","height":32,"ascent":-175500,"chars":[""]},{"type":"bitmap","file":"happyhud:font/assets/skills/resonance/icon_resonance_maelstrom.png","height":32,"ascent":-175500,"chars":[""]},{"type":"bitmap","file":"happyhud:font/assets/skills/daring/icon_daring_absolution.png","height":32,"ascent":-175500,"chars":[""]},{"type":"bitmap","file":"happyhud:font/assets/skills/focus/icon_focus_rimesembrace.png","height":32,"ascent":-175500,"chars":[""]},{"type":"bitmap","file":"happyhud:font/assets/skills/guile/icon_guile_haveatit.png","height":32,"ascent":-175500,"chars":[""]},{"type":"bitmap","file":"happyhud:font/assets/skills/enigma/icon_enigma_transposition.png","height":32,"ascent":-175500,"chars":[""]},{"type":"bitmap","file":"happyhud:font/assets/skills/valor/icon_valor_dashingstrike.png","height":30,"ascent":-175500,"chars":[""]},{"type":"bitmap","file":"happyhud:font/assets/skills/focus/icon_focus_decreeoffrost.png","height":32,"ascent":-175500,"chars":[""]},{"type":"bitmap","file":"happyhud:font/assets/skills/valor/icon_valor_bladework.png","height":29,"ascent":-175500,"chars":[""]},{"type":"bitmap","file":"happyhud:font/assets/skills/guile/icon_guile_instantrelief.png","height":32,"ascent":-175500,"chars":[""]},{"type":"bitmap","file":"happyhud:font/assets/skills/vigilance/icon_vigilance_revealprey.png","height":32,"ascent":-175500,"chars":[""]},{"type":"bitmap","file":"happyhud:font/assets/skills/fury/icon_fury_strifeandfury.png","height":32,"ascent":-175500,"chars":[""]},{"type":"bitmap","file":"happyhud:font/assets/skills/fury/icon_fury_rupture.png","height":30,"ascent":-175500,"chars":[""]},{"type":"bitmap","file":"happyhud:font/assets/skills/daring/icon_daring_deathfromabove.png","height":32,"ascent":-175500,"chars":[""]},{"type":"bitmap","file":"happyhud:font/assets/skills/daring/icon_daring_hamstring.png","height":30,"ascent":-175500,"chars":[""]},{"type":"bitmap","file":"happyhud:font/assets/skills/guile/icon_guile_unstablecurative.png","height":32,"ascent":-175500,"chars":[""]},{"type":"bitmap","file":"happyhud:font/assets/skills/daring/icon_daring_smokescreen.png","height":32,"ascent":-175500,"chars":[""]},{"type":"bitmap","file":"happyhud:font/assets/skills/command/icon_command_pennantpullback.png","height":32,"ascent":-175500,"chars":[""]},{"type":"bitmap","file":"happyhud:font/assets/skills/command/icon_command_banneramplify.png","height":32,"ascent":-175500,"chars":[""]},{"type":"bitmap","file":"happyhud:font/assets/skills/resonance/icon_resonance_helpfulhymn.png","height":32,"ascent":-175500,"chars":[""]},{"type":"bitmap","file":"happyhud:font/assets/skills/vigilance/icon_vigilance_hunterssense.png","height":32,"ascent":-175500,"chars":[""]},{"type":"bitmap","file":"happyhud:font/assets/skills/enigma/icon_enigma_runestorm.png","height":32,"ascent":-175500,"chars":[""]},{"type":"bitmap","file":"happyhud:font/assets/skills/resonance/icon_resonance_lullaby.png","height":32,"ascent":-175500,"chars":[""]},{"type":"bitmap","file":"happyhud:font/assets/skills/valor/icon_valor_utmostattention.png","height":30,"ascent":-175500,"chars":[""]},{"type":"bitmap","file":"happyhud:font/assets/skills/resonance/icon_resonance_boomingbellow.png","height":32,"ascent":-175500,"chars":[""]},{"type":"bitmap","file":"happyhud:font/assets/skills/fury/icon_fury_whirlingblaze.png","height":32,"ascent":-175500,"chars":[""]},{"type":"bitmap","file":"happyhud:font/assets/skills/daring/icon_daring_masterofshadows.png","height":30,"ascent":-175500,"chars":[""]},{"type":"bitmap","file":"happyhud:font/assets/skills/vigilance/icon_vigilance_grapplingshot.png","height":32,"ascent":-175500,"chars":[""]},{"type":"bitmap","file":"happyhud:font/assets/skills/fury/icon_fury_splittingstrike.png","height":29,"ascent":-175500,"chars":[""]},{"type":"bitmap","file":"happyhud:font/assets/skills/resonance/icon_resonance_vesersshadow.png","height":28,"ascent":-175500,"chars":[""]},{"type":"bitmap","file":"happyhud:font/assets/skills/daring/icon_daring_shotandsteel.png","height":32,"ascent":-175500,"chars":[""]},{"type":"bitmap","file":"happyhud:font/assets/lumentest/skill_number_6.png","height":13,"ascent":-178500,"chars":[""]},{"type":"bitmap","file":"happyhud:font/assets/lumentest/skill_number_7.png","height":13,"ascent":-178500,"chars":[""]},{"type":"bitmap","file":"happyhud:font/assets/skills/daring/icon_daring_slidingslash.png","height":32,"ascent":-179500,"chars":[""]},{"type":"bitmap","file":"happyhud:font/assets/skills/enigma/icon_enigma_opposingwinds.png","height":32,"ascent":-179500,"chars":[""]},{"type":"bitmap","file":"happyhud:font/assets/skills/resonance/icon_resonance_naiossluminance.png","height":31,"ascent":-179500,"chars":[""]},{"type":"bitmap","file":"happyhud:font/assets/skills/enigma/icon_enigma_transfiguration.png","height":32,"ascent":-179500,"chars":[""]},{"type":"bitmap","file":"happyhud:font/assets/skills/no_skill.png","height":1,"ascent":-179500,"chars":[""]},{"type":"bitmap","file":"happyhud:font/assets/skills/valor/icon_valor_divideandconquer.png","height":32,"ascent":-179500,"chars":[""]},{"type":"bitmap","file":"happyhud:font/assets/skills/guile/icon_guile_dreadnaughtdraught.png","height":32,"ascent":-179500,"chars":[""]},{"type":"bitmap","file":"happyhud:font/assets/skills/daring/icon_daring_sinfulshadow.png","height":32,"ascent":-179500,"chars":[""]},{"type":"bitmap","file":"happyhud:font/assets/skills/fury/icon_fury_fistofagavres.png","height":32,"ascent":-179500,"chars":[""]},{"type":"bitmap","file":"happyhud:font/assets/skills/enigma/icon_enigma_shockmines.png","height":30,"ascent":-179500,"chars":[""]},{"type":"bitmap","file":"happyhud:font/assets/skills/enigma/icon_enigma_runerupture.png","height":32,"ascent":-179500,"chars":[""]},{"type":"bitmap","file":"happyhud:font/assets/skills/fury/icon_fury_infernoslash.png","height":29,"ascent":-179500,"chars":[""]},{"type":"bitmap","file":"happyhud:font/assets/skills/resonance/icon_resonance_warcant.png","height":32,"ascent":-179500,"chars":[""]},{"type":"bitmap","file":"happyhud:font/assets/skills/fury/icon_fury_wildabandon.png","height":30,"ascent":-179500,"chars":[""]},{"type":"bitmap","file":"happyhud:font/assets/skills/vigilance/icon_vigilance_seekandsunder.png","height":32,"ascent":-179500,"chars":[""]},{"type":"bitmap","file":"happyhud:font/assets/skills/focus/icon_focus_glacialshard.png","height":32,"ascent":-179500,"chars":[""]},{"type":"bitmap","file":"happyhud:font/assets/skills/guile/icon_guile_malignanthaze.png","height":32,"ascent":-179500,"chars":[""]},{"type":"bitmap","file":"happyhud:font/assets/skills/resonance/icon_resonance_percussion.png","height":31,"ascent":-179500,"chars":[""]},{"type":"bitmap","file":"happyhud:font/assets/skills/fury/icon_fury_fistofvitality.png","height":32,"ascent":-179500,"chars":[""]},{"type":"bitmap","file":"happyhud:font/assets/skills/enigma/icon_enigma_runequakepropulsion.png","height":32,"ascent":-179500,"chars":[""]},{"type":"bitmap","file":"happyhud:font/assets/skills/resonance/icon_resonance_piercingtone.png","height":32,"ascent":-179500,"chars":[""]},{"type":"bitmap","file":"happyhud:font/assets/skills/enigma/icon_enigma_nullzone.png","height":28,"ascent":-179500,"chars":[""]},{"type":"bitmap","file":"happyhud:font/assets/skills/enigma/icon_enigma_electricfence.png","height":29,"ascent":-179500,"chars":[""]},{"type":"bitmap","file":"happyhud:font/assets/skills/vigilance/icon_vigilance_lacerations.png","height":29,"ascent":-179500,"chars":[""]},{"type":"bitmap","file":"happyhud:font/assets/skills/focus/icon_focus_stingofthewild.png","height":32,"ascent":-179500,"chars":[""]},{"type":"bitmap","file":"happyhud:font/assets/skills/command/icon_command_bannercharge.png","height":32,"ascent":-179500,"chars":[""]},{"type":"bitmap","file":"happyhud:font/assets/skills/fury/icon_fury_concussiveclap.png","height":32,"ascent":-179500,"chars":[""]},{"type":"bitmap","file":"happyhud:font/assets/skills/resonance/icon_resonance_boundlessballad.png","height":32,"ascent":-179500,"chars":[""]},{"type":"bitmap","file":"happyhud:font/assets/skills/vigilance/icon_guile_bolatoss.png","height":32,"ascent":-179500,"chars":[""]},{"type":"bitmap","file":"happyhud:font/assets/skills/command/icon_command_hammerdown.png","height":32,"ascent":-179500,"chars":[""]},{"type":"bitmap","file":"happyhud:font/assets/skills/command/icon_command_sustainedfortitude.png","height":32,"ascent":-179500,"chars":[""]},{"type":"bitmap","file":"happyhud:font/assets/skills/vigilance/icon_guile_honeypot.png","height":32,"ascent":-179500,"chars":[""]},{"type":"bitmap","file":"happyhud:font/assets/skills/focus/icon_focus_frigidtomb.png","height":32,"ascent":-179500,"chars":[""]},{"type":"bitmap","file":"happyhud:font/assets/skills/fury/icon_fury_limitlessgrace.png","height":29,"ascent":-179500,"chars":[""]},{"type":"bitmap","file":"happyhud:font/assets/skills/valor/icon_valor_riposte.png","height":31,"ascent":-179500,"chars":[""]},{"type":"bitmap","file":"happyhud:font/assets/skills/resonance/icon_resonance_eclipse.png","height":30,"ascent":-179500,"chars":[""]},{"type":"bitmap","file":"happyhud:font/assets/skills/focus/icon_focus_silverstorm.png","height":32,"ascent":-179500,"chars":[""]},{"type":"bitmap","file":"happyhud:font/assets/skills/enigma/icon_enigma_runiclance.png","height":32,"ascent":-179500,"chars":[""]},{"type":"bitmap","file":"happyhud:font/assets/skills/command/icon_command_battlelinebulwark.png","height":32,"ascent":-179500,"chars":[""]},{"type":"bitmap","file":"happyhud:font/assets/skills/guile/icon_guile_vapourvault.png","height":32,"ascent":-179500,"chars":[""]},{"type":"bitmap","file":"happyhud:font/assets/skills/daring/icon_daring_toolsofthetrade.png","height":31,"ascent":-179500,"chars":[""]},{"type":"bitmap","file":"happyhud:font/assets/skills/fury/icon_fury_recklesszealotry.png","height":32,"ascent":-179500,"chars":[""]},{"type":"bitmap","file":"happyhud:font/assets/skills/enigma/icon_enigma_arcanestudies.png","height":28,"ascent":-179500,"chars":[""]},{"type":"bitmap","file":"happyhud:font/assets/skills/valor/icon_valor_piercingstrike.png","height":30,"ascent":-179500,"chars":[""]},{"type":"bitmap","file":"happyhud:font/assets/skills/resonance/icon_resonance_tuningstrike.png","height":28,"ascent":-179500,"chars":[""]},{"type":"bitmap","file":"happyhud:font/assets/skills/enigma/icon_enigma_controlfactotum.png","height":32,"ascent":-179500,"chars":[""]},{"type":"bitmap","file":"happyhud:font/assets/skills/daring/icon_daring_lockandload.png","height":32,"ascent":-179500,"chars":[""]},{"type":"bitmap","file":"happyhud:font/assets/skills/fury/icon_fury_furioussurge.png","height":32,"ascent":-179500,"chars":[""]},{"type":"bitmap","file":"happyhud:font/assets/skills/resonance/icon_resonance_maelstrom.png","height":32,"ascent":-179500,"chars":[""]},{"type":"bitmap","file":"happyhud:font/assets/skills/daring/icon_daring_absolution.png","height":32,"ascent":-179500,"chars":[""]},{"type":"bitmap","file":"happyhud:font/assets/skills/focus/icon_focus_rimesembrace.png","height":32,"ascent":-179500,"chars":[""]},{"type":"bitmap","file":"happyhud:font/assets/skills/guile/icon_guile_haveatit.png","height":32,"ascent":-179500,"chars":[""]},{"type":"bitmap","file":"happyhud:font/assets/skills/enigma/icon_enigma_transposition.png","height":32,"ascent":-179500,"chars":[""]},{"type":"bitmap","file":"happyhud:font/assets/skills/valor/icon_valor_dashingstrike.png","height":30,"ascent":-179500,"chars":[""]},{"type":"bitmap","file":"happyhud:font/assets/skills/focus/icon_focus_decreeoffrost.png","height":32,"ascent":-179500,"chars":[""]},{"type":"bitmap","file":"happyhud:font/assets/skills/valor/icon_valor_bladework.png","height":29,"ascent":-179500,"chars":[""]},{"type":"bitmap","file":"happyhud:font/assets/skills/guile/icon_guile_instantrelief.png","height":32,"ascent":-179500,"chars":[""]},{"type":"bitmap","file":"happyhud:font/assets/skills/vigilance/icon_vigilance_revealprey.png","height":32,"ascent":-179500,"chars":[""]},{"type":"bitmap","file":"happyhud:font/assets/skills/fury/icon_fury_strifeandfury.png","height":32,"ascent":-179500,"chars":[""]},{"type":"bitmap","file":"happyhud:font/assets/skills/fury/icon_fury_rupture.png","height":30,"ascent":-179500,"chars":[""]},{"type":"bitmap","file":"happyhud:font/assets/skills/daring/icon_daring_deathfromabove.png","height":32,"ascent":-179500,"chars":[""]},{"type":"bitmap","file":"happyhud:font/assets/skills/daring/icon_daring_hamstring.png","height":30,"ascent":-179500,"chars":[""]},{"type":"bitmap","file":"happyhud:font/assets/skills/guile/icon_guile_unstablecurative.png","height":32,"ascent":-179500,"chars":[""]},{"type":"bitmap","file":"happyhud:font/assets/skills/daring/icon_daring_smokescreen.png","height":32,"ascent":-179500,"chars":[""]},{"type":"bitmap","file":"happyhud:font/assets/skills/command/icon_command_pennantpullback.png","height":32,"ascent":-179500,"chars":[""]},{"type":"bitmap","file":"happyhud:font/assets/skills/command/icon_command_banneramplify.png","height":32,"ascent":-179500,"chars":[""]},{"type":"bitmap","file":"happyhud:font/assets/skills/resonance/icon_resonance_helpfulhymn.png","height":32,"ascent":-179500,"chars":[""]},{"type":"bitmap","file":"happyhud:font/assets/skills/vigilance/icon_vigilance_hunterssense.png","height":32,"ascent":-179500,"chars":[""]},{"type":"bitmap","file":"happyhud:font/assets/skills/enigma/icon_enigma_runestorm.png","height":32,"ascent":-179500,"chars":[""]},{"type":"bitmap","file":"happyhud:font/assets/skills/resonance/icon_resonance_lullaby.png","height":32,"ascent":-179500,"chars":[""]},{"type":"bitmap","file":"happyhud:font/assets/skills/valor/icon_valor_utmostattention.png","height":30,"ascent":-179500,"chars":[""]},{"type":"bitmap","file":"happyhud:font/assets/skills/resonance/icon_resonance_boomingbellow.png","height":32,"ascent":-179500,"chars":[""]},{"type":"bitmap","file":"happyhud:font/assets/skills/fury/icon_fury_whirlingblaze.png","height":32,"ascent":-179500,"chars":[""]},{"type":"bitmap","file":"happyhud:font/assets/skills/daring/icon_daring_masterofshadows.png","height":30,"ascent":-179500,"chars":[""]},{"type":"bitmap","file":"happyhud:font/assets/skills/vigilance/icon_vigilance_grapplingshot.png","height":32,"ascent":-179500,"chars":[""]},{"type":"bitmap","file":"happyhud:font/assets/skills/fury/icon_fury_splittingstrike.png","height":29,"ascent":-179500,"chars":[""]},{"type":"bitmap","file":"happyhud:font/assets/skills/resonance/icon_resonance_vesersshadow.png","height":28,"ascent":-179500,"chars":[""]},{"type":"bitmap","file":"happyhud:font/assets/skills/daring/icon_daring_shotandsteel.png","height":32,"ascent":-179500,"chars":[""]},{"type":"bitmap","file":"happyhud:font/assets/lumentest/skill_number_5.png","height":13,"ascent":-182500,"chars":[""]},{"type":"bitmap","file":"happyhud:font/assets/lumentest/skill_number_6.png","height":13,"ascent":-182500,"chars":[""]},{"type":"bitmap","file":"happyhud:font/assets/skills/daring/icon_daring_slidingslash.png","height":32,"ascent":-183500,"chars":[""]},{"type":"bitmap","file":"happyhud:font/assets/skills/enigma/icon_enigma_opposingwinds.png","height":32,"ascent":-183500,"chars":[""]},{"type":"bitmap","file":"happyhud:font/assets/skills/resonance/icon_resonance_naiossluminance.png","height":31,"ascent":-183500,"chars":[""]},{"type":"bitmap","file":"happyhud:font/assets/skills/enigma/icon_enigma_transfiguration.png","height":32,"ascent":-183500,"chars":[""]},{"type":"bitmap","file":"happyhud:font/assets/skills/no_skill.png","height":1,"ascent":-183500,"chars":[""]},{"type":"bitmap","file":"happyhud:font/assets/skills/valor/icon_valor_divideandconquer.png","height":32,"ascent":-183500,"chars":[""]},{"type":"bitmap","file":"happyhud:font/assets/skills/guile/icon_guile_dreadnaughtdraught.png","height":32,"ascent":-183500,"chars":[""]},{"type":"bitmap","file":"happyhud:font/assets/skills/daring/icon_daring_sinfulshadow.png","height":32,"ascent":-183500,"chars":[""]},{"type":"bitmap","file":"happyhud:font/assets/skills/fury/icon_fury_fistofagavres.png","height":32,"ascent":-183500,"chars":[""]},{"type":"bitmap","file":"happyhud:font/assets/skills/enigma/icon_enigma_shockmines.png","height":30,"ascent":-183500,"chars":[""]},{"type":"bitmap","file":"happyhud:font/assets/skills/enigma/icon_enigma_runerupture.png","height":32,"ascent":-183500,"chars":[""]},{"type":"bitmap","file":"happyhud:font/assets/skills/fury/icon_fury_infernoslash.png","height":29,"ascent":-183500,"chars":[""]},{"type":"bitmap","file":"happyhud:font/assets/skills/resonance/icon_resonance_warcant.png","height":32,"ascent":-183500,"chars":[""]},{"type":"bitmap","file":"happyhud:font/assets/skills/fury/icon_fury_wildabandon.png","height":30,"ascent":-183500,"chars":[""]},{"type":"bitmap","file":"happyhud:font/assets/skills/vigilance/icon_vigilance_seekandsunder.png","height":32,"ascent":-183500,"chars":[""]},{"type":"bitmap","file":"happyhud:font/assets/skills/focus/icon_focus_glacialshard.png","height":32,"ascent":-183500,"chars":[""]},{"type":"bitmap","file":"happyhud:font/assets/skills/guile/icon_guile_malignanthaze.png","height":32,"ascent":-183500,"chars":[""]},{"type":"bitmap","file":"happyhud:font/assets/skills/resonance/icon_resonance_percussion.png","height":31,"ascent":-183500,"chars":[""]},{"type":"bitmap","file":"happyhud:font/assets/skills/fury/icon_fury_fistofvitality.png","height":32,"ascent":-183500,"chars":[""]},{"type":"bitmap","file":"happyhud:font/assets/skills/enigma/icon_enigma_runequakepropulsion.png","height":32,"ascent":-183500,"chars":[""]},{"type":"bitmap","file":"happyhud:font/assets/skills/resonance/icon_resonance_piercingtone.png","height":32,"ascent":-183500,"chars":[""]},{"type":"bitmap","file":"happyhud:font/assets/skills/enigma/icon_enigma_nullzone.png","height":28,"ascent":-183500,"chars":[""]},{"type":"bitmap","file":"happyhud:font/assets/skills/enigma/icon_enigma_electricfence.png","height":29,"ascent":-183500,"chars":[""]},{"type":"bitmap","file":"happyhud:font/assets/skills/vigilance/icon_vigilance_lacerations.png","height":29,"ascent":-183500,"chars":[""]},{"type":"bitmap","file":"happyhud:font/assets/skills/focus/icon_focus_stingofthewild.png","height":32,"ascent":-183500,"chars":[""]},{"type":"bitmap","file":"happyhud:font/assets/skills/command/icon_command_bannercharge.png","height":32,"ascent":-183500,"chars":[""]},{"type":"bitmap","file":"happyhud:font/assets/skills/fury/icon_fury_concussiveclap.png","height":32,"ascent":-183500,"chars":[""]},{"type":"bitmap","file":"happyhud:font/assets/skills/resonance/icon_resonance_boundlessballad.png","height":32,"ascent":-183500,"chars":[""]},{"type":"bitmap","file":"happyhud:font/assets/skills/vigilance/icon_guile_bolatoss.png","height":32,"ascent":-183500,"chars":[""]},{"type":"bitmap","file":"happyhud:font/assets/skills/command/icon_command_hammerdown.png","height":32,"ascent":-183500,"chars":[""]},{"type":"bitmap","file":"happyhud:font/assets/skills/command/icon_command_sustainedfortitude.png","height":32,"ascent":-183500,"chars":[""]},{"type":"bitmap","file":"happyhud:font/assets/skills/vigilance/icon_guile_honeypot.png","height":32,"ascent":-183500,"chars":[""]},{"type":"bitmap","file":"happyhud:font/assets/skills/focus/icon_focus_frigidtomb.png","height":32,"ascent":-183500,"chars":[""]},{"type":"bitmap","file":"happyhud:font/assets/skills/fury/icon_fury_limitlessgrace.png","height":29,"ascent":-183500,"chars":[""]},{"type":"bitmap","file":"happyhud:font/assets/skills/valor/icon_valor_riposte.png","height":31,"ascent":-183500,"chars":[""]},{"type":"bitmap","file":"happyhud:font/assets/skills/resonance/icon_resonance_eclipse.png","height":30,"ascent":-183500,"chars":[""]},{"type":"bitmap","file":"happyhud:font/assets/skills/focus/icon_focus_silverstorm.png","height":32,"ascent":-183500,"chars":[""]},{"type":"bitmap","file":"happyhud:font/assets/skills/enigma/icon_enigma_runiclance.png","height":32,"ascent":-183500,"chars":[""]},{"type":"bitmap","file":"happyhud:font/assets/skills/command/icon_command_battlelinebulwark.png","height":32,"ascent":-183500,"chars":[""]},{"type":"bitmap","file":"happyhud:font/assets/skills/guile/icon_guile_vapourvault.png","height":32,"ascent":-183500,"chars":[""]},{"type":"bitmap","file":"happyhud:font/assets/skills/daring/icon_daring_toolsofthetrade.png","height":31,"ascent":-183500,"chars":[""]},{"type":"bitmap","file":"happyhud:font/assets/skills/fury/icon_fury_recklesszealotry.png","height":32,"ascent":-183500,"chars":[""]},{"type":"bitmap","file":"happyhud:font/assets/skills/enigma/icon_enigma_arcanestudies.png","height":28,"ascent":-183500,"chars":[""]},{"type":"bitmap","file":"happyhud:font/assets/skills/valor/icon_valor_piercingstrike.png","height":30,"ascent":-183500,"chars":[""]},{"type":"bitmap","file":"happyhud:font/assets/skills/resonance/icon_resonance_tuningstrike.png","height":28,"ascent":-183500,"chars":[""]},{"type":"bitmap","file":"happyhud:font/assets/skills/enigma/icon_enigma_controlfactotum.png","height":32,"ascent":-183500,"chars":[""]},{"type":"bitmap","file":"happyhud:font/assets/skills/daring/icon_daring_lockandload.png","height":32,"ascent":-183500,"chars":[""]},{"type":"bitmap","file":"happyhud:font/assets/skills/fury/icon_fury_furioussurge.png","height":32,"ascent":-183500,"chars":[""]},{"type":"bitmap","file":"happyhud:font/assets/skills/resonance/icon_resonance_maelstrom.png","height":32,"ascent":-183500,"chars":[""]},{"type":"bitmap","file":"happyhud:font/assets/skills/daring/icon_daring_absolution.png","height":32,"ascent":-183500,"chars":[""]},{"type":"bitmap","file":"happyhud:font/assets/skills/focus/icon_focus_rimesembrace.png","height":32,"ascent":-183500,"chars":[""]},{"type":"bitmap","file":"happyhud:font/assets/skills/guile/icon_guile_haveatit.png","height":32,"ascent":-183500,"chars":[""]},{"type":"bitmap","file":"happyhud:font/assets/skills/enigma/icon_enigma_transposition.png","height":32,"ascent":-183500,"chars":[""]},{"type":"bitmap","file":"happyhud:font/assets/skills/valor/icon_valor_dashingstrike.png","height":30,"ascent":-183500,"chars":[""]},{"type":"bitmap","file":"happyhud:font/assets/skills/focus/icon_focus_decreeoffrost.png","height":32,"ascent":-183500,"chars":[""]},{"type":"bitmap","file":"happyhud:font/assets/skills/valor/icon_valor_bladework.png","height":29,"ascent":-183500,"chars":[""]},{"type":"bitmap","file":"happyhud:font/assets/skills/guile/icon_guile_instantrelief.png","height":32,"ascent":-183500,"chars":[""]},{"type":"bitmap","file":"happyhud:font/assets/skills/vigilance/icon_vigilance_revealprey.png","height":32,"ascent":-183500,"chars":[""]},{"type":"bitmap","file":"happyhud:font/assets/skills/fury/icon_fury_strifeandfury.png","height":32,"ascent":-183500,"chars":[""]},{"type":"bitmap","file":"happyhud:font/assets/skills/fury/icon_fury_rupture.png","height":30,"ascent":-183500,"chars":[""]},{"type":"bitmap","file":"happyhud:font/assets/skills/daring/icon_daring_deathfromabove.png","height":32,"ascent":-183500,"chars":[""]},{"type":"bitmap","file":"happyhud:font/assets/skills/daring/icon_daring_hamstring.png","height":30,"ascent":-183500,"chars":[""]},{"type":"bitmap","file":"happyhud:font/assets/skills/guile/icon_guile_unstablecurative.png","height":32,"ascent":-183500,"chars":[""]},{"type":"bitmap","file":"happyhud:font/assets/skills/daring/icon_daring_smokescreen.png","height":32,"ascent":-183500,"chars":[""]},{"type":"bitmap","file":"happyhud:font/assets/skills/command/icon_command_pennantpullback.png","height":32,"ascent":-183500,"chars":[""]},{"type":"bitmap","file":"happyhud:font/assets/skills/command/icon_command_banneramplify.png","height":32,"ascent":-183500,"chars":[""]},{"type":"bitmap","file":"happyhud:font/assets/skills/resonance/icon_resonance_helpfulhymn.png","height":32,"ascent":-183500,"chars":[""]},{"type":"bitmap","file":"happyhud:font/assets/skills/vigilance/icon_vigilance_hunterssense.png","height":32,"ascent":-183500,"chars":[""]},{"type":"bitmap","file":"happyhud:font/assets/skills/enigma/icon_enigma_runestorm.png","height":32,"ascent":-183500,"chars":[""]},{"type":"bitmap","file":"happyhud:font/assets/skills/resonance/icon_resonance_lullaby.png","height":32,"ascent":-183500,"chars":[""]},{"type":"bitmap","file":"happyhud:font/assets/skills/valor/icon_valor_utmostattention.png","height":30,"ascent":-183500,"chars":[""]},{"type":"bitmap","file":"happyhud:font/assets/skills/resonance/icon_resonance_boomingbellow.png","height":32,"ascent":-183500,"chars":[""]},{"type":"bitmap","file":"happyhud:font/assets/skills/fury/icon_fury_whirlingblaze.png","height":32,"ascent":-183500,"chars":[""]},{"type":"bitmap","file":"happyhud:font/assets/skills/daring/icon_daring_masterofshadows.png","height":30,"ascent":-183500,"chars":[""]},{"type":"bitmap","file":"happyhud:font/assets/skills/vigilance/icon_vigilance_grapplingshot.png","height":32,"ascent":-183500,"chars":[""]},{"type":"bitmap","file":"happyhud:font/assets/skills/fury/icon_fury_splittingstrike.png","height":29,"ascent":-183500,"chars":[""]},{"type":"bitmap","file":"happyhud:font/assets/skills/resonance/icon_resonance_vesersshadow.png","height":28,"ascent":-183500,"chars":[""]},{"type":"bitmap","file":"happyhud:font/assets/skills/daring/icon_daring_shotandsteel.png","height":32,"ascent":-183500,"chars":[""]},{"type":"bitmap","file":"happyhud:font/assets/lumentest/skill_number_5.png","height":13,"ascent":-186500,"chars":[""]},{"type":"bitmap","file":"happyhud:font/assets/lumentest/skill_number_4.png","height":13,"ascent":-186500,"chars":[""]},{"type":"bitmap","file":"happyhud:font/assets/skills/daring/icon_daring_slidingslash.png","height":32,"ascent":-187500,"chars":[""]},{"type":"bitmap","file":"happyhud:font/assets/skills/enigma/icon_enigma_opposingwinds.png","height":32,"ascent":-187500,"chars":[""]},{"type":"bitmap","file":"happyhud:font/assets/skills/resonance/icon_resonance_naiossluminance.png","height":31,"ascent":-187500,"chars":[""]},{"type":"bitmap","file":"happyhud:font/assets/skills/enigma/icon_enigma_transfiguration.png","height":32,"ascent":-187500,"chars":[""]},{"type":"bitmap","file":"happyhud:font/assets/skills/no_skill.png","height":1,"ascent":-187500,"chars":[""]},{"type":"bitmap","file":"happyhud:font/assets/skills/valor/icon_valor_divideandconquer.png","height":32,"ascent":-187500,"chars":[""]},{"type":"bitmap","file":"happyhud:font/assets/skills/guile/icon_guile_dreadnaughtdraught.png","height":32,"ascent":-187500,"chars":[""]},{"type":"bitmap","file":"happyhud:font/assets/skills/daring/icon_daring_sinfulshadow.png","height":32,"ascent":-187500,"chars":[""]},{"type":"bitmap","file":"happyhud:font/assets/skills/fury/icon_fury_fistofagavres.png","height":32,"ascent":-187500,"chars":[""]},{"type":"bitmap","file":"happyhud:font/assets/skills/enigma/icon_enigma_shockmines.png","height":30,"ascent":-187500,"chars":[""]},{"type":"bitmap","file":"happyhud:font/assets/skills/enigma/icon_enigma_runerupture.png","height":32,"ascent":-187500,"chars":[""]},{"type":"bitmap","file":"happyhud:font/assets/skills/fury/icon_fury_infernoslash.png","height":29,"ascent":-187500,"chars":[""]},{"type":"bitmap","file":"happyhud:font/assets/skills/resonance/icon_resonance_warcant.png","height":32,"ascent":-187500,"chars":[""]},{"type":"bitmap","file":"happyhud:font/assets/skills/fury/icon_fury_wildabandon.png","height":30,"ascent":-187500,"chars":[""]},{"type":"bitmap","file":"happyhud:font/assets/skills/vigilance/icon_vigilance_seekandsunder.png","height":32,"ascent":-187500,"chars":[""]},{"type":"bitmap","file":"happyhud:font/assets/skills/focus/icon_focus_glacialshard.png","height":32,"ascent":-187500,"chars":[""]},{"type":"bitmap","file":"happyhud:font/assets/skills/guile/icon_guile_malignanthaze.png","height":32,"ascent":-187500,"chars":[""]},{"type":"bitmap","file":"happyhud:font/assets/skills/resonance/icon_resonance_percussion.png","height":31,"ascent":-187500,"chars":[""]},{"type":"bitmap","file":"happyhud:font/assets/skills/fury/icon_fury_fistofvitality.png","height":32,"ascent":-187500,"chars":[""]},{"type":"bitmap","file":"happyhud:font/assets/skills/enigma/icon_enigma_runequakepropulsion.png","height":32,"ascent":-187500,"chars":[""]},{"type":"bitmap","file":"happyhud:font/assets/skills/resonance/icon_resonance_piercingtone.png","height":32,"ascent":-187500,"chars":[""]},{"type":"bitmap","file":"happyhud:font/assets/skills/enigma/icon_enigma_nullzone.png","height":28,"ascent":-187500,"chars":[""]},{"type":"bitmap","file":"happyhud:font/assets/skills/enigma/icon_enigma_electricfence.png","height":29,"ascent":-187500,"chars":[""]},{"type":"bitmap","file":"happyhud:font/assets/skills/vigilance/icon_vigilance_lacerations.png","height":29,"ascent":-187500,"chars":[""]},{"type":"bitmap","file":"happyhud:font/assets/skills/focus/icon_focus_stingofthewild.png","height":32,"ascent":-187500,"chars":[""]},{"type":"bitmap","file":"happyhud:font/assets/skills/command/icon_command_bannercharge.png","height":32,"ascent":-187500,"chars":[""]},{"type":"bitmap","file":"happyhud:font/assets/skills/fury/icon_fury_concussiveclap.png","height":32,"ascent":-187500,"chars":[""]},{"type":"bitmap","file":"happyhud:font/assets/skills/resonance/icon_resonance_boundlessballad.png","height":32,"ascent":-187500,"chars":[""]},{"type":"bitmap","file":"happyhud:font/assets/skills/vigilance/icon_guile_bolatoss.png","height":32,"ascent":-187500,"chars":[""]},{"type":"bitmap","file":"happyhud:font/assets/skills/command/icon_command_hammerdown.png","height":32,"ascent":-187500,"chars":[""]},{"type":"bitmap","file":"happyhud:font/assets/skills/command/icon_command_sustainedfortitude.png","height":32,"ascent":-187500,"chars":[""]},{"type":"bitmap","file":"happyhud:font/assets/skills/vigilance/icon_guile_honeypot.png","height":32,"ascent":-187500,"chars":[""]},{"type":"bitmap","file":"happyhud:font/assets/skills/focus/icon_focus_frigidtomb.png","height":32,"ascent":-187500,"chars":[""]},{"type":"bitmap","file":"happyhud:font/assets/skills/fury/icon_fury_limitlessgrace.png","height":29,"ascent":-187500,"chars":[""]},{"type":"bitmap","file":"happyhud:font/assets/skills/valor/icon_valor_riposte.png","height":31,"ascent":-187500,"chars":[""]},{"type":"bitmap","file":"happyhud:font/assets/skills/resonance/icon_resonance_eclipse.png","height":30,"ascent":-187500,"chars":[""]},{"type":"bitmap","file":"happyhud:font/assets/skills/focus/icon_focus_silverstorm.png","height":32,"ascent":-187500,"chars":[""]},{"type":"bitmap","file":"happyhud:font/assets/skills/enigma/icon_enigma_runiclance.png","height":32,"ascent":-187500,"chars":[""]},{"type":"bitmap","file":"happyhud:font/assets/skills/command/icon_command_battlelinebulwark.png","height":32,"ascent":-187500,"chars":[""]},{"type":"bitmap","file":"happyhud:font/assets/skills/guile/icon_guile_vapourvault.png","height":32,"ascent":-187500,"chars":[""]},{"type":"bitmap","file":"happyhud:font/assets/skills/daring/icon_daring_toolsofthetrade.png","height":31,"ascent":-187500,"chars":[""]},{"type":"bitmap","file":"happyhud:font/assets/skills/fury/icon_fury_recklesszealotry.png","height":32,"ascent":-187500,"chars":[""]},{"type":"bitmap","file":"happyhud:font/assets/skills/enigma/icon_enigma_arcanestudies.png","height":28,"ascent":-187500,"chars":[""]},{"type":"bitmap","file":"happyhud:font/assets/skills/valor/icon_valor_piercingstrike.png","height":30,"ascent":-187500,"chars":[""]},{"type":"bitmap","file":"happyhud:font/assets/skills/resonance/icon_resonance_tuningstrike.png","height":28,"ascent":-187500,"chars":[""]},{"type":"bitmap","file":"happyhud:font/assets/skills/enigma/icon_enigma_controlfactotum.png","height":32,"ascent":-187500,"chars":[""]},{"type":"bitmap","file":"happyhud:font/assets/skills/daring/icon_daring_lockandload.png","height":32,"ascent":-187500,"chars":[""]},{"type":"bitmap","file":"happyhud:font/assets/skills/fury/icon_fury_furioussurge.png","height":32,"ascent":-187500,"chars":[""]},{"type":"bitmap","file":"happyhud:font/assets/skills/resonance/icon_resonance_maelstrom.png","height":32,"ascent":-187500,"chars":[""]},{"type":"bitmap","file":"happyhud:font/assets/skills/daring/icon_daring_absolution.png","height":32,"ascent":-187500,"chars":[""]},{"type":"bitmap","file":"happyhud:font/assets/skills/focus/icon_focus_rimesembrace.png","height":32,"ascent":-187500,"chars":[""]},{"type":"bitmap","file":"happyhud:font/assets/skills/guile/icon_guile_haveatit.png","height":32,"ascent":-187500,"chars":[""]},{"type":"bitmap","file":"happyhud:font/assets/skills/enigma/icon_enigma_transposition.png","height":32,"ascent":-187500,"chars":[""]},{"type":"bitmap","file":"happyhud:font/assets/skills/valor/icon_valor_dashingstrike.png","height":30,"ascent":-187500,"chars":[""]},{"type":"bitmap","file":"happyhud:font/assets/skills/focus/icon_focus_decreeoffrost.png","height":32,"ascent":-187500,"chars":[""]},{"type":"bitmap","file":"happyhud:font/assets/skills/valor/icon_valor_bladework.png","height":29,"ascent":-187500,"chars":[""]},{"type":"bitmap","file":"happyhud:font/assets/skills/guile/icon_guile_instantrelief.png","height":32,"ascent":-187500,"chars":[""]},{"type":"bitmap","file":"happyhud:font/assets/skills/vigilance/icon_vigilance_revealprey.png","height":32,"ascent":-187500,"chars":[""]},{"type":"bitmap","file":"happyhud:font/assets/skills/fury/icon_fury_strifeandfury.png","height":32,"ascent":-187500,"chars":[""]},{"type":"bitmap","file":"happyhud:font/assets/skills/fury/icon_fury_rupture.png","height":30,"ascent":-187500,"chars":[""]},{"type":"bitmap","file":"happyhud:font/assets/skills/daring/icon_daring_deathfromabove.png","height":32,"ascent":-187500,"chars":[""]},{"type":"bitmap","file":"happyhud:font/assets/skills/daring/icon_daring_hamstring.png","height":30,"ascent":-187500,"chars":[""]},{"type":"bitmap","file":"happyhud:font/assets/skills/guile/icon_guile_unstablecurative.png","height":32,"ascent":-187500,"chars":[""]},{"type":"bitmap","file":"happyhud:font/assets/skills/daring/icon_daring_smokescreen.png","height":32,"ascent":-187500,"chars":[""]},{"type":"bitmap","file":"happyhud:font/assets/skills/command/icon_command_pennantpullback.png","height":32,"ascent":-187500,"chars":[""]},{"type":"bitmap","file":"happyhud:font/assets/skills/command/icon_command_banneramplify.png","height":32,"ascent":-187500,"chars":[""]},{"type":"bitmap","file":"happyhud:font/assets/skills/resonance/icon_resonance_helpfulhymn.png","height":32,"ascent":-187500,"chars":[""]},{"type":"bitmap","file":"happyhud:font/assets/skills/vigilance/icon_vigilance_hunterssense.png","height":32,"ascent":-187500,"chars":[""]},{"type":"bitmap","file":"happyhud:font/assets/skills/enigma/icon_enigma_runestorm.png","height":32,"ascent":-187500,"chars":[""]},{"type":"bitmap","file":"happyhud:font/assets/skills/resonance/icon_resonance_lullaby.png","height":32,"ascent":-187500,"chars":[""]},{"type":"bitmap","file":"happyhud:font/assets/skills/valor/icon_valor_utmostattention.png","height":30,"ascent":-187500,"chars":[""]},{"type":"bitmap","file":"happyhud:font/assets/skills/resonance/icon_resonance_boomingbellow.png","height":32,"ascent":-187500,"chars":[""]},{"type":"bitmap","file":"happyhud:font/assets/skills/fury/icon_fury_whirlingblaze.png","height":32,"ascent":-187500,"chars":[""]},{"type":"bitmap","file":"happyhud:font/assets/skills/daring/icon_daring_masterofshadows.png","height":30,"ascent":-187500,"chars":[""]},{"type":"bitmap","file":"happyhud:font/assets/skills/vigilance/icon_vigilance_grapplingshot.png","height":32,"ascent":-187500,"chars":[""]},{"type":"bitmap","file":"happyhud:font/assets/skills/fury/icon_fury_splittingstrike.png","height":29,"ascent":-187500,"chars":[""]},{"type":"bitmap","file":"happyhud:font/assets/skills/resonance/icon_resonance_vesersshadow.png","height":28,"ascent":-187500,"chars":[""]},{"type":"bitmap","file":"happyhud:font/assets/skills/daring/icon_daring_shotandsteel.png","height":32,"ascent":-187500,"chars":[""]},{"type":"bitmap","file":"happyhud:font/assets/lumentest/skill_number_4.png","height":13,"ascent":-190500,"chars":[""]},{"type":"bitmap","file":"happyhud:font/assets/lumentest/skill_number_3.png","height":13,"ascent":-190500,"chars":[""]},{"type":"bitmap","file":"happyhud:font/assets/skills/daring/icon_daring_slidingslash.png","height":32,"ascent":-191500,"chars":[""]},{"type":"bitmap","file":"happyhud:font/assets/skills/enigma/icon_enigma_opposingwinds.png","height":32,"ascent":-191500,"chars":[""]},{"type":"bitmap","file":"happyhud:font/assets/skills/resonance/icon_resonance_naiossluminance.png","height":31,"ascent":-191500,"chars":[""]},{"type":"bitmap","file":"happyhud:font/assets/skills/enigma/icon_enigma_transfiguration.png","height":32,"ascent":-191500,"chars":[""]},{"type":"bitmap","file":"happyhud:font/assets/skills/no_skill.png","height":1,"ascent":-191500,"chars":[""]},{"type":"bitmap","file":"happyhud:font/assets/skills/valor/icon_valor_divideandconquer.png","height":32,"ascent":-191500,"chars":[""]},{"type":"bitmap","file":"happyhud:font/assets/skills/guile/icon_guile_dreadnaughtdraught.png","height":32,"ascent":-191500,"chars":[""]},{"type":"bitmap","file":"happyhud:font/assets/skills/daring/icon_daring_sinfulshadow.png","height":32,"ascent":-191500,"chars":[""]},{"type":"bitmap","file":"happyhud:font/assets/skills/fury/icon_fury_fistofagavres.png","height":32,"ascent":-191500,"chars":[""]},{"type":"bitmap","file":"happyhud:font/assets/skills/enigma/icon_enigma_shockmines.png","height":30,"ascent":-191500,"chars":[""]},{"type":"bitmap","file":"happyhud:font/assets/skills/enigma/icon_enigma_runerupture.png","height":32,"ascent":-191500,"chars":[""]},{"type":"bitmap","file":"happyhud:font/assets/skills/fury/icon_fury_infernoslash.png","height":29,"ascent":-191500,"chars":[""]},{"type":"bitmap","file":"happyhud:font/assets/skills/resonance/icon_resonance_warcant.png","height":32,"ascent":-191500,"chars":[""]},{"type":"bitmap","file":"happyhud:font/assets/skills/fury/icon_fury_wildabandon.png","height":30,"ascent":-191500,"chars":[""]},{"type":"bitmap","file":"happyhud:font/assets/skills/vigilance/icon_vigilance_seekandsunder.png","height":32,"ascent":-191500,"chars":[""]},{"type":"bitmap","file":"happyhud:font/assets/skills/focus/icon_focus_glacialshard.png","height":32,"ascent":-191500,"chars":[""]},{"type":"bitmap","file":"happyhud:font/assets/skills/guile/icon_guile_malignanthaze.png","height":32,"ascent":-191500,"chars":[""]},{"type":"bitmap","file":"happyhud:font/assets/skills/resonance/icon_resonance_percussion.png","height":31,"ascent":-191500,"chars":[""]},{"type":"bitmap","file":"happyhud:font/assets/skills/fury/icon_fury_fistofvitality.png","height":32,"ascent":-191500,"chars":[""]},{"type":"bitmap","file":"happyhud:font/assets/skills/enigma/icon_enigma_runequakepropulsion.png","height":32,"ascent":-191500,"chars":[""]},{"type":"bitmap","file":"happyhud:font/assets/skills/resonance/icon_resonance_piercingtone.png","height":32,"ascent":-191500,"chars":[""]},{"type":"bitmap","file":"happyhud:font/assets/skills/enigma/icon_enigma_nullzone.png","height":28,"ascent":-191500,"chars":[""]},{"type":"bitmap","file":"happyhud:font/assets/skills/enigma/icon_enigma_electricfence.png","height":29,"ascent":-191500,"chars":[""]},{"type":"bitmap","file":"happyhud:font/assets/skills/vigilance/icon_vigilance_lacerations.png","height":29,"ascent":-191500,"chars":[""]},{"type":"bitmap","file":"happyhud:font/assets/skills/focus/icon_focus_stingofthewild.png","height":32,"ascent":-191500,"chars":[""]},{"type":"bitmap","file":"happyhud:font/assets/skills/command/icon_command_bannercharge.png","height":32,"ascent":-191500,"chars":[""]},{"type":"bitmap","file":"happyhud:font/assets/skills/fury/icon_fury_concussiveclap.png","height":32,"ascent":-191500,"chars":[""]},{"type":"bitmap","file":"happyhud:font/assets/skills/resonance/icon_resonance_boundlessballad.png","height":32,"ascent":-191500,"chars":[""]},{"type":"bitmap","file":"happyhud:font/assets/skills/vigilance/icon_guile_bolatoss.png","height":32,"ascent":-191500,"chars":[""]},{"type":"bitmap","file":"happyhud:font/assets/skills/command/icon_command_hammerdown.png","height":32,"ascent":-191500,"chars":[""]},{"type":"bitmap","file":"happyhud:font/assets/skills/command/icon_command_sustainedfortitude.png","height":32,"ascent":-191500,"chars":[""]},{"type":"bitmap","file":"happyhud:font/assets/skills/vigilance/icon_guile_honeypot.png","height":32,"ascent":-191500,"chars":[""]},{"type":"bitmap","file":"happyhud:font/assets/skills/focus/icon_focus_frigidtomb.png","height":32,"ascent":-191500,"chars":[""]},{"type":"bitmap","file":"happyhud:font/assets/skills/fury/icon_fury_limitlessgrace.png","height":29,"ascent":-191500,"chars":[""]},{"type":"bitmap","file":"happyhud:font/assets/skills/valor/icon_valor_riposte.png","height":31,"ascent":-191500,"chars":[""]},{"type":"bitmap","file":"happyhud:font/assets/skills/resonance/icon_resonance_eclipse.png","height":30,"ascent":-191500,"chars":[""]},{"type":"bitmap","file":"happyhud:font/assets/skills/focus/icon_focus_silverstorm.png","height":32,"ascent":-191500,"chars":[""]},{"type":"bitmap","file":"happyhud:font/assets/skills/enigma/icon_enigma_runiclance.png","height":32,"ascent":-191500,"chars":[""]},{"type":"bitmap","file":"happyhud:font/assets/skills/command/icon_command_battlelinebulwark.png","height":32,"ascent":-191500,"chars":[""]},{"type":"bitmap","file":"happyhud:font/assets/skills/guile/icon_guile_vapourvault.png","height":32,"ascent":-191500,"chars":[""]},{"type":"bitmap","file":"happyhud:font/assets/skills/daring/icon_daring_toolsofthetrade.png","height":31,"ascent":-191500,"chars":[""]},{"type":"bitmap","file":"happyhud:font/assets/skills/fury/icon_fury_recklesszealotry.png","height":32,"ascent":-191500,"chars":[""]},{"type":"bitmap","file":"happyhud:font/assets/skills/enigma/icon_enigma_arcanestudies.png","height":28,"ascent":-191500,"chars":[""]},{"type":"bitmap","file":"happyhud:font/assets/skills/valor/icon_valor_piercingstrike.png","height":30,"ascent":-191500,"chars":[""]},{"type":"bitmap","file":"happyhud:font/assets/skills/resonance/icon_resonance_tuningstrike.png","height":28,"ascent":-191500,"chars":[""]},{"type":"bitmap","file":"happyhud:font/assets/skills/enigma/icon_enigma_controlfactotum.png","height":32,"ascent":-191500,"chars":[""]},{"type":"bitmap","file":"happyhud:font/assets/skills/daring/icon_daring_lockandload.png","height":32,"ascent":-191500,"chars":[""]},{"type":"bitmap","file":"happyhud:font/assets/skills/fury/icon_fury_furioussurge.png","height":32,"ascent":-191500,"chars":[""]},{"type":"bitmap","file":"happyhud:font/assets/skills/resonance/icon_resonance_maelstrom.png","height":32,"ascent":-191500,"chars":[""]},{"type":"bitmap","file":"happyhud:font/assets/skills/daring/icon_daring_absolution.png","height":32,"ascent":-191500,"chars":[""]},{"type":"bitmap","file":"happyhud:font/assets/skills/focus/icon_focus_rimesembrace.png","height":32,"ascent":-191500,"chars":[""]},{"type":"bitmap","file":"happyhud:font/assets/skills/guile/icon_guile_haveatit.png","height":32,"ascent":-191500,"chars":[""]},{"type":"bitmap","file":"happyhud:font/assets/skills/enigma/icon_enigma_transposition.png","height":32,"ascent":-191500,"chars":[""]},{"type":"bitmap","file":"happyhud:font/assets/skills/valor/icon_valor_dashingstrike.png","height":30,"ascent":-191500,"chars":[""]},{"type":"bitmap","file":"happyhud:font/assets/skills/focus/icon_focus_decreeoffrost.png","height":32,"ascent":-191500,"chars":[""]},{"type":"bitmap","file":"happyhud:font/assets/skills/valor/icon_valor_bladework.png","height":29,"ascent":-191500,"chars":[""]},{"type":"bitmap","file":"happyhud:font/assets/skills/guile/icon_guile_instantrelief.png","height":32,"ascent":-191500,"chars":[""]},{"type":"bitmap","file":"happyhud:font/assets/skills/vigilance/icon_vigilance_revealprey.png","height":32,"ascent":-191500,"chars":[""]},{"type":"bitmap","file":"happyhud:font/assets/skills/fury/icon_fury_strifeandfury.png","height":32,"ascent":-191500,"chars":[""]},{"type":"bitmap","file":"happyhud:font/assets/skills/fury/icon_fury_rupture.png","height":30,"ascent":-191500,"chars":[""]},{"type":"bitmap","file":"happyhud:font/assets/skills/daring/icon_daring_deathfromabove.png","height":32,"ascent":-191500,"chars":[""]},{"type":"bitmap","file":"happyhud:font/assets/skills/daring/icon_daring_hamstring.png","height":30,"ascent":-191500,"chars":[""]},{"type":"bitmap","file":"happyhud:font/assets/skills/guile/icon_guile_unstablecurative.png","height":32,"ascent":-191500,"chars":[""]},{"type":"bitmap","file":"happyhud:font/assets/skills/daring/icon_daring_smokescreen.png","height":32,"ascent":-191500,"chars":[""]},{"type":"bitmap","file":"happyhud:font/assets/skills/command/icon_command_pennantpullback.png","height":32,"ascent":-191500,"chars":[""]},{"type":"bitmap","file":"happyhud:font/assets/skills/command/icon_command_banneramplify.png","height":32,"ascent":-191500,"chars":[""]},{"type":"bitmap","file":"happyhud:font/assets/skills/resonance/icon_resonance_helpfulhymn.png","height":32,"ascent":-191500,"chars":[""]},{"type":"bitmap","file":"happyhud:font/assets/skills/vigilance/icon_vigilance_hunterssense.png","height":32,"ascent":-191500,"chars":[""]},{"type":"bitmap","file":"happyhud:font/assets/skills/enigma/icon_enigma_runestorm.png","height":32,"ascent":-191500,"chars":[""]},{"type":"bitmap","file":"happyhud:font/assets/skills/resonance/icon_resonance_lullaby.png","height":32,"ascent":-191500,"chars":[""]},{"type":"bitmap","file":"happyhud:font/assets/skills/valor/icon_valor_utmostattention.png","height":30,"ascent":-191500,"chars":[""]},{"type":"bitmap","file":"happyhud:font/assets/skills/resonance/icon_resonance_boomingbellow.png","height":32,"ascent":-191500,"chars":[""]},{"type":"bitmap","file":"happyhud:font/assets/skills/fury/icon_fury_whirlingblaze.png","height":32,"ascent":-191500,"chars":[""]},{"type":"bitmap","file":"happyhud:font/assets/skills/daring/icon_daring_masterofshadows.png","height":30,"ascent":-191500,"chars":[""]},{"type":"bitmap","file":"happyhud:font/assets/skills/vigilance/icon_vigilance_grapplingshot.png","height":32,"ascent":-191500,"chars":[""]},{"type":"bitmap","file":"happyhud:font/assets/skills/fury/icon_fury_splittingstrike.png","height":29,"ascent":-191500,"chars":[""]},{"type":"bitmap","file":"happyhud:font/assets/skills/resonance/icon_resonance_vesersshadow.png","height":28,"ascent":-191500,"chars":[""]},{"type":"bitmap","file":"happyhud:font/assets/skills/daring/icon_daring_shotandsteel.png","height":32,"ascent":-191500,"chars":[""]},{"type":"bitmap","file":"happyhud:font/assets/lumentest/skill_number_3.png","height":13,"ascent":-194500,"chars":[""]},{"type":"bitmap","file":"happyhud:font/assets/lumentest/skill_number_2.png","height":13,"ascent":-194500,"chars":[""]},{"type":"bitmap","file":"happyhud:font/assets/skills/daring/icon_daring_slidingslash.png","height":32,"ascent":-195500,"chars":[""]},{"type":"bitmap","file":"happyhud:font/assets/skills/enigma/icon_enigma_opposingwinds.png","height":32,"ascent":-195500,"chars":[""]},{"type":"bitmap","file":"happyhud:font/assets/skills/resonance/icon_resonance_naiossluminance.png","height":31,"ascent":-195500,"chars":[""]},{"type":"bitmap","file":"happyhud:font/assets/skills/enigma/icon_enigma_transfiguration.png","height":32,"ascent":-195500,"chars":[""]},{"type":"bitmap","file":"happyhud:font/assets/skills/no_skill.png","height":1,"ascent":-195500,"chars":[""]},{"type":"bitmap","file":"happyhud:font/assets/skills/valor/icon_valor_divideandconquer.png","height":32,"ascent":-195500,"chars":[""]},{"type":"bitmap","file":"happyhud:font/assets/skills/guile/icon_guile_dreadnaughtdraught.png","height":32,"ascent":-195500,"chars":[""]},{"type":"bitmap","file":"happyhud:font/assets/skills/daring/icon_daring_sinfulshadow.png","height":32,"ascent":-195500,"chars":[""]},{"type":"bitmap","file":"happyhud:font/assets/skills/fury/icon_fury_fistofagavres.png","height":32,"ascent":-195500,"chars":[""]},{"type":"bitmap","file":"happyhud:font/assets/skills/enigma/icon_enigma_shockmines.png","height":30,"ascent":-195500,"chars":[""]},{"type":"bitmap","file":"happyhud:font/assets/skills/enigma/icon_enigma_runerupture.png","height":32,"ascent":-195500,"chars":[""]},{"type":"bitmap","file":"happyhud:font/assets/skills/fury/icon_fury_infernoslash.png","height":29,"ascent":-195500,"chars":[""]},{"type":"bitmap","file":"happyhud:font/assets/skills/resonance/icon_resonance_warcant.png","height":32,"ascent":-195500,"chars":[""]},{"type":"bitmap","file":"happyhud:font/assets/skills/fury/icon_fury_wildabandon.png","height":30,"ascent":-195500,"chars":[""]},{"type":"bitmap","file":"happyhud:font/assets/skills/vigilance/icon_vigilance_seekandsunder.png","height":32,"ascent":-195500,"chars":[""]},{"type":"bitmap","file":"happyhud:font/assets/skills/focus/icon_focus_glacialshard.png","height":32,"ascent":-195500,"chars":[""]},{"type":"bitmap","file":"happyhud:font/assets/skills/guile/icon_guile_malignanthaze.png","height":32,"ascent":-195500,"chars":[""]},{"type":"bitmap","file":"happyhud:font/assets/skills/resonance/icon_resonance_percussion.png","height":31,"ascent":-195500,"chars":[""]},{"type":"bitmap","file":"happyhud:font/assets/skills/fury/icon_fury_fistofvitality.png","height":32,"ascent":-195500,"chars":[""]},{"type":"bitmap","file":"happyhud:font/assets/skills/enigma/icon_enigma_runequakepropulsion.png","height":32,"ascent":-195500,"chars":[""]},{"type":"bitmap","file":"happyhud:font/assets/skills/resonance/icon_resonance_piercingtone.png","height":32,"ascent":-195500,"chars":[""]},{"type":"bitmap","file":"happyhud:font/assets/skills/enigma/icon_enigma_nullzone.png","height":28,"ascent":-195500,"chars":[""]},{"type":"bitmap","file":"happyhud:font/assets/skills/enigma/icon_enigma_electricfence.png","height":29,"ascent":-195500,"chars":[""]},{"type":"bitmap","file":"happyhud:font/assets/skills/vigilance/icon_vigilance_lacerations.png","height":29,"ascent":-195500,"chars":[""]},{"type":"bitmap","file":"happyhud:font/assets/skills/focus/icon_focus_stingofthewild.png","height":32,"ascent":-195500,"chars":[""]},{"type":"bitmap","file":"happyhud:font/assets/skills/command/icon_command_bannercharge.png","height":32,"ascent":-195500,"chars":[""]},{"type":"bitmap","file":"happyhud:font/assets/skills/fury/icon_fury_concussiveclap.png","height":32,"ascent":-195500,"chars":[""]},{"type":"bitmap","file":"happyhud:font/assets/skills/resonance/icon_resonance_boundlessballad.png","height":32,"ascent":-195500,"chars":[""]},{"type":"bitmap","file":"happyhud:font/assets/skills/vigilance/icon_guile_bolatoss.png","height":32,"ascent":-195500,"chars":[""]},{"type":"bitmap","file":"happyhud:font/assets/skills/command/icon_command_hammerdown.png","height":32,"ascent":-195500,"chars":[""]},{"type":"bitmap","file":"happyhud:font/assets/skills/command/icon_command_sustainedfortitude.png","height":32,"ascent":-195500,"chars":[""]},{"type":"bitmap","file":"happyhud:font/assets/skills/vigilance/icon_guile_honeypot.png","height":32,"ascent":-195500,"chars":[""]},{"type":"bitmap","file":"happyhud:font/assets/skills/focus/icon_focus_frigidtomb.png","height":32,"ascent":-195500,"chars":[""]},{"type":"bitmap","file":"happyhud:font/assets/skills/fury/icon_fury_limitlessgrace.png","height":29,"ascent":-195500,"chars":[""]},{"type":"bitmap","file":"happyhud:font/assets/skills/valor/icon_valor_riposte.png","height":31,"ascent":-195500,"chars":[""]},{"type":"bitmap","file":"happyhud:font/assets/skills/resonance/icon_resonance_eclipse.png","height":30,"ascent":-195500,"chars":[""]},{"type":"bitmap","file":"happyhud:font/assets/skills/focus/icon_focus_silverstorm.png","height":32,"ascent":-195500,"chars":[""]},{"type":"bitmap","file":"happyhud:font/assets/skills/enigma/icon_enigma_runiclance.png","height":32,"ascent":-195500,"chars":[""]},{"type":"bitmap","file":"happyhud:font/assets/skills/command/icon_command_battlelinebulwark.png","height":32,"ascent":-195500,"chars":[""]},{"type":"bitmap","file":"happyhud:font/assets/skills/guile/icon_guile_vapourvault.png","height":32,"ascent":-195500,"chars":[""]},{"type":"bitmap","file":"happyhud:font/assets/skills/daring/icon_daring_toolsofthetrade.png","height":31,"ascent":-195500,"chars":[""]},{"type":"bitmap","file":"happyhud:font/assets/skills/fury/icon_fury_recklesszealotry.png","height":32,"ascent":-195500,"chars":[""]},{"type":"bitmap","file":"happyhud:font/assets/skills/enigma/icon_enigma_arcanestudies.png","height":28,"ascent":-195500,"chars":[""]},{"type":"bitmap","file":"happyhud:font/assets/skills/valor/icon_valor_piercingstrike.png","height":30,"ascent":-195500,"chars":[""]},{"type":"bitmap","file":"happyhud:font/assets/skills/resonance/icon_resonance_tuningstrike.png","height":28,"ascent":-195500,"chars":[""]},{"type":"bitmap","file":"happyhud:font/assets/skills/enigma/icon_enigma_controlfactotum.png","height":32,"ascent":-195500,"chars":[""]},{"type":"bitmap","file":"happyhud:font/assets/skills/daring/icon_daring_lockandload.png","height":32,"ascent":-195500,"chars":[""]},{"type":"bitmap","file":"happyhud:font/assets/skills/fury/icon_fury_furioussurge.png","height":32,"ascent":-195500,"chars":[""]},{"type":"bitmap","file":"happyhud:font/assets/skills/resonance/icon_resonance_maelstrom.png","height":32,"ascent":-195500,"chars":[""]},{"type":"bitmap","file":"happyhud:font/assets/skills/daring/icon_daring_absolution.png","height":32,"ascent":-195500,"chars":[""]},{"type":"bitmap","file":"happyhud:font/assets/skills/focus/icon_focus_rimesembrace.png","height":32,"ascent":-195500,"chars":[""]},{"type":"bitmap","file":"happyhud:font/assets/skills/guile/icon_guile_haveatit.png","height":32,"ascent":-195500,"chars":[""]},{"type":"bitmap","file":"happyhud:font/assets/skills/enigma/icon_enigma_transposition.png","height":32,"ascent":-195500,"chars":[""]},{"type":"bitmap","file":"happyhud:font/assets/skills/valor/icon_valor_dashingstrike.png","height":30,"ascent":-195500,"chars":[""]},{"type":"bitmap","file":"happyhud:font/assets/skills/focus/icon_focus_decreeoffrost.png","height":32,"ascent":-195500,"chars":[""]},{"type":"bitmap","file":"happyhud:font/assets/skills/valor/icon_valor_bladework.png","height":29,"ascent":-195500,"chars":[""]},{"type":"bitmap","file":"happyhud:font/assets/skills/guile/icon_guile_instantrelief.png","height":32,"ascent":-195500,"chars":[""]},{"type":"bitmap","file":"happyhud:font/assets/skills/vigilance/icon_vigilance_revealprey.png","height":32,"ascent":-195500,"chars":[""]},{"type":"bitmap","file":"happyhud:font/assets/skills/fury/icon_fury_strifeandfury.png","height":32,"ascent":-195500,"chars":[""]},{"type":"bitmap","file":"happyhud:font/assets/skills/fury/icon_fury_rupture.png","height":30,"ascent":-195500,"chars":[""]},{"type":"bitmap","file":"happyhud:font/assets/skills/daring/icon_daring_deathfromabove.png","height":32,"ascent":-195500,"chars":[""]},{"type":"bitmap","file":"happyhud:font/assets/skills/daring/icon_daring_hamstring.png","height":30,"ascent":-195500,"chars":[""]},{"type":"bitmap","file":"happyhud:font/assets/skills/guile/icon_guile_unstablecurative.png","height":32,"ascent":-195500,"chars":[""]},{"type":"bitmap","file":"happyhud:font/assets/skills/daring/icon_daring_smokescreen.png","height":32,"ascent":-195500,"chars":[""]},{"type":"bitmap","file":"happyhud:font/assets/skills/command/icon_command_pennantpullback.png","height":32,"ascent":-195500,"chars":[""]},{"type":"bitmap","file":"happyhud:font/assets/skills/command/icon_command_banneramplify.png","height":32,"ascent":-195500,"chars":[""]},{"type":"bitmap","file":"happyhud:font/assets/skills/resonance/icon_resonance_helpfulhymn.png","height":32,"ascent":-195500,"chars":[""]},{"type":"bitmap","file":"happyhud:font/assets/skills/vigilance/icon_vigilance_hunterssense.png","height":32,"ascent":-195500,"chars":[""]},{"type":"bitmap","file":"happyhud:font/assets/skills/enigma/icon_enigma_runestorm.png","height":32,"ascent":-195500,"chars":[""]},{"type":"bitmap","file":"happyhud:font/assets/skills/resonance/icon_resonance_lullaby.png","height":32,"ascent":-195500,"chars":[""]},{"type":"bitmap","file":"happyhud:font/assets/skills/valor/icon_valor_utmostattention.png","height":30,"ascent":-195500,"chars":[""]},{"type":"bitmap","file":"happyhud:font/assets/skills/resonance/icon_resonance_boomingbellow.png","height":32,"ascent":-195500,"chars":[""]},{"type":"bitmap","file":"happyhud:font/assets/skills/fury/icon_fury_whirlingblaze.png","height":32,"ascent":-195500,"chars":[""]},{"type":"bitmap","file":"happyhud:font/assets/skills/daring/icon_daring_masterofshadows.png","height":30,"ascent":-195500,"chars":[""]},{"type":"bitmap","file":"happyhud:font/assets/skills/vigilance/icon_vigilance_grapplingshot.png","height":32,"ascent":-195500,"chars":[""]},{"type":"bitmap","file":"happyhud:font/assets/skills/fury/icon_fury_splittingstrike.png","height":29,"ascent":-195500,"chars":[""]},{"type":"bitmap","file":"happyhud:font/assets/skills/resonance/icon_resonance_vesersshadow.png","height":28,"ascent":-195500,"chars":[""]},{"type":"bitmap","file":"happyhud:font/assets/skills/daring/icon_daring_shotandsteel.png","height":32,"ascent":-195500,"chars":[""]},{"type":"bitmap","file":"happyhud:font/assets/lumentest/skill_number_2.png","height":13,"ascent":-198500,"chars":[""]},{"type":"bitmap","file":"happyhud:font/assets/lumentest/skill_number_empty.png","height":13,"ascent":-198500,"chars":[""]},{"type":"bitmap","file":"happyhud:font/assets/lumentest/skill_number_1.png","height":13,"ascent":-198500,"chars":[""]},{"type":"bitmap","file":"happyhud:font/assets/lumentest/health_bar.png","height":14,"ascent":-199500,"chars":[""]},{"type":"bitmap","file":"happyhud:font/assets/lumentest/energy_bar_full/horizontal/15/1.png","height":12,"ascent":-200500,"chars":[""]},{"type":"bitmap","file":"happyhud:font/assets/lumentest/energy_bar_full/horizontal/15/2.png","height":12,"ascent":-200500,"chars":[""]},{"type":"bitmap","file":"happyhud:font/assets/lumentest/energy_bar_full/horizontal/15/3.png","height":12,"ascent":-200500,"chars":[""]},{"type":"bitmap","file":"happyhud:font/assets/lumentest/energy_bar_full/horizontal/15/4.png","height":12,"ascent":-200500,"chars":[""]},{"type":"bitmap","file":"happyhud:font/assets/lumentest/energy_bar_full/horizontal/15/5.png","height":12,"ascent":-200500,"chars":[""]},{"type":"bitmap","file":"happyhud:font/assets/lumentest/energy_bar_full/horizontal/15/6.png","height":12,"ascent":-200500,"chars":[""]},{"type":"bitmap","file":"happyhud:font/assets/lumentest/energy_bar_full/horizontal/15/7.png","height":12,"ascent":-200500,"chars":[""]},{"type":"bitmap","file":"happyhud:font/assets/lumentest/energy_bar_full/horizontal/15/8.png","height":12,"ascent":-200500,"chars":[""]},{"type":"bitmap","file":"happyhud:font/assets/lumentest/energy_bar_full/horizontal/15/9.png","height":12,"ascent":-200500,"chars":[""]},{"type":"bitmap","file":"happyhud:font/assets/lumentest/energy_bar_full/horizontal/15/10.png","height":12,"ascent":-200500,"chars":[""]},{"type":"bitmap","file":"happyhud:font/assets/lumentest/energy_bar_full/horizontal/15/11.png","height":12,"ascent":-200500,"chars":[""]},{"type":"bitmap","file":"happyhud:font/assets/lumentest/energy_bar_full/horizontal/15/12.png","height":12,"ascent":-200500,"chars":[""]},{"type":"bitmap","file":"happyhud:font/assets/lumentest/energy_bar_full/horizontal/15/13.png","height":12,"ascent":-200500,"chars":[""]},{"type":"bitmap","file":"happyhud:font/assets/lumentest/energy_bar_full/horizontal/15/14.png","height":12,"ascent":-200500,"chars":[""]},{"type":"bitmap","file":"happyhud:font/assets/lumentest/energy_bar_full/horizontal/15/15.png","height":12,"ascent":-200500,"chars":[""]},{"type":"bitmap","file":"happyhud:font/assets/lumentest/health_bar.png","height":14,"ascent":-203500,"chars":[""]},{"type":"bitmap","file":"happyhud:font/assets/lumentest/health_bar_full/horizontal/100/1.png","height":12,"ascent":-204500,"chars":[""]},{"type":"bitmap","file":"happyhud:font/assets/lumentest/health_bar_full/horizontal/100/2.png","height":12,"ascent":-204500,"chars":[""]},{"type":"bitmap","file":"happyhud:font/assets/lumentest/health_bar_full/horizontal/100/3.png","height":12,"ascent":-204500,"chars":[""]},{"type":"bitmap","file":"happyhud:font/assets/lumentest/health_bar_full/horizontal/100/4.png","height":12,"ascent":-204500,"chars":[""]},{"type":"bitmap","file":"happyhud:font/assets/lumentest/health_bar_full/horizontal/100/5.png","height":12,"ascent":-204500,"chars":[""]},{"type":"bitmap","file":"happyhud:font/assets/lumentest/health_bar_full/horizontal/100/6.png","height":12,"ascent":-204500,"chars":[""]},{"type":"bitmap","file":"happyhud:font/assets/lumentest/health_bar_full/horizontal/100/7.png","height":12,"ascent":-204500,"chars":[""]},{"type":"bitmap","file":"happyhud:font/assets/lumentest/health_bar_full/horizontal/100/8.png","height":12,"ascent":-204500,"chars":[""]},{"type":"bitmap","file":"happyhud:font/assets/lumentest/health_bar_full/horizontal/100/9.png","height":12,"ascent":-204500,"chars":[""]},{"type":"bitmap","file":"happyhud:font/assets/lumentest/health_bar_full/horizontal/100/10.png","height":12,"ascent":-204500,"chars":[""]},{"type":"bitmap","file":"happyhud:font/assets/lumentest/health_bar_full/horizontal/100/11.png","height":12,"ascent":-204500,"chars":[""]},{"type":"bitmap","file":"happyhud:font/assets/lumentest/health_bar_full/horizontal/100/12.png","height":12,"ascent":-204500,"chars":[""]},{"type":"bitmap","file":"happyhud:font/assets/lumentest/health_bar_full/horizontal/100/13.png","height":12,"ascent":-204500,"chars":[""]},{"type":"bitmap","file":"happyhud:font/assets/lumentest/health_bar_full/horizontal/100/14.png","height":12,"ascent":-204500,"chars":[""]},{"type":"bitmap","file":"happyhud:font/assets/lumentest/health_bar_full/horizontal/100/15.png","height":12,"ascent":-204500,"chars":[""]},{"type":"bitmap","file":"happyhud:font/assets/lumentest/health_bar_full/horizontal/100/16.png","height":12,"ascent":-204500,"chars":[""]},{"type":"bitmap","file":"happyhud:font/assets/lumentest/health_bar_full/horizontal/100/17.png","height":12,"ascent":-204500,"chars":[""]},{"type":"bitmap","file":"happyhud:font/assets/lumentest/health_bar_full/horizontal/100/18.png","height":12,"ascent":-204500,"chars":[""]},{"type":"bitmap","file":"happyhud:font/assets/lumentest/health_bar_full/horizontal/100/19.png","height":12,"ascent":-204500,"chars":[""]},{"type":"bitmap","file":"happyhud:font/assets/lumentest/health_bar_full/horizontal/100/20.png","height":12,"ascent":-204500,"chars":[""]},{"type":"bitmap","file":"happyhud:font/assets/lumentest/health_bar_full/horizontal/100/21.png","height":12,"ascent":-204500,"chars":[""]},{"type":"bitmap","file":"happyhud:font/assets/lumentest/health_bar_full/horizontal/100/22.png","height":12,"ascent":-204500,"chars":[""]},{"type":"bitmap","file":"happyhud:font/assets/lumentest/health_bar_full/horizontal/100/23.png","height":12,"ascent":-204500,"chars":[""]},{"type":"bitmap","file":"happyhud:font/assets/lumentest/health_bar_full/horizontal/100/24.png","height":12,"ascent":-204500,"chars":[""]},{"type":"bitmap","file":"happyhud:font/assets/lumentest/health_bar_full/horizontal/100/25.png","height":12,"ascent":-204500,"chars":[""]},{"type":"bitmap","file":"happyhud:font/assets/lumentest/health_bar_full/horizontal/100/26.png","height":12,"ascent":-204500,"chars":[""]},{"type":"bitmap","file":"happyhud:font/assets/lumentest/health_bar_full/horizontal/100/27.png","height":12,"ascent":-204500,"chars":[""]},{"type":"bitmap","file":"happyhud:font/assets/lumentest/health_bar_full/horizontal/100/28.png","height":12,"ascent":-204500,"chars":[""]},{"type":"bitmap","file":"happyhud:font/assets/lumentest/health_bar_full/horizontal/100/29.png","height":12,"ascent":-204500,"chars":[""]},{"type":"bitmap","file":"happyhud:font/assets/lumentest/health_bar_full/horizontal/100/30.png","height":12,"ascent":-204500,"chars":[""]},{"type":"bitmap","file":"happyhud:font/assets/lumentest/health_bar_full/horizontal/100/31.png","height":12,"ascent":-204500,"chars":[""]},{"type":"bitmap","file":"happyhud:font/assets/lumentest/health_bar_full/horizontal/100/32.png","height":12,"ascent":-204500,"chars":[""]},{"type":"bitmap","file":"happyhud:font/assets/lumentest/health_bar_full/horizontal/100/33.png","height":12,"ascent":-204500,"chars":[""]},{"type":"bitmap","file":"happyhud:font/assets/lumentest/health_bar_full/horizontal/100/34.png","height":12,"ascent":-204500,"chars":[""]},{"type":"bitmap","file":"happyhud:font/assets/lumentest/health_bar_full/horizontal/100/35.png","height":12,"ascent":-204500,"chars":[""]},{"type":"bitmap","file":"happyhud:font/assets/lumentest/health_bar_full/horizontal/100/36.png","height":12,"ascent":-204500,"chars":[""]},{"type":"bitmap","file":"happyhud:font/assets/lumentest/health_bar_full/horizontal/100/37.png","height":12,"ascent":-204500,"chars":[""]},{"type":"bitmap","file":"happyhud:font/assets/lumentest/health_bar_full/horizontal/100/38.png","height":12,"ascent":-204500,"chars":[""]},{"type":"bitmap","file":"happyhud:font/assets/lumentest/health_bar_full/horizontal/100/39.png","height":12,"ascent":-204500,"chars":[""]},{"type":"bitmap","file":"happyhud:font/assets/lumentest/health_bar_full/horizontal/100/40.png","height":12,"ascent":-204500,"chars":[""]},{"type":"bitmap","file":"happyhud:font/assets/lumentest/health_bar_full/horizontal/100/41.png","height":12,"ascent":-204500,"chars":[""]},{"type":"bitmap","file":"happyhud:font/assets/lumentest/health_bar_full/horizontal/100/42.png","height":12,"ascent":-204500,"chars":[""]},{"type":"bitmap","file":"happyhud:font/assets/lumentest/health_bar_full/horizontal/100/43.png","height":12,"ascent":-204500,"chars":[""]},{"type":"bitmap","file":"happyhud:font/assets/lumentest/health_bar_full/horizontal/100/44.png","height":12,"ascent":-204500,"chars":[""]},{"type":"bitmap","file":"happyhud:font/assets/lumentest/health_bar_full/horizontal/100/45.png","height":12,"ascent":-204500,"chars":[""]},{"type":"bitmap","file":"happyhud:font/assets/lumentest/health_bar_full/horizontal/100/46.png","height":12,"ascent":-204500,"chars":[""]},{"type":"bitmap","file":"happyhud:font/assets/lumentest/health_bar_full/horizontal/100/47.png","height":12,"ascent":-204500,"chars":[""]},{"type":"bitmap","file":"happyhud:font/assets/lumentest/health_bar_full/horizontal/100/48.png","height":12,"ascent":-204500,"chars":[""]},{"type":"bitmap","file":"happyhud:font/assets/lumentest/health_bar_full/horizontal/100/49.png","height":12,"ascent":-204500,"chars":[""]},{"type":"bitmap","file":"happyhud:font/assets/lumentest/health_bar_full/horizontal/100/50.png","height":12,"ascent":-204500,"chars":[""]},{"type":"bitmap","file":"happyhud:font/assets/lumentest/health_bar_full/horizontal/100/51.png","height":12,"ascent":-204500,"chars":[""]},{"type":"bitmap","file":"happyhud:font/assets/lumentest/health_bar_full/horizontal/100/52.png","height":12,"ascent":-204500,"chars":[""]},{"type":"bitmap","file":"happyhud:font/assets/lumentest/health_bar_full/horizontal/100/53.png","height":12,"ascent":-204500,"chars":[""]},{"type":"bitmap","file":"happyhud:font/assets/lumentest/health_bar_full/horizontal/100/54.png","height":12,"ascent":-204500,"chars":[""]},{"type":"bitmap","file":"happyhud:font/assets/lumentest/health_bar_full/horizontal/100/55.png","height":12,"ascent":-204500,"chars":[""]},{"type":"bitmap","file":"happyhud:font/assets/lumentest/health_bar_full/horizontal/100/56.png","height":12,"ascent":-204500,"chars":[""]},{"type":"bitmap","file":"happyhud:font/assets/lumentest/health_bar_full/horizontal/100/57.png","height":12,"ascent":-204500,"chars":[""]},{"type":"bitmap","file":"happyhud:font/assets/lumentest/health_bar_full/horizontal/100/58.png","height":12,"ascent":-204500,"chars":[""]},{"type":"bitmap","file":"happyhud:font/assets/lumentest/health_bar_full/horizontal/100/59.png","height":12,"ascent":-204500,"chars":[""]},{"type":"bitmap","file":"happyhud:font/assets/lumentest/health_bar_full/horizontal/100/60.png","height":12,"ascent":-204500,"chars":[""]},{"type":"bitmap","file":"happyhud:font/assets/lumentest/health_bar_full/horizontal/100/61.png","height":12,"ascent":-204500,"chars":[""]},{"type":"bitmap","file":"happyhud:font/assets/lumentest/health_bar_full/horizontal/100/62.png","height":12,"ascent":-204500,"chars":[""]},{"type":"bitmap","file":"happyhud:font/assets/lumentest/health_bar_full/horizontal/100/63.png","height":12,"ascent":-204500,"chars":[""]},{"type":"bitmap","file":"happyhud:font/assets/lumentest/health_bar_full/horizontal/100/64.png","height":12,"ascent":-204500,"chars":[""]},{"type":"bitmap","file":"happyhud:font/assets/lumentest/health_bar_full/horizontal/100/65.png","height":12,"ascent":-204500,"chars":[""]},{"type":"bitmap","file":"happyhud:font/assets/lumentest/health_bar_full/horizontal/100/66.png","height":12,"ascent":-204500,"chars":[""]},{"type":"bitmap","file":"happyhud:font/assets/lumentest/health_bar_full/horizontal/100/67.png","height":12,"ascent":-204500,"chars":[""]},{"type":"bitmap","file":"happyhud:font/assets/lumentest/health_bar_full/horizontal/100/68.png","height":12,"ascent":-204500,"chars":[""]},{"type":"bitmap","file":"happyhud:font/assets/lumentest/health_bar_full/horizontal/100/69.png","height":12,"ascent":-204500,"chars":[""]},{"type":"bitmap","file":"happyhud:font/assets/lumentest/health_bar_full/horizontal/100/70.png","height":12,"ascent":-204500,"chars":[""]},{"type":"bitmap","file":"happyhud:font/assets/lumentest/health_bar_full/horizontal/100/71.png","height":12,"ascent":-204500,"chars":[""]},{"type":"bitmap","file":"happyhud:font/assets/lumentest/health_bar_full/horizontal/100/72.png","height":12,"ascent":-204500,"chars":[""]},{"type":"bitmap","file":"happyhud:font/assets/lumentest/health_bar_full/horizontal/100/73.png","height":12,"ascent":-204500,"chars":[""]},{"type":"bitmap","file":"happyhud:font/assets/lumentest/health_bar_full/horizontal/100/74.png","height":12,"ascent":-204500,"chars":[""]},{"type":"bitmap","file":"happyhud:font/assets/lumentest/health_bar_full/horizontal/100/75.png","height":12,"ascent":-204500,"chars":[""]},{"type":"bitmap","file":"happyhud:font/assets/lumentest/health_bar_full/horizontal/100/76.png","height":12,"ascent":-204500,"chars":[""]},{"type":"bitmap","file":"happyhud:font/assets/lumentest/health_bar_full/horizontal/100/77.png","height":12,"ascent":-204500,"chars":[""]},{"type":"bitmap","file":"happyhud:font/assets/lumentest/health_bar_full/horizontal/100/78.png","height":12,"ascent":-204500,"chars":[""]},{"type":"bitmap","file":"happyhud:font/assets/lumentest/health_bar_full/horizontal/100/79.png","height":12,"ascent":-204500,"chars":[""]},{"type":"bitmap","file":"happyhud:font/assets/lumentest/health_bar_full/horizontal/100/80.png","height":12,"ascent":-204500,"chars":[""]},{"type":"bitmap","file":"happyhud:font/assets/lumentest/health_bar_full/horizontal/100/81.png","height":12,"ascent":-204500,"chars":[""]},{"type":"bitmap","file":"happyhud:font/assets/lumentest/health_bar_full/horizontal/100/82.png","height":12,"ascent":-204500,"chars":[""]},{"type":"bitmap","file":"happyhud:font/assets/lumentest/health_bar_full/horizontal/100/83.png","height":12,"ascent":-204500,"chars":[""]},{"type":"bitmap","file":"happyhud:font/assets/lumentest/health_bar_full/horizontal/100/84.png","height":12,"ascent":-204500,"chars":[""]},{"type":"bitmap","file":"happyhud:font/assets/lumentest/health_bar_full/horizontal/100/85.png","height":12,"ascent":-204500,"chars":[""]},{"type":"bitmap","file":"happyhud:font/assets/lumentest/health_bar_full/horizontal/100/86.png","height":12,"ascent":-204500,"chars":[""]},{"type":"bitmap","file":"happyhud:font/assets/lumentest/health_bar_full/horizontal/100/87.png","height":12,"ascent":-204500,"chars":[""]},{"type":"bitmap","file":"happyhud:font/assets/lumentest/health_bar_full/horizontal/100/88.png","height":12,"ascent":-204500,"chars":[""]},{"type":"bitmap","file":"happyhud:font/assets/lumentest/health_bar_full/horizontal/100/89.png","height":12,"ascent":-204500,"chars":[""]},{"type":"bitmap","file":"happyhud:font/assets/lumentest/health_bar_full/horizontal/100/90.png","height":12,"ascent":-204500,"chars":[""]},{"type":"bitmap","file":"happyhud:font/assets/lumentest/health_bar_full/horizontal/100/91.png","height":12,"ascent":-204500,"chars":[""]},{"type":"bitmap","file":"happyhud:font/assets/lumentest/health_bar_full/horizontal/100/92.png","height":12,"ascent":-204500,"chars":[""]},{"type":"bitmap","file":"happyhud:font/assets/lumentest/health_bar_full/horizontal/100/93.png","height":12,"ascent":-204500,"chars":[""]},{"type":"bitmap","file":"happyhud:font/assets/lumentest/health_bar_full/horizontal/100/94.png","height":12,"ascent":-204500,"chars":[""]},{"type":"bitmap","file":"happyhud:font/assets/lumentest/health_bar_full/horizontal/100/95.png","height":12,"ascent":-204500,"chars":[""]},{"type":"bitmap","file":"happyhud:font/assets/lumentest/health_bar_full/horizontal/100/96.png","height":12,"ascent":-204500,"chars":[""]},{"type":"bitmap","file":"happyhud:font/assets/lumentest/health_bar_full/horizontal/100/97.png","height":12,"ascent":-204500,"chars":[""]},{"type":"bitmap","file":"happyhud:font/assets/lumentest/health_bar_full/horizontal/100/98.png","height":12,"ascent":-204500,"chars":[""]},{"type":"bitmap","file":"happyhud:font/assets/lumentest/health_bar_full/horizontal/100/99.png","height":12,"ascent":-204500,"chars":[""]},{"type":"bitmap","file":"happyhud:font/assets/lumentest/health_bar_full/horizontal/100/100.png","height":12,"ascent":-204500,"chars":[""]}]}