{
	"textures":{
		"0":"block/plant/fern_small",
		"particle":"block/plant/fern_small"
	},
	"elements":[
		{
			"from":[5,3,2],
			"to":[10,3,7],
			"rotation":{"angle":22.5,"axis":"x","origin":[0,3,7]},
			"faces":{
				"up":{"uv":[0,9,5,14],"texture":"#0","tintindex":0},
				"down":{"uv":[5,9,0,14],"rotation":180,"texture":"#0","tintindex":0}
			}
		},
		{
			"from":[5,4.91334,-2.61902],
			"to":[10,4.91334,2.38098],
			"rotation":{"angle":0,"axis":"y","origin":[0,0,-0.00001]},
			"faces":{
				"up":{"uv":[0,4,5,9],"texture":"#0","tintindex":0},
				"down":{"uv":[5,4,0,9],"rotation":180,"texture":"#0","tintindex":0}
			}
		},
		{
			"from":[9,3,6],
			"to":[14,3,11],
			"rotation":{"angle":22.5,"axis":"z","origin":[9,3,0]},
			"faces":{
				"up":{"uv":[0,9,5,14],"rotation":90,"texture":"#0","tintindex":0},
				"down":{"uv":[5,9,0,14],"rotation":90,"texture":"#0","tintindex":0}
			}
		},
		{
			"from":[13.61901,4.91334,6],
			"to":[18.61901,4.91334,11],
			"faces":{
				"up":{"uv":[0,4,5,9],"rotation":90,"texture":"#0","tintindex":0},
				"down":{"uv":[5,4,0,9],"rotation":90,"texture":"#0","tintindex":0}
			}
		},
		{
			"from":[6,3,6],
			"to":[6,8,11],
			"rotation":{"angle":45,"axis":"z","origin":[6,3,0]},
			"faces":{
				"east":{"uv":[0,9,5,14],"texture":"#0","tintindex":0},
				"west":{"uv":[5,9,0,14],"texture":"#0","tintindex":0}
			}
		},
		{
			"from":[-2.53482,6.53524,6],
			"to":[2.46518,6.53524,11],
			"rotation":{"angle":-22.5,"axis":"z","origin":[2.46517,6.53624,0]},
			"faces":{
				"up":{"uv":[0,4,5,9],"rotation":270,"texture":"#0","tintindex":0},
				"down":{"uv":[5,4,0,9],"rotation":270,"texture":"#0","tintindex":0}
			}
		},
		{
			"from":[5,3,10],
			"to":[10,8,10],
			"rotation":{"angle":45,"axis":"x","origin":[0,3,10]},
			"faces":{
				"north":{"uv":[0,9,5,14],"texture":"#0","tintindex":0},
				"south":{"uv":[5,9,0,14],"texture":"#0","tintindex":0}
			}
		},
		{
			"from":[5,6.53453,13.53553],
			"to":[10,6.53453,18.53553],
			"rotation":{"angle":-22.5,"axis":"x","origin":[0,6.53553,13.53553]},
			"faces":{
				"up":{"uv":[0,4,5,9],"rotation":180,"texture":"#0","tintindex":0},
				"down":{"uv":[5,4,0,9],"texture":"#0","tintindex":0}
			}
		},
		{
			"from":[6,0,7],
			"to":[9,3,10],
			"faces":{
				"north":{"uv":[1,13,4,16],"texture":"#0","tintindex":0},
				"east":{"uv":[1,13,4,16],"texture":"#0","tintindex":0},
				"south":{"uv":[1,13,4,16],"texture":"#0","tintindex":0},
				"west":{"uv":[1,13,4,16],"texture":"#0","tintindex":0}
			}
		},
		{
			"from":[9,3,10],
			"to":[6,0,7],
			"faces":{
				"north":{"uv":[1,16,4,13],"texture":"#0","tintindex":0},
				"east":{"uv":[1,16,4,13],"texture":"#0","tintindex":0},
				"south":{"uv":[1,16,4,13],"texture":"#0","tintindex":0},
				"west":{"uv":[1,16,4,13],"texture":"#0","tintindex":0}
			}
		}
	]
}