{"providers":[{"type":"bitmap","file":"happyhud:font/assets/lumentest/no_gun.png","height":16,"ascent":-253500,"chars":[""]},{"type":"bitmap","file":"happyhud:font/assets/lumentest/medium_gun.png","height":16,"ascent":-253500,"chars":[""]},{"type":"bitmap","file":"happyhud:font/assets/lumentest/battery_active_frame.png","height":16,"ascent":-254500,"chars":[""]},{"type":"bitmap","file":"happyhud:font/assets/lumentest/no_gun.png","height":16,"ascent":-254500,"chars":[""]},{"type":"bitmap","file":"happyhud:font/assets/lumentest/no_gun.png","height":16,"ascent":-257500,"chars":[""]},{"type":"bitmap","file":"happyhud:font/assets/lumentest/shotgun_shell_icon.png","height":16,"ascent":-257500,"chars":[""]},{"type":"bitmap","file":"happyhud:font/assets/lumentest/marksman_bullet_icon.png","height":16,"ascent":-257500,"chars":[""]},{"type":"bitmap","file":"happyhud:font/assets/lumentest/medium_gun.png","height":16,"ascent":-257500,"chars":[""]}]}