{
"variants":{
"":[
{"model":"block_random/moss_carpet_0"},
{"model":"block_random/moss_carpet_0","y":90},
{"model":"block_random/moss_carpet_0","y":180},
{"model":"block_random/moss_carpet_0","y":270},
{"model":"block_random/moss_carpet_1"},
{"model":"block_random/moss_carpet_1","y":90},
{"model":"block_random/moss_carpet_1","y":180},
{"model":"block_random/moss_carpet_1","y":270},
{"model":"block_random/moss_carpet_2"},
{"model":"block_random/moss_carpet_2","y":90},
{"model":"block_random/moss_carpet_2","y":180},
{"model":"block_random/moss_carpet_2","y":270},
{"model":"block_random/moss_carpet_3"},
{"model":"block_random/moss_carpet_3","y":90},
{"model":"block_random/moss_carpet_3","y":180},
{"model":"block_random/moss_carpet_3","y":270}
]
}
}