{
"variants":{"":[
{"model":"block_plant/grass_wide_0"},
{"model":"block_plant/grass_wide_0","y":90},
{"model":"block_plant/grass_wide_1"},
{"model":"block_plant/grass_wide_1","y":90},
{"model":"block_plant/grass_wide_2"},
{"model":"block_plant/grass_wide_2","y":90},
{"model":"block_plant/grass_wide_3"},
{"model":"block_plant/grass_wide_3","y":90},
{"model":"block_plant/grass_wide_4"},
{"model":"block_plant/grass_wide_4","y":90},
{"model":"block_plant/grass_wide_5"},
{"model":"block_plant/grass_wide_5","y":90}
]}}