{
	"credit": "Made with Blockbench",
	"textures": {
		"0": "item/decorations/coinpile",
		"particle": "item/decorations/coinpile"
	},
	"elements": [
		{
			"from": [0, 0, 0],
			"to": [5, 3, 7],
			"faces": {
				"north": {"uv": [9, 8, 14, 11], "texture": "#0"},
				"east": {"uv": [9, 5, 16, 8], "texture": "#0"},
				"south": {"uv": [9, 8, 14, 11], "texture": "#0"},
				"west": {"uv": [9, 5, 16, 8], "texture": "#0"},
				"up": {"uv": [9, 0, 16, 5], "rotation": 90, "texture": "#0"},
				"down": {"uv": [9, 0, 16, 5], "rotation": 90, "texture": "#0"}
			}
		},
		{
			"from": [-3, 0, 9],
			"to": [2, 3, 16],
			"rotation": {"angle": 22.5, "axis": "y", "origin": [0, 0, 0]},
			"faces": {
				"north": {"uv": [9, 8, 14, 11], "texture": "#0"},
				"east": {"uv": [9, 5, 16, 8], "texture": "#0"},
				"south": {"uv": [9, 8, 14, 11], "texture": "#0"},
				"west": {"uv": [9, 5, 16, 8], "texture": "#0"},
				"up": {"uv": [9, 0, 16, 5], "rotation": 90, "texture": "#0"},
				"down": {"uv": [9, 0, 16, 5], "rotation": 90, "texture": "#0"}
			}
		},
		{
			"from": [6, 0, 0],
			"to": [11, 3, 7],
			"faces": {
				"north": {"uv": [9, 8, 14, 11], "texture": "#0"},
				"east": {"uv": [9, 5, 16, 8], "texture": "#0"},
				"south": {"uv": [9, 8, 14, 11], "texture": "#0"},
				"west": {"uv": [9, 5, 16, 8], "texture": "#0"},
				"up": {"uv": [9, 0, 16, 5], "rotation": 90, "texture": "#0"},
				"down": {"uv": [9, 0, 16, 5], "rotation": 90, "texture": "#0"}
			}
		},
		{
			"from": [8, 0, 11],
			"to": [15, 3, 16],
			"faces": {
				"north": {"uv": [9, 5, 16, 8], "texture": "#0"},
				"east": {"uv": [9, 8, 14, 11], "texture": "#0"},
				"south": {"uv": [9, 5, 16, 8], "texture": "#0"},
				"west": {"uv": [9, 8, 14, 11], "texture": "#0"},
				"up": {"uv": [9, 0, 16, 5], "texture": "#0"},
				"down": {"uv": [9, 0, 16, 5], "rotation": 180, "texture": "#0"}
			}
		},
		{
			"from": [4, 3, 4],
			"to": [11, 6, 9],
			"rotation": {"angle": -22.5, "axis": "y", "origin": [0, 0, 0]},
			"faces": {
				"north": {"uv": [9, 5, 16, 8], "texture": "#0"},
				"east": {"uv": [9, 8, 14, 11], "texture": "#0"},
				"south": {"uv": [9, 5, 16, 8], "texture": "#0"},
				"west": {"uv": [9, 8, 14, 11], "texture": "#0"},
				"up": {"uv": [9, 0, 16, 5], "texture": "#0"},
				"down": {"uv": [9, 0, 16, 5], "rotation": 180, "texture": "#0"}
			}
		},
		{
			"from": [13, 0, -3],
			"to": [18, 3, 4],
			"rotation": {"angle": -22.5, "axis": "y", "origin": [0, 0, 0]},
			"faces": {
				"north": {"uv": [9, 8, 14, 11], "texture": "#0"},
				"east": {"uv": [9, 5, 16, 8], "texture": "#0"},
				"south": {"uv": [9, 8, 14, 11], "texture": "#0"},
				"west": {"uv": [9, 5, 16, 8], "texture": "#0"},
				"up": {"uv": [9, 0, 16, 5], "rotation": 90, "texture": "#0"},
				"down": {"uv": [9, 0, 16, 5], "rotation": 90, "texture": "#0"}
			}
		},
		{
			"from": [5, 3, 8],
			"to": [10, 6, 15],
			"rotation": {"angle": 22.5, "axis": "y", "origin": [0, 0, 0]},
			"faces": {
				"north": {"uv": [9, 8, 14, 11], "texture": "#0"},
				"east": {"uv": [9, 5, 16, 8], "texture": "#0"},
				"south": {"uv": [9, 8, 14, 11], "texture": "#0"},
				"west": {"uv": [9, 5, 16, 8], "texture": "#0"},
				"up": {"uv": [9, 0, 16, 5], "rotation": 90, "texture": "#0"},
				"down": {"uv": [9, 0, 16, 5], "rotation": 90, "texture": "#0"}
			}
		}
	],
	"display": {
		"fixed": {
			"rotation": [-90, 0, 0],
			"translation": [0, 0, -16],
			"scale": [2, 2, 2]
		}
	}
}