{
	"parent": "decorations/jar_a_1",
	"texture_size": [32, 32],
	"textures": {
		"0": "item/decorations/jar_small",
		"1": "item/decorations/jar_small_b",
		"particle": "item/decorations/jar_small"
	},
	"elements": [
		{
			"from": [1, 3, 2],
			"to": [15, 19, 14],
			"faces": {
				"north": {"uv": [0, 0, 7, 8], "texture": "#1", "tintindex": 0},
				"east": {"uv": [7, 0, 13, 8], "texture": "#1", "tintindex": 0},
				"south": {"uv": [0, 0, 7, 8], "texture": "#1", "tintindex": 0},
				"west": {"uv": [7, 0, 13, 8], "texture": "#1", "tintindex": 0},
				"up": {"uv": [0, 8, 7, 14], "texture": "#1", "tintindex": 0},
				"down": {"uv": [2, 4.5, 3, 5.5], "texture": "#1", "tintindex": 0}
			}
		},
		{
			"from": [-2, 9, 7],
			"to": [0, 17, 9],
			"faces": {
				"north": {"uv": [0, 0, 1, 4], "texture": "#0", "tintindex": 0},
				"east": {"uv": [0, 0, 1, 4], "texture": "#0", "tintindex": 0},
				"south": {"uv": [0, 0, 1, 4], "texture": "#0", "tintindex": 0},
				"west": {"uv": [0, 0, 1, 4], "texture": "#0", "tintindex": 0},
				"up": {"uv": [0, 0, 1, 1], "texture": "#0", "tintindex": 0},
				"down": {"uv": [0, 0, 1, 1], "texture": "#0", "tintindex": 0}
			}
		},
		{
			"from": [0, 16, 7],
			"to": [1, 17, 9],
			"faces": {
				"north": {"uv": [0, 0, 0.5, 0.5], "texture": "#0", "tintindex": 0},
				"south": {"uv": [0, 0, 0.5, 0.5], "texture": "#0", "tintindex": 0},
				"up": {"uv": [0, 0, 0.5, 1], "texture": "#0", "tintindex": 0},
				"down": {"uv": [0, 0, 0.5, 1], "texture": "#0", "tintindex": 0}
			}
		},
		{
			"from": [0, 9, 7],
			"to": [1, 10, 9],
			"faces": {
				"north": {"uv": [0, 0, 0.5, 0.5], "texture": "#0", "tintindex": 0},
				"south": {"uv": [0, 0, 0.5, 0.5], "texture": "#0", "tintindex": 0},
				"up": {"uv": [0, 0, 0.5, 1], "texture": "#0", "tintindex": 0},
				"down": {"uv": [0, 0, 0.5, 1], "texture": "#0", "tintindex": 0}
			}
		},
		{
			"from": [15, 16, 7],
			"to": [16, 17, 9],
			"faces": {
				"north": {"uv": [0, 0, 0.5, 0.5], "texture": "#0", "tintindex": 0},
				"south": {"uv": [0, 0, 0.5, 0.5], "texture": "#0", "tintindex": 0},
				"up": {"uv": [0, 0, 0.5, 1], "texture": "#0", "tintindex": 0},
				"down": {"uv": [0, 0, 0.5, 1], "texture": "#0", "tintindex": 0}
			}
		},
		{
			"from": [15, 9, 7],
			"to": [16, 10, 9],
			"faces": {
				"north": {"uv": [0, 0, 0.5, 0.5], "texture": "#0", "tintindex": 0},
				"south": {"uv": [0, 0, 0.5, 0.5], "texture": "#0", "tintindex": 0},
				"up": {"uv": [0, 0, 0.5, 1], "texture": "#0", "tintindex": 0},
				"down": {"uv": [0, 0, 0.5, 1], "texture": "#0", "tintindex": 0}
			}
		},
		{
			"from": [16, 9, 7],
			"to": [18, 17, 9],
			"faces": {
				"north": {"uv": [0, 0, 1, 4], "texture": "#0", "tintindex": 0},
				"east": {"uv": [0, 0, 1, 4], "texture": "#0", "tintindex": 0},
				"south": {"uv": [0, 0, 1, 4], "texture": "#0", "tintindex": 0},
				"west": {"uv": [0, 0, 1, 4], "texture": "#0", "tintindex": 0},
				"up": {"uv": [0, 0, 1, 1], "texture": "#0", "tintindex": 0},
				"down": {"uv": [0, 0, 1, 1], "texture": "#0", "tintindex": 0}
			}
		},
		{
			"from": [3, 0, 4],
			"to": [13, 3, 12],
			"faces": {
				"north": {"uv": [0, 12, 5, 13.5], "texture": "#0", "tintindex": 0},
				"east": {"uv": [0, 12, 4, 13.5], "texture": "#0", "tintindex": 0},
				"south": {"uv": [0, 12, 5, 13.5], "texture": "#0", "tintindex": 0},
				"west": {"uv": [0, 12, 4, 13.5], "texture": "#0", "tintindex": 0},
				"down": {"uv": [5, 5, 6, 6], "texture": "#0", "tintindex": 0}
			}
		},
		{
			"from": [3.5, 19, 4],
			"to": [12.5, 21, 12],
			"faces": {
				"north": {"uv": [0, 15, 4.5, 14], "texture": "#1", "tintindex": 0},
				"east": {"uv": [0, 15, 4, 14], "texture": "#1", "tintindex": 0},
				"south": {"uv": [0, 15, 4.5, 14], "texture": "#1", "tintindex": 0},
				"west": {"uv": [0, 15, 4, 14], "texture": "#1", "tintindex": 0}
			}
		},
		{
			"from": [3, 21, 3],
			"to": [13, 23, 13],
			"faces": {
				"north": {"uv": [6, 11, 11, 12], "texture": "#0", "tintindex": 0},
				"east": {"uv": [6, 11, 11, 12], "texture": "#0", "tintindex": 0},
				"south": {"uv": [6, 11, 11, 12], "texture": "#0", "tintindex": 0},
				"west": {"uv": [6, 11, 11, 12], "texture": "#0", "tintindex": 0},
				"up": {"uv": [6, 6, 11, 11], "texture": "#0", "tintindex": 0},
				"down": {"uv": [6, 6, 11, 11], "texture": "#0", "tintindex": 0}
			}
		},
		{
			"from": [4, 23, 4],
			"to": [12, 24, 12],
			"faces": {
				"north": {"uv": [12, 4, 16, 4.5], "texture": "#0"},
				"east": {"uv": [12, 4, 16, 4.5], "texture": "#0"},
				"south": {"uv": [12, 4, 16, 4.5], "texture": "#0"},
				"west": {"uv": [12, 4, 16, 4.5], "texture": "#0"},
				"up": {"uv": [12, 0, 16, 4], "texture": "#0"}
			}
		},
		{
			"from": [7, 24, 7],
			"to": [9, 25, 9],
			"faces": {
				"north": {"uv": [13.5, 3, 14.5, 3.5], "texture": "#0"},
				"east": {"uv": [13.5, 3, 14.5, 3.5], "texture": "#0"},
				"south": {"uv": [13.5, 3, 14.5, 3.5], "texture": "#0"},
				"west": {"uv": [13.5, 3, 14.5, 3.5], "texture": "#0"},
				"up": {"uv": [13.5, 0, 14.5, 1], "texture": "#0"}
			}
		}
	]
}