{
	"credit": "Made with Blockbench",
	"texture_size": [32, 32],
	"textures": {
		"0": "item/decorations/ground_cover_rocks_cobblestone",
		"particle": "item/decorations/ground_cover_rocks_cobblestone"
	},
	"elements": [
		{
			"from": [14, -1, 0],
			"to": [17, 1, 3],
			"rotation": {"angle": -22.5, "axis": "y", "origin": [3, 0, -5]},
			"faces": {
				"north": {"uv": [7.5, 5.5, 9, 6.5], "texture": "#0"},
				"east": {"uv": [9, 5.5, 7.5, 6.5], "texture": "#0"},
				"south": {"uv": [7.5, 5.5, 9, 6.5], "texture": "#0"},
				"west": {"uv": [9, 5.5, 7.5, 6.5], "texture": "#0"},
				"up": {"uv": [10.5, 0, 12, 1.5], "texture": "#0"},
				"down": {"uv": [12, 8, 13.5, 9.5], "texture": "#0"}
			}
		},
		{
			"from": [7, -1, 10],
			"to": [10, 2, 13],
			"rotation": {"angle": 0, "axis": "y", "origin": [2, 0, -1]},
			"faces": {
				"north": {"uv": [3.5, 0.5, 5, 2], "texture": "#0"},
				"east": {"uv": [9, 1, 7.5, 2.5], "texture": "#0"},
				"south": {"uv": [3.5, 0.5, 5, 2], "texture": "#0"},
				"west": {"uv": [9, 1, 7.5, 2.5], "texture": "#0"},
				"up": {"uv": [7.5, 3, 9, 4.5], "texture": "#0"},
				"down": {"uv": [12, 8, 13.5, 9.5], "texture": "#0"}
			}
		},
		{
			"from": [3, -1, 2],
			"to": [7, 2, 6],
			"rotation": {"angle": 0, "axis": "y", "origin": [1, 0, -1]},
			"faces": {
				"north": {"uv": [6.5, 4, 8.5, 2.5], "texture": "#0"},
				"east": {"uv": [2.5, 1.5, 4.5, 0], "texture": "#0"},
				"south": {"uv": [6.5, 4, 8.5, 2.5], "texture": "#0"},
				"west": {"uv": [2.5, 1.5, 4.5, 0], "texture": "#0"},
				"up": {"uv": [7, 4.5, 9, 6.5], "texture": "#0"},
				"down": {"uv": [12, 8, 14, 10], "texture": "#0"}
			}
		}
	],
	"display": {
		"thirdperson_righthand": {
			"rotation": [26, 45, 0],
			"translation": [0, 2.25, 0.75],
			"scale": [0.3, 0.3, 0.3]
		},
		"thirdperson_lefthand": {
			"rotation": [26, -39, 0],
			"translation": [0, 2.25, 0.75],
			"scale": [0.3, 0.3, 0.3]
		},
		"firstperson_righthand": {
			"rotation": [0, 43, 0],
			"translation": [5, 8.25, -0.25]
		},
		"firstperson_lefthand": {
			"rotation": [0, -180, 0],
			"translation": [7.5, 8.25, -0.25]
		},
		"ground": {
			"translation": [0, 1.75, 0],
			"scale": [0.3, 0.3, 0.3]
		},
		"gui": {
			"rotation": [30, -45, 0],
			"translation": [0.25, 4.5, 0],
			"scale": [0.7, 0.7, 0.7]
		},
		"head": {
			"rotation": [0, 86, 0],
			"translation": [0, 14, 0]
		},
		"fixed": {
			"rotation": [-90, 0, 0],
			"translation": [0, 0, -14],
			"scale": [2, 2, 2]
		}
	}
}