{
	"credit": "Made with Blockbench",
	"texture_size": [32, 32],
	"textures": {
		"0": "item/decorations/ground_cover_rocks_cobblestone",
		"particle": "item/decorations/ground_cover_rocks_cobblestone"
	},
	"elements": [
		{
			"from": [2, -1, 9],
			"to": [9, 3, 14],
			"rotation": {"angle": 22.5, "axis": "y", "origin": [-3, 0, 2]},
			"faces": {
				"north": {"uv": [7.5, 6.5, 11, 8.5], "texture": "#0"},
				"east": {"uv": [3.5, 0.5, 6, 2.5], "texture": "#0"},
				"south": {"uv": [11, 6.5, 7.5, 8.5], "texture": "#0"},
				"west": {"uv": [3.5, 0.5, 6, 2.5], "texture": "#0"},
				"up": {"uv": [7.5, 4, 11, 6.5], "texture": "#0"},
				"down": {"uv": [1, 6.5, 4.5, 9], "texture": "#0"}
			}
		},
		{
			"from": [7, -1, 24],
			"to": [11, 2, 29],
			"rotation": {"angle": 45, "axis": "y", "origin": [-3, 1, 15]},
			"faces": {
				"north": {"uv": [4, 1, 6, 2.5], "texture": "#0"},
				"east": {"uv": [7.5, 7, 10, 8.5], "texture": "#0"},
				"south": {"uv": [4, 1, 6, 2.5], "texture": "#0"},
				"west": {"uv": [7.5, 7, 10, 8.5], "texture": "#0"},
				"up": {"uv": [8, 0, 10, 2.5], "texture": "#0"},
				"down": {"uv": [1, 6.5, 3, 9], "texture": "#0"}
			}
		},
		{
			"from": [1.99, -1.01, -1.01],
			"to": [6.01, 1.01, 3.01],
			"rotation": {"angle": 0, "axis": "y", "origin": [0, -1, -3]},
			"faces": {
				"north": {"uv": [9, 7.5, 11, 8.5], "texture": "#0"},
				"east": {"uv": [7, 7.5, 9, 8.5], "texture": "#0"},
				"south": {"uv": [9, 7.5, 11, 8.5], "texture": "#0"},
				"west": {"uv": [7, 7.5, 9, 8.5], "texture": "#0"},
				"up": {"uv": [8, 4, 10, 6], "texture": "#0"},
				"down": {"uv": [1, 6.5, 3, 8.5], "texture": "#0"}
			}
		}
	],
	"display": {
		"thirdperson_righthand": {
			"rotation": [26, 45, 0],
			"translation": [0, 2.25, 0.75],
			"scale": [0.3, 0.3, 0.3]
		},
		"thirdperson_lefthand": {
			"rotation": [26, -39, 0],
			"translation": [0, 2.25, 0.75],
			"scale": [0.3, 0.3, 0.3]
		},
		"firstperson_righthand": {
			"rotation": [0, -103, 0],
			"translation": [5, 8.25, -1.25]
		},
		"firstperson_lefthand": {
			"rotation": [0, -159, 0],
			"translation": [5, 8.25, -1.25]
		},
		"ground": {
			"translation": [0, 1.75, 0],
			"scale": [0.3, 0.3, 0.3]
		},
		"gui": {
			"rotation": [30, 45, 0],
			"translation": [0, 4.5, 0],
			"scale": [0.7, 0.7, 0.7]
		},
		"head": {
			"rotation": [0, 86, 0],
			"translation": [0, 14, 0]
		},
		"fixed": {
			"rotation": [-90, 0, 0],
			"translation": [0, 0, -14],
			"scale": [2, 2, 2]
		}
	}
}