{
	"credit": "Made with Blockbench",
	"textures": {
		"0": "item/decorations/brown_sack",
		"particle": "item/decorations/brown_sack"
	},
	"elements": [
		{
			"from": [1, 0, 1],
			"to": [15, 16, 15],
			"faces": {
				"north": {"uv": [0, 0, 7, 8], "texture": "#0"},
				"east": {"uv": [0, 0, 7, 8], "texture": "#0"},
				"south": {"uv": [0, 0, 7, 8], "texture": "#0"},
				"west": {"uv": [0, 0, 7, 8], "texture": "#0"},
				"up": {"uv": [7, 0, 14, 7], "texture": "#0"},
				"down": {"uv": [7, 0, 14, 7], "texture": "#0"}
			}
		},
		{
			"from": [4, 16, 4],
			"to": [12, 18, 12],
			"faces": {
				"north": {"uv": [7.5, 7, 11.5, 8], "texture": "#0"},
				"east": {"uv": [7.5, 7, 11.5, 8], "texture": "#0"},
				"south": {"uv": [7.5, 7, 11.5, 8], "texture": "#0"},
				"west": {"uv": [7.5, 7, 11.5, 8], "texture": "#0"},
				"up": {"uv": [8.5, 1.5, 12.5, 5.5], "texture": "#0"}
			}
		},
		{
			"from": [6, 18, 6],
			"to": [10, 21, 10],
			"faces": {
				"north": {"uv": [1, 1.5, 3, 3], "texture": "#0"},
				"east": {"uv": [1, 1.5, 3, 3], "texture": "#0"},
				"south": {"uv": [1, 1.5, 3, 3], "texture": "#0"},
				"west": {"uv": [1, 1.5, 3, 3], "texture": "#0"}
			}
		},
		{
			"from": [5.5, 20.75, 5.5],
			"to": [13.5, 22.75, 10.5],
			"rotation": {"angle": -22.5, "axis": "z", "origin": [6.5, 22, 0]},
			"faces": {
				"north": {"uv": [12, 7, 16, 8], "texture": "#0"},
				"east": {"uv": [13.5, 7, 16, 8], "texture": "#0"},
				"south": {"uv": [12, 7, 16, 8], "texture": "#0"},
				"west": {"uv": [13.5, 7, 16, 8], "texture": "#0"},
				"up": {"uv": [12, 8, 16, 10.5], "texture": "#0"},
				"down": {"uv": [12, 8, 16, 10.5], "texture": "#0"}
			}
		},
		{
			"from": [5.9, 18.4, 5.9],
			"to": [10.1, 20.5, 10.1],
			"faces": {
				"north": {"uv": [14, 2, 16, 3], "texture": "#0"},
				"east": {"uv": [14, 2, 16, 3], "texture": "#0"},
				"south": {"uv": [14, 2, 16, 3], "texture": "#0"},
				"west": {"uv": [14, 2, 16, 3], "texture": "#0"},
				"up": {"uv": [14, 0, 16, 2], "texture": "#0"},
				"down": {"uv": [14, 0, 16, 2], "texture": "#0"}
			}
		},
		{
			"from": [0.85, 19.7, 4],
			"to": [5.85, 19.7, 10],
			"rotation": {"angle": 22.5, "axis": "z", "origin": [6.45, 19.7, 0]},
			"faces": {
				"up": {"uv": [8.5, 8, 11.5, 10.5], "rotation": 90, "texture": "#0"},
				"down": {"uv": [8.5, 10.5, 11.5, 8], "rotation": 270, "texture": "#0"}
			}
		}
	]
}