{
    "credit": "Made with Blockbench",
    "textures": {
        "1": "lumenshard/generic_smoke_pulse_cross_10",
        "0": "lumenshard/generic_smoke_pulse_cross_10",
        "particle": "lumenshard/generic_smoke_pulse_cross_10"
    },
    "elements": [
        {
            "from": [
                -4.59329,
                6.25,
                7.8499
            ],
            "to": [
                19.40671,
                30.25,
                7.9499
            ],
            "rotation": {
                "angle": 0,
                "axis": "x",
                "origin": [
                    7.40671,
                    7.95,
                    7.8999
                ]
            },
            "faces": {
                "north": {
                    "uv": [
                        0,
                        0,
                        16,
                        16
                    ],
                    "rotation": 90,
                    "texture": "#1",
                    "tintindex": 0
                },
                "east": {
                    "uv": [
                        0,
                        0,
                        0,
                        0
                    ],
                    "rotation": 90,
                    "texture": "#1",
                    "tintindex": 0
                },
                "south": {
                    "uv": [
                        16,
                        0,
                        0,
                        16
                    ],
                    "rotation": 270,
                    "texture": "#1",
                    "tintindex": 0
                },
                "west": {
                    "uv": [
                        0,
                        0,
                        0,
                        0
                    ],
                    "rotation": 270,
                    "texture": "#1",
                    "tintindex": 0
                },
                "up": {
                    "uv": [
                        0,
                        0,
                        0,
                        0
                    ],
                    "texture": "#1",
                    "tintindex": 0
                },
                "down": {
                    "uv": [
                        0,
                        0,
                        0,
                        0
                    ],
                    "rotation": 180,
                    "texture": "#1",
                    "tintindex": 0
                }
            }
        },
        {
            "from": [
                -4.59329,
                -15.975,
                7.8499
            ],
            "to": [
                19.40671,
                8.025,
                7.9499
            ],
            "rotation": {
                "angle": 0,
                "axis": "x",
                "origin": [
                    7.40671,
                    -3.975,
                    7.8999
                ]
            },
            "faces": {
                "north": {
                    "uv": [
                        16,
                        0,
                        0,
                        16
                    ],
                    "rotation": 90,
                    "texture": "#1",
                    "tintindex": 0
                },
                "east": {
                    "uv": [
                        0,
                        0,
                        0,
                        0
                    ],
                    "rotation": 270,
                    "texture": "#1",
                    "tintindex": 0
                },
                "south": {
                    "uv": [
                        0,
                        0,
                        16,
                        16
                    ],
                    "rotation": 270,
                    "texture": "#1",
                    "tintindex": 0
                },
                "west": {
                    "uv": [
                        0,
                        0,
                        0,
                        0
                    ],
                    "rotation": 90,
                    "texture": "#1",
                    "tintindex": 0
                },
                "up": {
                    "uv": [
                        0,
                        0,
                        0,
                        0
                    ],
                    "rotation": 180,
                    "texture": "#1",
                    "tintindex": 0
                },
                "down": {
                    "uv": [
                        0,
                        0,
                        0,
                        0
                    ],
                    "texture": "#1",
                    "tintindex": 0
                }
            }
        },
        {
            "from": [
                -4.59329,
                7.9,
                6.0499
            ],
            "to": [
                19.40671,
                8,
                30.0499
            ],
            "rotation": {
                "angle": 0,
                "axis": "y",
                "origin": [
                    12,
                    0.05,
                    12
                ]
            },
            "faces": {
                "north": {
                    "uv": [
                        0,
                        0,
                        0,
                        0
                    ],
                    "texture": "#1",
                    "tintindex": 0
                },
                "east": {
                    "uv": [
                        0,
                        0,
                        0,
                        0
                    ],
                    "texture": "#1",
                    "tintindex": 0
                },
                "south": {
                    "uv": [
                        0,
                        0,
                        0,
                        0
                    ],
                    "texture": "#1",
                    "tintindex": 0
                },
                "west": {
                    "uv": [
                        0,
                        0,
                        0,
                        0
                    ],
                    "texture": "#1",
                    "tintindex": 0
                },
                "up": {
                    "uv": [
                        0,
                        0,
                        16,
                        16
                    ],
                    "rotation": 270,
                    "texture": "#1",
                    "tintindex": 0
                },
                "down": {
                    "uv": [
                        16,
                        0,
                        0,
                        16
                    ],
                    "rotation": 270,
                    "texture": "#1",
                    "tintindex": 0
                }
            }
        },
        {
            "from": [
                -4.59329,
                7.9,
                -15.9751
            ],
            "to": [
                19.40671,
                8,
                8.0249
            ],
            "rotation": {
                "angle": 0,
                "axis": "x",
                "origin": [
                    7.40671,
                    7.95,
                    -3.9751
                ]
            },
            "faces": {
                "north": {
                    "uv": [
                        0,
                        0,
                        0,
                        0
                    ],
                    "rotation": 180,
                    "texture": "#1",
                    "tintindex": 0
                },
                "east": {
                    "uv": [
                        0,
                        0,
                        0,
                        0
                    ],
                    "rotation": 180,
                    "texture": "#1",
                    "tintindex": 0
                },
                "south": {
                    "uv": [
                        0,
                        0,
                        0,
                        0
                    ],
                    "rotation": 180,
                    "texture": "#1",
                    "tintindex": 0
                },
                "west": {
                    "uv": [
                        0,
                        0,
                        0,
                        0
                    ],
                    "rotation": 180,
                    "texture": "#1",
                    "tintindex": 0
                },
                "up": {
                    "uv": [
                        16,
                        0,
                        0,
                        16
                    ],
                    "rotation": 270,
                    "texture": "#1",
                    "tintindex": 0
                },
                "down": {
                    "uv": [
                        0,
                        0,
                        16,
                        16
                    ],
                    "rotation": 270,
                    "texture": "#1",
                    "tintindex": 0
                }
            }
        }
    ],
    "display": {
        "thirdperson_righthand": {
            "scale": [
                2.07,
                2.07,
                2.07
            ]
        },
        "thirdperson_lefthand": {
            "rotation": [
                0,
                89,
                0
            ],
            "translation": [
                1.25,
                5,
                1.75
            ],
            "scale": [
                1.35,
                1.35,
                1.35
            ]
        },
        "firstperson_righthand": {
            "rotation": [
                -178.57,
                16.11,
                -61.82
            ],
            "translation": [
                18.25,
                3.25,
                -23.25
            ],
            "scale": [
                0.86,
                0.86,
                0.86
            ]
        },
        "firstperson_lefthand": {
            "rotation": [
                -26,
                -83,
                0
            ],
            "translation": [
                0,
                2,
                0
            ],
            "scale": [
                1.37,
                1.37,
                1.37
            ]
        },
        "ground": {
            "translation": [
                0,
                13,
                0
            ],
            "scale": [
                1.84,
                1.84,
                1.84
            ]
        },
        "gui": {
            "rotation": [
                0,
                0,
                -45
            ],
            "translation": [
                -1.25,
                -1,
                0
            ],
            "scale": [
                1.1,
                1.1,
                1.1
            ]
        },
        "head": {
            "rotation": [
                0,
                -45.5,
                -90
            ],
            "translation": [
                0.75,
                -33,
                5
            ],
            "scale": [
                4,
                4,
                4
            ]
        },
        "fixed": {
            "rotation": [
                0,
                0,
                45
            ],
            "translation": [
                1,
                -1,
                0
            ],
            "scale": [
                1.45,
                1.45,
                1.45
            ]
        }
    },
    "groups": [
        {
            "name": "IceSword",
            "origin": [
                0,
                14,
                0
            ],
            "color": 0,
            "children": [
                0,
                1,
                2,
                3
            ]
        }
    ]
}