{
    "credit": "Made with Blockbench",
    "textures": {
        "0": "block/plant/brown_mushroom_parts",
        "1": "block/plant/brown_mushroom_0",
        "particle": "block/plant/brown_mushroom_parts"
    },
    "elements": [
        {
            "from": [
                5,
                0,
                5
            ],
            "to": [
                7,
                6,
                7
            ],
            "rotation": {
                "angle": -22.5,
                "axis": "y",
                "origin": [
                    6,
                    0,
                    6
                ]
            },
            "faces": {
                "north": {
                    "uv": [
                        10,
                        0,
                        12,
                        6
                    ],
                    "texture": "#0"
                },
                "east": {
                    "uv": [
                        12,
                        0,
                        14,
                        6
                    ],
                    "texture": "#0"
                },
                "south": {
                    "uv": [
                        10,
                        0,
                        12,
                        6
                    ],
                    "texture": "#0"
                },
                "west": {
                    "uv": [
                        12,
                        0,
                        14,
                        6
                    ],
                    "texture": "#0"
                },
                "down": {
                    "uv": [
                        12,
                        8,
                        14,
                        10
                    ],
                    "texture": "#0",
                    "cullface": "down"
                }
            }
        },
        {
            "from": [
                2,
                6,
                2
            ],
            "to": [
                10,
                8,
                10
            ],
            "rotation": {
                "angle": -22.5,
                "axis": "y",
                "origin": [
                    6,
                    0,
                    6
                ]
            },
            "faces": {
                "up": {
                    "uv": [
                        2,
                        2,
                        10,
                        10
                    ],
                    "texture": "#1"
                },
                "down": {
                    "uv": [
                        0,
                        0,
                        8,
                        8
                    ],
                    "texture": "#0"
                }
            }
        },
        {
            "from": [
                2,
                6,
                10
            ],
            "to": [
                10,
                8,
                11
            ],
            "rotation": {
                "angle": -22.5,
                "axis": "y",
                "origin": [
                    6,
                    0,
                    6
                ]
            },
            "faces": {
                "east": {
                    "uv": [
                        9,
                        10,
                        10,
                        12
                    ],
                    "texture": "#1"
                },
                "south": {
                    "uv": [
                        2,
                        10,
                        10,
                        12
                    ],
                    "texture": "#1"
                },
                "west": {
                    "uv": [
                        2,
                        10,
                        3,
                        12
                    ],
                    "texture": "#1"
                },
                "up": {
                    "uv": [
                        2,
                        10,
                        10,
                        11
                    ],
                    "texture": "#1"
                },
                "down": {
                    "uv": [
                        2,
                        11,
                        10,
                        12
                    ],
                    "texture": "#1"
                }
            }
        },
        {
            "from": [
                2,
                6,
                1
            ],
            "to": [
                10,
                8,
                2
            ],
            "rotation": {
                "angle": -22.5,
                "axis": "y",
                "origin": [
                    6,
                    0,
                    6
                ]
            },
            "faces": {
                "north": {
                    "uv": [
                        10,
                        2,
                        2,
                        0
                    ],
                    "texture": "#1"
                },
                "east": {
                    "uv": [
                        9,
                        2,
                        10,
                        0
                    ],
                    "texture": "#1"
                },
                "west": {
                    "uv": [
                        2,
                        2,
                        3,
                        0
                    ],
                    "texture": "#1"
                },
                "up": {
                    "uv": [
                        2,
                        1,
                        10,
                        2
                    ],
                    "texture": "#1"
                },
                "down": {
                    "uv": [
                        2,
                        0,
                        10,
                        1
                    ],
                    "texture": "#1"
                }
            }
        },
        {
            "from": [
                10,
                6,
                2
            ],
            "to": [
                11,
                8,
                10
            ],
            "rotation": {
                "angle": -22.5,
                "axis": "y",
                "origin": [
                    6,
                    0,
                    6
                ]
            },
            "faces": {
                "north": {
                    "uv": [
                        10,
                        2,
                        12,
                        3
                    ],
                    "rotation": 90,
                    "texture": "#1"
                },
                "east": {
                    "uv": [
                        10,
                        2,
                        12,
                        10
                    ],
                    "rotation": 90,
                    "texture": "#1"
                },
                "south": {
                    "uv": [
                        10,
                        9,
                        12,
                        10
                    ],
                    "rotation": 90,
                    "texture": "#1"
                },
                "up": {
                    "uv": [
                        10,
                        2,
                        11,
                        10
                    ],
                    "texture": "#1"
                },
                "down": {
                    "uv": [
                        11,
                        10,
                        12,
                        2
                    ],
                    "texture": "#1"
                }
            }
        },
        {
            "from": [
                1,
                6,
                2
            ],
            "to": [
                2,
                8,
                10
            ],
            "rotation": {
                "angle": -22.5,
                "axis": "y",
                "origin": [
                    6,
                    0,
                    6
                ]
            },
            "faces": {
                "north": {
                    "uv": [
                        2,
                        2,
                        0,
                        3
                    ],
                    "rotation": 90,
                    "texture": "#1"
                },
                "south": {
                    "uv": [
                        2,
                        9,
                        0,
                        10
                    ],
                    "rotation": 90,
                    "texture": "#1"
                },
                "west": {
                    "uv": [
                        2,
                        2,
                        0,
                        10
                    ],
                    "rotation": 90,
                    "texture": "#1"
                },
                "up": {
                    "uv": [
                        1,
                        2,
                        2,
                        10
                    ],
                    "texture": "#1"
                },
                "down": {
                    "uv": [
                        0,
                        2,
                        1,
                        10
                    ],
                    "texture": "#1"
                }
            }
        }
    ]
}