{
    "credit": "Made with Blockbench",
    "textures": {
        "0": "block/plant/fern_mid",
        "particle": "block/plant/fern_mid"
    },
    "elements": [
        {
            "from": [
                4,
                2,
                0
            ],
            "to": [
                11,
                2,
                8
            ],
            "rotation": {
                "angle": 45,
                "axis": "x",
                "origin": [
                    13,
                    2,
                    8
                ]
            },
            "faces": {
                "up": {
                    "uv": [
                        0,
                        8,
                        7,
                        16
                    ],
                    "texture": "#0",
                    "tintindex": 0
                },
                "down": {
                    "uv": [
                        7,
                        8,
                        0,
                        16
                    ],
                    "rotation": 180,
                    "texture": "#0",
                    "tintindex": 0
                }
            }
        },
        {
            "from": [
                7,
                2,
                5
            ],
            "to": [
                7,
                10,
                12
            ],
            "rotation": {
                "angle": 45,
                "axis": "z",
                "origin": [
                    7,
                    2,
                    8
                ]
            },
            "faces": {
                "east": {
                    "uv": [
                        0,
                        8,
                        7,
                        16
                    ],
                    "texture": "#0",
                    "tintindex": 0
                },
                "west": {
                    "uv": [
                        7,
                        8,
                        0,
                        16
                    ],
                    "texture": "#0",
                    "tintindex": 0
                }
            }
        },
        {
            "from": [
                9,
                2,
                5
            ],
            "to": [
                17,
                2,
                12
            ],
            "rotation": {
                "angle": 45,
                "axis": "z",
                "origin": [
                    9,
                    2,
                    8
                ]
            },
            "faces": {
                "up": {
                    "uv": [
                        0,
                        8,
                        7,
                        16
                    ],
                    "rotation": 90,
                    "texture": "#0",
                    "tintindex": 0
                },
                "down": {
                    "uv": [
                        7,
                        8,
                        0,
                        16
                    ],
                    "rotation": 90,
                    "texture": "#0",
                    "tintindex": 0
                }
            }
        },
        {
            "from": [
                4,
                2,
                10
            ],
            "to": [
                11,
                10,
                10
            ],
            "rotation": {
                "angle": 45,
                "axis": "x",
                "origin": [
                    7,
                    2,
                    10
                ]
            },
            "faces": {
                "north": {
                    "uv": [
                        0,
                        8,
                        7,
                        16
                    ],
                    "texture": "#0",
                    "tintindex": 0
                },
                "south": {
                    "uv": [
                        7,
                        8,
                        0,
                        16
                    ],
                    "texture": "#0",
                    "tintindex": 0
                }
            }
        },
        {
            "from": [
                4,
                7.80888,
                -6.4219
            ],
            "to": [
                11,
                7.80888,
                1.5781
            ],
            "rotation": {
                "angle": 22.5,
                "axis": "x",
                "origin": [
                    0,
                    5.80888,
                    1.5781
                ]
            },
            "faces": {
                "up": {
                    "uv": [
                        0,
                        0,
                        7,
                        8
                    ],
                    "texture": "#0",
                    "tintindex": 0
                },
                "down": {
                    "uv": [
                        7,
                        0,
                        0,
                        8
                    ],
                    "rotation": 180,
                    "texture": "#0",
                    "tintindex": 0
                }
            }
        },
        {
            "from": [
                -9.39567,
                7.97308,
                5
            ],
            "to": [
                -1.39567,
                7.97308,
                12
            ],
            "rotation": {
                "angle": -22.5,
                "axis": "z",
                "origin": [
                    -0.82153,
                    0.92957,
                    0
                ]
            },
            "faces": {
                "up": {
                    "uv": [
                        0,
                        0,
                        7,
                        8
                    ],
                    "rotation": 270,
                    "texture": "#0",
                    "tintindex": 0
                },
                "down": {
                    "uv": [
                        7,
                        0,
                        0,
                        8
                    ],
                    "rotation": 270,
                    "texture": "#0",
                    "tintindex": 0
                }
            }
        },
        {
            "from": [
                4,
                4.59446,
                16.2662
            ],
            "to": [
                11,
                4.59446,
                24.2662
            ],
            "rotation": {
                "angle": -22.5,
                "axis": "x",
                "origin": [
                    7,
                    4.59446,
                    8.2662
                ]
            },
            "faces": {
                "up": {
                    "uv": [
                        0,
                        0,
                        7,
                        8
                    ],
                    "rotation": 180,
                    "texture": "#0",
                    "tintindex": 0
                },
                "down": {
                    "uv": [
                        7,
                        0,
                        0,
                        8
                    ],
                    "texture": "#0",
                    "tintindex": 0
                }
            }
        },
        {
            "from": [
                15.26549,
                4.59517,
                5
            ],
            "to": [
                23.26549,
                4.59517,
                12
            ],
            "rotation": {
                "angle": 22.5,
                "axis": "z",
                "origin": [
                    7.26549,
                    4.59517,
                    8
                ]
            },
            "faces": {
                "up": {
                    "uv": [
                        0,
                        0,
                        7,
                        8
                    ],
                    "rotation": 90,
                    "texture": "#0",
                    "tintindex": 0
                },
                "down": {
                    "uv": [
                        7,
                        0,
                        0,
                        8
                    ],
                    "rotation": 90,
                    "texture": "#0",
                    "tintindex": 0
                }
            }
        },
        {
            "from": [
                7,
                0,
                8
            ],
            "to": [
                9,
                2,
                10
            ],
            "faces": {
                "north": {
                    "uv": [
                        8,
                        14,
                        10,
                        16
                    ],
                    "texture": "#0",
                    "tintindex": 0
                },
                "east": {
                    "uv": [
                        8,
                        14,
                        10,
                        16
                    ],
                    "texture": "#0",
                    "tintindex": 0
                },
                "south": {
                    "uv": [
                        9,
                        14,
                        11,
                        16
                    ],
                    "texture": "#0",
                    "tintindex": 0
                },
                "west": {
                    "uv": [
                        9,
                        14,
                        11,
                        16
                    ],
                    "texture": "#0",
                    "tintindex": 0
                }
            }
        },
        {
            "from": [
                9,
                2,
                10
            ],
            "to": [
                7,
                0,
                8
            ],
            "faces": {
                "north": {
                    "uv": [
                        9,
                        14,
                        11,
                        16
                    ],
                    "texture": "#0",
                    "tintindex": 0
                },
                "east": {
                    "uv": [
                        9,
                        14,
                        11,
                        16
                    ],
                    "texture": "#0",
                    "tintindex": 0
                },
                "south": {
                    "uv": [
                        8,
                        14,
                        10,
                        16
                    ],
                    "texture": "#0",
                    "tintindex": 0
                },
                "west": {
                    "uv": [
                        8,
                        14,
                        10,
                        16
                    ],
                    "texture": "#0",
                    "tintindex": 0
                }
            }
        }
    ]
}