{
    "ambientocclusion": false,
    "textures": {
        "all": "block/plant/lily_pad_group_3",
        "particle": "block/lily_pad"
    },
    "elements": [
        {
            "from": [
                -4,
                0.43,
                -4
            ],
            "to": [
                20,
                0.43,
                20
            ],
            "faces": {
                "up": {
                    "uv": [
                        0,
                        0,
                        12,
                        12
                    ],
                    "texture": "#all",
                    "tintindex": 0,
                    "rotation": 90
                },
                "down": {
                    "uv": [
                        12,
                        0,
                        0,
                        12
                    ],
                    "texture": "#all",
                    "tintindex": 0,
                    "rotation": 90
                }
            }
        }
    ]
}