{
    "ambientocclusion": false,
    "textures": {
        "all": "block/plant/lily_pad_1",
        "particle": "block/lily_pad"
    },
    "elements": [
        {
            "from": [
                -2,
                0.28,
                -2
            ],
            "to": [
                14,
                0.28,
                14
            ],
            "faces": {
                "up": {
                    "uv": [
                        0,
                        0,
                        16,
                        16
                    ],
                    "rotation": 180,
                    "texture": "#all",
                    "tintindex": 0
                },
                "down": {
                    "uv": [
                        0,
                        16,
                        16,
                        0
                    ],
                    "rotation": 180,
                    "texture": "#all",
                    "tintindex": 0
                }
            }
        }
    ]
}