{
    "elements": [
        {
            "from": [
                3,
                8,
                4
            ],
            "to": [
                6,
                12,
                7
            ],
            "faces": {
                "north": {
                    "uv": [
                        3,
                        0,
                        0,
                        4
                    ],
                    "texture": "#0"
                },
                "east": {
                    "uv": [
                        0,
                        0,
                        3,
                        4
                    ],
                    "texture": "#0"
                },
                "south": {
                    "uv": [
                        3,
                        0,
                        0,
                        4
                    ],
                    "texture": "#0"
                },
                "west": {
                    "uv": [
                        0,
                        0,
                        3,
                        4
                    ],
                    "texture": "#0"
                },
                "down": {
                    "uv": [
                        6,
                        0,
                        9,
                        3
                    ],
                    "texture": "#0"
                }
            }
        },
        {
            "from": [
                6,
                12,
                7
            ],
            "to": [
                3,
                8,
                4
            ],
            "faces": {
                "north": {
                    "uv": [
                        3,
                        4,
                        0,
                        0
                    ],
                    "texture": "#0"
                },
                "east": {
                    "uv": [
                        0,
                        4,
                        3,
                        0
                    ],
                    "texture": "#0"
                },
                "south": {
                    "uv": [
                        3,
                        4,
                        0,
                        0
                    ],
                    "texture": "#0"
                },
                "west": {
                    "uv": [
                        0,
                        4,
                        3,
                        0
                    ],
                    "texture": "#0"
                },
                "up": {
                    "uv": [
                        3,
                        3,
                        6,
                        0
                    ],
                    "texture": "#0"
                }
            }
        },
        {
            "from": [
                4,
                0,
                5.5
            ],
            "to": [
                5,
                8,
                5.5
            ],
            "rotation": {
                "angle": 45,
                "axis": "y",
                "origin": [
                    4.5,
                    0,
                    5.5
                ]
            },
            "faces": {
                "north": {
                    "uv": [
                        8,
                        8,
                        9,
                        16
                    ],
                    "texture": "#0"
                },
                "south": {
                    "uv": [
                        8,
                        8,
                        9,
                        16
                    ],
                    "texture": "#0"
                }
            }
        },
        {
            "from": [
                3,
                0,
                5.5
            ],
            "to": [
                6,
                6,
                5.5
            ],
            "rotation": {
                "angle": -22.5,
                "axis": "x",
                "origin": [
                    0,
                    0,
                    5.5
                ]
            },
            "faces": {
                "north": {
                    "uv": [
                        13,
                        10,
                        10,
                        16
                    ],
                    "texture": "#0"
                },
                "south": {
                    "uv": [
                        10,
                        10,
                        13,
                        16
                    ],
                    "texture": "#0"
                }
            }
        },
        {
            "from": [
                3,
                5.54328,
                3.2039
            ],
            "to": [
                6,
                9.54328,
                3.2039
            ],
            "rotation": {
                "angle": -45,
                "axis": "x",
                "origin": [
                    0,
                    5.54328,
                    3.2039
                ]
            },
            "faces": {
                "north": {
                    "uv": [
                        13,
                        6,
                        10,
                        10
                    ],
                    "texture": "#0"
                },
                "south": {
                    "uv": [
                        10,
                        6,
                        13,
                        10
                    ],
                    "texture": "#0"
                }
            }
        },
        {
            "from": [
                9,
                7,
                7
            ],
            "to": [
                12,
                11,
                10
            ],
            "rotation": {
                "angle": 45,
                "axis": "y",
                "origin": [
                    10.5,
                    0,
                    8.5
                ]
            },
            "faces": {
                "north": {
                    "uv": [
                        3,
                        0,
                        0,
                        4
                    ],
                    "texture": "#0"
                },
                "east": {
                    "uv": [
                        0,
                        0,
                        3,
                        4
                    ],
                    "texture": "#0"
                },
                "south": {
                    "uv": [
                        3,
                        0,
                        0,
                        4
                    ],
                    "texture": "#0"
                },
                "west": {
                    "uv": [
                        0,
                        0,
                        3,
                        4
                    ],
                    "texture": "#0"
                },
                "down": {
                    "uv": [
                        6,
                        0,
                        9,
                        3
                    ],
                    "texture": "#0"
                }
            }
        },
        {
            "from": [
                12,
                11,
                10
            ],
            "to": [
                9,
                7,
                7
            ],
            "rotation": {
                "angle": 45,
                "axis": "y",
                "origin": [
                    10.5,
                    0,
                    8.5
                ]
            },
            "faces": {
                "north": {
                    "uv": [
                        3,
                        4,
                        0,
                        0
                    ],
                    "texture": "#0"
                },
                "east": {
                    "uv": [
                        0,
                        4,
                        3,
                        0
                    ],
                    "texture": "#0"
                },
                "south": {
                    "uv": [
                        3,
                        4,
                        0,
                        0
                    ],
                    "texture": "#0"
                },
                "west": {
                    "uv": [
                        0,
                        4,
                        3,
                        0
                    ],
                    "texture": "#0"
                },
                "up": {
                    "uv": [
                        3,
                        3,
                        6,
                        0
                    ],
                    "texture": "#0"
                }
            }
        },
        {
            "from": [
                10.5,
                0,
                6
            ],
            "to": [
                10.5,
                7,
                9
            ],
            "rotation": {
                "angle": 22.5,
                "axis": "y",
                "origin": [
                    10.5,
                    0,
                    8.5
                ]
            },
            "faces": {
                "east": {
                    "uv": [
                        4,
                        9,
                        7,
                        16
                    ],
                    "texture": "#0"
                },
                "west": {
                    "uv": [
                        7,
                        9,
                        4,
                        16
                    ],
                    "texture": "#0"
                }
            }
        },
        {
            "from": [
                5,
                0,
                11.5
            ],
            "to": [
                6,
                6,
                11.5
            ],
            "rotation": {
                "angle": 45,
                "axis": "y",
                "origin": [
                    5.5,
                    0,
                    11.5
                ]
            },
            "faces": {
                "north": {
                    "uv": [
                        8,
                        9,
                        9,
                        15
                    ],
                    "texture": "#0"
                },
                "south": {
                    "uv": [
                        8,
                        9,
                        9,
                        15
                    ],
                    "texture": "#0"
                }
            }
        },
        {
            "from": [
                4,
                6,
                10
            ],
            "to": [
                7,
                10,
                13
            ],
            "faces": {
                "north": {
                    "uv": [
                        3,
                        0,
                        0,
                        4
                    ],
                    "texture": "#0"
                },
                "east": {
                    "uv": [
                        0,
                        0,
                        3,
                        4
                    ],
                    "texture": "#0"
                },
                "south": {
                    "uv": [
                        3,
                        0,
                        0,
                        4
                    ],
                    "texture": "#0"
                },
                "west": {
                    "uv": [
                        0,
                        0,
                        3,
                        4
                    ],
                    "texture": "#0"
                },
                "down": {
                    "uv": [
                        6,
                        0,
                        9,
                        3
                    ],
                    "texture": "#0"
                }
            }
        },
        {
            "from": [
                7,
                10,
                13
            ],
            "to": [
                4,
                6,
                10
            ],
            "faces": {
                "north": {
                    "uv": [
                        3,
                        4,
                        0,
                        0
                    ],
                    "texture": "#0"
                },
                "east": {
                    "uv": [
                        0,
                        4,
                        3,
                        0
                    ],
                    "texture": "#0"
                },
                "south": {
                    "uv": [
                        3,
                        4,
                        0,
                        0
                    ],
                    "texture": "#0"
                },
                "west": {
                    "uv": [
                        0,
                        4,
                        3,
                        0
                    ],
                    "texture": "#0"
                },
                "up": {
                    "uv": [
                        3,
                        3,
                        6,
                        0
                    ],
                    "texture": "#0"
                }
            }
        },
        {
            "from": [
                3.58658,
                -0.3806,
                10
            ],
            "to": [
                3.58658,
                4.6194,
                13
            ],
            "rotation": {
                "angle": 22.5,
                "axis": "z",
                "origin": [
                    3.58658,
                    4.6194,
                    0
                ]
            },
            "faces": {
                "east": {
                    "uv": [
                        16,
                        11,
                        13,
                        16
                    ],
                    "texture": "#0"
                },
                "west": {
                    "uv": [
                        13,
                        11,
                        16,
                        16
                    ],
                    "texture": "#0"
                }
            }
        },
        {
            "from": [
                3.58751,
                4.61978,
                10
            ],
            "to": [
                3.58751,
                7.61978,
                13
            ],
            "rotation": {
                "angle": 45,
                "axis": "z",
                "origin": [
                    3.58751,
                    4.61978,
                    0
                ]
            },
            "faces": {
                "east": {
                    "uv": [
                        16,
                        8,
                        13,
                        11
                    ],
                    "texture": "#0"
                },
                "west": {
                    "uv": [
                        13,
                        8,
                        16,
                        11
                    ],
                    "texture": "#0"
                }
            }
        },
        {
            "from": [
                10.5,
                0,
                8
            ],
            "to": [
                10.5,
                7,
                10
            ],
            "rotation": {
                "angle": -22.5,
                "axis": "z",
                "origin": [
                    10.5,
                    0,
                    0
                ]
            },
            "faces": {
                "north": {
                    "uv": [
                        0,
                        0,
                        0,
                        7
                    ],
                    "texture": "#0"
                },
                "east": {
                    "uv": [
                        2,
                        9,
                        4,
                        16
                    ],
                    "texture": "#0"
                },
                "south": {
                    "uv": [
                        0,
                        0,
                        0,
                        7
                    ],
                    "texture": "#0"
                },
                "west": {
                    "uv": [
                        4,
                        9,
                        2,
                        16
                    ],
                    "texture": "#0"
                },
                "up": {
                    "uv": [
                        0,
                        0,
                        0,
                        2
                    ],
                    "texture": "#0"
                },
                "down": {
                    "uv": [
                        0,
                        0,
                        0,
                        2
                    ],
                    "texture": "#0"
                }
            }
        }
    ]
}