{
    "credit": "Made with Blockbench",
    "textures": {
        "1": "lumenshard/generic_rising_sparks_8",
        "particle": "lumenshard/generic_rising_sparks_8",
        "0": "lumenshard/generic_rising_sparks_8"
    },
    "elements": [
        {
            "from": [
                -4.59329,
                7.9,
                -4.1001
            ],
            "to": [
                19.40671,
                8,
                19.8999
            ],
            "rotation": {
                "angle": 0,
                "axis": "y",
                "origin": [
                    12,
                    0.05,
                    12
                ]
            },
            "faces": {
                "up": {
                    "uv": [
                        0,
                        0,
                        16,
                        16
                    ],
                    "rotation": 270,
                    "texture": "#1",
                    "tintindex": 0
                },
                "down": {
                    "uv": [
                        16,
                        0,
                        0,
                        16
                    ],
                    "rotation": 270,
                    "texture": "#1",
                    "tintindex": 0
                }
            }
        }
    ],
    "display": {
        "thirdperson_righthand": {
            "rotation": [
                -111.25,
                0,
                90
            ],
            "translation": [
                -6.5,
                5,
                1.75
            ],
            "scale": [
                2.07,
                2.07,
                2.07
            ]
        },
        "thirdperson_lefthand": {
            "rotation": [
                0,
                89,
                0
            ],
            "translation": [
                1.25,
                5,
                1.75
            ],
            "scale": [
                1.35,
                1.35,
                1.35
            ]
        },
        "firstperson_righthand": {
            "rotation": [
                -178.57,
                16.11,
                -61.82
            ],
            "translation": [
                18.25,
                3.25,
                -23.25
            ],
            "scale": [
                0.86,
                0.86,
                0.86
            ]
        },
        "firstperson_lefthand": {
            "rotation": [
                -26,
                -83,
                0
            ],
            "translation": [
                0,
                2,
                0
            ],
            "scale": [
                1.37,
                1.37,
                1.37
            ]
        },
        "ground": {
            "translation": [
                0,
                13,
                0
            ],
            "scale": [
                1.84,
                1.84,
                1.84
            ]
        },
        "gui": {
            "rotation": [
                0,
                0,
                -45
            ],
            "translation": [
                -1.25,
                -1,
                0
            ],
            "scale": [
                1.1,
                1.1,
                1.1
            ]
        },
        "head": {
            "rotation": [
                -90,
                90,
                0
            ],
            "scale": [
                4,
                4,
                4
            ]
        },
        "fixed": {
            "rotation": [
                0,
                0,
                45
            ],
            "translation": [
                1,
                -1,
                0
            ],
            "scale": [
                1.45,
                1.45,
                1.45
            ]
        }
    },
    "groups": [
        {
            "name": "IceSword",
            "origin": [
                0,
                14,
                0
            ],
            "color": 0,
            "children": [
                0
            ]
        }
    ]
}