{
    "parent": "block/block",
    "display": {
        "fixed": {
            "rotation": [
                0,
                90,
                0
            ],
            "translation": [
                0,
                0,
                1
            ],
            "scale": [
                0.8,
                0.8,
                0.8
            ]
        }
    },
    "textures": {
        "particle": "#texture"
    },
    "elements": [
        {
            "from": [
                6,
                0,
                6
            ],
            "to": [
                10,
                16,
                10
            ],
            "faces": {
                "north": {
                    "uv": [
                        0,
                        0,
                        4,
                        16
                    ],
                    "texture": "#texture"
                },
                "east": {
                    "uv": [
                        0,
                        0,
                        4,
                        16
                    ],
                    "texture": "#texture"
                },
                "south": {
                    "uv": [
                        0,
                        0,
                        4,
                        16
                    ],
                    "texture": "#texture"
                },
                "west": {
                    "uv": [
                        0,
                        0,
                        4,
                        16
                    ],
                    "texture": "#texture"
                },
                "up": {
                    "uv": [
                        4,
                        6,
                        8,
                        10
                    ],
                    "texture": "#texture",
                    "cullface": "up"
                },
                "down": {
                    "uv": [
                        4,
                        6,
                        8,
                        10
                    ],
                    "texture": "#texture",
                    "cullface": "down"
                }
            }
        },
        {
            "from": [
                7,
                12,
                0
            ],
            "to": [
                9,
                15,
                6
            ],
            "faces": {
                "north": {
                    "uv": [
                        9,
                        0,
                        11,
                        3
                    ],
                    "texture": "#texture",
                    "cullface": "north"
                },
                "east": {
                    "uv": [
                        4,
                        0,
                        10,
                        3
                    ],
                    "texture": "#texture"
                },
                "west": {
                    "uv": [
                        10,
                        0,
                        16,
                        3
                    ],
                    "texture": "#texture"
                },
                "up": {
                    "uv": [
                        4,
                        10,
                        10,
                        12
                    ],
                    "rotation": 270,
                    "texture": "#texture"
                },
                "down": {
                    "uv": [
                        10,
                        10,
                        16,
                        12
                    ],
                    "rotation": 270,
                    "texture": "#texture"
                }
            }
        },
        {
            "from": [
                7,
                6,
                0
            ],
            "to": [
                9,
                9,
                6
            ],
            "faces": {
                "north": {
                    "uv": [
                        9,
                        3,
                        11,
                        6
                    ],
                    "texture": "#texture",
                    "cullface": "north"
                },
                "east": {
                    "uv": [
                        4,
                        3,
                        10,
                        6
                    ],
                    "texture": "#texture"
                },
                "west": {
                    "uv": [
                        10,
                        3,
                        16,
                        6
                    ],
                    "texture": "#texture"
                },
                "up": {
                    "uv": [
                        4,
                        12,
                        10,
                        14
                    ],
                    "rotation": 270,
                    "texture": "#texture"
                },
                "down": {
                    "uv": [
                        10,
                        12,
                        16,
                        14
                    ],
                    "rotation": 270,
                    "texture": "#texture"
                }
            }
        },
        {
            "from": [
                7,
                12,
                10
            ],
            "to": [
                9,
                15,
                16
            ],
            "faces": {
                "east": {
                    "uv": [
                        10,
                        0,
                        16,
                        3
                    ],
                    "texture": "#texture"
                },
                "south": {
                    "uv": [
                        9,
                        0,
                        11,
                        3
                    ],
                    "texture": "#texture",
                    "cullface": "north"
                },
                "west": {
                    "uv": [
                        4,
                        0,
                        10,
                        3
                    ],
                    "texture": "#texture"
                },
                "up": {
                    "uv": [
                        10,
                        10,
                        16,
                        12
                    ],
                    "rotation": 270,
                    "texture": "#texture"
                },
                "down": {
                    "uv": [
                        4,
                        10,
                        10,
                        12
                    ],
                    "rotation": 270,
                    "texture": "#texture"
                }
            }
        },
        {
            "from": [
                7,
                6,
                10
            ],
            "to": [
                9,
                9,
                16
            ],
            "faces": {
                "east": {
                    "uv": [
                        10,
                        3,
                        16,
                        6
                    ],
                    "texture": "#texture"
                },
                "south": {
                    "uv": [
                        9,
                        3,
                        11,
                        6
                    ],
                    "texture": "#texture",
                    "cullface": "north"
                },
                "west": {
                    "uv": [
                        4,
                        3,
                        10,
                        6
                    ],
                    "texture": "#texture"
                },
                "up": {
                    "uv": [
                        10,
                        12,
                        16,
                        14
                    ],
                    "rotation": 270,
                    "texture": "#texture"
                },
                "down": {
                    "uv": [
                        4,
                        12,
                        10,
                        14
                    ],
                    "rotation": 270,
                    "texture": "#texture"
                }
            }
        }
    ]
}