{
    "parent": "block/block",
    "display": {
        "gui": {
            "rotation": [
                30,
                -45,
                0
            ],
            "translation": [
                0,
                -1,
                0
            ],
            "scale": [
                0.8,
                0.8,
                0.8
            ]
        },
        "head": {
            "rotation": [
                0,
                0,
                0
            ],
            "translation": [
                0,
                -3,
                -6
            ],
            "scale": [
                1,
                1,
                1
            ]
        },
        "firstperson_righthand": {
            "rotation": [
                0,
                135,
                0
            ],
            "translation": [
                0,
                0,
                0
            ],
            "scale": [
                0.4,
                0.4,
                0.4
            ]
        },
        "firstperson_lefthand": {
            "rotation": [
                0,
                -45,
                0
            ],
            "translation": [
                0,
                0,
                0
            ],
            "scale": [
                0.4,
                0.4,
                0.4
            ]
        },
        "fixed": {
            "rotation": [
                0,
                0,
                0
            ],
            "translation": [
                0,
                0,
                1
            ],
            "scale": [
                0.8,
                0.8,
                0.8
            ]
        }
    },
    "textures": {
        "particle": "#texture"
    },
    "elements": [
        {
            "from": [
                0,
                5,
                7
            ],
            "to": [
                2,
                16,
                9
            ],
            "faces": {
                "north": {
                    "uv": [
                        2,
                        0,
                        4,
                        11
                    ],
                    "texture": "#texture"
                },
                "east": {
                    "uv": [
                        12,
                        0,
                        14,
                        11
                    ],
                    "texture": "#texture"
                },
                "south": {
                    "uv": [
                        0,
                        0,
                        2,
                        11
                    ],
                    "texture": "#texture"
                },
                "west": {
                    "uv": [
                        12,
                        0,
                        14,
                        11
                    ],
                    "texture": "#texture",
                    "cullface": "west"
                },
                "up": {
                    "uv": [
                        8,
                        14,
                        10,
                        16
                    ],
                    "texture": "#texture"
                },
                "down": {
                    "uv": [
                        8,
                        14,
                        10,
                        16
                    ],
                    "texture": "#texture"
                }
            }
        },
        {
            "from": [
                14,
                5,
                7
            ],
            "to": [
                16,
                16,
                9
            ],
            "faces": {
                "north": {
                    "uv": [
                        0,
                        0,
                        2,
                        11
                    ],
                    "texture": "#texture"
                },
                "east": {
                    "uv": [
                        14,
                        0,
                        16,
                        11
                    ],
                    "texture": "#texture",
                    "cullface": "east"
                },
                "south": {
                    "uv": [
                        2,
                        0,
                        4,
                        11
                    ],
                    "texture": "#texture"
                },
                "west": {
                    "uv": [
                        14,
                        0,
                        16,
                        11
                    ],
                    "texture": "#texture"
                },
                "up": {
                    "uv": [
                        10,
                        14,
                        12,
                        16
                    ],
                    "texture": "#texture"
                },
                "down": {
                    "uv": [
                        10,
                        14,
                        12,
                        16
                    ],
                    "texture": "#texture"
                }
            }
        },
        {
            "from": [
                6,
                6,
                7
            ],
            "to": [
                10,
                15,
                9
            ],
            "faces": {
                "north": {
                    "uv": [
                        4,
                        0,
                        8,
                        9
                    ],
                    "texture": "#texture"
                },
                "east": {
                    "uv": [
                        14,
                        1,
                        16,
                        10
                    ],
                    "texture": "#texture"
                },
                "south": {
                    "uv": [
                        4,
                        0,
                        8,
                        9
                    ],
                    "texture": "#texture"
                },
                "west": {
                    "uv": [
                        12,
                        1,
                        14,
                        10
                    ],
                    "texture": "#texture"
                },
                "up": {
                    "uv": [
                        12,
                        14,
                        16,
                        16
                    ],
                    "texture": "#texture"
                },
                "down": {
                    "uv": [
                        12,
                        14,
                        16,
                        16
                    ],
                    "texture": "#texture"
                }
            }
        },
        {
            "from": [
                2,
                6,
                7
            ],
            "to": [
                6,
                9,
                9
            ],
            "faces": {
                "north": {
                    "uv": [
                        8,
                        6,
                        12,
                        9
                    ],
                    "texture": "#texture"
                },
                "south": {
                    "uv": [
                        8,
                        6,
                        12,
                        9
                    ],
                    "texture": "#texture"
                },
                "up": {
                    "uv": [
                        0,
                        14,
                        4,
                        16
                    ],
                    "texture": "#texture"
                },
                "down": {
                    "uv": [
                        0,
                        14,
                        4,
                        16
                    ],
                    "texture": "#texture"
                }
            }
        },
        {
            "from": [
                2,
                12,
                7
            ],
            "to": [
                6,
                15,
                9
            ],
            "faces": {
                "north": {
                    "uv": [
                        8,
                        0,
                        12,
                        3
                    ],
                    "texture": "#texture"
                },
                "south": {
                    "uv": [
                        8,
                        0,
                        12,
                        3
                    ],
                    "texture": "#texture"
                },
                "up": {
                    "uv": [
                        0,
                        12,
                        4,
                        14
                    ],
                    "texture": "#texture"
                },
                "down": {
                    "uv": [
                        0,
                        12,
                        4,
                        14
                    ],
                    "texture": "#texture"
                }
            }
        },
        {
            "from": [
                10,
                6,
                7
            ],
            "to": [
                14,
                9,
                9
            ],
            "faces": {
                "north": {
                    "uv": [
                        8,
                        9,
                        12,
                        12
                    ],
                    "texture": "#texture"
                },
                "south": {
                    "uv": [
                        8,
                        9,
                        12,
                        12
                    ],
                    "texture": "#texture"
                },
                "up": {
                    "uv": [
                        4,
                        14,
                        8,
                        16
                    ],
                    "texture": "#texture"
                },
                "down": {
                    "uv": [
                        4,
                        14,
                        8,
                        16
                    ],
                    "texture": "#texture"
                }
            }
        },
        {
            "from": [
                10,
                12,
                7
            ],
            "to": [
                14,
                15,
                9
            ],
            "faces": {
                "north": {
                    "uv": [
                        8,
                        3,
                        12,
                        6
                    ],
                    "texture": "#texture"
                },
                "south": {
                    "uv": [
                        8,
                        3,
                        12,
                        6
                    ],
                    "texture": "#texture"
                },
                "up": {
                    "uv": [
                        4,
                        12,
                        8,
                        14
                    ],
                    "texture": "#texture"
                },
                "down": {
                    "uv": [
                        4,
                        12,
                        8,
                        14
                    ],
                    "texture": "#texture"
                }
            }
        }
    ]
}