{
    "variants": {
        "": [
            {
                "model": "block_random/bricks_0"
            },
            {
                "model": "block_random/bricks_1"
            },
            {
                "model": "block_random/bricks_2"
            },
            {
                "model": "block_random/bricks_3"
            },
            {
                "model": "block_random/bricks_4"
            },
            {
                "model": "block_random/bricks_5"
            },
            {
                "model": "block_random/bricks_6"
            },
            {
                "model": "block_random/bricks_7"
            }
        ]
    }
}