{
    "variants": {
        "": [
            {
                "model": "block_random/deepslate_brick_cracked_0"
            },
            {
                "model": "block_random/deepslate_brick_cracked_1"
            },
            {
                "model": "block_random/deepslate_brick_cracked_2"
            },
            {
                "model": "block_random/deepslate_brick_cracked_3"
            },
            {
                "model": "block_random/deepslate_brick_cracked_4"
            },
            {
                "model": "block_random/deepslate_brick_cracked_5"
            },
            {
                "model": "block_random/deepslate_brick_cracked_6"
            },
            {
                "model": "block_random/deepslate_brick_cracked_7"
            }
        ]
    }
}