{"textures":{"0":"modelengine:entity/chromafire_blast_gold"},"elements":[{"from":[12.5,12.5,12.5],"to":[3.5,3.5,3.5],"faces":{"east":{"uv":[6.0,0.625,6.375,0.75],"tintindex":0,"rotation":90,"texture":"#0"},"south":{"uv":[6.0,0.625,6.375,0.75],"tintindex":0,"rotation":90,"texture":"#0"},"north":{"uv":[6.0,0.625,6.375,0.75],"tintindex":0,"rotation":90,"texture":"#0"},"west":{"uv":[6.0,0.625,6.375,0.75],"tintindex":0,"rotation":90,"texture":"#0"},"up":{"uv":[6.0,0.625,6.125,0.75],"tintindex":0,"rotation":0,"texture":"#0"},"down":{"uv":[6.25,0.625,6.375,0.75],"tintindex":0,"rotation":0,"texture":"#0"}}},{"from":[4.0,4.0,4.0],"to":[12.0,12.0,12.0],"faces":{"east":{"uv":[4.25,0.5,5.25,1.5],"tintindex":0,"rotation":0,"texture":"#0"},"south":{"uv":[1.5,4.25,2.5,5.25],"tintindex":0,"rotation":0,"texture":"#0"},"north":{"uv":[0.5,3.5,1.5,4.5],"tintindex":0,"rotation":0,"texture":"#0"},"west":{"uv":[4.25,1.5,5.25,2.5],"tintindex":0,"rotation":0,"texture":"#0"},"up":{"uv":[3.5,5.25,2.5,4.25],"tintindex":0,"rotation":0,"texture":"#0"},"down":{"uv":[5.25,2.5,4.25,3.5],"tintindex":0,"rotation":0,"texture":"#0"}}}],"display":{"gui":{"rotation":[30,225,0]}}}