{"textures":{"0":"modelengine:entity/chromafire_blast_gold"},"elements":[{"from":[11.5,11.5,11.5],"to":[4.5,4.5,4.5],"faces":{"east":{"uv":[6.0,0.625,6.375,0.75],"tintindex":0,"rotation":90,"texture":"#0"},"south":{"uv":[6.0,0.625,6.375,0.75],"tintindex":0,"rotation":90,"texture":"#0"},"north":{"uv":[6.0,0.625,6.375,0.75],"tintindex":0,"rotation":90,"texture":"#0"},"west":{"uv":[6.0,0.625,6.375,0.75],"tintindex":0,"rotation":90,"texture":"#0"},"up":{"uv":[6.0,0.625,6.125,0.75],"tintindex":0,"rotation":0,"texture":"#0"},"down":{"uv":[6.25,0.625,6.375,0.75],"tintindex":0,"rotation":0,"texture":"#0"}}},{"from":[5.0,5.0,5.0],"to":[11.0,11.0,11.0],"faces":{"east":{"uv":[4.25,3.5,5.0,4.25],"tintindex":0,"rotation":0,"texture":"#0"},"south":{"uv":[4.25,4.25,5.0,5.0],"tintindex":0,"rotation":0,"texture":"#0"},"north":{"uv":[3.5,4.25,4.25,5.0],"tintindex":0,"rotation":0,"texture":"#0"},"west":{"uv":[0.5,4.5,1.25,5.25],"tintindex":0,"rotation":0,"texture":"#0"},"up":{"uv":[4.25,5.75,3.5,5.0],"tintindex":0,"rotation":0,"texture":"#0"},"down":{"uv":[5.75,3.5,5.0,4.25],"tintindex":0,"rotation":0,"texture":"#0"}}}],"display":{"gui":{"rotation":[30,225,0]}}}