{"textures":{"0":"modelengine:entity/chromafire_blast_gold"},"elements":[{"from":[13.5,13.5,13.5],"to":[2.5,2.5,2.5],"faces":{"east":{"uv":[6.125,0.625,6.5,0.75],"tintindex":0,"rotation":90,"texture":"#0"},"south":{"uv":[6.125,0.625,6.5,0.75],"tintindex":0,"rotation":90,"texture":"#0"},"north":{"uv":[6.125,0.625,6.5,0.75],"tintindex":0,"rotation":90,"texture":"#0"},"west":{"uv":[6.125,0.625,6.5,0.75],"tintindex":0,"rotation":90,"texture":"#0"},"up":{"uv":[6.125,0.625,6.25,0.75],"tintindex":0,"rotation":0,"texture":"#0"},"down":{"uv":[6.375,0.625,6.5,0.75],"tintindex":0,"rotation":0,"texture":"#0"}}},{"from":[3.0,3.0,3.0],"to":[13.0,13.0,13.0],"faces":{"east":{"uv":[1.75,1.75,3.0,3.0],"tintindex":0,"rotation":0,"texture":"#0"},"south":{"uv":[3.0,0.5,4.25,1.75],"tintindex":0,"rotation":0,"texture":"#0"},"north":{"uv":[1.75,0.5,3.0,1.75],"tintindex":0,"rotation":0,"texture":"#0"},"west":{"uv":[1.75,3.0,3.0,4.25],"tintindex":0,"rotation":0,"texture":"#0"},"up":{"uv":[4.25,3.0,3.0,1.75],"tintindex":0,"rotation":0,"texture":"#0"},"down":{"uv":[4.25,3.0,3.0,4.25],"tintindex":0,"rotation":0,"texture":"#0"}}}],"display":{"gui":{"rotation":[30,225,0]}}}