{"textures":{"0":"modelengine:entity/chromafire_blast_gold"},"elements":[{"from":[10.5,10.5,10.5],"to":[5.5,5.5,5.5],"faces":{"east":{"uv":[5.875,0.625,6.25,0.75],"tintindex":0,"rotation":90,"texture":"#0"},"south":{"uv":[5.875,0.625,6.25,0.75],"tintindex":0,"rotation":90,"texture":"#0"},"north":{"uv":[5.875,0.625,6.25,0.75],"tintindex":0,"rotation":90,"texture":"#0"},"west":{"uv":[5.875,0.625,6.25,0.75],"tintindex":0,"rotation":90,"texture":"#0"},"up":{"uv":[5.875,0.625,6.0,0.75],"tintindex":0,"rotation":0,"texture":"#0"},"down":{"uv":[6.125,0.625,6.25,0.75],"tintindex":0,"rotation":0,"texture":"#0"}}},{"from":[6.0,6.0,6.0],"to":[10.0,10.0,10.0],"faces":{"east":{"uv":[5.0,4.25,5.5,4.75],"tintindex":0,"rotation":0,"texture":"#0"},"south":{"uv":[4.75,5.0,5.25,5.5],"tintindex":0,"rotation":0,"texture":"#0"},"north":{"uv":[4.25,5.0,4.75,5.5],"tintindex":0,"rotation":0,"texture":"#0"},"west":{"uv":[0.5,5.25,1.0,5.75],"tintindex":0,"rotation":0,"texture":"#0"},"up":{"uv":[5.75,1.0,5.25,0.5],"tintindex":0,"rotation":0,"texture":"#0"},"down":{"uv":[1.5,5.25,1.0,5.75],"tintindex":0,"rotation":0,"texture":"#0"}}}],"display":{"gui":{"rotation":[30,225,0]}}}