{
	"credit": "Made with Blockbench",
	"elements": [
		{
			"from": [-8, 0, 6],
			"to": [0, 1, 17],
			"color": 8,
			"faces": {
				"north": {"uv": [0, 0, 8, 1], "texture": "#missing"},
				"east": {"uv": [0, 0, 11, 1], "texture": "#missing"},
				"south": {"uv": [0, 0, 8, 1], "texture": "#missing"},
				"west": {"uv": [0, 0, 11, 1], "texture": "#missing"},
				"up": {"uv": [0, 0, 8, 11], "texture": "#missing"},
				"down": {"uv": [0, 0, 8, 11], "texture": "#missing"}
			}
		},
		{
			"from": [0, 0, 1],
			"to": [32, 1, 17],
			"color": 8,
			"faces": {
				"north": {"uv": [0, 0, 16, 1], "texture": "#missing"},
				"east": {"uv": [0, 0, 16, 1], "texture": "#missing"},
				"south": {"uv": [0, 0, 16, 1], "texture": "#missing"},
				"west": {"uv": [0, 0, 16, 1], "texture": "#missing"},
				"up": {"uv": [0, 0, 16, 16], "texture": "#missing"},
				"down": {"uv": [0, 0, 16, 16], "texture": "#missing"}
			}
		},
		{
			"from": [25, 0, -14],
			"to": [31, 1, -7],
			"rotation": {"angle": 0, "axis": "y", "origin": [-1, 0, -16]},
			"color": 8,
			"faces": {
				"north": {"uv": [0, 0, 6, 1], "texture": "#missing"},
				"east": {"uv": [0, 0, 7, 1], "texture": "#missing"},
				"south": {"uv": [0, 0, 6, 1], "texture": "#missing"},
				"west": {"uv": [0, 0, 7, 1], "texture": "#missing"},
				"up": {"uv": [0, 0, 6, 7], "texture": "#missing"},
				"down": {"uv": [0, 0, 6, 7], "texture": "#missing"}
			}
		},
		{
			"from": [24, 1, -15],
			"to": [32, 8, -7],
			"rotation": {"angle": 0, "axis": "y", "origin": [-1, 1, -16]},
			"color": 8,
			"faces": {
				"north": {"uv": [0, 0, 8, 7], "texture": "#missing"},
				"east": {"uv": [0, 0, 8, 7], "texture": "#missing"},
				"south": {"uv": [0, 0, 8, 7], "texture": "#missing"},
				"west": {"uv": [0, 0, 8, 7], "texture": "#missing"},
				"up": {"uv": [0, 0, 8, 8], "texture": "#missing"},
				"down": {"uv": [0, 0, 8, 8], "texture": "#missing"}
			}
		},
		{
			"from": [24, 15, -15],
			"to": [32, 22, -7],
			"rotation": {"angle": 0, "axis": "y", "origin": [-1, 15, -16]},
			"color": 8,
			"faces": {
				"north": {"uv": [0, 0, 8, 7], "texture": "#missing"},
				"east": {"uv": [0, 0, 8, 7], "texture": "#missing"},
				"south": {"uv": [0, 0, 8, 7], "texture": "#missing"},
				"west": {"uv": [0, 0, 8, 7], "texture": "#missing"},
				"up": {"uv": [0, 0, 8, 8], "texture": "#missing"},
				"down": {"uv": [0, 0, 8, 8], "texture": "#missing"}
			}
		},
		{
			"from": [24, 8, -15],
			"to": [32, 15, -7],
			"rotation": {"angle": 0, "axis": "y", "origin": [-1, 8, -16]},
			"color": 8,
			"faces": {
				"north": {"uv": [0, 0, 8, 7], "texture": "#missing"},
				"east": {"uv": [0, 0, 8, 7], "texture": "#missing"},
				"south": {"uv": [0, 0, 8, 7], "texture": "#missing"},
				"west": {"uv": [0, 0, 8, 7], "texture": "#missing"},
				"up": {"uv": [0, 0, 8, 8], "texture": "#missing"},
				"down": {"uv": [0, 0, 8, 8], "texture": "#missing"}
			}
		},
		{
			"from": [25, 10, -16],
			"to": [31, 13, -15],
			"rotation": {"angle": 0, "axis": "y", "origin": [-1, 10, -18]},
			"color": 8,
			"faces": {
				"north": {"uv": [0, 0, 6, 3], "texture": "#missing"},
				"east": {"uv": [0, 0, 1, 3], "texture": "#missing"},
				"south": {"uv": [0, 0, 6, 3], "texture": "#missing"},
				"west": {"uv": [0, 0, 1, 3], "texture": "#missing"},
				"up": {"uv": [0, 0, 6, 1], "texture": "#missing"},
				"down": {"uv": [0, 0, 6, 1], "texture": "#missing"}
			}
		},
		{
			"from": [24, 0, -6],
			"to": [32, 8, 2],
			"rotation": {"angle": 0, "axis": "y", "origin": [0, 1, -6]},
			"color": 8,
			"faces": {
				"north": {"uv": [0, 0, 8, 8], "texture": "#missing"},
				"east": {"uv": [0, 0, 8, 8], "texture": "#missing"},
				"south": {"uv": [0, 0, 8, 8], "texture": "#missing"},
				"west": {"uv": [0, 0, 8, 8], "texture": "#missing"},
				"up": {"uv": [0, 0, 8, 8], "texture": "#missing"},
				"down": {"uv": [0, 0, 8, 8], "texture": "#missing"}
			}
		},
		{
			"from": [24, 8, -6],
			"to": [32, 16, 2],
			"rotation": {"angle": 0, "axis": "y", "origin": [0, 9, -6]},
			"color": 8,
			"faces": {
				"north": {"uv": [0, 0, 8, 8], "texture": "#missing"},
				"east": {"uv": [0, 0, 8, 8], "texture": "#missing"},
				"south": {"uv": [0, 0, 8, 8], "texture": "#missing"},
				"west": {"uv": [0, 0, 8, 8], "texture": "#missing"},
				"up": {"uv": [0, 0, 8, 8], "texture": "#missing"},
				"down": {"uv": [0, 0, 8, 8], "texture": "#missing"}
			}
		},
		{
			"from": [26, 1.5, -15.5],
			"to": [30, 9.5, -15],
			"rotation": {"angle": 0, "axis": "y", "origin": [-1, 0.5, -15.5]},
			"color": 8,
			"faces": {
				"north": {"uv": [0, 0, 4, 8], "texture": "#missing"},
				"east": {"uv": [0, 0, 0.5, 8], "texture": "#missing"},
				"south": {"uv": [0, 0, 4, 8], "texture": "#missing"},
				"west": {"uv": [0, 0, 0.5, 8], "texture": "#missing"},
				"up": {"uv": [0, 0, 4, 0.5], "texture": "#missing"},
				"down": {"uv": [0, 0, 4, 0.5], "texture": "#missing"}
			}
		},
		{
			"from": [26, 13.5, -15.5],
			"to": [30, 21.5, -15],
			"rotation": {"angle": 0, "axis": "y", "origin": [-1, 12.5, -15.5]},
			"color": 8,
			"faces": {
				"north": {"uv": [0, 0, 4, 8], "texture": "#missing"},
				"east": {"uv": [0, 0, 0.5, 8], "texture": "#missing"},
				"south": {"uv": [0, 0, 4, 8], "texture": "#missing"},
				"west": {"uv": [0, 0, 0.5, 8], "texture": "#missing"},
				"up": {"uv": [0, 0, 4, 0.5], "texture": "#missing"},
				"down": {"uv": [0, 0, 4, 0.5], "texture": "#missing"}
			}
		},
		{
			"from": [0, 1, 1],
			"to": [1, 22, 17],
			"rotation": {"angle": 0, "axis": "y", "origin": [0, 1, 0]},
			"color": 8,
			"faces": {
				"north": {"uv": [0, 0, 1, 16], "texture": "#missing"},
				"east": {"uv": [0, 0, 16, 16], "texture": "#missing"},
				"south": {"uv": [0, 0, 1, 16], "texture": "#missing"},
				"west": {"uv": [0, 0, 16, 16], "texture": "#missing"},
				"up": {"uv": [0, 0, 1, 16], "texture": "#missing"},
				"down": {"uv": [0, 0, 1, 16], "texture": "#missing"}
			}
		},
		{
			"from": [0, 22, 1],
			"to": [11, 24, 17],
			"rotation": {"angle": 0, "axis": "y", "origin": [0, 2, 0]},
			"color": 8,
			"faces": {
				"north": {"uv": [0, 0, 11, 2], "texture": "#missing"},
				"east": {"uv": [0, 0, 16, 2], "texture": "#missing"},
				"south": {"uv": [0, 0, 11, 2], "texture": "#missing"},
				"west": {"uv": [0, 0, 16, 2], "texture": "#missing"},
				"up": {"uv": [0, 0, 11, 16], "texture": "#missing"},
				"down": {"uv": [0, 0, 11, 16], "texture": "#missing"}
			}
		},
		{
			"from": [-8, 23, 1],
			"to": [0, 24, 17],
			"rotation": {"angle": 0, "axis": "y", "origin": [-11, 3, 0]},
			"color": 8,
			"faces": {
				"north": {"uv": [0, 0, 8, 1], "texture": "#missing"},
				"east": {"uv": [0, 0, 16, 1], "texture": "#missing"},
				"south": {"uv": [0, 0, 8, 1], "texture": "#missing"},
				"west": {"uv": [0, 0, 16, 1], "texture": "#missing"},
				"up": {"uv": [0, 0, 8, 16], "texture": "#missing"},
				"down": {"uv": [0, 0, 8, 16], "texture": "#missing"}
			}
		},
		{
			"from": [10, 1, 1],
			"to": [11, 22, 17],
			"rotation": {"angle": 0, "axis": "y", "origin": [10, 1, 0]},
			"color": 8,
			"faces": {
				"north": {"uv": [0, 0, 1, 16], "texture": "#missing"},
				"east": {"uv": [0, 0, 16, 16], "texture": "#missing"},
				"south": {"uv": [0, 0, 1, 16], "texture": "#missing"},
				"west": {"uv": [0, 0, 16, 16], "texture": "#missing"},
				"up": {"uv": [0, 0, 1, 16], "texture": "#missing"},
				"down": {"uv": [0, 0, 1, 16], "texture": "#missing"}
			}
		},
		{
			"from": [-8, 8, 3],
			"to": [-7, 23, 17],
			"rotation": {"angle": 0, "axis": "y", "origin": [0, 1, 0]},
			"color": 8,
			"faces": {
				"north": {"uv": [0, 0, 1, 15], "texture": "#missing"},
				"east": {"uv": [0, 0, 14, 15], "texture": "#missing"},
				"south": {"uv": [0, 0, 1, 15], "texture": "#missing"},
				"west": {"uv": [0, 0, 14, 15], "texture": "#missing"},
				"up": {"uv": [0, 0, 1, 14], "texture": "#missing"},
				"down": {"uv": [0, 0, 1, 14], "texture": "#missing"}
			}
		},
		{
			"from": [-7, 8, 16.5],
			"to": [0, 23, 17],
			"rotation": {"angle": 0, "axis": "y", "origin": [1, 1, 1]},
			"color": 8,
			"faces": {
				"north": {"uv": [0, 0, 7, 15], "texture": "#missing"},
				"east": {"uv": [0, 0, 0.5, 15], "texture": "#missing"},
				"south": {"uv": [0, 0, 7, 15], "texture": "#missing"},
				"west": {"uv": [0, 0, 0.5, 15], "texture": "#missing"},
				"up": {"uv": [0, 0, 7, 0.5], "texture": "#missing"},
				"down": {"uv": [0, 0, 7, 0.5], "texture": "#missing"}
			}
		},
		{
			"from": [1, 1, 16.5],
			"to": [10, 22, 17],
			"rotation": {"angle": 0, "axis": "y", "origin": [11, 1, 1]},
			"color": 8,
			"faces": {
				"north": {"uv": [0, 0, 9, 16], "texture": "#missing"},
				"east": {"uv": [0, 0, 0.5, 16], "texture": "#missing"},
				"south": {"uv": [0, 0, 9, 16], "texture": "#missing"},
				"west": {"uv": [0, 0, 0.5, 16], "texture": "#missing"},
				"up": {"uv": [0, 0, 9, 0.5], "texture": "#missing"},
				"down": {"uv": [0, 0, 9, 0.5], "texture": "#missing"}
			}
		},
		{
			"from": [-8, 7, 0],
			"to": [0, 8, 17],
			"rotation": {"angle": 0, "axis": "y", "origin": [0, 7, 0]},
			"color": 8,
			"faces": {
				"north": {"uv": [0, 0, 8, 1], "texture": "#missing"},
				"east": {"uv": [0, 0, 16, 1], "texture": "#missing"},
				"south": {"uv": [0, 0, 8, 1], "texture": "#missing"},
				"west": {"uv": [0, 0, 16, 1], "texture": "#missing"},
				"up": {"uv": [0, 0, 8, 16], "texture": "#missing"},
				"down": {"uv": [0, 0, 8, 16], "texture": "#missing"}
			}
		},
		{
			"from": [-8, 0, 7],
			"to": [0, 8, 8],
			"rotation": {"angle": -22.5, "axis": "x", "origin": [10, 0, 7]},
			"color": 8,
			"faces": {
				"north": {"uv": [0, 0, 8, 8], "texture": "#missing"},
				"east": {"uv": [0, 0, 1, 8], "texture": "#missing"},
				"south": {"uv": [0, 0, 8, 8], "texture": "#missing"},
				"west": {"uv": [0, 0, 1, 8], "texture": "#missing"},
				"up": {"uv": [0, 0, 8, 1], "texture": "#missing"},
				"down": {"uv": [0, 0, 8, 1], "texture": "#missing"}
			}
		}
	],
	"display": {
		"fixed": {
			"rotation": [-90, 0, 0],
			"translation": [-80, 12, -32],
			"scale": [4, 4, 4]
		}
	}
}