{
	"credit": "Made with Blockbench",
	"textures": {
		"particle": "item/expeditions/dreamfarers_crafting_area_temp"
	},
	"elements": [
		{
			"from": [-14, 0, 4],
			"to": [-6, 6, 15],
			"rotation": {"angle": 0, "axis": "y", "origin": [0, 0, -1]},
			"color": 1,
			"faces": {
				"north": {"uv": [0, 0, 8, 6], "texture": "#missing"},
				"east": {"uv": [0, 0, 11, 6], "texture": "#missing"},
				"south": {"uv": [0, 0, 8, 6], "texture": "#missing"},
				"west": {"uv": [0, 0, 11, 6], "texture": "#missing"},
				"up": {"uv": [0, 0, 8, 11], "texture": "#missing"},
				"down": {"uv": [0, 0, 8, 11], "texture": "#missing"}
			}
		},
		{
			"from": [8, 0, 9],
			"to": [16, 5, 15],
			"rotation": {"angle": 0, "axis": "y", "origin": [22, 0, -1]},
			"color": 1,
			"faces": {
				"north": {"uv": [0, 0, 8, 5], "texture": "#missing"},
				"east": {"uv": [0, 0, 6, 5], "texture": "#missing"},
				"south": {"uv": [0, 0, 8, 5], "texture": "#missing"},
				"west": {"uv": [0, 0, 6, 5], "texture": "#missing"},
				"up": {"uv": [0, 0, 8, 6], "texture": "#missing"},
				"down": {"uv": [0, 0, 8, 6], "texture": "#missing"}
			}
		},
		{
			"from": [-6, 0, 9],
			"to": [2, 5, 15],
			"rotation": {"angle": 0, "axis": "y", "origin": [8, 0, -1]},
			"color": 1,
			"faces": {
				"north": {"uv": [0, 0, 8, 5], "texture": "#missing"},
				"east": {"uv": [0, 0, 6, 5], "texture": "#missing"},
				"south": {"uv": [0, 0, 8, 5], "texture": "#missing"},
				"west": {"uv": [0, 0, 6, 5], "texture": "#missing"},
				"up": {"uv": [0, 0, 8, 6], "texture": "#missing"},
				"down": {"uv": [0, 0, 8, 6], "texture": "#missing"}
			}
		},
		{
			"from": [-14, 10, 6],
			"to": [-10, 13, 9],
			"rotation": {"angle": 0, "axis": "y", "origin": [-3, 6, 3]},
			"color": 1,
			"faces": {
				"north": {"uv": [0, 0, 4, 3], "texture": "#missing"},
				"east": {"uv": [0, 0, 3, 3], "texture": "#missing"},
				"south": {"uv": [0, 0, 4, 3], "texture": "#missing"},
				"west": {"uv": [0, 0, 3, 3], "texture": "#missing"},
				"up": {"uv": [0, 0, 4, 3], "texture": "#missing"},
				"down": {"uv": [0, 0, 4, 3], "texture": "#missing"}
			}
		},
		{
			"from": [-10, 6, 6],
			"to": [-7, 13, 9],
			"rotation": {"angle": 0, "axis": "y", "origin": [-1, 6, 3]},
			"color": 1,
			"faces": {
				"north": {"uv": [0, 0, 3, 7], "texture": "#missing"},
				"east": {"uv": [0, 0, 3, 7], "texture": "#missing"},
				"south": {"uv": [0, 0, 3, 7], "texture": "#missing"},
				"west": {"uv": [0, 0, 3, 7], "texture": "#missing"},
				"up": {"uv": [0, 0, 3, 3], "texture": "#missing"},
				"down": {"uv": [0, 0, 3, 3], "texture": "#missing"}
			}
		},
		{
			"from": [-10, 6, 11],
			"to": [-7, 18, 14],
			"rotation": {"angle": 0, "axis": "y", "origin": [-1, 11, 8]},
			"color": 1,
			"faces": {
				"north": {"uv": [0, 0, 3, 12], "texture": "#missing"},
				"east": {"uv": [0, 0, 3, 12], "texture": "#missing"},
				"south": {"uv": [0, 0, 3, 12], "texture": "#missing"},
				"west": {"uv": [0, 0, 3, 12], "texture": "#missing"},
				"up": {"uv": [0, 0, 3, 3], "texture": "#missing"},
				"down": {"uv": [0, 0, 3, 3], "texture": "#missing"}
			}
		},
		{
			"from": [-14, 15, 11],
			"to": [-10, 18, 14],
			"rotation": {"angle": 0, "axis": "y", "origin": [-3, 11, 8]},
			"color": 1,
			"faces": {
				"north": {"uv": [0, 0, 4, 3], "texture": "#missing"},
				"east": {"uv": [0, 0, 3, 3], "texture": "#missing"},
				"south": {"uv": [0, 0, 4, 3], "texture": "#missing"},
				"west": {"uv": [0, 0, 3, 3], "texture": "#missing"},
				"up": {"uv": [0, 0, 4, 3], "texture": "#missing"},
				"down": {"uv": [0, 0, 4, 3], "texture": "#missing"}
			}
		},
		{
			"from": [-1, 0, -11],
			"to": [9, 1, -1],
			"rotation": {"angle": 22.5, "axis": "y", "origin": [9, 0, -17]},
			"color": 1,
			"faces": {
				"north": {"uv": [0, 0, 10, 1], "texture": "#missing"},
				"east": {"uv": [0, 0, 10, 1], "texture": "#missing"},
				"south": {"uv": [0, 0, 10, 1], "texture": "#missing"},
				"west": {"uv": [0, 0, 10, 1], "texture": "#missing"},
				"up": {"uv": [0, 0, 10, 10], "texture": "#missing"},
				"down": {"uv": [0, 0, 10, 10], "texture": "#missing"}
			}
		},
		{
			"from": [-6, 0, -9.6],
			"to": [4, 1, 0.4],
			"rotation": {"angle": -22.5, "axis": "y", "origin": [4, 0, -15.6]},
			"color": 1,
			"faces": {
				"north": {"uv": [0, 0, 10, 1], "texture": "#missing"},
				"east": {"uv": [0, 0, 10, 1], "texture": "#missing"},
				"south": {"uv": [0, 0, 10, 1], "texture": "#missing"},
				"west": {"uv": [0, 0, 10, 1], "texture": "#missing"},
				"up": {"uv": [0, 0, 10, 10], "texture": "#missing"},
				"down": {"uv": [0, 0, 10, 10], "texture": "#missing"}
			}
		},
		{
			"from": [30, 0, -1],
			"to": [32, 30, 15],
			"rotation": {"angle": 0, "axis": "y", "origin": [32, 0, -1]},
			"color": 1,
			"faces": {
				"north": {"uv": [0, 0, 2, 16], "texture": "#missing"},
				"east": {"uv": [0, 0, 16, 16], "texture": "#missing"},
				"south": {"uv": [0, 0, 2, 16], "texture": "#missing"},
				"west": {"uv": [0, 0, 16, 16], "texture": "#missing"},
				"up": {"uv": [0, 0, 2, 16], "texture": "#missing"},
				"down": {"uv": [0, 0, 2, 16], "texture": "#missing"}
			}
		},
		{
			"from": [16, 0, -1],
			"to": [18, 30, 15],
			"rotation": {"angle": 0, "axis": "y", "origin": [18, 0, -1]},
			"color": 1,
			"faces": {
				"north": {"uv": [0, 0, 2, 16], "texture": "#missing"},
				"east": {"uv": [0, 0, 16, 16], "texture": "#missing"},
				"south": {"uv": [0, 0, 2, 16], "texture": "#missing"},
				"west": {"uv": [0, 0, 16, 16], "texture": "#missing"},
				"up": {"uv": [0, 0, 2, 16], "texture": "#missing"},
				"down": {"uv": [0, 0, 2, 16], "texture": "#missing"}
			}
		},
		{
			"from": [-16, 0, -1],
			"to": [-14, 30, 15],
			"rotation": {"angle": 0, "axis": "y", "origin": [-14, 0, -1]},
			"color": 1,
			"faces": {
				"north": {"uv": [0, 0, 2, 16], "texture": "#missing"},
				"east": {"uv": [0, 0, 16, 16], "texture": "#missing"},
				"south": {"uv": [0, 0, 2, 16], "texture": "#missing"},
				"west": {"uv": [0, 0, 16, 16], "texture": "#missing"},
				"up": {"uv": [0, 0, 2, 16], "texture": "#missing"},
				"down": {"uv": [0, 0, 2, 16], "texture": "#missing"}
			}
		},
		{
			"from": [18, 0, 1],
			"to": [30, 8, 15],
			"rotation": {"angle": 0, "axis": "y", "origin": [20, 0, -1]},
			"color": 1,
			"faces": {
				"north": {"uv": [0, 0, 12, 8], "texture": "#missing"},
				"east": {"uv": [0, 0, 14, 8], "texture": "#missing"},
				"south": {"uv": [0, 0, 12, 8], "texture": "#missing"},
				"west": {"uv": [0, 0, 14, 8], "texture": "#missing"},
				"up": {"uv": [0, 0, 12, 14], "texture": "#missing"},
				"down": {"uv": [0, 0, 12, 14], "texture": "#missing"}
			}
		},
		{
			"from": [18, 18, 0],
			"to": [30, 20, 15],
			"rotation": {"angle": 0, "axis": "y", "origin": [20, 18, -1]},
			"color": 1,
			"faces": {
				"north": {"uv": [0, 0, 12, 2], "texture": "#missing"},
				"east": {"uv": [0, 0, 15, 2], "texture": "#missing"},
				"south": {"uv": [0, 0, 12, 2], "texture": "#missing"},
				"west": {"uv": [0, 0, 15, 2], "texture": "#missing"},
				"up": {"uv": [0, 0, 12, 15], "texture": "#missing"},
				"down": {"uv": [0, 0, 12, 15], "texture": "#missing"}
			}
		},
		{
			"from": [18, 8, 0],
			"to": [30, 10, 15],
			"rotation": {"angle": 0, "axis": "y", "origin": [20, 8, -1]},
			"color": 1,
			"faces": {
				"north": {"uv": [0, 0, 12, 2], "texture": "#missing"},
				"east": {"uv": [0, 0, 15, 2], "texture": "#missing"},
				"south": {"uv": [0, 0, 12, 2], "texture": "#missing"},
				"west": {"uv": [0, 0, 15, 2], "texture": "#missing"},
				"up": {"uv": [0, 0, 12, 15], "texture": "#missing"},
				"down": {"uv": [0, 0, 12, 15], "texture": "#missing"}
			}
		},
		{
			"from": [-16, -16, -6],
			"to": [32, -14, 16],
			"rotation": {"angle": 0, "axis": "y", "origin": [0, -16, 0]},
			"color": 1,
			"faces": {
				"north": {"uv": [0, 0, 16, 2], "texture": "#missing"},
				"east": {"uv": [0, 0, 16, 2], "texture": "#missing"},
				"south": {"uv": [0, 0, 16, 2], "texture": "#missing"},
				"west": {"uv": [0, 0, 16, 2], "texture": "#missing"},
				"up": {"uv": [0, 0, 16, 16], "texture": "#missing"},
				"down": {"uv": [0, 0, 16, 16], "texture": "#missing"}
			}
		},
		{
			"from": [-16, -15, -5],
			"to": [32, -1, -3],
			"rotation": {"angle": -22.5, "axis": "x", "origin": [0, -11, -5]},
			"color": 1,
			"faces": {
				"north": {"uv": [0, 0, 16, 14], "rotation": 180, "texture": "#missing"},
				"east": {"uv": [0, 0, 14, 2], "rotation": 270, "texture": "#missing"},
				"south": {"uv": [0, 0, 16, 14], "texture": "#missing"},
				"west": {"uv": [0, 0, 14, 2], "rotation": 90, "texture": "#missing"},
				"up": {"uv": [0, 0, 16, 2], "rotation": 180, "texture": "#missing"},
				"down": {"uv": [0, 0, 16, 2], "texture": "#missing"}
			}
		},
		{
			"from": [-16, -2, -16],
			"to": [32, 0, 16],
			"rotation": {"angle": 0, "axis": "y", "origin": [0, -2, 0]},
			"color": 1,
			"faces": {
				"north": {"uv": [0, 0, 16, 2], "texture": "#missing"},
				"east": {"uv": [0, 0, 16, 2], "texture": "#missing"},
				"south": {"uv": [0, 0, 16, 2], "texture": "#missing"},
				"west": {"uv": [0, 0, 16, 2], "texture": "#missing"},
				"up": {"uv": [0, 0, 16, 16], "texture": "#missing"},
				"down": {"uv": [0, 0, 16, 16], "texture": "#missing"}
			}
		},
		{
			"from": [-16, 0, 15],
			"to": [32, 30, 16],
			"color": 1,
			"faces": {
				"north": {"uv": [0, 0, 16, 16], "texture": "#missing"},
				"east": {"uv": [0, 0, 1, 16], "texture": "#missing"},
				"south": {"uv": [0, 0, 16, 16], "texture": "#missing"},
				"west": {"uv": [0, 0, 1, 16], "texture": "#missing"},
				"up": {"uv": [0, 0, 16, 1], "texture": "#missing"},
				"down": {"uv": [0, 0, 16, 1], "texture": "#missing"}
			}
		},
		{
			"from": [-6, 7, 14],
			"to": [15, 23, 15],
			"rotation": {"angle": 0, "axis": "y", "origin": [0, 0, -1]},
			"color": 1,
			"faces": {
				"north": {"uv": [0, 0, 16, 16], "texture": "#missing"},
				"east": {"uv": [0, 0, 1, 16], "texture": "#missing"},
				"south": {"uv": [0, 0, 16, 16], "texture": "#missing"},
				"west": {"uv": [0, 0, 1, 16], "texture": "#missing"},
				"up": {"uv": [0, 0, 16, 1], "texture": "#missing"},
				"down": {"uv": [0, 0, 16, 1], "texture": "#missing"}
			}
		},
		{
			"from": [11, 21, 13],
			"to": [13, 25, 15],
			"rotation": {"angle": 0, "axis": "y", "origin": [-1, 2, -1]},
			"color": 1,
			"faces": {
				"north": {"uv": [0, 0, 2, 4], "texture": "#missing"},
				"east": {"uv": [0, 0, 2, 4], "texture": "#missing"},
				"south": {"uv": [0, 0, 2, 4], "texture": "#missing"},
				"west": {"uv": [0, 0, 2, 4], "texture": "#missing"},
				"up": {"uv": [0, 0, 2, 2], "texture": "#missing"},
				"down": {"uv": [0, 0, 2, 2], "texture": "#missing"}
			}
		},
		{
			"from": [-4, 21, 13],
			"to": [-2, 25, 15],
			"rotation": {"angle": 0, "axis": "y", "origin": [-16, 2, -1]},
			"color": 1,
			"faces": {
				"north": {"uv": [0, 0, 2, 4], "texture": "#missing"},
				"east": {"uv": [0, 0, 2, 4], "texture": "#missing"},
				"south": {"uv": [0, 0, 2, 4], "texture": "#missing"},
				"west": {"uv": [0, 0, 2, 4], "texture": "#missing"},
				"up": {"uv": [0, 0, 2, 2], "texture": "#missing"},
				"down": {"uv": [0, 0, 2, 2], "texture": "#missing"}
			}
		},
		{
			"from": [8, 28, 0],
			"to": [10, 30, 2],
			"rotation": {"angle": 0, "axis": "y", "origin": [-4, 7, -14]},
			"color": 1,
			"faces": {
				"north": {"uv": [0, 0, 2, 2], "texture": "#missing"},
				"east": {"uv": [0, 0, 2, 2], "texture": "#missing"},
				"south": {"uv": [0, 0, 2, 2], "texture": "#missing"},
				"west": {"uv": [0, 0, 2, 2], "texture": "#missing"},
				"up": {"uv": [0, 0, 2, 2], "texture": "#missing"},
				"down": {"uv": [0, 0, 2, 2], "texture": "#missing"}
			}
		},
		{
			"from": [-9, 27, -1],
			"to": [11, 28, 3],
			"rotation": {"angle": 0, "axis": "y", "origin": [-4, 5, -14]},
			"color": 1,
			"faces": {
				"north": {"uv": [0, 0, 16, 1], "texture": "#missing"},
				"east": {"uv": [0, 0, 4, 1], "texture": "#missing"},
				"south": {"uv": [0, 0, 16, 1], "texture": "#missing"},
				"west": {"uv": [0, 0, 4, 1], "texture": "#missing"},
				"up": {"uv": [0, 0, 16, 4], "texture": "#missing"},
				"down": {"uv": [0, 0, 16, 4], "texture": "#missing"}
			}
		},
		{
			"from": [-8, 26.5, 0],
			"to": [10, 27.5, 2],
			"rotation": {"angle": 0, "axis": "y", "origin": [-4, 4.5, -14]},
			"color": 1,
			"faces": {
				"north": {"uv": [0, 0, 16, 1], "texture": "#missing"},
				"east": {"uv": [0, 0, 2, 1], "texture": "#missing"},
				"south": {"uv": [0, 0, 16, 1], "texture": "#missing"},
				"west": {"uv": [0, 0, 2, 1], "texture": "#missing"},
				"up": {"uv": [0, 0, 16, 2], "texture": "#missing"},
				"down": {"uv": [0, 0, 16, 2], "texture": "#missing"}
			}
		},
		{
			"from": [-8, 28, 0],
			"to": [-6, 30, 2],
			"rotation": {"angle": 0, "axis": "y", "origin": [-20, 7, -14]},
			"color": 1,
			"faces": {
				"north": {"uv": [0, 0, 2, 2], "texture": "#missing"},
				"east": {"uv": [0, 0, 2, 2], "texture": "#missing"},
				"south": {"uv": [0, 0, 2, 2], "texture": "#missing"},
				"west": {"uv": [0, 0, 2, 2], "texture": "#missing"},
				"up": {"uv": [0, 0, 2, 2], "texture": "#missing"},
				"down": {"uv": [0, 0, 2, 2], "texture": "#missing"}
			}
		},
		{
			"from": [-16, 30, -8],
			"to": [32, 32, 16],
			"rotation": {"angle": 0, "axis": "y", "origin": [0, 2, 0]},
			"color": 1,
			"faces": {
				"north": {"uv": [0, 0, 16, 2], "texture": "#missing"},
				"east": {"uv": [0, 0, 16, 2], "texture": "#missing"},
				"south": {"uv": [0, 0, 16, 2], "texture": "#missing"},
				"west": {"uv": [0, 0, 16, 2], "texture": "#missing"},
				"up": {"uv": [0, 0, 16, 16], "texture": "#missing"},
				"down": {"uv": [0, 0, 16, 16], "texture": "#missing"}
			}
		}
	],
	"display": {
		"fixed": {
			"rotation": [-90, 0, 0],
			"translation": [-32, 32, -48],
			"scale": [2, 2, 2]
		}
	}
}