{"textures":{"0":"modelengine:entity/chromafire_explosion_gold"},"elements":[{"from":[12.5,12.5,12.5],"to":[3.5,3.5,3.5],"faces":{"east":{"uv":[15.25,14.25,15.5,15.5],"tintindex":0,"rotation":0,"texture":"#0"},"south":{"uv":[15.25,14.25,15.5,15.5],"tintindex":0,"rotation":0,"texture":"#0"},"north":{"uv":[15.25,14.25,15.5,15.5],"tintindex":0,"rotation":0,"texture":"#0"},"west":{"uv":[15.25,14.25,15.5,15.5],"tintindex":0,"rotation":0,"texture":"#0"},"up":{"uv":[15.25,14.25,15.5,14.5],"tintindex":0,"rotation":0,"texture":"#0"},"down":{"uv":[15.25,15.25,15.5,15.5],"tintindex":0,"rotation":0,"texture":"#0"}}},{"from":[12.0,12.0,12.0],"to":[4.0,4.0,4.0],"faces":{"east":{"uv":[5.0,8.5,7.0,6.5],"tintindex":0,"rotation":0,"texture":"#0"},"south":{"uv":[5.0,6.5,7.0,4.5],"tintindex":0,"rotation":0,"texture":"#0"},"north":{"uv":[5.25,4.0,7.25,2.0],"tintindex":0,"rotation":0,"texture":"#0"},"west":{"uv":[5.25,2.0,7.25,0.0],"tintindex":0,"rotation":0,"texture":"#0"},"up":{"uv":[7.0,6.0,9.0,8.0],"tintindex":0,"rotation":0,"texture":"#0"},"down":{"uv":[7.0,6.0,9.0,4.0],"tintindex":0,"rotation":0,"texture":"#0"}}},{"from":[4.0,4.0,4.0],"to":[12.0,12.0,12.0],"faces":{"east":{"uv":[5.25,0.0,7.25,2.0],"tintindex":0,"rotation":0,"texture":"#0"},"south":{"uv":[5.25,2.0,7.25,4.0],"tintindex":0,"rotation":0,"texture":"#0"},"north":{"uv":[5.0,4.5,7.0,6.5],"tintindex":0,"rotation":0,"texture":"#0"},"west":{"uv":[5.0,6.5,7.0,8.5],"tintindex":0,"rotation":0,"texture":"#0"},"up":{"uv":[9.0,6.0,7.0,4.0],"tintindex":0,"rotation":0,"texture":"#0"},"down":{"uv":[9.0,6.0,7.0,8.0],"tintindex":0,"rotation":0,"texture":"#0"}}}],"display":{"gui":{"rotation":[30,225,0]}}}