{"textures":{"0":"modelengine:entity/chromafire_explosion_gold"},"elements":[{"from":[7.0,7.0,7.0],"to":[9.0,9.0,9.0],"faces":{"east":{"uv":[5.75,4.0,6.25,4.5],"tintindex":0,"rotation":0,"texture":"#0"},"south":{"uv":[6.25,4.0,6.75,4.5],"tintindex":0,"rotation":0,"texture":"#0"},"north":{"uv":[5.25,4.0,5.75,4.5],"tintindex":0,"rotation":0,"texture":"#0"},"west":{"uv":[9.0,7.5,9.5,8.0],"tintindex":0,"rotation":0,"texture":"#0"},"up":{"uv":[10.5,9.75,10.0,9.25],"tintindex":0,"rotation":0,"texture":"#0"},"down":{"uv":[10.5,9.75,10.0,10.25],"tintindex":0,"rotation":0,"texture":"#0"}}},{"from":[9.25,9.25,9.25],"to":[6.75,6.75,6.75],"faces":{"east":{"uv":[15.0,0.0,15.5,0.5],"tintindex":0,"rotation":0,"texture":"#0"},"south":{"uv":[15.0,0.5,15.5,1.0],"tintindex":0,"rotation":0,"texture":"#0"},"north":{"uv":[15.5,0.5,16.0,1.0],"tintindex":0,"rotation":0,"texture":"#0"},"west":{"uv":[14.5,0.0,15.0,0.5],"tintindex":0,"rotation":0,"texture":"#0"},"up":{"uv":[14.5,0.5,15.0,1.0],"tintindex":0,"rotation":0,"texture":"#0"},"down":{"uv":[15.5,0.0,16.0,0.5],"tintindex":0,"rotation":0,"texture":"#0"}}}],"display":{"gui":{"rotation":[30,225,0]}}}