{
	"textures":{
		"0":"item/mailbox/steampunk",
		"1":"item/mailbox/steampunk_steam",
		"particle":"item/mailbox/steampunk"
	},
	"elements":[
		{
			"from":[6,19.6,-6.3],
			"to":[10,19.6,0.7],
			"rotation":{"angle":22.5,"axis":"x","origin":[0,15.5,1]},
			"faces":{
				"up":{"uv":[9,4,16,8],"rotation":90,"texture":"#1"},
				"down":{"uv":[9,4,16,8],"rotation":90,"texture":"#1"}
			}
		},
		{
			"from":[5.5,22.1,3.5],
			"to":[9.5,22.1,10.5],
			"rotation":{"angle":-22.5,"axis":"y","origin":[8,0,8]},
			"faces":{
				"up":{"uv":[9,4,16,8],"rotation":270,"texture":"#1"}
			}
		},
		{
			"from":[4.5,16,3.5],
			"to":[11.5,22,11.5],
			"faces":{
				"north":{"uv":[9,8,16,14],"texture":"#1"},
				"east":{"uv":[10,8,16,16],"rotation":90,"texture":"#1"},
				"south":{"uv":[9,8,16,14],"texture":"#1"},
				"west":{"uv":[10,8,16,16],"rotation":90,"texture":"#1"},
				"up":{"uv":[9,8,16,16],"texture":"#1"}
			}
		},
		{
			"from":[4.5,23,0],
			"to":[11.5,25,1],
			"rotation":{"angle":-22.5,"axis":"x","origin":[0,16,1]},
			"faces":{
				"north":{"uv":[0,11.5,3.5,12.5],"texture":"#0"},
				"east":{"uv":[0,11.5,0.5,12.5],"texture":"#0"},
				"south":{"uv":[0,11.5,3.5,12.5],"texture":"#0"},
				"west":{"uv":[3,11.5,3.5,12.5],"texture":"#0"},
				"up":{"uv":[0,11.5,3.5,12],"texture":"#0"},
				"down":{"uv":[0,12,3.5,12.5],"texture":"#0"}
			}
		},
		{
			"from":[4.5,22,0],
			"to":[6.5,23,1],
			"rotation":{"angle":-22.5,"axis":"x","origin":[0,16,1]},
			"faces":{
				"north":{"uv":[2.5,12.5,3.5,13],"texture":"#0"},
				"east":{"uv":[2.5,12.5,3,13],"texture":"#0"},
				"south":{"uv":[3.5,12.5,2.5,13],"texture":"#0"},
				"west":{"uv":[3,12.5,3.5,13],"texture":"#0"}
			}
		},
		{
			"from":[9.5,22,0],
			"to":[11.5,23,1],
			"rotation":{"angle":-22.5,"axis":"x","origin":[0,16,1]},
			"faces":{
				"north":{"uv":[0,12.5,1,13],"texture":"#0"},
				"east":{"uv":[0,12.5,0.5,13],"texture":"#0"},
				"south":{"uv":[1,12.5,0,13],"texture":"#0"},
				"west":{"uv":[0.5,12.5,1,13],"texture":"#0"}
			}
		},
		{
			"from":[4.5,16,0],
			"to":[11.5,22,1],
			"rotation":{"angle":-22.5,"axis":"x","origin":[0,16,1]},
			"faces":{
				"north":{"uv":[0,13,3.5,16],"texture":"#0"},
				"east":{"uv":[0,13,0.5,16],"texture":"#0"},
				"south":{"uv":[0,13,3.5,16],"texture":"#0"},
				"west":{"uv":[3,13,3.5,16],"texture":"#0"},
				"up":{"uv":[0,13,3.5,13.5],"texture":"#0"},
				"down":{"uv":[0,15.5,3.5,16],"texture":"#0"}
			}
		},
		{
			"from":[8,15.5,2],
			"to":[12,22.5,2],
			"rotation":{"angle":-22.5,"axis":"x","origin":[0,15.5,1]},
			"faces":{
				"north":{"uv":[9,4,16,8],"rotation":270,"texture":"#1"},
				"south":{"uv":[9,4,16,8],"rotation":90,"texture":"#1"}
			}
		},
		{
			"from":[4,16.5,2],
			"to":[8,23.5,2],
			"rotation":{"angle":-22.5,"axis":"x","origin":[0,15.5,1]},
			"faces":{
				"north":{"uv":[9,4,16,8],"rotation":270,"texture":"#1"},
				"south":{"uv":[9,4,16,8],"rotation":90,"texture":"#1"}
			}
		},
		{
			"from":[6.1,22.1,2.4],
			"to":[8.1,24.1,2.4],
			"rotation":{"angle":-22.5,"axis":"x","origin":[8,15.5,1]},
			"faces":{
				"north":{"uv":[9,8,11,10],"rotation":270,"texture":"#1"},
				"south":{"uv":[9,8,11,10],"rotation":90,"texture":"#1"}
			}
		},
		{
			"from":[5.6,19.8,2.5],
			"to":[9.6,26.8,2.5],
			"rotation":{"angle":-22.5,"axis":"x","origin":[0,15.5,1]},
			"faces":{
				"north":{"uv":[9,4,16,8],"rotation":270,"texture":"#1"},
				"south":{"uv":[9,4,16,8],"rotation":90,"texture":"#1"}
			}
		},
		{
			"from":[8,17.5,5],
			"to":[12,24.5,5],
			"rotation":{"angle":-45,"axis":"x","origin":[0,15.5,1]},
			"faces":{
				"north":{"uv":[9,4,16,8],"rotation":270,"texture":"#1"},
				"south":{"uv":[9,4,16,8],"rotation":90,"texture":"#1"}
			}
		},
		{
			"from":[-0.6,30,6.5],
			"to":[2.4,32,9.5],
			"faces":{
				"north":{"uv":[0,4,3,6],"texture":"#1"},
				"east":{"uv":[0,4,3,6],"texture":"#1"},
				"south":{"uv":[0,4,3,6],"texture":"#1"},
				"west":{"uv":[0,4,3,6],"texture":"#1"},
				"up":{"uv":[6,4,9,7],"texture":"#1"},
				"down":{"uv":[3,4,6,7],"texture":"#1"}
			}
		},
		{
			"from":[-0.6,28,8],
			"to":[2.4,30,8],
			"rotation":{"angle":45,"axis":"y","origin":[1,0,8]},
			"faces":{
				"north":{"uv":[4.5,6.5,6,7.5],"texture":"#0"},
				"south":{"uv":[4.5,6.5,6,7.5],"texture":"#0"}
			}
		},
		{
			"from":[-0.6,28,8],
			"to":[2.4,30,8],
			"rotation":{"angle":-45,"axis":"y","origin":[1,0,8]},
			"faces":{
				"north":{"uv":[4.5,6.5,6,7.5],"texture":"#0"},
				"south":{"uv":[4.5,6.5,6,7.5],"texture":"#0"}
			}
		},
		{
			"from":[-1.4,20.5,6.5],
			"to":[-0.8,23.5,9.5],
			"rotation":{"angle":22.5,"axis":"x","origin":[0,22,8]},
			"faces":{
				"north":{"uv":[2,11,3.5,11.5],"rotation":90,"texture":"#0"},
				"east":{"uv":[0,10,1.5,11.5],"texture":"#0"},
				"south":{"uv":[2,11,3.5,11.5],"rotation":90,"texture":"#0"},
				"west":{"uv":[0,10,1.5,11.5],"texture":"#0"},
				"up":{"uv":[2,11,3.5,11.5],"rotation":90,"texture":"#0"},
				"down":{"uv":[2,11,3.5,11.5],"rotation":90,"texture":"#0"}
			}
		},
		{
			"from":[1,28,-1.6],
			"to":[1,32,8.4],
			"rotation":{"angle":22.5,"axis":"y","origin":[1,0,8]},
			"faces":{
				"east":{"uv":[10,0,0,4],"texture":"#1"},
				"west":{"uv":[0,0,10,4],"texture":"#1"}
			}
		},
		{
			"from":[-0.6,29.9,6.5],
			"to":[2.4,31.9,9.5],
			"faces":{
				"north":{"uv":[0,7,3,9],"texture":"#1"},
				"east":{"uv":[0,7,3,9],"texture":"#1"},
				"south":{"uv":[0,7,3,9],"texture":"#1"},
				"west":{"uv":[0,7,3,9],"texture":"#1"},
				"up":{"uv":[6,7,9,10],"texture":"#1"},
				"down":{"uv":[3,7,6,10],"texture":"#1"}
			}
		},
		{
			"from":[-0.6,29.8,6.5],
			"to":[2.4,31.8,9.5],
			"faces":{
				"north":{"uv":[0,10,3,12],"texture":"#1"},
				"east":{"uv":[0,10,3,12],"texture":"#1"},
				"south":{"uv":[0,10,3,12],"texture":"#1"},
				"west":{"uv":[0,10,3,12],"texture":"#1"},
				"up":{"uv":[6,10,9,13],"texture":"#1"},
				"down":{"uv":[3,10,6,13],"texture":"#1"}
			}
		},
		{
			"from":[-0.6,29.9,6.5],
			"to":[2.4,31.9,9.5],
			"faces":{
				"north":{"uv":[0,13,3,15],"texture":"#1"},
				"east":{"uv":[0,13,3,15],"texture":"#1"},
				"south":{"uv":[0,13,3,15],"texture":"#1"},
				"west":{"uv":[0,13,3,15],"texture":"#1"},
				"up":{"uv":[6,13,9,16],"texture":"#1"},
				"down":{"uv":[3,13,6,16],"texture":"#1"}
			}
		},
		{
			"from":[6,0,6],
			"to":[10,2,10],
			"faces":{
				"north":{"uv":[3,7.5,5,8.5],"texture":"#0"},
				"east":{"uv":[3,7.5,5,8.5],"texture":"#0"},
				"south":{"uv":[3,7.5,5,8.5],"texture":"#0"},
				"west":{"uv":[3,7.5,5,8.5],"texture":"#0"},
				"up":{"uv":[3,8.5,5,10.5],"texture":"#0"}
			}
		},
		{
			"from":[11,17,1],
			"to":[13,25,15],
			"faces":{
				"north":{"uv":[6,11,5,15],"texture":"#0"},
				"east":{"uv":[5.5,11,12.5,15],"texture":"#0"},
				"south":{"uv":[13,11,12,15],"texture":"#0"},
				"west":{"uv":[5.5,11,12.5,15],"texture":"#0"}
			}
		},
		{
			"from":[5,25,1],
			"to":[11,27.01,15],
			"faces":{
				"north":{"uv":[0,6,1.005,9],"rotation":90,"texture":"#0"},
				"south":{"uv":[0,6,1.005,9],"rotation":90,"texture":"#0"},
				"up":{"uv":[8,0,11,7],"texture":"#0"},
				"down":{"uv":[8,0,11,7],"texture":"#0"}
			}
		},
		{
			"from":[2.99,22.99,0.99],
			"to":[5.83,25.01,15.01],
			"rotation":{"angle":45,"axis":"z","origin":[3,25,0]},
			"faces":{
				"north":{"uv":[0,9,1.5,10],"texture":"#0"},
				"south":{"uv":[1.5,9,0,10],"texture":"#0"},
				"up":{"uv":[3,4,1.5,11],"texture":"#0"},
				"down":{"uv":[1.5,4,3,11],"texture":"#0"}
			}
		},
		{
			"from":[10.99,24.99,0.99],
			"to":[13.01,27.83,15.01],
			"rotation":{"angle":45,"axis":"z","origin":[13,25,0]},
			"faces":{
				"north":{"uv":[0,10,1.5,9],"rotation":90,"texture":"#0"},
				"east":{"uv":[1.5,4,3,11],"rotation":90,"texture":"#0"},
				"south":{"uv":[1.5,10,0,9],"rotation":270,"texture":"#0"},
				"west":{"uv":[1.5,4,3,11],"rotation":90,"texture":"#0"}
			}
		},
		{
			"from":[0,12,7],
			"to":[6,14,9],
			"faces":{
				"north":{"uv":[1,2,4,3],"texture":"#0"},
				"east":{"uv":[1,2,2,3],"texture":"#0"},
				"south":{"uv":[1,2,4,3],"texture":"#0"},
				"west":{"uv":[0,5,1,6],"texture":"#0"},
				"up":{"uv":[1,2,4,3],"texture":"#0"},
				"down":{"uv":[1,2,4,3],"texture":"#0"}
			}
		},
		{
			"from":[0,14,7],
			"to":[2,25,9],
			"faces":{
				"north":{"uv":[0,0,1,5.5],"texture":"#0"},
				"east":{"uv":[0,0,1,5.5],"texture":"#0"},
				"south":{"uv":[0,0,1,5.5],"texture":"#0"},
				"west":{"uv":[0,0,1,5.5],"texture":"#0"},
				"down":{"uv":[0,0,1,1],"texture":"#0"}
			}
		},
		{
			"from":[0,21,9],
			"to":[2,23,18],
			"faces":{
				"east":{"uv":[1,0,5.5,1],"texture":"#0"},
				"south":{"uv":[1,0,2,1],"texture":"#0"},
				"west":{"uv":[1,0,5.5,1],"texture":"#0"},
				"up":{"uv":[1,0,5.5,1],"rotation":90,"texture":"#0"},
				"down":{"uv":[1,0,5.5,1],"rotation":90,"texture":"#0"}
			}
		},
		{
			"from":[2,21,16],
			"to":[9,23,18],
			"faces":{
				"north":{"uv":[1,1,4.5,2],"texture":"#0"},
				"east":{"uv":[1,1,2,2],"texture":"#0"},
				"south":{"uv":[1,1,4.5,2],"texture":"#0"},
				"up":{"uv":[1,1,4.5,2],"texture":"#0"},
				"down":{"uv":[1,1,4.5,2],"texture":"#0"}
			}
		},
		{
			"from":[7,21,15],
			"to":[9,23,16],
			"faces":{
				"east":{"uv":[1,3,1.5,4],"texture":"#0"},
				"west":{"uv":[1,3,1.5,4],"texture":"#0"},
				"up":{"uv":[1,3,2,3.5],"texture":"#0"},
				"down":{"uv":[1,3,2,3.5],"texture":"#0"}
			}
		},
		{
			"from":[6,11,6],
			"to":[10,15,10],
			"faces":{
				"north":{"uv":[3,8.5,5,10.5],"texture":"#0"},
				"east":{"uv":[3,8.5,5,10.5],"texture":"#0"},
				"south":{"uv":[3,8.5,5,10.5],"texture":"#0"},
				"west":{"uv":[3,8.5,5,10.5],"texture":"#0"},
				"down":{"uv":[3,8.5,5,10.5],"texture":"#0"}
			}
		},
		{
			"from":[6.49,1.99,6.49],
			"to":[9.51,11.01,9.51],
			"faces":{
				"north":{"uv":[3.5,10.5,5,15],"texture":"#0"},
				"east":{"uv":[3.5,10.5,5,15],"texture":"#0"},
				"south":{"uv":[3.5,10.5,5,15],"texture":"#0"},
				"west":{"uv":[3.5,10.5,5,15],"texture":"#0"}
			}
		},
		{
			"from":[-0.6,25,6.5],
			"to":[2.4,28,9.5],
			"faces":{
				"north":{"uv":[3,6,4.5,7.5],"texture":"#0"},
				"east":{"uv":[3,6,4.5,7.5],"texture":"#0"},
				"south":{"uv":[3,6,4.5,7.5],"texture":"#0"},
				"west":{"uv":[3,6,4.5,7.5],"texture":"#0"},
				"up":{"uv":[3,3.5,4.5,5],"texture":"#0"},
				"down":{"uv":[4.5,5,6,6.5],"texture":"#0"}
			}
		},
		{
			"from":[-1,21.5,7.5],
			"to":[0,22.5,8.5],
			"faces":{
				"north":{"uv":[1.5,11,2,11.5],"texture":"#0"},
				"south":{"uv":[1.5,11,2,11.5],"texture":"#0"},
				"west":{"uv":[0,0,0.5,0.5],"texture":"#0"},
				"up":{"uv":[1.5,11,2,11.5],"texture":"#0"},
				"down":{"uv":[1.5,11,2,11.5],"texture":"#0"}
			}
		},
		{
			"from":[3,15,1],
			"to":[13,17,15],
			"faces":{
				"north":{"uv":[11,15,16,16],"texture":"#0"},
				"east":{"uv":[4.5,15,11.5,16],"texture":"#0"},
				"south":{"uv":[11,15,16,16],"texture":"#0"},
				"west":{"uv":[4.5,15,11.5,16],"texture":"#0"},
				"up":{"uv":[11,0,16,7],"texture":"#0"},
				"down":{"uv":[11,0,16,7],"texture":"#0"}
			}
		},
		{
			"from":[3,17,1],
			"to":[5,25,15],
			"faces":{
				"north":{"uv":[5,11,6,15],"texture":"#0"},
				"east":{"uv":[5.5,11,12.5,15],"texture":"#0"},
				"south":{"uv":[12,11,13,15],"texture":"#0"},
				"west":{"uv":[5.5,11,12.5,15],"texture":"#0"}
			}
		},
		{
			"from":[5,17,14],
			"to":[11,25,15],
			"faces":{
				"north":{"uv":[13,11,16,15],"texture":"#0"},
				"south":{"uv":[13,11,16,15],"texture":"#0"}
			}
		},
		{
			"from":[8.7,26,0],
			"to":[10.7,29,1],
			"rotation":{"angle":-22.5,"axis":"z","origin":[8,27,0]},
			"faces":{
				"north":{"uv":[8,3,7,4.5],"texture":"#0"},
				"east":{"uv":[7.5,3,8,4.5],"texture":"#0"},
				"south":{"uv":[7,3,8,4.5],"texture":"#0"},
				"west":{"uv":[7,3,7.5,4.5],"texture":"#0"},
				"up":{"uv":[7,3,8,3.5],"texture":"#0"},
				"down":{"uv":[7,3,8,3.5],"texture":"#0"}
			}
		},
		{
			"from":[6.5,25,-0.9],
			"to":[9.5,29,1.1],
			"faces":{
				"north":{"uv":[5,1,6.5,3],"texture":"#0"},
				"east":{"uv":[6,1,7,3],"texture":"#0"},
				"south":{"uv":[6.5,1,8,3],"texture":"#0"},
				"west":{"uv":[6,1,7,3],"texture":"#0"},
				"up":{"uv":[6.5,0,8,1],"texture":"#0"},
				"down":{"uv":[5,2,6.5,3],"rotation":180,"texture":"#0"}
			}
		},
		{
			"from":[5.3,26,0],
			"to":[7.3,29,1],
			"rotation":{"angle":22.5,"axis":"z","origin":[8,27,0]},
			"faces":{
				"north":{"uv":[7,3,8,4.5],"texture":"#0"},
				"east":{"uv":[7,3,7.5,4.5],"texture":"#0"},
				"south":{"uv":[8,3,7,4.5],"texture":"#0"},
				"west":{"uv":[7.5,3,8,4.5],"texture":"#0"},
				"up":{"uv":[8,3.5,7,3],"texture":"#0"},
				"down":{"uv":[7,3,8,3.5],"texture":"#0"}
			}
		},
		{
			"from":[8,29,-0.3],
			"to":[10,32,-0.3],
			"rotation":{"angle":-22.5,"axis":"y","origin":[8,0,-0.3]},
			"faces":{
				"north":{"uv":[6,3,7,4.5],"texture":"#0"},
				"south":{"uv":[7,3,6,4.5],"texture":"#0"}
			}
		},
		{
			"from":[6,29,-0.3],
			"to":[8,32,-0.3],
			"rotation":{"angle":22.5,"axis":"y","origin":[8,0,-0.3]},
			"faces":{
				"north":{"uv":[7,3,6,4.5],"texture":"#0"},
				"south":{"uv":[6,3,7,4.5],"texture":"#0"}
			}
		},
		{
			"from":[7.1,7,0],
			"to":[7.1,15,7],
			"rotation":{"angle":22.5,"axis":"y","origin":[8,0,8]},
			"faces":{
				"east":{"uv":[16,7,12.5,11],"texture":"#0"},
				"west":{"uv":[12.5,7,16,11],"texture":"#0"}
			}
		},
		{
			"from":[9,7,0],
			"to":[9,15,7],
			"rotation":{"angle":-22.5,"axis":"y","origin":[8,0,8]},
			"faces":{
				"east":{"uv":[16,7,12.5,11],"texture":"#0"},
				"west":{"uv":[12.5,7,16,11],"texture":"#0"}
			}
		},
		{
			"from":[9,7,9],
			"to":[9,15,16],
			"rotation":{"angle":22.5,"axis":"y","origin":[8,0,8]},
			"faces":{
				"east":{"uv":[12.5,7,16,11],"texture":"#0"},
				"west":{"uv":[16,7,12.5,11],"texture":"#0"}
			}
		},
		{
			"from":[7,7,9],
			"to":[7,15,16],
			"rotation":{"angle":-22.5,"axis":"y","origin":[8,0,8]},
			"faces":{
				"east":{"uv":[12.5,7,16,11],"texture":"#0"},
				"west":{"uv":[16,7,12.5,11],"texture":"#0"}
			}
		},
		{
			"from":[0,15,1],
			"to":[3,26,1],
			"rotation":{"angle":-45,"axis":"y","origin":[3,0,1]},
			"faces":{
				"north":{"uv":[7,7,12.5,8.5],"rotation":90,"texture":"#0"},
				"south":{"uv":[7,8.5,12.5,7],"rotation":90,"texture":"#0"}
			}
		},
		{
			"from":[13,15,-2],
			"to":[13,26,1],
			"rotation":{"angle":-45,"axis":"y","origin":[13,0,1]},
			"faces":{
				"east":{"uv":[7,7,12.5,8.5],"rotation":90,"texture":"#0"},
				"west":{"uv":[7,8.5,12.5,7],"rotation":90,"texture":"#0"}
			}
		},
		{
			"from":[13,15,15],
			"to":[16,26,15],
			"rotation":{"angle":-45,"axis":"y","origin":[13,0,15]},
			"faces":{
				"north":{"uv":[7,8.5,12.5,7],"rotation":90,"texture":"#0"},
				"south":{"uv":[7,7,12.5,8.5],"rotation":90,"texture":"#0"}
			}
		},
		{
			"from":[3,15,15],
			"to":[3,26,18],
			"rotation":{"angle":-45,"axis":"y","origin":[3,0,15]},
			"faces":{
				"east":{"uv":[7,8.5,12.5,7],"rotation":90,"texture":"#0"},
				"west":{"uv":[7,7,12.5,8.5],"rotation":90,"texture":"#0"}
			}
		},
		{
			"from":[7.5,27,1],
			"to":[8.5,28,15],
			"faces":{
				"north":{"uv":[5.5,10.5,6,11],"texture":"#0"},
				"east":{"uv":[12.5,10.5,5.5,11],"texture":"#0"},
				"south":{"uv":[12,10.5,12.5,11],"texture":"#0"},
				"west":{"uv":[5.5,10.5,12.5,11],"texture":"#0"},
				"up":{"uv":[5.5,10.5,12.5,11],"rotation":90,"texture":"#0"}
			}
		},
		{
			"from":[8,28,0],
			"to":[8,32,15],
			"faces":{
				"east":{"uv":[12.5,8.5,5,10.5],"texture":"#0"},
				"west":{"uv":[5,8.5,12.5,10.5],"texture":"#0"}
			}
		}
	]
}