{"textures":{"0":"modelengine:entity/chromafire_explosion_gold"},"elements":[{"from":[-4.0,6.5,3.0],"to":[-4.0,9.5,13.0],"faces":{"east":{"uv":[8.75,2.25,11.25,3.0],"tintindex":0,"rotation":0,"texture":"#0"},"west":{"uv":[11.25,2.25,8.75,3.0],"tintindex":0,"rotation":0,"texture":"#0"}},"rotation":{"origin":[8.0,10.0,8.0],"angle":45.0,"axis":"y"}},{"from":[20.0,6.5,3.0],"to":[20.0,9.5,13.0],"faces":{"east":{"uv":[10.0,8.75,7.5,9.5],"tintindex":0,"rotation":0,"texture":"#0"},"west":{"uv":[7.5,8.75,10.0,9.5],"tintindex":0,"rotation":0,"texture":"#0"}},"rotation":{"origin":[8.0,10.0,8.0],"angle":-45.0,"axis":"y"}},{"from":[3.0,6.5,-4.0],"to":[13.0,9.5,-4.0],"faces":{"south":{"uv":[9.5,7.5,12.0,8.25],"tintindex":0,"rotation":0,"texture":"#0"},"north":{"uv":[12.0,7.5,9.5,8.25],"tintindex":0,"rotation":0,"texture":"#0"}}},{"from":[2.5,6.0,-3.9750004],"to":[13.5,10.0,-4.0249996],"faces":{"east":{"uv":[15.75,15.75,16.0,16.0],"tintindex":0,"rotation":90,"texture":"#0"},"south":{"uv":[7.75,12.5,8.75,9.75],"tintindex":0,"rotation":90,"texture":"#0"},"north":{"uv":[7.75,9.75,8.75,12.5],"tintindex":0,"rotation":90,"texture":"#0"},"west":{"uv":[15.75,15.75,16.0,16.0],"tintindex":0,"rotation":90,"texture":"#0"},"up":{"uv":[15.75,15.75,16.0,16.0],"tintindex":0,"rotation":90,"texture":"#0"},"down":{"uv":[15.75,15.75,16.0,16.0],"tintindex":0,"rotation":270,"texture":"#0"}},"rotation":{"origin":[8.0,10.0,8.0],"angle":45.0,"axis":"y"}},{"from":[2.5,6.0,-3.9750004],"to":[13.5,10.0,-4.0249996],"faces":{"east":{"uv":[15.75,15.75,16.0,16.0],"tintindex":0,"rotation":90,"texture":"#0"},"south":{"uv":[8.75,12.5,9.75,9.75],"tintindex":0,"rotation":90,"texture":"#0"},"north":{"uv":[8.75,9.75,9.75,12.5],"tintindex":0,"rotation":90,"texture":"#0"},"west":{"uv":[15.75,15.75,16.0,16.0],"tintindex":0,"rotation":90,"texture":"#0"},"up":{"uv":[15.75,15.75,16.0,16.0],"tintindex":0,"rotation":90,"texture":"#0"},"down":{"uv":[15.75,15.75,16.0,16.0],"tintindex":0,"rotation":270,"texture":"#0"}}},{"from":[2.5,6.0,20.025],"to":[13.5,10.0,19.975],"faces":{"east":{"uv":[15.75,15.75,16.0,16.0],"tintindex":0,"rotation":90,"texture":"#0"},"south":{"uv":[11.5,0.0,12.5,2.75],"tintindex":0,"rotation":90,"texture":"#0"},"north":{"uv":[11.5,2.75,12.5,0.0],"tintindex":0,"rotation":90,"texture":"#0"},"west":{"uv":[15.75,15.75,16.0,16.0],"tintindex":0,"rotation":90,"texture":"#0"},"up":{"uv":[15.75,15.75,16.0,16.0],"tintindex":0,"rotation":270,"texture":"#0"},"down":{"uv":[15.75,15.75,16.0,16.0],"tintindex":0,"rotation":90,"texture":"#0"}}},{"from":[-4.0,6.5,3.0],"to":[-4.0,9.5,13.0],"faces":{"east":{"uv":[7.0,8.0,9.5,8.75],"tintindex":0,"rotation":0,"texture":"#0"},"west":{"uv":[9.5,8.0,7.0,8.75],"tintindex":0,"rotation":0,"texture":"#0"}},"rotation":{"origin":[8.0,10.0,8.0],"angle":-45.0,"axis":"y"}},{"from":[-4.0,6.5,3.0],"to":[-4.0,9.5,13.0],"faces":{"east":{"uv":[9.0,6.75,11.5,7.5],"tintindex":0,"rotation":0,"texture":"#0"},"west":{"uv":[11.5,6.75,9.0,7.5],"tintindex":0,"rotation":0,"texture":"#0"}}},{"from":[20.025,6.0,2.5],"to":[19.975,10.0,13.5],"faces":{"east":{"uv":[11.5,9.0,12.5,11.75],"tintindex":0,"rotation":90,"texture":"#0"},"south":{"uv":[15.75,15.75,16.0,16.0],"tintindex":0,"rotation":90,"texture":"#0"},"north":{"uv":[15.75,15.75,16.0,16.0],"tintindex":0,"rotation":90,"texture":"#0"},"west":{"uv":[11.5,11.75,12.5,9.0],"tintindex":0,"rotation":90,"texture":"#0"},"up":{"uv":[15.75,15.75,16.0,16.0],"tintindex":0,"rotation":180,"texture":"#0"},"down":{"uv":[15.75,15.75,16.0,16.0],"tintindex":0,"rotation":180,"texture":"#0"}}},{"from":[20.0,6.5,3.0],"to":[20.0,9.5,13.0],"faces":{"east":{"uv":[11.25,1.5,8.75,2.25],"tintindex":0,"rotation":0,"texture":"#0"},"west":{"uv":[8.75,1.5,11.25,2.25],"tintindex":0,"rotation":0,"texture":"#0"}},"rotation":{"origin":[8.0,10.0,8.0],"angle":45.0,"axis":"y"}},{"from":[3.0,6.5,20.0],"to":[13.0,9.5,20.0],"faces":{"south":{"uv":[11.5,5.25,9.0,6.0],"tintindex":0,"rotation":0,"texture":"#0"},"north":{"uv":[9.0,5.25,11.5,6.0],"tintindex":0,"rotation":0,"texture":"#0"}}},{"from":[20.025,6.0,2.5],"to":[19.975,10.0,13.5],"faces":{"east":{"uv":[10.5,9.0,11.5,11.75],"tintindex":0,"rotation":90,"texture":"#0"},"south":{"uv":[15.75,15.75,16.0,16.0],"tintindex":0,"rotation":90,"texture":"#0"},"north":{"uv":[15.75,15.75,16.0,16.0],"tintindex":0,"rotation":90,"texture":"#0"},"west":{"uv":[10.5,11.75,11.5,9.0],"tintindex":0,"rotation":90,"texture":"#0"},"up":{"uv":[15.75,15.75,16.0,16.0],"tintindex":0,"rotation":180,"texture":"#0"},"down":{"uv":[15.75,15.75,16.0,16.0],"tintindex":0,"rotation":180,"texture":"#0"}},"rotation":{"origin":[8.0,10.0,8.0],"angle":45.0,"axis":"y"}},{"from":[-3.9750004,6.0,2.5],"to":[-4.0249996,10.0,13.5],"faces":{"east":{"uv":[11.5,3.0,8.75,4.0],"tintindex":0,"rotation":0,"texture":"#0"},"south":{"uv":[15.75,15.75,16.0,16.0],"tintindex":0,"rotation":0,"texture":"#0"},"north":{"uv":[15.75,15.75,16.0,16.0],"tintindex":0,"rotation":0,"texture":"#0"},"west":{"uv":[8.75,3.0,11.5,4.0],"tintindex":0,"rotation":0,"texture":"#0"},"up":{"uv":[15.75,15.75,16.0,16.0],"tintindex":0,"rotation":0,"texture":"#0"},"down":{"uv":[15.75,15.75,16.0,16.0],"tintindex":0,"rotation":0,"texture":"#0"}},"rotation":{"origin":[8.0,10.0,8.0],"angle":45.0,"axis":"y"}},{"from":[-3.9750004,6.0,2.5],"to":[-4.0249996,10.0,13.5],"faces":{"east":{"uv":[11.5,0.0,8.75,1.0],"tintindex":0,"rotation":0,"texture":"#0"},"south":{"uv":[15.75,15.75,16.0,16.0],"tintindex":0,"rotation":0,"texture":"#0"},"north":{"uv":[15.75,15.75,16.0,16.0],"tintindex":0,"rotation":0,"texture":"#0"},"west":{"uv":[8.75,0.0,11.5,1.0],"tintindex":0,"rotation":0,"texture":"#0"},"up":{"uv":[15.75,15.75,16.0,16.0],"tintindex":0,"rotation":0,"texture":"#0"},"down":{"uv":[15.75,15.75,16.0,16.0],"tintindex":0,"rotation":0,"texture":"#0"}}},{"from":[20.0,6.5,3.0],"to":[20.0,9.5,13.0],"faces":{"east":{"uv":[11.5,4.5,9.0,5.25],"tintindex":0,"rotation":0,"texture":"#0"},"west":{"uv":[9.0,4.5,11.5,5.25],"tintindex":0,"rotation":0,"texture":"#0"}}},{"from":[2.5,6.0,20.025],"to":[13.5,10.0,19.975],"faces":{"east":{"uv":[15.75,15.75,16.0,16.0],"tintindex":0,"rotation":90,"texture":"#0"},"south":{"uv":[11.5,3.0,12.5,5.75],"tintindex":0,"rotation":90,"texture":"#0"},"north":{"uv":[11.5,5.75,12.5,3.0],"tintindex":0,"rotation":90,"texture":"#0"},"west":{"uv":[15.75,15.75,16.0,16.0],"tintindex":0,"rotation":90,"texture":"#0"},"up":{"uv":[15.75,15.75,16.0,16.0],"tintindex":0,"rotation":270,"texture":"#0"},"down":{"uv":[15.75,15.75,16.0,16.0],"tintindex":0,"rotation":90,"texture":"#0"}},"rotation":{"origin":[8.0,10.0,8.0],"angle":45.0,"axis":"y"}}],"display":{"gui":{"rotation":[30,225,0]}}}