{"textures":{"0":"modelengine:entity/chromafire_explosion_gold"},"elements":[{"from":[8.0,7.0,8.0],"to":[8.0,9.0,20.0],"faces":{"east":{"uv":[9.5,8.25,12.5,8.75],"tintindex":0,"rotation":0,"texture":"#0"},"west":{"uv":[12.5,8.25,9.5,8.75],"tintindex":0,"rotation":0,"texture":"#0"}}},{"from":[8.025,6.5,7.5],"to":[7.975,9.5,20.5],"faces":{"east":{"uv":[0.0,12.5,3.25,13.25],"tintindex":0,"rotation":0,"texture":"#0"},"west":{"uv":[3.25,12.5,0.0,13.25],"tintindex":0,"rotation":0,"texture":"#0"}}}],"display":{"gui":{"rotation":[30,225,0]}}}