{"textures":{"0":"modelengine:entity/chromafire_explosion_gold"},"elements":[{"from":[8.0125,-4.25,6.5],"to":[7.9875,8.25,9.5],"faces":{"east":{"uv":[14.5,2.0,16.0,8.25],"tintindex":0,"rotation":0,"texture":"#0"},"west":{"uv":[16.0,2.0,14.5,8.25],"tintindex":0,"rotation":0,"texture":"#0"}}},{"from":[8.0,-4.0,6.75],"to":[8.0,8.0,9.25],"faces":{"east":{"uv":[0.0,4.5,1.25,10.5],"tintindex":0,"rotation":0,"texture":"#0"},"west":{"uv":[1.25,4.5,0.0,10.5],"tintindex":0,"rotation":0,"texture":"#0"}}}],"display":{"gui":{"rotation":[30,225,0]}}}