{"textures":{"0":"modelengine:entity/chromafire_explosion_gold"},"elements":[{"from":[7.25,8.2,0.0],"to":[8.75,8.2,8.0],"faces":{"up":{"uv":[8.75,4.0,8.0,0.0],"tintindex":0,"rotation":0,"texture":"#0"},"down":{"uv":[8.75,0.0,8.0,4.0],"tintindex":0,"rotation":0,"texture":"#0"}},"rotation":{"origin":[8.0,8.0,8.0],"angle":-45.0,"axis":"y"}},{"from":[-4.25,8.3125,6.5],"to":[20.25,8.2875,9.5],"faces":{"east":{"uv":[15.75,15.75,16.0,16.0],"tintindex":0,"rotation":0,"texture":"#0"},"south":{"uv":[15.75,15.75,16.0,16.0],"tintindex":0,"rotation":0,"texture":"#0"},"north":{"uv":[15.75,15.75,16.0,16.0],"tintindex":0,"rotation":0,"texture":"#0"},"west":{"uv":[15.75,15.75,16.0,16.0],"tintindex":0,"rotation":0,"texture":"#0"},"up":{"uv":[12.75,0.0,14.25,12.25],"tintindex":0,"rotation":90,"texture":"#0"},"down":{"uv":[12.75,0.0,14.25,12.25],"tintindex":0,"rotation":270,"texture":"#0"}}},{"from":[6.75,8.25,-4.0],"to":[9.25,8.25,8.0],"faces":{"up":{"uv":[5.0,10.5,3.75,4.5],"tintindex":0,"rotation":0,"texture":"#0"},"down":{"uv":[5.0,4.5,3.75,10.5],"tintindex":0,"rotation":0,"texture":"#0"}}},{"from":[-4.005,8.295,6.745],"to":[8.005,8.305,9.255],"faces":{"east":{"uv":[15.75,15.75,16.0,16.0],"tintindex":0,"rotation":0,"texture":"#0"},"south":{"uv":[15.75,15.75,16.0,16.0],"tintindex":0,"rotation":0,"texture":"#0"},"north":{"uv":[15.75,15.75,16.0,16.0],"tintindex":0,"rotation":0,"texture":"#0"},"west":{"uv":[15.75,15.75,16.0,16.0],"tintindex":0,"rotation":0,"texture":"#0"},"up":{"uv":[5.0,10.5,3.75,4.5],"tintindex":0,"rotation":270,"texture":"#0"},"down":{"uv":[5.0,4.5,3.75,10.5],"tintindex":0,"rotation":90,"texture":"#0"}}},{"from":[6.5,8.2625,-4.25],"to":[9.5,8.2375,20.25],"faces":{"east":{"uv":[15.75,15.75,16.0,16.0],"tintindex":0,"rotation":0,"texture":"#0"},"south":{"uv":[15.75,15.75,16.0,16.0],"tintindex":0,"rotation":0,"texture":"#0"},"north":{"uv":[15.75,15.75,16.0,16.0],"tintindex":0,"rotation":0,"texture":"#0"},"west":{"uv":[15.75,15.75,16.0,16.0],"tintindex":0,"rotation":0,"texture":"#0"},"up":{"uv":[12.75,0.0,14.25,12.25],"tintindex":0,"rotation":0,"texture":"#0"},"down":{"uv":[12.75,0.0,14.25,12.25],"tintindex":0,"rotation":0,"texture":"#0"}}},{"from":[8.0,8.2,7.25],"to":[16.0,8.2,8.75],"faces":{"up":{"uv":[8.75,4.0,8.0,0.0],"tintindex":0,"rotation":90,"texture":"#0"},"down":{"uv":[8.75,0.0,8.0,4.0],"tintindex":0,"rotation":270,"texture":"#0"}},"rotation":{"origin":[8.0,8.0,8.0],"angle":-45.0,"axis":"y"}},{"from":[7.0,8.2125,-0.25],"to":[9.0,8.1875,16.25],"faces":{"up":{"uv":[2.0,3.0,3.0,11.25],"tintindex":0,"rotation":180,"texture":"#0"},"down":{"uv":[2.0,3.0,3.0,11.25],"tintindex":0,"rotation":180,"texture":"#0"}},"rotation":{"origin":[8.0,8.0,8.0],"angle":-45.0,"axis":"y"}},{"from":[0.0,8.2,7.25],"to":[8.0,8.2,8.75],"faces":{"up":{"uv":[8.75,4.0,8.0,0.0],"tintindex":0,"rotation":270,"texture":"#0"},"down":{"uv":[8.75,0.0,8.0,4.0],"tintindex":0,"rotation":90,"texture":"#0"}},"rotation":{"origin":[8.0,8.0,8.0],"angle":-45.0,"axis":"y"}},{"from":[7.25,8.2,8.0],"to":[8.75,8.2,16.0],"faces":{"up":{"uv":[8.75,4.0,8.0,0.0],"tintindex":0,"rotation":180,"texture":"#0"},"down":{"uv":[8.75,0.0,8.0,4.0],"tintindex":0,"rotation":180,"texture":"#0"}},"rotation":{"origin":[8.0,8.0,8.0],"angle":-45.0,"axis":"y"}},{"from":[-0.25,8.2125,7.0],"to":[16.25,8.1875,9.0],"faces":{"up":{"uv":[2.0,3.0,3.0,11.25],"tintindex":0,"rotation":90,"texture":"#0"},"down":{"uv":[2.0,3.0,3.0,11.25],"tintindex":0,"rotation":270,"texture":"#0"}},"rotation":{"origin":[8.0,8.0,8.0],"angle":-45.0,"axis":"y"}},{"from":[8.0,8.3,6.75],"to":[20.0,8.3,9.25],"faces":{"up":{"uv":[5.0,10.5,3.75,4.5],"tintindex":0,"rotation":90,"texture":"#0"},"down":{"uv":[5.0,4.5,3.75,10.5],"tintindex":0,"rotation":270,"texture":"#0"}}},{"from":[6.75,8.25,8.0],"to":[9.25,8.25,20.0],"faces":{"up":{"uv":[5.0,10.5,3.75,4.5],"tintindex":0,"rotation":180,"texture":"#0"},"down":{"uv":[5.0,4.5,3.75,10.5],"tintindex":0,"rotation":180,"texture":"#0"}}}],"display":{"gui":{"rotation":[30,225,0]}}}