{"textures":{"0":"modelengine:entity/chromafire_explosion_gold"},"elements":[{"from":[8.025,0.0,6.5],"to":[7.975,10.0,28.5],"faces":{"east":{"uv":[5.5,13.5,0.0,16.0],"tintindex":0,"rotation":0,"texture":"#0"},"south":{"uv":[15.75,15.75,16.0,16.0],"tintindex":0,"rotation":0,"texture":"#0"},"north":{"uv":[15.75,15.75,16.0,16.0],"tintindex":0,"rotation":0,"texture":"#0"},"west":{"uv":[0.0,13.5,5.5,16.0],"tintindex":0,"rotation":0,"texture":"#0"},"up":{"uv":[15.75,15.75,16.0,16.0],"tintindex":0,"rotation":0,"texture":"#0"},"down":{"uv":[15.75,15.75,16.0,16.0],"tintindex":0,"rotation":0,"texture":"#0"}}},{"from":[8.0,0.5,7.0],"to":[8.0,9.5,28.0],"faces":{"east":{"uv":[0.0,0.0,5.25,2.25],"tintindex":0,"rotation":0,"texture":"#0"},"west":{"uv":[5.25,0.0,0.0,2.25],"tintindex":0,"rotation":0,"texture":"#0"}}}],"display":{"gui":{"rotation":[30,225,0]}}}