{
    "textures": {
        "1": "block/iron_block",
        "particle": "block/iron_bars",
        "edge": "block/iron_bars"
    },
    "elements": [
        {
            "from": [
                7.5,
                0,
                2
            ],
            "to": [
                8.5,
                14,
                4
            ],
            "faces": {
                "north": {
                    "uv": [
                        2,
                        2,
                        3,
                        16
                    ],
                    "texture": "#edge"
                },
                "east": {
                    "uv": [
                        4,
                        2,
                        2,
                        16
                    ],
                    "texture": "#edge"
                },
                "south": {
                    "uv": [
                        3,
                        2,
                        4,
                        16
                    ],
                    "texture": "#edge"
                },
                "west": {
                    "uv": [
                        2,
                        2,
                        4,
                        16
                    ],
                    "texture": "#edge"
                },
                "down": {
                    "uv": [
                        4,
                        15,
                        2,
                        16
                    ],
                    "rotation": 90,
                    "texture": "#edge"
                }
            }
        },
        {
            "from": [
                7,
                15,
                0
            ],
            "to": [
                9,
                16,
                7
            ],
            "faces": {
                "north": {
                    "uv": [
                        0,
                        13,
                        2,
                        14
                    ],
                    "texture": "#edge"
                },
                "east": {
                    "uv": [
                        7,
                        0,
                        0,
                        1
                    ],
                    "texture": "#edge"
                },
                "west": {
                    "uv": [
                        0,
                        0,
                        7,
                        1
                    ],
                    "texture": "#edge"
                },
                "up": {
                    "uv": [
                        1,
                        0,
                        8,
                        2
                    ],
                    "rotation": 90,
                    "texture": "#1"
                },
                "down": {
                    "uv": [
                        16,
                        1,
                        14,
                        8
                    ],
                    "texture": "#1"
                }
            }
        },
        {
            "from": [
                7.5,
                14,
                0
            ],
            "to": [
                8.5,
                15,
                7
            ],
            "faces": {
                "north": {
                    "uv": [
                        0,
                        1,
                        1,
                        2
                    ],
                    "texture": "#edge"
                },
                "east": {
                    "uv": [
                        7,
                        1,
                        0,
                        2
                    ],
                    "texture": "#edge"
                },
                "west": {
                    "uv": [
                        0,
                        1,
                        7,
                        2
                    ],
                    "texture": "#edge"
                },
                "down": {
                    "uv": [
                        0,
                        1,
                        7,
                        2
                    ],
                    "rotation": 270,
                    "texture": "#edge"
                }
            }
        },
        {
            "from": [
                7.5,
                2,
                0
            ],
            "to": [
                8.5,
                3,
                2
            ],
            "faces": {
                "north": {
                    "uv": [
                        0,
                        13,
                        1,
                        14
                    ],
                    "texture": "#edge"
                },
                "east": {
                    "uv": [
                        2,
                        13,
                        0,
                        14
                    ],
                    "texture": "#edge"
                },
                "west": {
                    "uv": [
                        0,
                        13,
                        2,
                        14
                    ],
                    "texture": "#edge"
                },
                "up": {
                    "uv": [
                        0,
                        13,
                        2,
                        14
                    ],
                    "rotation": 90,
                    "texture": "#edge"
                },
                "down": {
                    "uv": [
                        0,
                        13,
                        2,
                        14
                    ],
                    "rotation": 270,
                    "texture": "#edge"
                }
            }
        },
        {
            "from": [
                7.5,
                2,
                4
            ],
            "to": [
                8.5,
                3,
                7
            ],
            "faces": {
                "east": {
                    "uv": [
                        7,
                        13,
                        4,
                        14
                    ],
                    "texture": "#edge"
                },
                "west": {
                    "uv": [
                        4,
                        13,
                        7,
                        14
                    ],
                    "texture": "#edge"
                },
                "up": {
                    "uv": [
                        4,
                        13,
                        7,
                        14
                    ],
                    "rotation": 90,
                    "texture": "#edge"
                },
                "down": {
                    "uv": [
                        4,
                        13,
                        7,
                        14
                    ],
                    "rotation": 270,
                    "texture": "#edge"
                }
            }
        }
    ]
}