{
    "textures": {
        "0": "block/flower_pot",
        "1": "block/podzol_top",
        "2": "block/plant/red_mushroom_0",
        "3": "block/plant/red_mushroom_parts",
        "particle": "block/flower_pot"
    },
    "elements": [
        {
            "from": [
                7,
                4,
                7
            ],
            "to": [
                9,
                9,
                9
            ],
            "faces": {
                "north": {
                    "uv": [
                        10,
                        0,
                        12,
                        5
                    ],
                    "texture": "#3"
                },
                "east": {
                    "uv": [
                        12,
                        0,
                        14,
                        5
                    ],
                    "texture": "#3"
                },
                "south": {
                    "uv": [
                        10,
                        0,
                        12,
                        5
                    ],
                    "texture": "#3"
                },
                "west": {
                    "uv": [
                        12,
                        0,
                        14,
                        5
                    ],
                    "texture": "#3"
                },
                "down": {
                    "uv": [
                        11,
                        4,
                        13,
                        6
                    ],
                    "texture": "#3"
                }
            }
        },
        {
            "from": [
                4,
                9,
                4
            ],
            "to": [
                12,
                12,
                12
            ],
            "faces": {
                "north": {
                    "uv": [
                        10,
                        3,
                        2,
                        0
                    ],
                    "texture": "#2"
                },
                "east": {
                    "uv": [
                        9,
                        2,
                        12,
                        10
                    ],
                    "rotation": 90,
                    "texture": "#2"
                },
                "south": {
                    "uv": [
                        2,
                        9,
                        10,
                        12
                    ],
                    "texture": "#2"
                },
                "west": {
                    "uv": [
                        0,
                        2,
                        3,
                        10
                    ],
                    "rotation": 270,
                    "texture": "#2"
                },
                "up": {
                    "uv": [
                        2,
                        2,
                        10,
                        10
                    ],
                    "texture": "#2"
                },
                "down": {
                    "uv": [
                        1,
                        1,
                        9,
                        9
                    ],
                    "texture": "#3"
                }
            }
        },
        {
            "from": [
                5,
                12,
                5
            ],
            "to": [
                11,
                13,
                11
            ],
            "faces": {
                "north": {
                    "uv": [
                        9,
                        3,
                        3,
                        4
                    ],
                    "texture": "#2"
                },
                "east": {
                    "uv": [
                        8,
                        3,
                        9,
                        9
                    ],
                    "rotation": 90,
                    "texture": "#2"
                },
                "south": {
                    "uv": [
                        3,
                        8,
                        9,
                        9
                    ],
                    "texture": "#2"
                },
                "west": {
                    "uv": [
                        3,
                        3,
                        4,
                        9
                    ],
                    "rotation": 270,
                    "texture": "#2"
                },
                "up": {
                    "uv": [
                        3,
                        3,
                        9,
                        9
                    ],
                    "texture": "#2"
                }
            }
        },
        {
            "from": [
                5,
                7,
                5
            ],
            "to": [
                11,
                7,
                11
            ],
            "faces": {
                "up": {
                    "uv": [
                        0,
                        10,
                        6,
                        16
                    ],
                    "texture": "#3"
                },
                "down": {
                    "uv": [
                        0,
                        10,
                        6,
                        16
                    ],
                    "texture": "#3"
                }
            }
        },
        {
            "from": [
                5,
                0,
                5
            ],
            "to": [
                11,
                6,
                11
            ],
            "faces": {
                "north": {
                    "uv": [
                        5,
                        10,
                        11,
                        16
                    ],
                    "texture": "#0"
                },
                "east": {
                    "uv": [
                        5,
                        10,
                        11,
                        16
                    ],
                    "texture": "#0"
                },
                "south": {
                    "uv": [
                        5,
                        10,
                        11,
                        16
                    ],
                    "texture": "#0"
                },
                "west": {
                    "uv": [
                        5,
                        10,
                        11,
                        16
                    ],
                    "texture": "#0"
                },
                "up": {
                    "uv": [
                        5,
                        5,
                        11,
                        11
                    ],
                    "texture": "#0"
                },
                "down": {
                    "uv": [
                        5,
                        10,
                        11,
                        16
                    ],
                    "texture": "#0",
                    "cullface": "down"
                }
            }
        },
        {
            "from": [
                10,
                6,
                10
            ],
            "to": [
                6,
                4,
                6
            ],
            "faces": {
                "north": {
                    "uv": [
                        6,
                        10,
                        10,
                        12
                    ],
                    "texture": "#0"
                },
                "east": {
                    "uv": [
                        6,
                        10,
                        10,
                        12
                    ],
                    "texture": "#0"
                },
                "south": {
                    "uv": [
                        6,
                        10,
                        10,
                        12
                    ],
                    "texture": "#0"
                },
                "west": {
                    "uv": [
                        6,
                        10,
                        10,
                        12
                    ],
                    "texture": "#0"
                },
                "up": {
                    "uv": [
                        6,
                        6,
                        10,
                        10
                    ],
                    "texture": "#1"
                }
            }
        }
    ]
}