{
    "providers": [
        {
            "type": "bitmap",
            "file": "happyhud:font/assets/lumentest/skill_bar.png",
            "height": 36,
            "ascent": -100500,
            "chars": [
                "\ue000"
            ]
        },
        {
            "type": "bitmap",
            "file": "happyhud:font/assets/skills/daring/icon_daring_slidingslash.png",
            "height": 29,
            "ascent": -101500,
            "chars": [
                "\ue001"
            ]
        },
        {
            "type": "bitmap",
            "file": "happyhud:font/assets/skills/enigma/icon_enigma_transfiguration.png",
            "height": 32,
            "ascent": -101500,
            "chars": [
                "\ue002"
            ]
        },
        {
            "type": "bitmap",
            "file": "happyhud:font/assets/skills/no_skill.png",
            "height": 32,
            "ascent": -101500,
            "chars": [
                "\ue003"
            ]
        },
        {
            "type": "bitmap",
            "file": "happyhud:font/assets/skills/valor/icon_valor_divideandconquer.png",
            "height": 32,
            "ascent": -101500,
            "chars": [
                "\ue004"
            ]
        },
        {
            "type": "bitmap",
            "file": "happyhud:font/assets/skills/guile/icon_guile_dreadnaughtdraught.png",
            "height": 32,
            "ascent": -101500,
            "chars": [
                "\ue005"
            ]
        },
        {
            "type": "bitmap",
            "file": "happyhud:font/assets/skills/daring/icon_daring_sinfulshadow.png",
            "height": 29,
            "ascent": -101500,
            "chars": [
                "\ue006"
            ]
        },
        {
            "type": "bitmap",
            "file": "happyhud:font/assets/skills/fury/icon_fury_fistofagavres.png",
            "height": 32,
            "ascent": -101500,
            "chars": [
                "\ue007"
            ]
        },
        {
            "type": "bitmap",
            "file": "happyhud:font/assets/skills/enigma/icon_enigma_runerupture.png",
            "height": 32,
            "ascent": -101500,
            "chars": [
                "\ue008"
            ]
        },
        {
            "type": "bitmap",
            "file": "happyhud:font/assets/skills/resonance/icon_resonance_warcant.png",
            "height": 31,
            "ascent": -101500,
            "chars": [
                "\ue009"
            ]
        },
        {
            "type": "bitmap",
            "file": "happyhud:font/assets/skills/vigilance/icon_vigilance_seekandsunder.png",
            "height": 31,
            "ascent": -101500,
            "chars": [
                "\ue00a"
            ]
        },
        {
            "type": "bitmap",
            "file": "happyhud:font/assets/skills/guile/icon_guile_malignanthaze.png",
            "height": 32,
            "ascent": -101500,
            "chars": [
                "\ue00b"
            ]
        },
        {
            "type": "bitmap",
            "file": "happyhud:font/assets/skills/fury/icon_fury_fistofvitality.png",
            "height": 32,
            "ascent": -101500,
            "chars": [
                "\ue00c"
            ]
        },
        {
            "type": "bitmap",
            "file": "happyhud:font/assets/skills/enigma/icon_enigma_runequakepropulsion.png",
            "height": 32,
            "ascent": -101500,
            "chars": [
                "\ue00d"
            ]
        },
        {
            "type": "bitmap",
            "file": "happyhud:font/assets/skills/resonance/icon_resonance_piercingtone.png",
            "height": 30,
            "ascent": -101500,
            "chars": [
                "\ue00e"
            ]
        },
        {
            "type": "bitmap",
            "file": "happyhud:font/assets/skills/command/icon_command_bannercharge.png",
            "height": 29,
            "ascent": -101500,
            "chars": [
                "\ue00f"
            ]
        },
        {
            "type": "bitmap",
            "file": "happyhud:font/assets/skills/fury/icon_fury_concussiveclap.png",
            "height": 32,
            "ascent": -101500,
            "chars": [
                "\ue010"
            ]
        },
        {
            "type": "bitmap",
            "file": "happyhud:font/assets/skills/resonance/icon_resonance_boundlessballad.png",
            "height": 30,
            "ascent": -101500,
            "chars": [
                "\ue011"
            ]
        },
        {
            "type": "bitmap",
            "file": "happyhud:font/assets/skills/vigilance/icon_guile_bolatoss.png",
            "height": 31,
            "ascent": -101500,
            "chars": [
                "\ue012"
            ]
        },
        {
            "type": "bitmap",
            "file": "happyhud:font/assets/skills/command/icon_command_hammerdown.png",
            "height": 30,
            "ascent": -101500,
            "chars": [
                "\ue013"
            ]
        },
        {
            "type": "bitmap",
            "file": "happyhud:font/assets/skills/command/icon_command_sustainedfortitude.png",
            "height": 29,
            "ascent": -101500,
            "chars": [
                "\ue014"
            ]
        },
        {
            "type": "bitmap",
            "file": "happyhud:font/assets/skills/vigilance/icon_guile_honeypot.png",
            "height": 29,
            "ascent": -101500,
            "chars": [
                "\ue015"
            ]
        },
        {
            "type": "bitmap",
            "file": "happyhud:font/assets/skills/valor/icon_valor_riposte.png",
            "height": 31,
            "ascent": -101500,
            "chars": [
                "\ue016"
            ]
        },
        {
            "type": "bitmap",
            "file": "happyhud:font/assets/skills/enigma/icon_enigma_runiclance.png",
            "height": 32,
            "ascent": -101500,
            "chars": [
                "\ue017"
            ]
        },
        {
            "type": "bitmap",
            "file": "happyhud:font/assets/skills/command/icon_command_battlelinebulwark.png",
            "height": 30,
            "ascent": -101500,
            "chars": [
                "\ue018"
            ]
        },
        {
            "type": "bitmap",
            "file": "happyhud:font/assets/skills/guile/icon_guile_vapourvault.png",
            "height": 32,
            "ascent": -101500,
            "chars": [
                "\ue019"
            ]
        },
        {
            "type": "bitmap",
            "file": "happyhud:font/assets/skills/fury/icon_fury_recklesszealotry.png",
            "height": 32,
            "ascent": -101500,
            "chars": [
                "\ue01a"
            ]
        },
        {
            "type": "bitmap",
            "file": "happyhud:font/assets/skills/valor/icon_valor_piercingstrike.png",
            "height": 30,
            "ascent": -101500,
            "chars": [
                "\ue01b"
            ]
        },
        {
            "type": "bitmap",
            "file": "happyhud:font/assets/skills/daring/icon_daring_lockandload.png",
            "height": 30,
            "ascent": -101500,
            "chars": [
                "\ue01c"
            ]
        },
        {
            "type": "bitmap",
            "file": "happyhud:font/assets/skills/fury/icon_fury_furioussurge.png",
            "height": 32,
            "ascent": -101500,
            "chars": [
                "\ue01d"
            ]
        },
        {
            "type": "bitmap",
            "file": "happyhud:font/assets/skills/guile/icon_guile_haveatit.png",
            "height": 32,
            "ascent": -101500,
            "chars": [
                "\ue01e"
            ]
        },
        {
            "type": "bitmap",
            "file": "happyhud:font/assets/skills/enigma/icon_enigma_transposition.png",
            "height": 32,
            "ascent": -101500,
            "chars": [
                "\ue01f"
            ]
        },
        {
            "type": "bitmap",
            "file": "happyhud:font/assets/skills/valor/icon_valor_dashingstrike.png",
            "height": 30,
            "ascent": -101500,
            "chars": [
                "\ue020"
            ]
        },
        {
            "type": "bitmap",
            "file": "happyhud:font/assets/skills/valor/icon_valor_bladework.png",
            "height": 29,
            "ascent": -101500,
            "chars": [
                "\ue021"
            ]
        },
        {
            "type": "bitmap",
            "file": "happyhud:font/assets/skills/guile/icon_guile_instantrelief.png",
            "height": 32,
            "ascent": -101500,
            "chars": [
                "\ue022"
            ]
        },
        {
            "type": "bitmap",
            "file": "happyhud:font/assets/skills/vigilance/icon_vigilance_revealprey.png",
            "height": 28,
            "ascent": -101500,
            "chars": [
                "\ue023"
            ]
        },
        {
            "type": "bitmap",
            "file": "happyhud:font/assets/skills/fury/icon_fury_strifeandfury.png",
            "height": 32,
            "ascent": -101500,
            "chars": [
                "\ue024"
            ]
        },
        {
            "type": "bitmap",
            "file": "happyhud:font/assets/skills/daring/icon_daring_deathfromabove.png",
            "height": 29,
            "ascent": -101500,
            "chars": [
                "\ue025"
            ]
        },
        {
            "type": "bitmap",
            "file": "happyhud:font/assets/skills/guile/icon_guile_unstablecurative.png",
            "height": 30,
            "ascent": -101500,
            "chars": [
                "\ue026"
            ]
        },
        {
            "type": "bitmap",
            "file": "happyhud:font/assets/skills/daring/icon_daring_smokescreen.png",
            "height": 30,
            "ascent": -101500,
            "chars": [
                "\ue027"
            ]
        },
        {
            "type": "bitmap",
            "file": "happyhud:font/assets/skills/command/icon_command_pennantpullback.png",
            "height": 31,
            "ascent": -101500,
            "chars": [
                "\ue028"
            ]
        },
        {
            "type": "bitmap",
            "file": "happyhud:font/assets/skills/command/icon_command_banneramplify.png",
            "height": 29,
            "ascent": -101500,
            "chars": [
                "\ue029"
            ]
        },
        {
            "type": "bitmap",
            "file": "happyhud:font/assets/skills/resonance/icon_resonance_helpfulhymn.png",
            "height": 29,
            "ascent": -101500,
            "chars": [
                "\ue02a"
            ]
        },
        {
            "type": "bitmap",
            "file": "happyhud:font/assets/skills/vigilance/icon_vigilance_hunterssense.png",
            "height": 28,
            "ascent": -101500,
            "chars": [
                "\ue02b"
            ]
        },
        {
            "type": "bitmap",
            "file": "happyhud:font/assets/skills/enigma/icon_enigma_runestorm.png",
            "height": 32,
            "ascent": -101500,
            "chars": [
                "\ue02c"
            ]
        },
        {
            "type": "bitmap",
            "file": "happyhud:font/assets/skills/resonance/icon_resonance_lullaby.png",
            "height": 28,
            "ascent": -101500,
            "chars": [
                "\ue02d"
            ]
        },
        {
            "type": "bitmap",
            "file": "happyhud:font/assets/skills/valor/icon_valor_utmostattention.png",
            "height": 30,
            "ascent": -101500,
            "chars": [
                "\ue02e"
            ]
        },
        {
            "type": "bitmap",
            "file": "happyhud:font/assets/skills/resonance/icon_resonance_boomingbellow.png",
            "height": 28,
            "ascent": -101500,
            "chars": [
                "\ue02f"
            ]
        },
        {
            "type": "bitmap",
            "file": "happyhud:font/assets/skills/vigilance/icon_vigilance_grapplingshot.png",
            "height": 30,
            "ascent": -101500,
            "chars": [
                "\ue030"
            ]
        },
        {
            "type": "bitmap",
            "file": "happyhud:font/assets/skills/daring/icon_daring_shotandsteel.png",
            "height": 30,
            "ascent": -101500,
            "chars": [
                "\ue031"
            ]
        },
        {
            "type": "bitmap",
            "file": "happyhud:font/assets/lumentest/skill_number_6.png",
            "height": 13,
            "ascent": -104500,
            "chars": [
                "\ue032"
            ]
        },
        {
            "type": "bitmap",
            "file": "happyhud:font/assets/lumentest/skill_number_7.png",
            "height": 13,
            "ascent": -104500,
            "chars": [
                "\ue033"
            ]
        },
        {
            "type": "bitmap",
            "file": "happyhud:font/assets/skills/daring/icon_daring_slidingslash.png",
            "height": 29,
            "ascent": -105500,
            "chars": [
                "\ue034"
            ]
        },
        {
            "type": "bitmap",
            "file": "happyhud:font/assets/skills/enigma/icon_enigma_transfiguration.png",
            "height": 32,
            "ascent": -105500,
            "chars": [
                "\ue035"
            ]
        },
        {
            "type": "bitmap",
            "file": "happyhud:font/assets/skills/no_skill.png",
            "height": 32,
            "ascent": -105500,
            "chars": [
                "\ue036"
            ]
        },
        {
            "type": "bitmap",
            "file": "happyhud:font/assets/skills/valor/icon_valor_divideandconquer.png",
            "height": 32,
            "ascent": -105500,
            "chars": [
                "\ue037"
            ]
        },
        {
            "type": "bitmap",
            "file": "happyhud:font/assets/skills/guile/icon_guile_dreadnaughtdraught.png",
            "height": 32,
            "ascent": -105500,
            "chars": [
                "\ue038"
            ]
        },
        {
            "type": "bitmap",
            "file": "happyhud:font/assets/skills/daring/icon_daring_sinfulshadow.png",
            "height": 29,
            "ascent": -105500,
            "chars": [
                "\ue039"
            ]
        },
        {
            "type": "bitmap",
            "file": "happyhud:font/assets/skills/fury/icon_fury_fistofagavres.png",
            "height": 32,
            "ascent": -105500,
            "chars": [
                "\ue03a"
            ]
        },
        {
            "type": "bitmap",
            "file": "happyhud:font/assets/skills/enigma/icon_enigma_runerupture.png",
            "height": 32,
            "ascent": -105500,
            "chars": [
                "\ue03b"
            ]
        },
        {
            "type": "bitmap",
            "file": "happyhud:font/assets/skills/resonance/icon_resonance_warcant.png",
            "height": 31,
            "ascent": -105500,
            "chars": [
                "\ue03c"
            ]
        },
        {
            "type": "bitmap",
            "file": "happyhud:font/assets/skills/vigilance/icon_vigilance_seekandsunder.png",
            "height": 31,
            "ascent": -105500,
            "chars": [
                "\ue03d"
            ]
        },
        {
            "type": "bitmap",
            "file": "happyhud:font/assets/skills/guile/icon_guile_malignanthaze.png",
            "height": 32,
            "ascent": -105500,
            "chars": [
                "\ue03e"
            ]
        },
        {
            "type": "bitmap",
            "file": "happyhud:font/assets/skills/fury/icon_fury_fistofvitality.png",
            "height": 32,
            "ascent": -105500,
            "chars": [
                "\ue03f"
            ]
        },
        {
            "type": "bitmap",
            "file": "happyhud:font/assets/skills/enigma/icon_enigma_runequakepropulsion.png",
            "height": 32,
            "ascent": -105500,
            "chars": [
                "\ue040"
            ]
        },
        {
            "type": "bitmap",
            "file": "happyhud:font/assets/skills/resonance/icon_resonance_piercingtone.png",
            "height": 30,
            "ascent": -105500,
            "chars": [
                "\ue041"
            ]
        },
        {
            "type": "bitmap",
            "file": "happyhud:font/assets/skills/command/icon_command_bannercharge.png",
            "height": 29,
            "ascent": -105500,
            "chars": [
                "\ue042"
            ]
        },
        {
            "type": "bitmap",
            "file": "happyhud:font/assets/skills/fury/icon_fury_concussiveclap.png",
            "height": 32,
            "ascent": -105500,
            "chars": [
                "\ue043"
            ]
        },
        {
            "type": "bitmap",
            "file": "happyhud:font/assets/skills/resonance/icon_resonance_boundlessballad.png",
            "height": 30,
            "ascent": -105500,
            "chars": [
                "\ue044"
            ]
        },
        {
            "type": "bitmap",
            "file": "happyhud:font/assets/skills/vigilance/icon_guile_bolatoss.png",
            "height": 31,
            "ascent": -105500,
            "chars": [
                "\ue045"
            ]
        },
        {
            "type": "bitmap",
            "file": "happyhud:font/assets/skills/command/icon_command_hammerdown.png",
            "height": 30,
            "ascent": -105500,
            "chars": [
                "\ue046"
            ]
        },
        {
            "type": "bitmap",
            "file": "happyhud:font/assets/skills/command/icon_command_sustainedfortitude.png",
            "height": 29,
            "ascent": -105500,
            "chars": [
                "\ue047"
            ]
        },
        {
            "type": "bitmap",
            "file": "happyhud:font/assets/skills/vigilance/icon_guile_honeypot.png",
            "height": 29,
            "ascent": -105500,
            "chars": [
                "\ue048"
            ]
        },
        {
            "type": "bitmap",
            "file": "happyhud:font/assets/skills/valor/icon_valor_riposte.png",
            "height": 31,
            "ascent": -105500,
            "chars": [
                "\ue049"
            ]
        },
        {
            "type": "bitmap",
            "file": "happyhud:font/assets/skills/enigma/icon_enigma_runiclance.png",
            "height": 32,
            "ascent": -105500,
            "chars": [
                "\ue04a"
            ]
        },
        {
            "type": "bitmap",
            "file": "happyhud:font/assets/skills/command/icon_command_battlelinebulwark.png",
            "height": 30,
            "ascent": -105500,
            "chars": [
                "\ue04b"
            ]
        },
        {
            "type": "bitmap",
            "file": "happyhud:font/assets/skills/guile/icon_guile_vapourvault.png",
            "height": 32,
            "ascent": -105500,
            "chars": [
                "\ue04c"
            ]
        },
        {
            "type": "bitmap",
            "file": "happyhud:font/assets/skills/fury/icon_fury_recklesszealotry.png",
            "height": 32,
            "ascent": -105500,
            "chars": [
                "\ue04d"
            ]
        },
        {
            "type": "bitmap",
            "file": "happyhud:font/assets/skills/valor/icon_valor_piercingstrike.png",
            "height": 30,
            "ascent": -105500,
            "chars": [
                "\ue04e"
            ]
        },
        {
            "type": "bitmap",
            "file": "happyhud:font/assets/skills/daring/icon_daring_lockandload.png",
            "height": 30,
            "ascent": -105500,
            "chars": [
                "\ue04f"
            ]
        },
        {
            "type": "bitmap",
            "file": "happyhud:font/assets/skills/fury/icon_fury_furioussurge.png",
            "height": 32,
            "ascent": -105500,
            "chars": [
                "\ue050"
            ]
        },
        {
            "type": "bitmap",
            "file": "happyhud:font/assets/skills/guile/icon_guile_haveatit.png",
            "height": 32,
            "ascent": -105500,
            "chars": [
                "\ue051"
            ]
        },
        {
            "type": "bitmap",
            "file": "happyhud:font/assets/skills/enigma/icon_enigma_transposition.png",
            "height": 32,
            "ascent": -105500,
            "chars": [
                "\ue052"
            ]
        },
        {
            "type": "bitmap",
            "file": "happyhud:font/assets/skills/valor/icon_valor_dashingstrike.png",
            "height": 30,
            "ascent": -105500,
            "chars": [
                "\ue053"
            ]
        },
        {
            "type": "bitmap",
            "file": "happyhud:font/assets/skills/valor/icon_valor_bladework.png",
            "height": 29,
            "ascent": -105500,
            "chars": [
                "\ue054"
            ]
        },
        {
            "type": "bitmap",
            "file": "happyhud:font/assets/skills/guile/icon_guile_instantrelief.png",
            "height": 32,
            "ascent": -105500,
            "chars": [
                "\ue055"
            ]
        },
        {
            "type": "bitmap",
            "file": "happyhud:font/assets/skills/vigilance/icon_vigilance_revealprey.png",
            "height": 28,
            "ascent": -105500,
            "chars": [
                "\ue056"
            ]
        },
        {
            "type": "bitmap",
            "file": "happyhud:font/assets/skills/fury/icon_fury_strifeandfury.png",
            "height": 32,
            "ascent": -105500,
            "chars": [
                "\ue057"
            ]
        },
        {
            "type": "bitmap",
            "file": "happyhud:font/assets/skills/daring/icon_daring_deathfromabove.png",
            "height": 29,
            "ascent": -105500,
            "chars": [
                "\ue058"
            ]
        },
        {
            "type": "bitmap",
            "file": "happyhud:font/assets/skills/guile/icon_guile_unstablecurative.png",
            "height": 30,
            "ascent": -105500,
            "chars": [
                "\ue059"
            ]
        },
        {
            "type": "bitmap",
            "file": "happyhud:font/assets/skills/daring/icon_daring_smokescreen.png",
            "height": 30,
            "ascent": -105500,
            "chars": [
                "\ue05a"
            ]
        },
        {
            "type": "bitmap",
            "file": "happyhud:font/assets/skills/command/icon_command_pennantpullback.png",
            "height": 31,
            "ascent": -105500,
            "chars": [
                "\ue05b"
            ]
        },
        {
            "type": "bitmap",
            "file": "happyhud:font/assets/skills/command/icon_command_banneramplify.png",
            "height": 29,
            "ascent": -105500,
            "chars": [
                "\ue05c"
            ]
        },
        {
            "type": "bitmap",
            "file": "happyhud:font/assets/skills/resonance/icon_resonance_helpfulhymn.png",
            "height": 29,
            "ascent": -105500,
            "chars": [
                "\ue05d"
            ]
        },
        {
            "type": "bitmap",
            "file": "happyhud:font/assets/skills/vigilance/icon_vigilance_hunterssense.png",
            "height": 28,
            "ascent": -105500,
            "chars": [
                "\ue05e"
            ]
        },
        {
            "type": "bitmap",
            "file": "happyhud:font/assets/skills/enigma/icon_enigma_runestorm.png",
            "height": 32,
            "ascent": -105500,
            "chars": [
                "\ue05f"
            ]
        },
        {
            "type": "bitmap",
            "file": "happyhud:font/assets/skills/resonance/icon_resonance_lullaby.png",
            "height": 28,
            "ascent": -105500,
            "chars": [
                "\ue060"
            ]
        },
        {
            "type": "bitmap",
            "file": "happyhud:font/assets/skills/valor/icon_valor_utmostattention.png",
            "height": 30,
            "ascent": -105500,
            "chars": [
                "\ue061"
            ]
        },
        {
            "type": "bitmap",
            "file": "happyhud:font/assets/skills/resonance/icon_resonance_boomingbellow.png",
            "height": 28,
            "ascent": -105500,
            "chars": [
                "\ue062"
            ]
        },
        {
            "type": "bitmap",
            "file": "happyhud:font/assets/skills/vigilance/icon_vigilance_grapplingshot.png",
            "height": 30,
            "ascent": -105500,
            "chars": [
                "\ue063"
            ]
        },
        {
            "type": "bitmap",
            "file": "happyhud:font/assets/skills/daring/icon_daring_shotandsteel.png",
            "height": 30,
            "ascent": -105500,
            "chars": [
                "\ue064"
            ]
        },
        {
            "type": "bitmap",
            "file": "happyhud:font/assets/lumentest/skill_number_5.png",
            "height": 13,
            "ascent": -108500,
            "chars": [
                "\ue065"
            ]
        },
        {
            "type": "bitmap",
            "file": "happyhud:font/assets/lumentest/skill_number_6.png",
            "height": 13,
            "ascent": -108500,
            "chars": [
                "\ue066"
            ]
        },
        {
            "type": "bitmap",
            "file": "happyhud:font/assets/skills/daring/icon_daring_slidingslash.png",
            "height": 29,
            "ascent": -109500,
            "chars": [
                "\ue067"
            ]
        },
        {
            "type": "bitmap",
            "file": "happyhud:font/assets/skills/enigma/icon_enigma_transfiguration.png",
            "height": 32,
            "ascent": -109500,
            "chars": [
                "\ue068"
            ]
        },
        {
            "type": "bitmap",
            "file": "happyhud:font/assets/skills/no_skill.png",
            "height": 32,
            "ascent": -109500,
            "chars": [
                "\ue069"
            ]
        },
        {
            "type": "bitmap",
            "file": "happyhud:font/assets/skills/valor/icon_valor_divideandconquer.png",
            "height": 32,
            "ascent": -109500,
            "chars": [
                "\ue06a"
            ]
        },
        {
            "type": "bitmap",
            "file": "happyhud:font/assets/skills/guile/icon_guile_dreadnaughtdraught.png",
            "height": 32,
            "ascent": -109500,
            "chars": [
                "\ue06b"
            ]
        },
        {
            "type": "bitmap",
            "file": "happyhud:font/assets/skills/daring/icon_daring_sinfulshadow.png",
            "height": 29,
            "ascent": -109500,
            "chars": [
                "\ue06c"
            ]
        },
        {
            "type": "bitmap",
            "file": "happyhud:font/assets/skills/fury/icon_fury_fistofagavres.png",
            "height": 32,
            "ascent": -109500,
            "chars": [
                "\ue06d"
            ]
        },
        {
            "type": "bitmap",
            "file": "happyhud:font/assets/skills/enigma/icon_enigma_runerupture.png",
            "height": 32,
            "ascent": -109500,
            "chars": [
                "\ue06e"
            ]
        },
        {
            "type": "bitmap",
            "file": "happyhud:font/assets/skills/resonance/icon_resonance_warcant.png",
            "height": 31,
            "ascent": -109500,
            "chars": [
                "\ue06f"
            ]
        },
        {
            "type": "bitmap",
            "file": "happyhud:font/assets/skills/vigilance/icon_vigilance_seekandsunder.png",
            "height": 31,
            "ascent": -109500,
            "chars": [
                "\ue070"
            ]
        },
        {
            "type": "bitmap",
            "file": "happyhud:font/assets/skills/guile/icon_guile_malignanthaze.png",
            "height": 32,
            "ascent": -109500,
            "chars": [
                "\ue071"
            ]
        },
        {
            "type": "bitmap",
            "file": "happyhud:font/assets/skills/fury/icon_fury_fistofvitality.png",
            "height": 32,
            "ascent": -109500,
            "chars": [
                "\ue072"
            ]
        },
        {
            "type": "bitmap",
            "file": "happyhud:font/assets/skills/enigma/icon_enigma_runequakepropulsion.png",
            "height": 32,
            "ascent": -109500,
            "chars": [
                "\ue073"
            ]
        },
        {
            "type": "bitmap",
            "file": "happyhud:font/assets/skills/resonance/icon_resonance_piercingtone.png",
            "height": 30,
            "ascent": -109500,
            "chars": [
                "\ue074"
            ]
        },
        {
            "type": "bitmap",
            "file": "happyhud:font/assets/skills/command/icon_command_bannercharge.png",
            "height": 29,
            "ascent": -109500,
            "chars": [
                "\ue075"
            ]
        },
        {
            "type": "bitmap",
            "file": "happyhud:font/assets/skills/fury/icon_fury_concussiveclap.png",
            "height": 32,
            "ascent": -109500,
            "chars": [
                "\ue076"
            ]
        },
        {
            "type": "bitmap",
            "file": "happyhud:font/assets/skills/resonance/icon_resonance_boundlessballad.png",
            "height": 30,
            "ascent": -109500,
            "chars": [
                "\ue077"
            ]
        },
        {
            "type": "bitmap",
            "file": "happyhud:font/assets/skills/vigilance/icon_guile_bolatoss.png",
            "height": 31,
            "ascent": -109500,
            "chars": [
                "\ue078"
            ]
        },
        {
            "type": "bitmap",
            "file": "happyhud:font/assets/skills/command/icon_command_hammerdown.png",
            "height": 30,
            "ascent": -109500,
            "chars": [
                "\ue079"
            ]
        },
        {
            "type": "bitmap",
            "file": "happyhud:font/assets/skills/command/icon_command_sustainedfortitude.png",
            "height": 29,
            "ascent": -109500,
            "chars": [
                "\ue07a"
            ]
        },
        {
            "type": "bitmap",
            "file": "happyhud:font/assets/skills/vigilance/icon_guile_honeypot.png",
            "height": 29,
            "ascent": -109500,
            "chars": [
                "\ue07b"
            ]
        },
        {
            "type": "bitmap",
            "file": "happyhud:font/assets/skills/valor/icon_valor_riposte.png",
            "height": 31,
            "ascent": -109500,
            "chars": [
                "\ue07c"
            ]
        },
        {
            "type": "bitmap",
            "file": "happyhud:font/assets/skills/enigma/icon_enigma_runiclance.png",
            "height": 32,
            "ascent": -109500,
            "chars": [
                "\ue07d"
            ]
        },
        {
            "type": "bitmap",
            "file": "happyhud:font/assets/skills/command/icon_command_battlelinebulwark.png",
            "height": 30,
            "ascent": -109500,
            "chars": [
                "\ue07e"
            ]
        },
        {
            "type": "bitmap",
            "file": "happyhud:font/assets/skills/guile/icon_guile_vapourvault.png",
            "height": 32,
            "ascent": -109500,
            "chars": [
                "\ue07f"
            ]
        },
        {
            "type": "bitmap",
            "file": "happyhud:font/assets/skills/fury/icon_fury_recklesszealotry.png",
            "height": 32,
            "ascent": -109500,
            "chars": [
                "\ue080"
            ]
        },
        {
            "type": "bitmap",
            "file": "happyhud:font/assets/skills/valor/icon_valor_piercingstrike.png",
            "height": 30,
            "ascent": -109500,
            "chars": [
                "\ue081"
            ]
        },
        {
            "type": "bitmap",
            "file": "happyhud:font/assets/skills/daring/icon_daring_lockandload.png",
            "height": 30,
            "ascent": -109500,
            "chars": [
                "\ue082"
            ]
        },
        {
            "type": "bitmap",
            "file": "happyhud:font/assets/skills/fury/icon_fury_furioussurge.png",
            "height": 32,
            "ascent": -109500,
            "chars": [
                "\ue083"
            ]
        },
        {
            "type": "bitmap",
            "file": "happyhud:font/assets/skills/guile/icon_guile_haveatit.png",
            "height": 32,
            "ascent": -109500,
            "chars": [
                "\ue084"
            ]
        },
        {
            "type": "bitmap",
            "file": "happyhud:font/assets/skills/enigma/icon_enigma_transposition.png",
            "height": 32,
            "ascent": -109500,
            "chars": [
                "\ue085"
            ]
        },
        {
            "type": "bitmap",
            "file": "happyhud:font/assets/skills/valor/icon_valor_dashingstrike.png",
            "height": 30,
            "ascent": -109500,
            "chars": [
                "\ue086"
            ]
        },
        {
            "type": "bitmap",
            "file": "happyhud:font/assets/skills/valor/icon_valor_bladework.png",
            "height": 29,
            "ascent": -109500,
            "chars": [
                "\ue087"
            ]
        },
        {
            "type": "bitmap",
            "file": "happyhud:font/assets/skills/guile/icon_guile_instantrelief.png",
            "height": 32,
            "ascent": -109500,
            "chars": [
                "\ue088"
            ]
        },
        {
            "type": "bitmap",
            "file": "happyhud:font/assets/skills/vigilance/icon_vigilance_revealprey.png",
            "height": 28,
            "ascent": -109500,
            "chars": [
                "\ue089"
            ]
        },
        {
            "type": "bitmap",
            "file": "happyhud:font/assets/skills/fury/icon_fury_strifeandfury.png",
            "height": 32,
            "ascent": -109500,
            "chars": [
                "\ue08a"
            ]
        },
        {
            "type": "bitmap",
            "file": "happyhud:font/assets/skills/daring/icon_daring_deathfromabove.png",
            "height": 29,
            "ascent": -109500,
            "chars": [
                "\ue08b"
            ]
        },
        {
            "type": "bitmap",
            "file": "happyhud:font/assets/skills/guile/icon_guile_unstablecurative.png",
            "height": 30,
            "ascent": -109500,
            "chars": [
                "\ue08c"
            ]
        },
        {
            "type": "bitmap",
            "file": "happyhud:font/assets/skills/daring/icon_daring_smokescreen.png",
            "height": 30,
            "ascent": -109500,
            "chars": [
                "\ue08d"
            ]
        },
        {
            "type": "bitmap",
            "file": "happyhud:font/assets/skills/command/icon_command_pennantpullback.png",
            "height": 31,
            "ascent": -109500,
            "chars": [
                "\ue08e"
            ]
        },
        {
            "type": "bitmap",
            "file": "happyhud:font/assets/skills/command/icon_command_banneramplify.png",
            "height": 29,
            "ascent": -109500,
            "chars": [
                "\ue08f"
            ]
        },
        {
            "type": "bitmap",
            "file": "happyhud:font/assets/skills/resonance/icon_resonance_helpfulhymn.png",
            "height": 29,
            "ascent": -109500,
            "chars": [
                "\ue090"
            ]
        },
        {
            "type": "bitmap",
            "file": "happyhud:font/assets/skills/vigilance/icon_vigilance_hunterssense.png",
            "height": 28,
            "ascent": -109500,
            "chars": [
                "\ue091"
            ]
        },
        {
            "type": "bitmap",
            "file": "happyhud:font/assets/skills/enigma/icon_enigma_runestorm.png",
            "height": 32,
            "ascent": -109500,
            "chars": [
                "\ue092"
            ]
        },
        {
            "type": "bitmap",
            "file": "happyhud:font/assets/skills/resonance/icon_resonance_lullaby.png",
            "height": 28,
            "ascent": -109500,
            "chars": [
                "\ue093"
            ]
        },
        {
            "type": "bitmap",
            "file": "happyhud:font/assets/skills/valor/icon_valor_utmostattention.png",
            "height": 30,
            "ascent": -109500,
            "chars": [
                "\ue094"
            ]
        },
        {
            "type": "bitmap",
            "file": "happyhud:font/assets/skills/resonance/icon_resonance_boomingbellow.png",
            "height": 28,
            "ascent": -109500,
            "chars": [
                "\ue095"
            ]
        },
        {
            "type": "bitmap",
            "file": "happyhud:font/assets/skills/vigilance/icon_vigilance_grapplingshot.png",
            "height": 30,
            "ascent": -109500,
            "chars": [
                "\ue096"
            ]
        },
        {
            "type": "bitmap",
            "file": "happyhud:font/assets/skills/daring/icon_daring_shotandsteel.png",
            "height": 30,
            "ascent": -109500,
            "chars": [
                "\ue097"
            ]
        },
        {
            "type": "bitmap",
            "file": "happyhud:font/assets/lumentest/skill_number_5.png",
            "height": 13,
            "ascent": -112500,
            "chars": [
                "\ue098"
            ]
        },
        {
            "type": "bitmap",
            "file": "happyhud:font/assets/lumentest/skill_number_4.png",
            "height": 13,
            "ascent": -112500,
            "chars": [
                "\ue099"
            ]
        },
        {
            "type": "bitmap",
            "file": "happyhud:font/assets/skills/daring/icon_daring_slidingslash.png",
            "height": 29,
            "ascent": -113500,
            "chars": [
                "\ue09a"
            ]
        },
        {
            "type": "bitmap",
            "file": "happyhud:font/assets/skills/enigma/icon_enigma_transfiguration.png",
            "height": 32,
            "ascent": -113500,
            "chars": [
                "\ue09b"
            ]
        },
        {
            "type": "bitmap",
            "file": "happyhud:font/assets/skills/no_skill.png",
            "height": 32,
            "ascent": -113500,
            "chars": [
                "\ue09c"
            ]
        },
        {
            "type": "bitmap",
            "file": "happyhud:font/assets/skills/valor/icon_valor_divideandconquer.png",
            "height": 32,
            "ascent": -113500,
            "chars": [
                "\ue09d"
            ]
        },
        {
            "type": "bitmap",
            "file": "happyhud:font/assets/skills/guile/icon_guile_dreadnaughtdraught.png",
            "height": 32,
            "ascent": -113500,
            "chars": [
                "\ue09e"
            ]
        },
        {
            "type": "bitmap",
            "file": "happyhud:font/assets/skills/daring/icon_daring_sinfulshadow.png",
            "height": 29,
            "ascent": -113500,
            "chars": [
                "\ue09f"
            ]
        },
        {
            "type": "bitmap",
            "file": "happyhud:font/assets/skills/fury/icon_fury_fistofagavres.png",
            "height": 32,
            "ascent": -113500,
            "chars": [
                "\ue0a0"
            ]
        },
        {
            "type": "bitmap",
            "file": "happyhud:font/assets/skills/enigma/icon_enigma_runerupture.png",
            "height": 32,
            "ascent": -113500,
            "chars": [
                "\ue0a1"
            ]
        },
        {
            "type": "bitmap",
            "file": "happyhud:font/assets/skills/resonance/icon_resonance_warcant.png",
            "height": 31,
            "ascent": -113500,
            "chars": [
                "\ue0a2"
            ]
        },
        {
            "type": "bitmap",
            "file": "happyhud:font/assets/skills/vigilance/icon_vigilance_seekandsunder.png",
            "height": 31,
            "ascent": -113500,
            "chars": [
                "\ue0a3"
            ]
        },
        {
            "type": "bitmap",
            "file": "happyhud:font/assets/skills/guile/icon_guile_malignanthaze.png",
            "height": 32,
            "ascent": -113500,
            "chars": [
                "\ue0a4"
            ]
        },
        {
            "type": "bitmap",
            "file": "happyhud:font/assets/skills/fury/icon_fury_fistofvitality.png",
            "height": 32,
            "ascent": -113500,
            "chars": [
                "\ue0a5"
            ]
        },
        {
            "type": "bitmap",
            "file": "happyhud:font/assets/skills/enigma/icon_enigma_runequakepropulsion.png",
            "height": 32,
            "ascent": -113500,
            "chars": [
                "\ue0a6"
            ]
        },
        {
            "type": "bitmap",
            "file": "happyhud:font/assets/skills/resonance/icon_resonance_piercingtone.png",
            "height": 30,
            "ascent": -113500,
            "chars": [
                "\ue0a7"
            ]
        },
        {
            "type": "bitmap",
            "file": "happyhud:font/assets/skills/command/icon_command_bannercharge.png",
            "height": 29,
            "ascent": -113500,
            "chars": [
                "\ue0a8"
            ]
        },
        {
            "type": "bitmap",
            "file": "happyhud:font/assets/skills/fury/icon_fury_concussiveclap.png",
            "height": 32,
            "ascent": -113500,
            "chars": [
                "\ue0a9"
            ]
        },
        {
            "type": "bitmap",
            "file": "happyhud:font/assets/skills/resonance/icon_resonance_boundlessballad.png",
            "height": 30,
            "ascent": -113500,
            "chars": [
                "\ue0aa"
            ]
        },
        {
            "type": "bitmap",
            "file": "happyhud:font/assets/skills/vigilance/icon_guile_bolatoss.png",
            "height": 31,
            "ascent": -113500,
            "chars": [
                "\ue0ab"
            ]
        },
        {
            "type": "bitmap",
            "file": "happyhud:font/assets/skills/command/icon_command_hammerdown.png",
            "height": 30,
            "ascent": -113500,
            "chars": [
                "\ue0ac"
            ]
        },
        {
            "type": "bitmap",
            "file": "happyhud:font/assets/skills/command/icon_command_sustainedfortitude.png",
            "height": 29,
            "ascent": -113500,
            "chars": [
                "\ue0ad"
            ]
        },
        {
            "type": "bitmap",
            "file": "happyhud:font/assets/skills/vigilance/icon_guile_honeypot.png",
            "height": 29,
            "ascent": -113500,
            "chars": [
                "\ue0ae"
            ]
        },
        {
            "type": "bitmap",
            "file": "happyhud:font/assets/skills/valor/icon_valor_riposte.png",
            "height": 31,
            "ascent": -113500,
            "chars": [
                "\ue0af"
            ]
        },
        {
            "type": "bitmap",
            "file": "happyhud:font/assets/skills/enigma/icon_enigma_runiclance.png",
            "height": 32,
            "ascent": -113500,
            "chars": [
                "\ue0b0"
            ]
        },
        {
            "type": "bitmap",
            "file": "happyhud:font/assets/skills/command/icon_command_battlelinebulwark.png",
            "height": 30,
            "ascent": -113500,
            "chars": [
                "\ue0b1"
            ]
        },
        {
            "type": "bitmap",
            "file": "happyhud:font/assets/skills/guile/icon_guile_vapourvault.png",
            "height": 32,
            "ascent": -113500,
            "chars": [
                "\ue0b2"
            ]
        },
        {
            "type": "bitmap",
            "file": "happyhud:font/assets/skills/fury/icon_fury_recklesszealotry.png",
            "height": 32,
            "ascent": -113500,
            "chars": [
                "\ue0b3"
            ]
        },
        {
            "type": "bitmap",
            "file": "happyhud:font/assets/skills/valor/icon_valor_piercingstrike.png",
            "height": 30,
            "ascent": -113500,
            "chars": [
                "\ue0b4"
            ]
        },
        {
            "type": "bitmap",
            "file": "happyhud:font/assets/skills/daring/icon_daring_lockandload.png",
            "height": 30,
            "ascent": -113500,
            "chars": [
                "\ue0b5"
            ]
        },
        {
            "type": "bitmap",
            "file": "happyhud:font/assets/skills/fury/icon_fury_furioussurge.png",
            "height": 32,
            "ascent": -113500,
            "chars": [
                "\ue0b6"
            ]
        },
        {
            "type": "bitmap",
            "file": "happyhud:font/assets/skills/guile/icon_guile_haveatit.png",
            "height": 32,
            "ascent": -113500,
            "chars": [
                "\ue0b7"
            ]
        },
        {
            "type": "bitmap",
            "file": "happyhud:font/assets/skills/enigma/icon_enigma_transposition.png",
            "height": 32,
            "ascent": -113500,
            "chars": [
                "\ue0b8"
            ]
        },
        {
            "type": "bitmap",
            "file": "happyhud:font/assets/skills/valor/icon_valor_dashingstrike.png",
            "height": 30,
            "ascent": -113500,
            "chars": [
                "\ue0b9"
            ]
        },
        {
            "type": "bitmap",
            "file": "happyhud:font/assets/skills/valor/icon_valor_bladework.png",
            "height": 29,
            "ascent": -113500,
            "chars": [
                "\ue0ba"
            ]
        },
        {
            "type": "bitmap",
            "file": "happyhud:font/assets/skills/guile/icon_guile_instantrelief.png",
            "height": 32,
            "ascent": -113500,
            "chars": [
                "\ue0bb"
            ]
        },
        {
            "type": "bitmap",
            "file": "happyhud:font/assets/skills/vigilance/icon_vigilance_revealprey.png",
            "height": 28,
            "ascent": -113500,
            "chars": [
                "\ue0bc"
            ]
        },
        {
            "type": "bitmap",
            "file": "happyhud:font/assets/skills/fury/icon_fury_strifeandfury.png",
            "height": 32,
            "ascent": -113500,
            "chars": [
                "\ue0bd"
            ]
        },
        {
            "type": "bitmap",
            "file": "happyhud:font/assets/skills/daring/icon_daring_deathfromabove.png",
            "height": 29,
            "ascent": -113500,
            "chars": [
                "\ue0be"
            ]
        },
        {
            "type": "bitmap",
            "file": "happyhud:font/assets/skills/guile/icon_guile_unstablecurative.png",
            "height": 30,
            "ascent": -113500,
            "chars": [
                "\ue0bf"
            ]
        },
        {
            "type": "bitmap",
            "file": "happyhud:font/assets/skills/daring/icon_daring_smokescreen.png",
            "height": 30,
            "ascent": -113500,
            "chars": [
                "\ue0c0"
            ]
        },
        {
            "type": "bitmap",
            "file": "happyhud:font/assets/skills/command/icon_command_pennantpullback.png",
            "height": 31,
            "ascent": -113500,
            "chars": [
                "\ue0c1"
            ]
        },
        {
            "type": "bitmap",
            "file": "happyhud:font/assets/skills/command/icon_command_banneramplify.png",
            "height": 29,
            "ascent": -113500,
            "chars": [
                "\ue0c2"
            ]
        },
        {
            "type": "bitmap",
            "file": "happyhud:font/assets/skills/resonance/icon_resonance_helpfulhymn.png",
            "height": 29,
            "ascent": -113500,
            "chars": [
                "\ue0c3"
            ]
        },
        {
            "type": "bitmap",
            "file": "happyhud:font/assets/skills/vigilance/icon_vigilance_hunterssense.png",
            "height": 28,
            "ascent": -113500,
            "chars": [
                "\ue0c4"
            ]
        },
        {
            "type": "bitmap",
            "file": "happyhud:font/assets/skills/enigma/icon_enigma_runestorm.png",
            "height": 32,
            "ascent": -113500,
            "chars": [
                "\ue0c5"
            ]
        },
        {
            "type": "bitmap",
            "file": "happyhud:font/assets/skills/resonance/icon_resonance_lullaby.png",
            "height": 28,
            "ascent": -113500,
            "chars": [
                "\ue0c6"
            ]
        },
        {
            "type": "bitmap",
            "file": "happyhud:font/assets/skills/valor/icon_valor_utmostattention.png",
            "height": 30,
            "ascent": -113500,
            "chars": [
                "\ue0c7"
            ]
        },
        {
            "type": "bitmap",
            "file": "happyhud:font/assets/skills/resonance/icon_resonance_boomingbellow.png",
            "height": 28,
            "ascent": -113500,
            "chars": [
                "\ue0c8"
            ]
        },
        {
            "type": "bitmap",
            "file": "happyhud:font/assets/skills/vigilance/icon_vigilance_grapplingshot.png",
            "height": 30,
            "ascent": -113500,
            "chars": [
                "\ue0c9"
            ]
        },
        {
            "type": "bitmap",
            "file": "happyhud:font/assets/skills/daring/icon_daring_shotandsteel.png",
            "height": 30,
            "ascent": -113500,
            "chars": [
                "\ue0ca"
            ]
        },
        {
            "type": "bitmap",
            "file": "happyhud:font/assets/lumentest/skill_number_4.png",
            "height": 13,
            "ascent": -116500,
            "chars": [
                "\ue0cb"
            ]
        },
        {
            "type": "bitmap",
            "file": "happyhud:font/assets/lumentest/skill_number_3.png",
            "height": 13,
            "ascent": -116500,
            "chars": [
                "\ue0cc"
            ]
        },
        {
            "type": "bitmap",
            "file": "happyhud:font/assets/skills/daring/icon_daring_slidingslash.png",
            "height": 29,
            "ascent": -117500,
            "chars": [
                "\ue0cd"
            ]
        },
        {
            "type": "bitmap",
            "file": "happyhud:font/assets/skills/enigma/icon_enigma_transfiguration.png",
            "height": 32,
            "ascent": -117500,
            "chars": [
                "\ue0ce"
            ]
        },
        {
            "type": "bitmap",
            "file": "happyhud:font/assets/skills/no_skill.png",
            "height": 32,
            "ascent": -117500,
            "chars": [
                "\ue0cf"
            ]
        },
        {
            "type": "bitmap",
            "file": "happyhud:font/assets/skills/valor/icon_valor_divideandconquer.png",
            "height": 32,
            "ascent": -117500,
            "chars": [
                "\ue0d0"
            ]
        },
        {
            "type": "bitmap",
            "file": "happyhud:font/assets/skills/guile/icon_guile_dreadnaughtdraught.png",
            "height": 32,
            "ascent": -117500,
            "chars": [
                "\ue0d1"
            ]
        },
        {
            "type": "bitmap",
            "file": "happyhud:font/assets/skills/daring/icon_daring_sinfulshadow.png",
            "height": 29,
            "ascent": -117500,
            "chars": [
                "\ue0d2"
            ]
        },
        {
            "type": "bitmap",
            "file": "happyhud:font/assets/skills/fury/icon_fury_fistofagavres.png",
            "height": 32,
            "ascent": -117500,
            "chars": [
                "\ue0d3"
            ]
        },
        {
            "type": "bitmap",
            "file": "happyhud:font/assets/skills/enigma/icon_enigma_runerupture.png",
            "height": 32,
            "ascent": -117500,
            "chars": [
                "\ue0d4"
            ]
        },
        {
            "type": "bitmap",
            "file": "happyhud:font/assets/skills/resonance/icon_resonance_warcant.png",
            "height": 31,
            "ascent": -117500,
            "chars": [
                "\ue0d5"
            ]
        },
        {
            "type": "bitmap",
            "file": "happyhud:font/assets/skills/vigilance/icon_vigilance_seekandsunder.png",
            "height": 31,
            "ascent": -117500,
            "chars": [
                "\ue0d6"
            ]
        },
        {
            "type": "bitmap",
            "file": "happyhud:font/assets/skills/guile/icon_guile_malignanthaze.png",
            "height": 32,
            "ascent": -117500,
            "chars": [
                "\ue0d7"
            ]
        },
        {
            "type": "bitmap",
            "file": "happyhud:font/assets/skills/fury/icon_fury_fistofvitality.png",
            "height": 32,
            "ascent": -117500,
            "chars": [
                "\ue0d8"
            ]
        },
        {
            "type": "bitmap",
            "file": "happyhud:font/assets/skills/enigma/icon_enigma_runequakepropulsion.png",
            "height": 32,
            "ascent": -117500,
            "chars": [
                "\ue0d9"
            ]
        },
        {
            "type": "bitmap",
            "file": "happyhud:font/assets/skills/resonance/icon_resonance_piercingtone.png",
            "height": 30,
            "ascent": -117500,
            "chars": [
                "\ue0da"
            ]
        },
        {
            "type": "bitmap",
            "file": "happyhud:font/assets/skills/command/icon_command_bannercharge.png",
            "height": 29,
            "ascent": -117500,
            "chars": [
                "\ue0db"
            ]
        },
        {
            "type": "bitmap",
            "file": "happyhud:font/assets/skills/fury/icon_fury_concussiveclap.png",
            "height": 32,
            "ascent": -117500,
            "chars": [
                "\ue0dc"
            ]
        },
        {
            "type": "bitmap",
            "file": "happyhud:font/assets/skills/resonance/icon_resonance_boundlessballad.png",
            "height": 30,
            "ascent": -117500,
            "chars": [
                "\ue0dd"
            ]
        },
        {
            "type": "bitmap",
            "file": "happyhud:font/assets/skills/vigilance/icon_guile_bolatoss.png",
            "height": 31,
            "ascent": -117500,
            "chars": [
                "\ue0de"
            ]
        },
        {
            "type": "bitmap",
            "file": "happyhud:font/assets/skills/command/icon_command_hammerdown.png",
            "height": 30,
            "ascent": -117500,
            "chars": [
                "\ue0df"
            ]
        },
        {
            "type": "bitmap",
            "file": "happyhud:font/assets/skills/command/icon_command_sustainedfortitude.png",
            "height": 29,
            "ascent": -117500,
            "chars": [
                "\ue0e0"
            ]
        },
        {
            "type": "bitmap",
            "file": "happyhud:font/assets/skills/vigilance/icon_guile_honeypot.png",
            "height": 29,
            "ascent": -117500,
            "chars": [
                "\ue0e1"
            ]
        },
        {
            "type": "bitmap",
            "file": "happyhud:font/assets/skills/valor/icon_valor_riposte.png",
            "height": 31,
            "ascent": -117500,
            "chars": [
                "\ue0e2"
            ]
        },
        {
            "type": "bitmap",
            "file": "happyhud:font/assets/skills/enigma/icon_enigma_runiclance.png",
            "height": 32,
            "ascent": -117500,
            "chars": [
                "\ue0e3"
            ]
        },
        {
            "type": "bitmap",
            "file": "happyhud:font/assets/skills/command/icon_command_battlelinebulwark.png",
            "height": 30,
            "ascent": -117500,
            "chars": [
                "\ue0e4"
            ]
        },
        {
            "type": "bitmap",
            "file": "happyhud:font/assets/skills/guile/icon_guile_vapourvault.png",
            "height": 32,
            "ascent": -117500,
            "chars": [
                "\ue0e5"
            ]
        },
        {
            "type": "bitmap",
            "file": "happyhud:font/assets/skills/fury/icon_fury_recklesszealotry.png",
            "height": 32,
            "ascent": -117500,
            "chars": [
                "\ue0e6"
            ]
        },
        {
            "type": "bitmap",
            "file": "happyhud:font/assets/skills/valor/icon_valor_piercingstrike.png",
            "height": 30,
            "ascent": -117500,
            "chars": [
                "\ue0e7"
            ]
        },
        {
            "type": "bitmap",
            "file": "happyhud:font/assets/skills/daring/icon_daring_lockandload.png",
            "height": 30,
            "ascent": -117500,
            "chars": [
                "\ue0e8"
            ]
        },
        {
            "type": "bitmap",
            "file": "happyhud:font/assets/skills/fury/icon_fury_furioussurge.png",
            "height": 32,
            "ascent": -117500,
            "chars": [
                "\ue0e9"
            ]
        },
        {
            "type": "bitmap",
            "file": "happyhud:font/assets/skills/guile/icon_guile_haveatit.png",
            "height": 32,
            "ascent": -117500,
            "chars": [
                "\ue0ea"
            ]
        },
        {
            "type": "bitmap",
            "file": "happyhud:font/assets/skills/enigma/icon_enigma_transposition.png",
            "height": 32,
            "ascent": -117500,
            "chars": [
                "\ue0eb"
            ]
        },
        {
            "type": "bitmap",
            "file": "happyhud:font/assets/skills/valor/icon_valor_dashingstrike.png",
            "height": 30,
            "ascent": -117500,
            "chars": [
                "\ue0ec"
            ]
        },
        {
            "type": "bitmap",
            "file": "happyhud:font/assets/skills/valor/icon_valor_bladework.png",
            "height": 29,
            "ascent": -117500,
            "chars": [
                "\ue0ed"
            ]
        },
        {
            "type": "bitmap",
            "file": "happyhud:font/assets/skills/guile/icon_guile_instantrelief.png",
            "height": 32,
            "ascent": -117500,
            "chars": [
                "\ue0ee"
            ]
        },
        {
            "type": "bitmap",
            "file": "happyhud:font/assets/skills/vigilance/icon_vigilance_revealprey.png",
            "height": 28,
            "ascent": -117500,
            "chars": [
                "\ue0ef"
            ]
        },
        {
            "type": "bitmap",
            "file": "happyhud:font/assets/skills/fury/icon_fury_strifeandfury.png",
            "height": 32,
            "ascent": -117500,
            "chars": [
                "\ue0f0"
            ]
        },
        {
            "type": "bitmap",
            "file": "happyhud:font/assets/skills/daring/icon_daring_deathfromabove.png",
            "height": 29,
            "ascent": -117500,
            "chars": [
                "\ue0f1"
            ]
        },
        {
            "type": "bitmap",
            "file": "happyhud:font/assets/skills/guile/icon_guile_unstablecurative.png",
            "height": 30,
            "ascent": -117500,
            "chars": [
                "\ue0f2"
            ]
        },
        {
            "type": "bitmap",
            "file": "happyhud:font/assets/skills/daring/icon_daring_smokescreen.png",
            "height": 30,
            "ascent": -117500,
            "chars": [
                "\ue0f3"
            ]
        },
        {
            "type": "bitmap",
            "file": "happyhud:font/assets/skills/command/icon_command_pennantpullback.png",
            "height": 31,
            "ascent": -117500,
            "chars": [
                "\ue0f4"
            ]
        },
        {
            "type": "bitmap",
            "file": "happyhud:font/assets/skills/command/icon_command_banneramplify.png",
            "height": 29,
            "ascent": -117500,
            "chars": [
                "\ue0f5"
            ]
        },
        {
            "type": "bitmap",
            "file": "happyhud:font/assets/skills/resonance/icon_resonance_helpfulhymn.png",
            "height": 29,
            "ascent": -117500,
            "chars": [
                "\ue0f6"
            ]
        },
        {
            "type": "bitmap",
            "file": "happyhud:font/assets/skills/vigilance/icon_vigilance_hunterssense.png",
            "height": 28,
            "ascent": -117500,
            "chars": [
                "\ue0f7"
            ]
        },
        {
            "type": "bitmap",
            "file": "happyhud:font/assets/skills/enigma/icon_enigma_runestorm.png",
            "height": 32,
            "ascent": -117500,
            "chars": [
                "\ue0f8"
            ]
        },
        {
            "type": "bitmap",
            "file": "happyhud:font/assets/skills/resonance/icon_resonance_lullaby.png",
            "height": 28,
            "ascent": -117500,
            "chars": [
                "\ue0f9"
            ]
        },
        {
            "type": "bitmap",
            "file": "happyhud:font/assets/skills/valor/icon_valor_utmostattention.png",
            "height": 30,
            "ascent": -117500,
            "chars": [
                "\ue0fa"
            ]
        },
        {
            "type": "bitmap",
            "file": "happyhud:font/assets/skills/resonance/icon_resonance_boomingbellow.png",
            "height": 28,
            "ascent": -117500,
            "chars": [
                "\ue0fb"
            ]
        },
        {
            "type": "bitmap",
            "file": "happyhud:font/assets/skills/vigilance/icon_vigilance_grapplingshot.png",
            "height": 30,
            "ascent": -117500,
            "chars": [
                "\ue0fc"
            ]
        },
        {
            "type": "bitmap",
            "file": "happyhud:font/assets/skills/daring/icon_daring_shotandsteel.png",
            "height": 30,
            "ascent": -117500,
            "chars": [
                "\ue0fd"
            ]
        },
        {
            "type": "bitmap",
            "file": "happyhud:font/assets/lumentest/skill_number_3.png",
            "height": 13,
            "ascent": -120500,
            "chars": [
                "\ue0fe"
            ]
        },
        {
            "type": "bitmap",
            "file": "happyhud:font/assets/lumentest/skill_number_2.png",
            "height": 13,
            "ascent": -120500,
            "chars": [
                "\ue0ff"
            ]
        },
        {
            "type": "bitmap",
            "file": "happyhud:font/assets/skills/daring/icon_daring_slidingslash.png",
            "height": 29,
            "ascent": -121500,
            "chars": [
                "\ue100"
            ]
        },
        {
            "type": "bitmap",
            "file": "happyhud:font/assets/skills/enigma/icon_enigma_transfiguration.png",
            "height": 32,
            "ascent": -121500,
            "chars": [
                "\ue101"
            ]
        },
        {
            "type": "bitmap",
            "file": "happyhud:font/assets/skills/no_skill.png",
            "height": 32,
            "ascent": -121500,
            "chars": [
                "\ue102"
            ]
        },
        {
            "type": "bitmap",
            "file": "happyhud:font/assets/skills/valor/icon_valor_divideandconquer.png",
            "height": 32,
            "ascent": -121500,
            "chars": [
                "\ue103"
            ]
        },
        {
            "type": "bitmap",
            "file": "happyhud:font/assets/skills/guile/icon_guile_dreadnaughtdraught.png",
            "height": 32,
            "ascent": -121500,
            "chars": [
                "\ue104"
            ]
        },
        {
            "type": "bitmap",
            "file": "happyhud:font/assets/skills/daring/icon_daring_sinfulshadow.png",
            "height": 29,
            "ascent": -121500,
            "chars": [
                "\ue105"
            ]
        },
        {
            "type": "bitmap",
            "file": "happyhud:font/assets/skills/fury/icon_fury_fistofagavres.png",
            "height": 32,
            "ascent": -121500,
            "chars": [
                "\ue106"
            ]
        },
        {
            "type": "bitmap",
            "file": "happyhud:font/assets/skills/enigma/icon_enigma_runerupture.png",
            "height": 32,
            "ascent": -121500,
            "chars": [
                "\ue107"
            ]
        },
        {
            "type": "bitmap",
            "file": "happyhud:font/assets/skills/resonance/icon_resonance_warcant.png",
            "height": 31,
            "ascent": -121500,
            "chars": [
                "\ue108"
            ]
        },
        {
            "type": "bitmap",
            "file": "happyhud:font/assets/skills/vigilance/icon_vigilance_seekandsunder.png",
            "height": 31,
            "ascent": -121500,
            "chars": [
                "\ue109"
            ]
        },
        {
            "type": "bitmap",
            "file": "happyhud:font/assets/skills/guile/icon_guile_malignanthaze.png",
            "height": 32,
            "ascent": -121500,
            "chars": [
                "\ue10a"
            ]
        },
        {
            "type": "bitmap",
            "file": "happyhud:font/assets/skills/fury/icon_fury_fistofvitality.png",
            "height": 32,
            "ascent": -121500,
            "chars": [
                "\ue10b"
            ]
        },
        {
            "type": "bitmap",
            "file": "happyhud:font/assets/skills/enigma/icon_enigma_runequakepropulsion.png",
            "height": 32,
            "ascent": -121500,
            "chars": [
                "\ue10c"
            ]
        },
        {
            "type": "bitmap",
            "file": "happyhud:font/assets/skills/resonance/icon_resonance_piercingtone.png",
            "height": 30,
            "ascent": -121500,
            "chars": [
                "\ue10d"
            ]
        },
        {
            "type": "bitmap",
            "file": "happyhud:font/assets/skills/command/icon_command_bannercharge.png",
            "height": 29,
            "ascent": -121500,
            "chars": [
                "\ue10e"
            ]
        },
        {
            "type": "bitmap",
            "file": "happyhud:font/assets/skills/fury/icon_fury_concussiveclap.png",
            "height": 32,
            "ascent": -121500,
            "chars": [
                "\ue10f"
            ]
        },
        {
            "type": "bitmap",
            "file": "happyhud:font/assets/skills/resonance/icon_resonance_boundlessballad.png",
            "height": 30,
            "ascent": -121500,
            "chars": [
                "\ue110"
            ]
        },
        {
            "type": "bitmap",
            "file": "happyhud:font/assets/skills/vigilance/icon_guile_bolatoss.png",
            "height": 31,
            "ascent": -121500,
            "chars": [
                "\ue111"
            ]
        },
        {
            "type": "bitmap",
            "file": "happyhud:font/assets/skills/command/icon_command_hammerdown.png",
            "height": 30,
            "ascent": -121500,
            "chars": [
                "\ue112"
            ]
        },
        {
            "type": "bitmap",
            "file": "happyhud:font/assets/skills/command/icon_command_sustainedfortitude.png",
            "height": 29,
            "ascent": -121500,
            "chars": [
                "\ue113"
            ]
        },
        {
            "type": "bitmap",
            "file": "happyhud:font/assets/skills/vigilance/icon_guile_honeypot.png",
            "height": 29,
            "ascent": -121500,
            "chars": [
                "\ue114"
            ]
        },
        {
            "type": "bitmap",
            "file": "happyhud:font/assets/skills/valor/icon_valor_riposte.png",
            "height": 31,
            "ascent": -121500,
            "chars": [
                "\ue115"
            ]
        },
        {
            "type": "bitmap",
            "file": "happyhud:font/assets/skills/enigma/icon_enigma_runiclance.png",
            "height": 32,
            "ascent": -121500,
            "chars": [
                "\ue116"
            ]
        },
        {
            "type": "bitmap",
            "file": "happyhud:font/assets/skills/command/icon_command_battlelinebulwark.png",
            "height": 30,
            "ascent": -121500,
            "chars": [
                "\ue117"
            ]
        },
        {
            "type": "bitmap",
            "file": "happyhud:font/assets/skills/guile/icon_guile_vapourvault.png",
            "height": 32,
            "ascent": -121500,
            "chars": [
                "\ue118"
            ]
        },
        {
            "type": "bitmap",
            "file": "happyhud:font/assets/skills/fury/icon_fury_recklesszealotry.png",
            "height": 32,
            "ascent": -121500,
            "chars": [
                "\ue119"
            ]
        },
        {
            "type": "bitmap",
            "file": "happyhud:font/assets/skills/valor/icon_valor_piercingstrike.png",
            "height": 30,
            "ascent": -121500,
            "chars": [
                "\ue11a"
            ]
        },
        {
            "type": "bitmap",
            "file": "happyhud:font/assets/skills/daring/icon_daring_lockandload.png",
            "height": 30,
            "ascent": -121500,
            "chars": [
                "\ue11b"
            ]
        },
        {
            "type": "bitmap",
            "file": "happyhud:font/assets/skills/fury/icon_fury_furioussurge.png",
            "height": 32,
            "ascent": -121500,
            "chars": [
                "\ue11c"
            ]
        },
        {
            "type": "bitmap",
            "file": "happyhud:font/assets/skills/guile/icon_guile_haveatit.png",
            "height": 32,
            "ascent": -121500,
            "chars": [
                "\ue11d"
            ]
        },
        {
            "type": "bitmap",
            "file": "happyhud:font/assets/skills/enigma/icon_enigma_transposition.png",
            "height": 32,
            "ascent": -121500,
            "chars": [
                "\ue11e"
            ]
        },
        {
            "type": "bitmap",
            "file": "happyhud:font/assets/skills/valor/icon_valor_dashingstrike.png",
            "height": 30,
            "ascent": -121500,
            "chars": [
                "\ue11f"
            ]
        },
        {
            "type": "bitmap",
            "file": "happyhud:font/assets/skills/valor/icon_valor_bladework.png",
            "height": 29,
            "ascent": -121500,
            "chars": [
                "\ue120"
            ]
        },
        {
            "type": "bitmap",
            "file": "happyhud:font/assets/skills/guile/icon_guile_instantrelief.png",
            "height": 32,
            "ascent": -121500,
            "chars": [
                "\ue121"
            ]
        },
        {
            "type": "bitmap",
            "file": "happyhud:font/assets/skills/vigilance/icon_vigilance_revealprey.png",
            "height": 28,
            "ascent": -121500,
            "chars": [
                "\ue122"
            ]
        },
        {
            "type": "bitmap",
            "file": "happyhud:font/assets/skills/fury/icon_fury_strifeandfury.png",
            "height": 32,
            "ascent": -121500,
            "chars": [
                "\ue123"
            ]
        },
        {
            "type": "bitmap",
            "file": "happyhud:font/assets/skills/daring/icon_daring_deathfromabove.png",
            "height": 29,
            "ascent": -121500,
            "chars": [
                "\ue124"
            ]
        },
        {
            "type": "bitmap",
            "file": "happyhud:font/assets/skills/guile/icon_guile_unstablecurative.png",
            "height": 30,
            "ascent": -121500,
            "chars": [
                "\ue125"
            ]
        },
        {
            "type": "bitmap",
            "file": "happyhud:font/assets/skills/daring/icon_daring_smokescreen.png",
            "height": 30,
            "ascent": -121500,
            "chars": [
                "\ue126"
            ]
        },
        {
            "type": "bitmap",
            "file": "happyhud:font/assets/skills/command/icon_command_pennantpullback.png",
            "height": 31,
            "ascent": -121500,
            "chars": [
                "\ue127"
            ]
        },
        {
            "type": "bitmap",
            "file": "happyhud:font/assets/skills/command/icon_command_banneramplify.png",
            "height": 29,
            "ascent": -121500,
            "chars": [
                "\ue128"
            ]
        },
        {
            "type": "bitmap",
            "file": "happyhud:font/assets/skills/resonance/icon_resonance_helpfulhymn.png",
            "height": 29,
            "ascent": -121500,
            "chars": [
                "\ue129"
            ]
        },
        {
            "type": "bitmap",
            "file": "happyhud:font/assets/skills/vigilance/icon_vigilance_hunterssense.png",
            "height": 28,
            "ascent": -121500,
            "chars": [
                "\ue12a"
            ]
        },
        {
            "type": "bitmap",
            "file": "happyhud:font/assets/skills/enigma/icon_enigma_runestorm.png",
            "height": 32,
            "ascent": -121500,
            "chars": [
                "\ue12b"
            ]
        },
        {
            "type": "bitmap",
            "file": "happyhud:font/assets/skills/resonance/icon_resonance_lullaby.png",
            "height": 28,
            "ascent": -121500,
            "chars": [
                "\ue12c"
            ]
        },
        {
            "type": "bitmap",
            "file": "happyhud:font/assets/skills/valor/icon_valor_utmostattention.png",
            "height": 30,
            "ascent": -121500,
            "chars": [
                "\ue12d"
            ]
        },
        {
            "type": "bitmap",
            "file": "happyhud:font/assets/skills/resonance/icon_resonance_boomingbellow.png",
            "height": 28,
            "ascent": -121500,
            "chars": [
                "\ue12e"
            ]
        },
        {
            "type": "bitmap",
            "file": "happyhud:font/assets/skills/vigilance/icon_vigilance_grapplingshot.png",
            "height": 30,
            "ascent": -121500,
            "chars": [
                "\ue12f"
            ]
        },
        {
            "type": "bitmap",
            "file": "happyhud:font/assets/skills/daring/icon_daring_shotandsteel.png",
            "height": 30,
            "ascent": -121500,
            "chars": [
                "\ue130"
            ]
        },
        {
            "type": "bitmap",
            "file": "happyhud:font/assets/lumentest/skill_number_2.png",
            "height": 13,
            "ascent": -124500,
            "chars": [
                "\ue131"
            ]
        },
        {
            "type": "bitmap",
            "file": "happyhud:font/assets/lumentest/skill_number_empty.png",
            "height": 13,
            "ascent": -124500,
            "chars": [
                "\ue132"
            ]
        },
        {
            "type": "bitmap",
            "file": "happyhud:font/assets/lumentest/skill_number_1.png",
            "height": 13,
            "ascent": -124500,
            "chars": [
                "\ue133"
            ]
        },
        {
            "type": "bitmap",
            "file": "happyhud:font/assets/lumentest/health_bar.png",
            "height": 14,
            "ascent": -125500,
            "chars": [
                "\ue134"
            ]
        },
        {
            "type": "bitmap",
            "file": "happyhud:font/assets/lumentest/energy_bar_full/horizontal/15/1.png",
            "height": 12,
            "ascent": -126500,
            "chars": [
                "\ue135"
            ]
        },
        {
            "type": "bitmap",
            "file": "happyhud:font/assets/lumentest/energy_bar_full/horizontal/15/2.png",
            "height": 12,
            "ascent": -126500,
            "chars": [
                "\ue136"
            ]
        },
        {
            "type": "bitmap",
            "file": "happyhud:font/assets/lumentest/energy_bar_full/horizontal/15/3.png",
            "height": 12,
            "ascent": -126500,
            "chars": [
                "\ue137"
            ]
        },
        {
            "type": "bitmap",
            "file": "happyhud:font/assets/lumentest/energy_bar_full/horizontal/15/4.png",
            "height": 12,
            "ascent": -126500,
            "chars": [
                "\ue138"
            ]
        },
        {
            "type": "bitmap",
            "file": "happyhud:font/assets/lumentest/energy_bar_full/horizontal/15/5.png",
            "height": 12,
            "ascent": -126500,
            "chars": [
                "\ue139"
            ]
        },
        {
            "type": "bitmap",
            "file": "happyhud:font/assets/lumentest/energy_bar_full/horizontal/15/6.png",
            "height": 12,
            "ascent": -126500,
            "chars": [
                "\ue13a"
            ]
        },
        {
            "type": "bitmap",
            "file": "happyhud:font/assets/lumentest/energy_bar_full/horizontal/15/7.png",
            "height": 12,
            "ascent": -126500,
            "chars": [
                "\ue13b"
            ]
        },
        {
            "type": "bitmap",
            "file": "happyhud:font/assets/lumentest/energy_bar_full/horizontal/15/8.png",
            "height": 12,
            "ascent": -126500,
            "chars": [
                "\ue13c"
            ]
        },
        {
            "type": "bitmap",
            "file": "happyhud:font/assets/lumentest/energy_bar_full/horizontal/15/9.png",
            "height": 12,
            "ascent": -126500,
            "chars": [
                "\ue13d"
            ]
        },
        {
            "type": "bitmap",
            "file": "happyhud:font/assets/lumentest/energy_bar_full/horizontal/15/10.png",
            "height": 12,
            "ascent": -126500,
            "chars": [
                "\ue13e"
            ]
        },
        {
            "type": "bitmap",
            "file": "happyhud:font/assets/lumentest/energy_bar_full/horizontal/15/11.png",
            "height": 12,
            "ascent": -126500,
            "chars": [
                "\ue13f"
            ]
        },
        {
            "type": "bitmap",
            "file": "happyhud:font/assets/lumentest/energy_bar_full/horizontal/15/12.png",
            "height": 12,
            "ascent": -126500,
            "chars": [
                "\ue140"
            ]
        },
        {
            "type": "bitmap",
            "file": "happyhud:font/assets/lumentest/energy_bar_full/horizontal/15/13.png",
            "height": 12,
            "ascent": -126500,
            "chars": [
                "\ue141"
            ]
        },
        {
            "type": "bitmap",
            "file": "happyhud:font/assets/lumentest/energy_bar_full/horizontal/15/14.png",
            "height": 12,
            "ascent": -126500,
            "chars": [
                "\ue142"
            ]
        },
        {
            "type": "bitmap",
            "file": "happyhud:font/assets/lumentest/energy_bar_full/horizontal/15/15.png",
            "height": 12,
            "ascent": -126500,
            "chars": [
                "\ue143"
            ]
        },
        {
            "type": "bitmap",
            "file": "happyhud:font/assets/lumentest/health_bar.png",
            "height": 14,
            "ascent": -129500,
            "chars": [
                "\ue144"
            ]
        },
        {
            "type": "bitmap",
            "file": "happyhud:font/assets/lumentest/health_bar_full/horizontal/15/1.png",
            "height": 12,
            "ascent": -130500,
            "chars": [
                "\ue145"
            ]
        },
        {
            "type": "bitmap",
            "file": "happyhud:font/assets/lumentest/health_bar_full/horizontal/15/2.png",
            "height": 12,
            "ascent": -130500,
            "chars": [
                "\ue146"
            ]
        },
        {
            "type": "bitmap",
            "file": "happyhud:font/assets/lumentest/health_bar_full/horizontal/15/3.png",
            "height": 12,
            "ascent": -130500,
            "chars": [
                "\ue147"
            ]
        },
        {
            "type": "bitmap",
            "file": "happyhud:font/assets/lumentest/health_bar_full/horizontal/15/4.png",
            "height": 12,
            "ascent": -130500,
            "chars": [
                "\ue148"
            ]
        },
        {
            "type": "bitmap",
            "file": "happyhud:font/assets/lumentest/health_bar_full/horizontal/15/5.png",
            "height": 12,
            "ascent": -130500,
            "chars": [
                "\ue149"
            ]
        },
        {
            "type": "bitmap",
            "file": "happyhud:font/assets/lumentest/health_bar_full/horizontal/15/6.png",
            "height": 12,
            "ascent": -130500,
            "chars": [
                "\ue14a"
            ]
        },
        {
            "type": "bitmap",
            "file": "happyhud:font/assets/lumentest/health_bar_full/horizontal/15/7.png",
            "height": 12,
            "ascent": -130500,
            "chars": [
                "\ue14b"
            ]
        },
        {
            "type": "bitmap",
            "file": "happyhud:font/assets/lumentest/health_bar_full/horizontal/15/8.png",
            "height": 12,
            "ascent": -130500,
            "chars": [
                "\ue14c"
            ]
        },
        {
            "type": "bitmap",
            "file": "happyhud:font/assets/lumentest/health_bar_full/horizontal/15/9.png",
            "height": 12,
            "ascent": -130500,
            "chars": [
                "\ue14d"
            ]
        },
        {
            "type": "bitmap",
            "file": "happyhud:font/assets/lumentest/health_bar_full/horizontal/15/10.png",
            "height": 12,
            "ascent": -130500,
            "chars": [
                "\ue14e"
            ]
        },
        {
            "type": "bitmap",
            "file": "happyhud:font/assets/lumentest/health_bar_full/horizontal/15/11.png",
            "height": 12,
            "ascent": -130500,
            "chars": [
                "\ue14f"
            ]
        },
        {
            "type": "bitmap",
            "file": "happyhud:font/assets/lumentest/health_bar_full/horizontal/15/12.png",
            "height": 12,
            "ascent": -130500,
            "chars": [
                "\ue150"
            ]
        },
        {
            "type": "bitmap",
            "file": "happyhud:font/assets/lumentest/health_bar_full/horizontal/15/13.png",
            "height": 12,
            "ascent": -130500,
            "chars": [
                "\ue151"
            ]
        },
        {
            "type": "bitmap",
            "file": "happyhud:font/assets/lumentest/health_bar_full/horizontal/15/14.png",
            "height": 12,
            "ascent": -130500,
            "chars": [
                "\ue152"
            ]
        },
        {
            "type": "bitmap",
            "file": "happyhud:font/assets/lumentest/health_bar_full/horizontal/15/15.png",
            "height": 12,
            "ascent": -130500,
            "chars": [
                "\ue153"
            ]
        }
    ]
}