{"textures":{"0":"modelengine:entity/skeletons_overgrowth_me","1":"modelengine:entity/battery_bone_pile"},"elements":[{"from":[2.0,7.0,9.0],"to":[23.0,9.0,11.0],"faces":{"east":{"uv":[14.0,0.0,15.0,1.0],"tintindex":0,"rotation":90,"texture":"#1"},"south":{"uv":[14.0,0.0,15.0,10.5],"tintindex":0,"rotation":270,"texture":"#1"},"north":{"uv":[14.0,0.0,15.0,10.5],"tintindex":0,"rotation":90,"texture":"#1"},"west":{"uv":[14.0,0.0,15.0,1.0],"tintindex":0,"rotation":90,"texture":"#1"},"up":{"uv":[14.0,0.0,15.0,10.5],"tintindex":0,"rotation":270,"texture":"#1"},"down":{"uv":[14.0,0.0,15.0,10.5],"tintindex":0,"rotation":270,"texture":"#1"}},"rotation":{"origin":[23.0,24.0,8.0],"angle":22.5,"axis":"y"}},{"from":[1.99,6.99,9.49],"to":[5.01,10.01,11.51],"faces":{"east":{"uv":[12.5,0.0,14.0,1.0],"tintindex":0,"rotation":90,"texture":"#1"},"south":{"uv":[12.5,0.0,14.0,1.5],"tintindex":0,"rotation":270,"texture":"#1"},"north":{"uv":[12.5,0.0,14.0,1.5],"tintindex":0,"rotation":90,"texture":"#1"},"west":{"uv":[12.5,0.0,14.0,1.0],"tintindex":0,"rotation":90,"texture":"#1"},"up":{"uv":[12.5,0.0,13.5,1.5],"tintindex":0,"rotation":270,"texture":"#1"},"down":{"uv":[12.5,0.0,13.5,1.5],"tintindex":0,"rotation":270,"texture":"#1"}},"rotation":{"origin":[23.0,24.0,8.0],"angle":22.5,"axis":"y"}},{"from":[5.0,9.0,9.0],"to":[9.0,10.0,11.0],"faces":{"east":{"uv":[0.0,14.25,0.5,14.5],"tintindex":0,"rotation":0,"texture":"#0"},"south":{"uv":[1.0,14.75,2.0,15.0],"tintindex":0,"rotation":0,"texture":"#0"},"north":{"uv":[1.0,14.75,2.0,15.0],"tintindex":0,"rotation":0,"texture":"#0"},"west":{"uv":[0.0,14.25,0.5,14.5],"tintindex":0,"rotation":0,"texture":"#0"},"up":{"uv":[2.0,15.25,1.0,14.75],"tintindex":0,"rotation":0,"texture":"#0"},"down":{"uv":[2.0,14.75,1.0,15.25],"tintindex":0,"rotation":0,"texture":"#0"}},"rotation":{"origin":[8.0,8.0,8.0],"angle":45.0,"axis":"y"}},{"from":[7.9,7.9,6.9],"to":[16.1,15.1,13.1],"faces":{"east":{"uv":[2.0,8.0,3.5,9.75],"tintindex":0,"rotation":0,"texture":"#0"},"south":{"uv":[0.0,7.25,2.0,9.0],"tintindex":0,"rotation":0,"texture":"#0"},"north":{"uv":[0.0,9.0,2.0,10.75],"tintindex":0,"rotation":0,"texture":"#0"},"west":{"uv":[3.5,8.0,2.0,9.75],"tintindex":0,"rotation":0,"texture":"#0"},"up":{"uv":[4.0,6.75,2.0,8.0],"tintindex":0,"rotation":0,"texture":"#0"},"down":{"uv":[4.0,8.0,2.0,6.75],"tintindex":0,"rotation":0,"texture":"#0"}},"rotation":{"origin":[14.0,24.0,10.0],"angle":-22.5,"axis":"x"}},{"from":[8.0,8.0,7.0],"to":[16.0,15.0,13.0],"faces":{"east":{"uv":[6.75,14.25,5.25,16.0],"tintindex":0,"rotation":0,"texture":"#0"},"south":{"uv":[3.5,14.25,5.5,16.0],"tintindex":0,"rotation":0,"texture":"#0"},"north":{"uv":[3.5,14.25,5.5,16.0],"tintindex":0,"rotation":0,"texture":"#0"},"west":{"uv":[5.25,14.25,6.75,16.0],"tintindex":0,"rotation":0,"texture":"#0"},"up":{"uv":[5.5,14.5,3.5,13.0],"tintindex":0,"rotation":0,"texture":"#0"},"down":{"uv":[5.5,13.0,3.5,14.5],"tintindex":0,"rotation":0,"texture":"#0"}},"rotation":{"origin":[14.0,24.0,10.0],"angle":-22.5,"axis":"x"}},{"from":[5.0,7.0,6.0],"to":[9.0,9.0,11.0],"faces":{"east":{"uv":[0.0,14.25,1.25,14.75],"tintindex":0,"rotation":0,"texture":"#0"},"south":{"uv":[0.0,14.75,1.0,15.25],"tintindex":0,"rotation":0,"texture":"#0"},"north":{"uv":[1.25,14.25,2.25,14.75],"tintindex":0,"rotation":0,"texture":"#0"},"west":{"uv":[1.25,14.25,0.0,14.75],"tintindex":0,"rotation":0,"texture":"#0"},"up":{"uv":[1.0,16.0,0.0,14.75],"tintindex":0,"rotation":0,"texture":"#0"},"down":{"uv":[2.0,14.75,1.0,16.0],"tintindex":0,"rotation":0,"texture":"#0"}},"rotation":{"origin":[8.0,8.0,8.0],"angle":45.0,"axis":"y"}},{"from":[20.99,6.99,9.99],"to":[23.01,10.01,12.01],"faces":{"east":{"uv":[12.5,1.5,14.0,0.5],"tintindex":0,"rotation":90,"texture":"#1"},"south":{"uv":[14.0,1.5,12.5,0.5],"tintindex":0,"rotation":270,"texture":"#1"},"north":{"uv":[12.5,0.5,14.0,1.5],"tintindex":0,"rotation":90,"texture":"#1"},"west":{"uv":[12.5,0.5,14.0,1.5],"tintindex":0,"rotation":90,"texture":"#1"},"up":{"uv":[12.5,0.0,13.5,1.0],"tintindex":0,"rotation":270,"texture":"#1"},"down":{"uv":[12.5,1.0,13.5,0.0],"tintindex":0,"rotation":270,"texture":"#1"}},"rotation":{"origin":[23.0,24.0,8.0],"angle":22.5,"axis":"y"}},{"from":[12.0,9.0,7.9],"to":[14.0,16.0,10.9],"faces":{"east":{"uv":[0.0,10.75,0.75,12.5],"tintindex":0,"rotation":0,"texture":"#0"},"south":{"uv":[0.75,10.75,1.25,12.5],"tintindex":0,"rotation":0,"texture":"#0"},"north":{"uv":[0.75,10.75,1.25,12.5],"tintindex":0,"rotation":0,"texture":"#0"},"west":{"uv":[0.0,10.75,0.75,12.5],"tintindex":0,"rotation":0,"texture":"#0"},"up":{"uv":[2.5,10.75,2.0,10.0],"tintindex":0,"rotation":0,"texture":"#0"},"down":{"uv":[2.5,10.0,2.0,10.75],"tintindex":0,"rotation":0,"texture":"#0"}},"rotation":{"origin":[13.0,24.0,10.0],"angle":-22.5,"axis":"z"}}],"display":{"gui":{"rotation":[30,225,0]}}}