{"textures":{"0":"modelengine:entity/skeletons_overgrowth_me"},"elements":[{"from":[4.7999997,8.200001,3.1],"to":[7.6,12.0,3.9],"faces":{"east":{"uv":[2.75,13.5,3.0,14.5],"tintindex":0,"rotation":0,"texture":"#0"},"south":{"uv":[2.75,13.5,3.5,14.5],"tintindex":0,"rotation":0,"texture":"#0"},"north":{"uv":[2.75,14.25,3.0,14.5],"tintindex":0,"rotation":0,"texture":"#0"},"west":{"uv":[3.25,13.5,3.5,14.5],"tintindex":0,"rotation":0,"texture":"#0"},"up":{"uv":[3.5,13.75,2.75,13.5],"tintindex":0,"rotation":0,"texture":"#0"},"down":{"uv":[3.5,13.5,2.75,13.75],"tintindex":0,"rotation":0,"texture":"#0"}}},{"from":[8.400001,8.200001,3.1],"to":[11.2,12.0,3.9],"faces":{"east":{"uv":[2.75,13.5,3.0,14.5],"tintindex":0,"rotation":0,"texture":"#0"},"south":{"uv":[2.75,13.5,3.5,14.5],"tintindex":0,"rotation":0,"texture":"#0"},"north":{"uv":[2.75,14.25,3.0,14.5],"tintindex":0,"rotation":0,"texture":"#0"},"west":{"uv":[3.25,13.5,3.5,14.5],"tintindex":0,"rotation":0,"texture":"#0"},"up":{"uv":[3.5,13.75,2.75,13.5],"tintindex":0,"rotation":0,"texture":"#0"},"down":{"uv":[3.5,13.5,2.75,13.75],"tintindex":0,"rotation":0,"texture":"#0"}}},{"from":[4.0,8.0,3.0],"to":[12.0,14.0,12.0],"faces":{"east":{"uv":[4.25,2.25,2.0,3.75],"tintindex":0,"rotation":0,"texture":"#0"},"south":{"uv":[0.0,3.75,2.0,5.25],"tintindex":0,"rotation":0,"texture":"#0"},"north":{"uv":[0.0,2.25,2.0,3.75],"tintindex":0,"rotation":0,"texture":"#0"},"west":{"uv":[2.0,2.25,4.25,3.75],"tintindex":0,"rotation":0,"texture":"#0"},"up":{"uv":[2.0,2.25,0.0,0.0],"tintindex":0,"rotation":0,"texture":"#0"},"down":{"uv":[4.0,0.0,2.0,2.25],"tintindex":0,"rotation":0,"texture":"#0"}}},{"from":[6.0,7.0,3.0],"to":[10.0,8.0,6.0],"faces":{"east":{"uv":[2.0,9.75,2.75,10.0],"tintindex":0,"rotation":0,"texture":"#0"},"south":{"uv":[0.0,14.5,1.0,14.75],"tintindex":0,"rotation":0,"texture":"#0"},"north":{"uv":[2.75,9.75,3.75,10.0],"tintindex":0,"rotation":0,"texture":"#0"},"west":{"uv":[2.0,9.75,2.75,10.0],"tintindex":0,"rotation":0,"texture":"#0"},"up":{"uv":[1.0,15.5,0.0,14.75],"tintindex":0,"rotation":0,"texture":"#0"},"down":{"uv":[2.0,14.75,1.0,15.5],"tintindex":0,"rotation":0,"texture":"#0"}}}],"display":{"gui":{"rotation":[30,225,0]}}}