{"textures":{"0":"modelengine:entity/skeletons_overgrowth_me"},"elements":[{"from":[6.0,2.8000002,7.0],"to":[8.0,8.8,9.0],"faces":{"east":{"uv":[2.0,10.75,2.5,12.25],"tintindex":0,"rotation":0,"texture":"#0"},"south":{"uv":[3.25,10.75,3.75,12.25],"tintindex":0,"rotation":0,"texture":"#0"},"north":{"uv":[3.75,10.75,3.25,12.25],"tintindex":0,"rotation":0,"texture":"#0"},"west":{"uv":[2.0,10.75,2.5,12.25],"tintindex":0,"rotation":0,"texture":"#0"},"up":{"uv":[2.5,11.25,2.0,10.75],"tintindex":0,"rotation":0,"texture":"#0"},"down":{"uv":[3.75,10.75,3.25,11.25],"tintindex":0,"rotation":0,"texture":"#0"}}}],"display":{"gui":{"rotation":[30,225,0]}}}