{
    "variants": {
        "axis=x": [
            {
                "model": "block/chain_1",
                "x": 90,
                "y": 90
            },
            {
                "model": "block/chain_2",
                "x": 90,
                "y": 90
            },
            {
                "model": "block/chain_3",
                "x": 90,
                "y": 90
            },
            {
                "model": "block/chain_2",
                "x": 90,
                "y": 90
            },
            {
                "model": "block/chain_2",
                "x": 90,
                "y": 90
            }
        ],
        "axis=y": [
            {
                "model": "block/chain_1"
            },
            {
                "model": "block/chain_2"
            },
            {
                "model": "block/chain_3"
            },
            {
                "model": "block/chain_3"
            },
            {
                "model": "block/chain_3"
            }
        ],
        "axis=z": [
            {
                "model": "block/chain_1",
                "x": 90
            },
            {
                "model": "block/chain_2",
                "x": 90
            },
            {
                "model": "block/chain_3",
                "x": 90
            },
            {
                "model": "block/chain_3",
                "x": 90
            },
            {
                "model": "block/chain_3",
                "x": 90
            }
        ]
    }
}