{
    "variants": {
        "hanging=false": [
            {
                "model": "minecraft:block/lantern_1"
            },
            {
                "model": "minecraft:block/lantern_1",
                "y": 90
            },
            {
                "model": "minecraft:block/lantern_2"
            },
            {
                "model": "minecraft:block/lantern_2",
                "y": 90
            }
        ],
        "hanging=true": [
            {
                "model": "minecraft:block/lantern_hanging_1"
            },
            {
                "model": "minecraft:block/lantern_hanging_2"
            },
            {
                "model": "minecraft:block/lantern_hanging_3"
            }
        ]
    }
}