{
    "variants": {
        "type=bottom": [
            {
                "model": "block_random/smooth_stone_slab_0"
            },
            {
                "model": "block_random/smooth_stone_slab_1"
            },
            {
                "model": "block_random/smooth_stone_slab_2"
            },
            {
                "model": "block_random/smooth_stone_slab_3"
            },
            {
                "model": "block_random/smooth_stone_slab_4"
            },
            {
                "model": "block_random/smooth_stone_slab_5"
            }
        ],
        "type=top": [
            {
                "model": "block_random/smooth_stone_slab_top_0"
            },
            {
                "model": "block_random/smooth_stone_slab_top_1"
            },
            {
                "model": "block_random/smooth_stone_slab_top_2"
            },
            {
                "model": "block_random/smooth_stone_slab_top_3"
            },
            {
                "model": "block_random/smooth_stone_slab_top_4"
            },
            {
                "model": "block_random/smooth_stone_slab_top_5"
            }
        ],
        "type=double": [
            {
                "model": "block_random/smooth_stone_slab_d_0"
            },
            {
                "model": "block_random/smooth_stone_slab_d_1"
            },
            {
                "model": "block_random/smooth_stone_slab_d_2"
            },
            {
                "model": "block_random/smooth_stone_slab_d_3"
            },
            {
                "model": "block_random/smooth_stone_slab_d_4"
            },
            {
                "model": "block_random/smooth_stone_slab_d_5"
            }
        ]
    }
}