{"textures":{"0":"modelengine:entity/copper_crate_exposed"},"elements":[{"from":[3.0,16.0,13.0],"to":[13.0,17.0,15.0],"faces":{"east":{"uv":[1.0,1.5,2.0,2.0],"tintindex":0,"rotation":0,"texture":"#0"},"south":{"uv":[1.0,1.0,6.0,1.5],"tintindex":0,"rotation":0,"texture":"#0"},"north":{"uv":[1.0,1.5,6.0,2.0],"tintindex":0,"rotation":0,"texture":"#0"},"west":{"uv":[5.0,1.5,6.0,2.0],"tintindex":0,"rotation":0,"texture":"#0"},"up":{"uv":[6.0,8.5,1.0,7.5],"tintindex":0,"rotation":0,"texture":"#0"},"down":{"uv":[6.0,1.5,1.0,2.5],"tintindex":0,"rotation":0,"texture":"#0"}}},{"from":[3.0,16.0,1.0],"to":[13.0,17.0,3.0],"faces":{"east":{"uv":[1.0,1.5,2.0,2.0],"tintindex":0,"rotation":0,"texture":"#0"},"south":{"uv":[1.0,1.5,6.0,2.0],"tintindex":0,"rotation":0,"texture":"#0"},"north":{"uv":[1.0,1.0,6.0,1.5],"tintindex":0,"rotation":0,"texture":"#0"},"west":{"uv":[5.0,1.5,6.0,2.0],"tintindex":0,"rotation":0,"texture":"#0"},"up":{"uv":[6.0,8.5,1.0,7.5],"tintindex":0,"rotation":0,"texture":"#0"},"down":{"uv":[6.0,1.5,1.0,2.5],"tintindex":0,"rotation":0,"texture":"#0"}}},{"from":[13.0,10.0,13.0],"to":[15.0,16.0,15.0],"faces":{"east":{"uv":[0.0,1.5,1.0,4.5],"tintindex":0,"rotation":0,"texture":"#0"},"south":{"uv":[6.0,1.5,7.0,4.5],"tintindex":0,"rotation":0,"texture":"#0"},"north":{"uv":[0.0,1.5,1.0,4.5],"tintindex":0,"rotation":0,"texture":"#0"},"west":{"uv":[6.0,1.5,7.0,4.5],"tintindex":0,"rotation":0,"texture":"#0"},"up":{"uv":[16.0,16.0,14.0,14.0],"tintindex":0,"rotation":0,"texture":"#0"},"down":{"uv":[16.0,14.0,14.0,16.0],"tintindex":0,"rotation":0,"texture":"#0"}}},{"from":[2.0,8.0,2.0],"to":[14.0,16.0,14.0],"faces":{"east":{"uv":[0.5,1.5,6.5,5.5],"tintindex":0,"rotation":0,"texture":"#0"},"south":{"uv":[0.5,1.5,6.5,5.5],"tintindex":0,"rotation":0,"texture":"#0"},"north":{"uv":[0.5,1.5,6.5,5.5],"tintindex":0,"rotation":0,"texture":"#0"},"west":{"uv":[0.5,1.5,6.5,5.5],"tintindex":0,"rotation":0,"texture":"#0"},"up":{"uv":[14.0,16.0,8.0,10.0],"tintindex":0,"rotation":0,"texture":"#0"},"down":{"uv":[6.5,9.5,0.5,15.5],"tintindex":0,"rotation":0,"texture":"#0"}}},{"from":[13.0,16.0,1.0],"to":[15.0,17.0,15.0],"faces":{"east":{"uv":[0.0,7.0,7.0,7.5],"tintindex":0,"rotation":0,"texture":"#0"},"south":{"uv":[6.0,1.0,7.0,1.5],"tintindex":0,"rotation":0,"texture":"#0"},"north":{"uv":[0.0,1.0,1.0,1.5],"tintindex":0,"rotation":0,"texture":"#0"},"west":{"uv":[1.0,1.5,6.0,2.0],"tintindex":0,"rotation":0,"texture":"#0"},"up":{"uv":[1.0,16.0,0.0,9.0],"tintindex":0,"rotation":0,"texture":"#0"},"down":{"uv":[7.0,9.0,6.0,16.0],"tintindex":0,"rotation":0,"texture":"#0"}}},{"from":[13.0,8.0,1.0],"to":[15.0,10.0,15.0],"faces":{"east":{"uv":[0.0,7.5,7.0,8.5],"tintindex":0,"rotation":0,"texture":"#0"},"south":{"uv":[6.0,4.5,7.0,5.5],"tintindex":0,"rotation":0,"texture":"#0"},"north":{"uv":[0.0,4.5,1.0,5.5],"tintindex":0,"rotation":0,"texture":"#0"},"west":{"uv":[0.0,7.5,7.0,8.5],"tintindex":0,"rotation":0,"texture":"#0"},"up":{"uv":[1.0,16.0,0.0,9.0],"tintindex":0,"rotation":0,"texture":"#0"},"down":{"uv":[1.0,9.0,0.0,16.0],"tintindex":0,"rotation":0,"texture":"#0"}}},{"from":[13.0,10.0,1.0],"to":[15.0,16.0,3.0],"faces":{"east":{"uv":[6.0,1.5,7.0,4.5],"tintindex":0,"rotation":0,"texture":"#0"},"south":{"uv":[6.0,1.5,7.0,4.5],"tintindex":0,"rotation":0,"texture":"#0"},"north":{"uv":[0.0,1.5,1.0,4.5],"tintindex":0,"rotation":0,"texture":"#0"},"west":{"uv":[0.0,1.5,1.0,4.5],"tintindex":0,"rotation":0,"texture":"#0"},"up":{"uv":[16.0,16.0,14.0,14.0],"tintindex":0,"rotation":0,"texture":"#0"},"down":{"uv":[16.0,14.0,14.0,16.0],"tintindex":0,"rotation":0,"texture":"#0"}}},{"from":[1.0,10.0,13.0],"to":[3.0,16.0,15.0],"faces":{"east":{"uv":[0.0,1.5,1.0,4.5],"tintindex":0,"rotation":0,"texture":"#0"},"south":{"uv":[0.0,1.5,1.0,4.5],"tintindex":0,"rotation":0,"texture":"#0"},"north":{"uv":[6.0,1.5,7.0,4.5],"tintindex":0,"rotation":0,"texture":"#0"},"west":{"uv":[6.0,1.5,7.0,4.5],"tintindex":0,"rotation":0,"texture":"#0"},"up":{"uv":[16.0,16.0,14.0,14.0],"tintindex":0,"rotation":0,"texture":"#0"},"down":{"uv":[16.0,14.0,14.0,16.0],"tintindex":0,"rotation":0,"texture":"#0"}}},{"from":[1.0,16.0,1.0],"to":[3.0,17.0,15.0],"faces":{"east":{"uv":[1.0,1.5,6.0,2.0],"tintindex":0,"rotation":0,"texture":"#0"},"south":{"uv":[0.0,1.0,1.0,1.5],"tintindex":0,"rotation":0,"texture":"#0"},"north":{"uv":[6.0,1.0,7.0,1.5],"tintindex":0,"rotation":0,"texture":"#0"},"west":{"uv":[0.0,7.0,7.0,7.5],"tintindex":0,"rotation":0,"texture":"#0"},"up":{"uv":[7.0,16.0,6.0,9.0],"tintindex":0,"rotation":0,"texture":"#0"},"down":{"uv":[1.0,9.0,0.0,16.0],"tintindex":0,"rotation":0,"texture":"#0"}}},{"from":[1.0,8.0,1.0],"to":[3.0,10.0,15.0],"faces":{"east":{"uv":[0.0,7.5,7.0,8.5],"tintindex":0,"rotation":0,"texture":"#0"},"south":{"uv":[0.0,4.5,1.0,5.5],"tintindex":0,"rotation":0,"texture":"#0"},"north":{"uv":[6.0,4.5,7.0,5.5],"tintindex":0,"rotation":0,"texture":"#0"},"west":{"uv":[0.0,7.5,7.0,8.5],"tintindex":0,"rotation":0,"texture":"#0"},"up":{"uv":[7.0,16.0,6.0,9.0],"tintindex":0,"rotation":0,"texture":"#0"},"down":{"uv":[7.0,9.0,6.0,16.0],"tintindex":0,"rotation":0,"texture":"#0"}}},{"from":[1.0,10.0,1.0],"to":[3.0,16.0,3.0],"faces":{"east":{"uv":[6.0,1.5,7.0,4.5],"tintindex":0,"rotation":0,"texture":"#0"},"south":{"uv":[0.0,1.5,1.0,4.5],"tintindex":0,"rotation":0,"texture":"#0"},"north":{"uv":[6.0,1.5,7.0,4.5],"tintindex":0,"rotation":0,"texture":"#0"},"west":{"uv":[0.0,1.5,1.0,4.5],"tintindex":0,"rotation":0,"texture":"#0"},"up":{"uv":[16.0,16.0,14.0,14.0],"tintindex":0,"rotation":0,"texture":"#0"},"down":{"uv":[16.0,14.0,14.0,16.0],"tintindex":0,"rotation":0,"texture":"#0"}}}],"display":{"gui":{"rotation":[30,225,0]}}}