{
"variants":{
"type=bottom":[
{"model":"block_random/deepslate_cobble_slab_0"},
{"model":"block_random/deepslate_cobble_slab_1"},
{"model":"block_random/deepslate_cobble_slab_2"},
{"model":"block_random/deepslate_cobble_slab_3"},
{"model":"block_random/deepslate_cobble_slab_4"},
{"model":"block_random/deepslate_cobble_slab_5"}
],
"type=top":[
{"model":"block_random/deepslate_cobble_slab_top_0"},
{"model":"block_random/deepslate_cobble_slab_top_1"},
{"model":"block_random/deepslate_cobble_slab_top_2"},
{"model":"block_random/deepslate_cobble_slab_top_3"},
{"model":"block_random/deepslate_cobble_slab_top_4"},
{"model":"block_random/deepslate_cobble_slab_top_5"}
],
"type=double":[
{"model":"block_random/deepslate_cobble_0"},
{"model":"block_random/deepslate_cobble_1"},
{"model":"block_random/deepslate_cobble_2"},
{"model":"block_random/deepslate_cobble_3"},
{"model":"block_random/deepslate_cobble_4"},
{"model":"block_random/deepslate_cobble_5"}
]
}
}