{"textures":{"0":"modelengine:entity/grave_golem"},"elements":[{"from":[6.5,14.253048,4.222004],"to":[7.5,19.253048,5.222004],"faces":{"east":{"uv":[3.625,4.0,3.875,5.25],"tintindex":0,"rotation":0,"texture":"#0"},"south":{"uv":[3.75,4.0,4.0,5.25],"tintindex":0,"rotation":0,"texture":"#0"},"north":{"uv":[3.75,4.0,4.0,5.25],"tintindex":0,"rotation":0,"texture":"#0"},"west":{"uv":[3.625,4.0,3.875,5.25],"tintindex":0,"rotation":0,"texture":"#0"},"up":{"uv":[3.875,4.125,4.125,4.375],"tintindex":0,"rotation":0,"texture":"#0"},"down":{"uv":[1.75,3.5,2.0,3.75],"tintindex":0,"rotation":0,"texture":"#0"}},"rotation":{"origin":[8.0,8.0,8.0],"angle":45.0,"axis":"x"}},{"from":[4.5,8.0,4.5],"to":[11.5,13.0,11.5],"faces":{"east":{"uv":[12.5,2.75,10.75,4.0],"tintindex":0,"rotation":0,"texture":"#0"},"south":{"uv":[10.0,2.75,11.75,4.0],"tintindex":0,"rotation":0,"texture":"#0"},"north":{"uv":[9.75,2.75,11.5,4.0],"tintindex":0,"rotation":0,"texture":"#0"},"west":{"uv":[10.75,2.75,12.5,4.0],"tintindex":0,"rotation":0,"texture":"#0"},"up":{"uv":[11.75,4.0,13.5,5.75],"tintindex":0,"rotation":0,"texture":"#0"}}},{"from":[2.0,8.05,7.0],"to":[4.0,8.55,9.0],"faces":{"east":{"uv":[4.25,6.5,3.75,6.625],"tintindex":0,"rotation":0,"texture":"#0"},"south":{"uv":[3.25,6.0,3.75,6.125],"tintindex":0,"rotation":0,"texture":"#0"},"north":{"uv":[3.25,6.5,3.75,6.625],"tintindex":0,"rotation":0,"texture":"#0"},"west":{"uv":[3.75,6.5,4.25,6.625],"tintindex":0,"rotation":0,"texture":"#0"},"up":{"uv":[3.25,6.0,3.75,6.5],"tintindex":0,"rotation":0,"texture":"#0"},"down":{"uv":[3.25,6.0,3.75,6.5],"tintindex":0,"rotation":90,"texture":"#0"}}},{"from":[-1.0505896,8.045,5.831679],"to":[0.45941067,9.555,7.8416786],"faces":{"east":{"uv":[4.25,3.375,4.75,3.75],"tintindex":0,"rotation":0,"texture":"#0"},"south":{"uv":[4.5,2.875,4.875,3.25],"tintindex":0,"rotation":90,"texture":"#0"},"north":{"uv":[4.875,2.875,5.25,3.25],"tintindex":0,"rotation":180,"texture":"#0"},"west":{"uv":[5.125,2.875,4.625,3.25],"tintindex":0,"rotation":0,"texture":"#0"},"up":{"uv":[5.125,2.875,5.625,3.25],"tintindex":0,"rotation":90,"texture":"#0"},"down":{"uv":[4.125,2.875,4.625,3.25],"tintindex":0,"rotation":90,"texture":"#0"}},"rotation":{"origin":[8.0,8.0,8.0],"angle":-22.5,"axis":"y"}},{"from":[8.75,16.0,11.0],"to":[8.75,20.0,13.0],"faces":{"east":{"uv":[6.5,7.5,6.0,8.5],"tintindex":0,"rotation":0,"texture":"#0"},"west":{"uv":[6.0,7.5,6.5,8.5],"tintindex":0,"rotation":0,"texture":"#0"}}},{"from":[8.817767,13.05,5.468272],"to":[13.217767,15.95,9.368272],"faces":{"east":{"uv":[4.375,5.875,4.5,6.0],"tintindex":0,"rotation":0,"texture":"#0"}},"rotation":{"origin":[8.0,8.0,8.0],"angle":-45.0,"axis":"y"}},{"from":[11.5,8.05,9.0],"to":[15.5,9.05,10.0],"faces":{"east":{"uv":[1.0,3.375,1.25,3.625],"tintindex":0,"rotation":0,"texture":"#0"},"south":{"uv":[7.75,7.0,8.0,8.0],"tintindex":0,"rotation":90,"texture":"#0"},"north":{"uv":[7.75,7.0,8.0,8.0],"tintindex":0,"rotation":90,"texture":"#0"},"west":{"uv":[1.0,3.375,1.25,3.625],"tintindex":0,"rotation":0,"texture":"#0"},"up":{"uv":[7.75,7.0,8.0,8.0],"tintindex":0,"rotation":90,"texture":"#0"},"down":{"uv":[7.75,7.0,8.0,8.0],"tintindex":0,"rotation":90,"texture":"#0"}}},{"from":[7.0,13.4,12.5],"to":[7.0,17.9,14.0],"faces":{"east":{"uv":[7.0,10.375,7.375,11.5],"tintindex":0,"rotation":0,"texture":"#0"},"west":{"uv":[7.375,10.375,7.0,11.5],"tintindex":0,"rotation":0,"texture":"#0"}}},{"from":[5.995,12.453775,4.1612406],"to":[10.005,15.463776,8.671241],"faces":{"east":{"uv":[5.25,3.25,4.125,4.0],"tintindex":0,"rotation":0,"texture":"#0"},"south":{"uv":[6.25,4.375,7.25,5.125],"tintindex":0,"rotation":0,"texture":"#0"},"north":{"uv":[5.25,4.375,6.25,5.125],"tintindex":0,"rotation":0,"texture":"#0"},"west":{"uv":[4.125,3.25,5.25,4.0],"tintindex":0,"rotation":0,"texture":"#0"},"up":{"uv":[5.25,4.375,6.25,3.25],"tintindex":0,"rotation":0,"texture":"#0"},"down":{"uv":[6.25,3.25,7.25,4.375],"tintindex":0,"rotation":0,"texture":"#0"}},"rotation":{"origin":[8.0,8.0,8.0],"angle":-22.5,"axis":"x"}},{"from":[12.766226,21.066269,8.25],"to":[12.766226,23.566269,9.25],"faces":{"east":{"uv":[6.5,7.75,6.25,8.375],"tintindex":0,"rotation":0,"texture":"#0"},"west":{"uv":[6.25,7.75,6.5,8.375],"tintindex":0,"rotation":0,"texture":"#0"}},"rotation":{"origin":[8.0,8.0,8.0],"angle":22.5,"axis":"z"}},{"from":[8.0,13.0,9.5],"to":[9.5,21.0,11.0],"faces":{"east":{"uv":[7.875,11.5,8.25,9.5],"tintindex":0,"rotation":0,"texture":"#0"},"south":{"uv":[7.875,11.5,8.25,9.5],"tintindex":0,"rotation":0,"texture":"#0"},"north":{"uv":[7.875,11.5,8.25,9.5],"tintindex":0,"rotation":0,"texture":"#0"},"west":{"uv":[7.875,11.5,8.25,9.5],"tintindex":0,"rotation":0,"texture":"#0"},"up":{"uv":[5.75,6.75,6.125,7.125],"tintindex":0,"rotation":0,"texture":"#0"}}},{"from":[8.073933,8.045,11.342388],"to":[9.583933,9.055,14.852388],"faces":{"east":{"uv":[0.875,2.875,1.125,3.75],"tintindex":0,"rotation":90,"texture":"#0"},"south":{"uv":[1.0,3.375,1.375,3.625],"tintindex":0,"rotation":0,"texture":"#0"},"north":{"uv":[1.0,3.375,1.375,3.625],"tintindex":0,"rotation":0,"texture":"#0"},"west":{"uv":[0.875,2.875,1.125,3.75],"tintindex":0,"rotation":90,"texture":"#0"},"up":{"uv":[0.5,2.875,0.875,3.75],"tintindex":0,"rotation":180,"texture":"#0"},"down":{"uv":[0.5,2.875,0.875,3.75],"tintindex":0,"rotation":0,"texture":"#0"}},"rotation":{"origin":[8.0,8.0,8.0],"angle":-45.0,"axis":"y"}},{"from":[9.785639,15.566269,7.5],"to":[11.285639,23.566269,9.0],"faces":{"east":{"uv":[7.875,11.5,8.25,9.5],"tintindex":0,"rotation":0,"texture":"#0"},"south":{"uv":[7.875,11.5,8.25,9.5],"tintindex":0,"rotation":0,"texture":"#0"},"north":{"uv":[7.875,11.5,8.25,9.5],"tintindex":0,"rotation":0,"texture":"#0"},"west":{"uv":[7.875,11.5,8.25,9.5],"tintindex":0,"rotation":0,"texture":"#0"},"up":{"uv":[5.75,6.75,6.125,7.125],"tintindex":0,"rotation":0,"texture":"#0"},"down":{"uv":[7.875,10.375,8.25,10.75],"tintindex":0,"rotation":0,"texture":"#0"}},"rotation":{"origin":[8.0,8.0,8.0],"angle":22.5,"axis":"z"}},{"from":[6.0,12.4587755,4.1662407],"to":[10.0,15.4587755,8.666241],"faces":{"north":{"uv":[5.625,5.0,5.75,5.125],"tintindex":0,"rotation":0,"texture":"#0"}},"rotation":{"origin":[8.0,8.0,8.0],"angle":-22.5,"axis":"x"}},{"from":[11.5,8.5,5.5],"to":[12.5,12.0,9.5],"faces":{"east":{"uv":[3.125,3.125,4.125,4.0],"tintindex":0,"rotation":0,"texture":"#0"},"south":{"uv":[2.625,4.0,2.875,3.125],"tintindex":0,"rotation":0,"texture":"#0"},"north":{"uv":[2.875,3.125,2.625,4.0],"tintindex":0,"rotation":0,"texture":"#0"},"up":{"uv":[4.5,4.0,4.75,5.0],"tintindex":0,"rotation":0,"texture":"#0"},"down":{"uv":[4.5,4.0,4.75,5.0],"tintindex":0,"rotation":0,"texture":"#0"}}},{"from":[8.266226,19.066269,8.25],"to":[9.766226,23.566269,8.25],"faces":{"south":{"uv":[5.75,7.25,6.125,8.375],"tintindex":0,"rotation":0,"texture":"#0"},"north":{"uv":[6.125,7.25,5.75,8.375],"tintindex":0,"rotation":0,"texture":"#0"}},"rotation":{"origin":[8.0,8.0,8.0],"angle":22.5,"axis":"z"}},{"from":[8.817767,13.0,5.418272],"to":[13.317767,16.0,9.418272],"faces":{"east":{"uv":[5.25,4.375,6.25,5.125],"tintindex":0,"rotation":0,"texture":"#0"},"south":{"uv":[7.25,4.375,6.125,5.125],"tintindex":0,"rotation":0,"texture":"#0"},"north":{"uv":[6.125,4.375,7.25,5.125],"tintindex":0,"rotation":0,"texture":"#0"},"up":{"uv":[6.25,4.375,5.25,3.25],"tintindex":0,"rotation":90,"texture":"#0"},"down":{"uv":[6.25,4.375,7.25,3.25],"tintindex":0,"rotation":90,"texture":"#0"}},"rotation":{"origin":[8.0,8.0,8.0],"angle":-45.0,"axis":"y"}},{"from":[8.266226,21.066269,8.25],"to":[8.266226,23.566269,9.25],"faces":{"east":{"uv":[5.75,7.75,6.0,8.375],"tintindex":0,"rotation":0,"texture":"#0"},"west":{"uv":[6.0,7.75,5.75,8.375],"tintindex":0,"rotation":0,"texture":"#0"}},"rotation":{"origin":[8.0,8.0,8.0],"angle":22.5,"axis":"z"}},{"from":[2.0,8.55,6.0],"to":[6.0,11.55,10.0],"faces":{"east":{"uv":[5.125,5.125,4.125,5.875],"tintindex":0,"rotation":0,"texture":"#0"},"south":{"uv":[4.125,5.125,5.125,5.875],"tintindex":0,"rotation":0,"texture":"#0"},"north":{"uv":[5.125,5.125,4.125,5.875],"tintindex":0,"rotation":0,"texture":"#0"},"west":{"uv":[3.25,5.125,4.25,5.875],"tintindex":0,"rotation":0,"texture":"#0"},"up":{"uv":[3.25,4.0,4.25,5.0],"tintindex":0,"rotation":90,"texture":"#0"},"down":{"uv":[6.25,3.25,7.25,4.25],"tintindex":0,"rotation":0,"texture":"#0"}}},{"from":[5.5,13.0,5.5],"to":[10.5,17.0,10.5],"faces":{"east":{"uv":[9.75,2.0,11.0,3.0],"tintindex":0,"rotation":0,"texture":"#0"},"south":{"uv":[11.0,1.5,12.25,2.5],"tintindex":0,"rotation":0,"texture":"#0"},"north":{"uv":[12.0,6.5,13.25,7.5],"tintindex":0,"rotation":0,"texture":"#0"},"west":{"uv":[14.25,6.75,15.5,7.75],"tintindex":0,"rotation":0,"texture":"#0"},"up":{"uv":[9.75,0.375,11.0,1.625],"tintindex":0,"rotation":0,"texture":"#0"}}},{"from":[10.817767,11.5,6.418272],"to":[13.317767,13.0,8.418272],"faces":{"east":{"uv":[5.125,2.875,5.625,3.25],"tintindex":0,"rotation":0,"texture":"#0"},"south":{"uv":[3.25,6.375,3.875,6.75],"tintindex":0,"rotation":0,"texture":"#0"},"north":{"uv":[3.25,6.375,3.875,6.75],"tintindex":0,"rotation":0,"texture":"#0"},"down":{"uv":[3.75,6.5,3.25,5.875],"tintindex":0,"rotation":90,"texture":"#0"}},"rotation":{"origin":[8.0,8.0,8.0],"angle":-45.0,"axis":"y"}},{"from":[2.0500002,8.6,6.05],"to":[5.95,11.5,9.95],"faces":{"west":{"uv":[4.375,6.0,4.5,6.125],"tintindex":0,"rotation":0,"texture":"#0"}}},{"from":[0.40373278,8.05,6.562508],"to":[4.4037323,9.05,7.562508],"faces":{"east":{"uv":[1.0,3.375,1.25,3.625],"tintindex":0,"rotation":0,"texture":"#0"},"south":{"uv":[7.75,7.0,8.0,8.0],"tintindex":0,"rotation":90,"texture":"#0"},"north":{"uv":[7.75,7.0,8.0,8.0],"tintindex":0,"rotation":90,"texture":"#0"},"west":{"uv":[1.0,3.375,1.25,3.625],"tintindex":0,"rotation":0,"texture":"#0"},"up":{"uv":[7.75,7.0,8.0,8.0],"tintindex":0,"rotation":90,"texture":"#0"},"down":{"uv":[7.75,7.0,8.0,8.0],"tintindex":0,"rotation":90,"texture":"#0"}},"rotation":{"origin":[8.0,8.0,8.0],"angle":-22.5,"axis":"y"}},{"from":[11.266226,19.066269,8.25],"to":[12.766226,23.566269,8.25],"faces":{"south":{"uv":[6.125,7.25,6.5,8.375],"tintindex":0,"rotation":0,"texture":"#0"},"north":{"uv":[6.5,7.25,6.125,8.375],"tintindex":0,"rotation":0,"texture":"#0"}},"rotation":{"origin":[8.0,8.0,8.0],"angle":22.5,"axis":"z"}},{"from":[15.5,8.045,8.545],"to":[17.01,9.555,10.555],"faces":{"east":{"uv":[4.625,2.875,5.125,3.25],"tintindex":0,"rotation":0,"texture":"#0"},"south":{"uv":[4.5,3.25,4.875,2.875],"tintindex":0,"rotation":90,"texture":"#0"},"north":{"uv":[5.25,2.875,4.875,3.25],"tintindex":0,"rotation":180,"texture":"#0"},"west":{"uv":[4.75,3.375,4.25,3.75],"tintindex":0,"rotation":0,"texture":"#0"},"up":{"uv":[5.125,2.875,5.625,3.25],"tintindex":0,"rotation":90,"texture":"#0"},"down":{"uv":[4.125,2.875,4.625,3.25],"tintindex":0,"rotation":90,"texture":"#0"}}},{"from":[6.995,11.453775,4.1612406],"to":[9.005,12.463776,6.171241],"faces":{"east":{"uv":[4.375,6.5,3.875,6.75],"tintindex":0,"rotation":0,"texture":"#0"},"north":{"uv":[3.375,6.5,3.875,6.75],"tintindex":0,"rotation":0,"texture":"#0"},"west":{"uv":[3.875,6.5,4.375,6.75],"tintindex":0,"rotation":0,"texture":"#0"},"down":{"uv":[3.25,6.0,3.75,6.5],"tintindex":0,"rotation":0,"texture":"#0"}},"rotation":{"origin":[8.0,8.0,8.0],"angle":-22.5,"axis":"x"}}],"display":{"gui":{"rotation":[30,225,0]}}}