{
	"parent": "decorations/barrel_single_up_a",
	"texture_size": [128, 128],
	"textures": {
		"0": "item/decorations/crates_and_barrels"
	},
	"elements": [
		{
			"from": [0, 0, 0],
			"to": [16, 3, 16],
			"rotation": {"angle": 0, "axis": "y", "origin": [8, 0, 8]},
			"faces": {
				"north": {"uv": [5, 0, 5.375, 2], "rotation": 90, "texture": "#0"},
				"east": {"uv": [5, 0, 5.375, 2], "rotation": 90, "texture": "#0"},
				"south": {"uv": [5, 0, 5.375, 2], "rotation": 90, "texture": "#0"},
				"west": {"uv": [5, 0, 5.375, 2], "rotation": 90, "texture": "#0"},
				"up": {"uv": [3, 0, 5, 2], "texture": "#0"},
				"down": {"uv": [3, 0, 5, 2], "texture": "#0"}
			}
		},
		{
			"from": [0, 13, 0],
			"to": [16, 16, 16],
			"rotation": {"angle": 0, "axis": "y", "origin": [8, 0, 8]},
			"faces": {
				"north": {"uv": [3, 2, 5, 2.375], "texture": "#0"},
				"east": {"uv": [5, 0, 5.375, 2], "rotation": 90, "texture": "#0"},
				"south": {"uv": [3, 2, 5, 2.375], "texture": "#0"},
				"west": {"uv": [5, 0, 5.375, 2], "rotation": 90, "texture": "#0"},
				"up": {"uv": [3, 0, 5, 2], "texture": "#0"},
				"down": {"uv": [3, 0, 5, 2], "texture": "#0"}
			}
		},
		{
			"from": [0.2, 3, 0.2],
			"to": [3.2, 13, 3.2],
			"rotation": {"angle": 0, "axis": "y", "origin": [8, 0, 8]},
			"faces": {
				"north": {"uv": [6.125, 0, 6.5, 1.25], "texture": "#0"},
				"east": {"uv": [6.125, 0, 6.5, 1.25], "texture": "#0"},
				"south": {"uv": [6.125, 0, 6.5, 1.25], "texture": "#0"},
				"west": {"uv": [6.5, 0, 6.875, 1.25], "texture": "#0"}
			}
		},
		{
			"from": [12.8, 3, 0.2],
			"to": [15.8, 13, 3.2],
			"rotation": {"angle": 0, "axis": "y", "origin": [8, 0, 8]},
			"faces": {
				"north": {"uv": [5.75, 0, 6.125, 1.25], "texture": "#0"},
				"east": {"uv": [5.375, 0, 5.75, 1.25], "texture": "#0"},
				"south": {"uv": [5.375, 0, 5.75, 1.25], "texture": "#0"},
				"west": {"uv": [5.75, 0, 6.125, 1.25], "texture": "#0"}
			}
		},
		{
			"from": [0.2, 3, 12.8],
			"to": [3.2, 13, 15.8],
			"rotation": {"angle": 0, "axis": "y", "origin": [8, 0, 8]},
			"faces": {
				"north": {"uv": [6.125, 0, 6.5, 1.25], "texture": "#0"},
				"east": {"uv": [6.125, 0, 6.5, 1.25], "texture": "#0"},
				"south": {"uv": [6.125, 0, 6.5, 1.25], "texture": "#0"},
				"west": {"uv": [6.5, 0, 6.875, 1.25], "texture": "#0"}
			}
		},
		{
			"from": [12.8, 3, 12.8],
			"to": [15.8, 13, 15.8],
			"rotation": {"angle": 0, "axis": "y", "origin": [8, 0, 8]},
			"faces": {
				"north": {"uv": [5.75, 0, 6.125, 1.25], "texture": "#0"},
				"east": {"uv": [5.375, 0, 5.75, 1.25], "texture": "#0"},
				"south": {"uv": [5.375, 0, 5.75, 1.25], "texture": "#0"},
				"west": {"uv": [5.75, 0, 6.125, 1.25], "texture": "#0"}
			}
		},
		{
			"from": [14.7, -2, 1.2],
			"to": [15.7, 13, 3.2],
			"rotation": {"angle": 45, "axis": "x", "origin": [8, 0, 8]},
			"faces": {
				"north": {"uv": [4, 0.125, 4.125, 2], "texture": "#0"},
				"east": {"uv": [3.875, 0.125, 4.125, 2], "texture": "#0"},
				"south": {"uv": [3.875, 0.125, 4, 2], "texture": "#0"},
				"west": {"uv": [4.25, 0.125, 4.5, 2], "texture": "#0"}
			}
		},
		{
			"from": [0.3, -2, 1.2],
			"to": [1.3, 13, 3.2],
			"rotation": {"angle": 45, "axis": "x", "origin": [8, 0, 8]},
			"faces": {
				"north": {"uv": [3.5, 0.125, 3.625, 2], "texture": "#0"},
				"east": {"uv": [3.875, 0.125, 4.125, 2], "texture": "#0"},
				"south": {"uv": [3.625, 0.125, 3.75, 2], "texture": "#0"},
				"west": {"uv": [3.5, 0.125, 3.75, 2], "texture": "#0"}
			}
		},
		{
			"from": [1, 3, 1],
			"to": [15, 13, 15],
			"rotation": {"angle": 0, "axis": "y", "origin": [8, 0, 8]},
			"faces": {
				"north": {"uv": [1.375, 2.5, 3.125, 3.75], "texture": "#0"},
				"east": {"uv": [1.375, 2.5, 3.125, 3.75], "texture": "#0"},
				"south": {"uv": [1.375, 2.5, 3.125, 3.75], "texture": "#0"},
				"west": {"uv": [1.375, 2.5, 3.125, 3.75], "texture": "#0"},
				"up": {"uv": [0, 0, 1.75, 1.75], "texture": "#0"},
				"down": {"uv": [0, 0, 1.75, 1.75], "texture": "#0"}
			}
		}
	]
}