{
	"credit": "Made with Blockbench",
	"texture_size": [32, 32],
	"textures": {
		"0": "item/decorations/bone_pile",
		"particle": "item/decorations/bone_pile"
	},
	"elements": [
		{
			"from": [6.2, -1, 1],
			"to": [13.2, 2, 9],
			"rotation": {"angle": -45, "axis": "y", "origin": [7.2, -1, 7]},
			"faces": {
				"north": {"uv": [2, 16, 3.5, 12.5], "rotation": 90, "texture": "#0"},
				"east": {"uv": [4, 16, 8, 14.5], "texture": "#0"},
				"south": {"uv": [2, 12.5, 3.5, 16], "rotation": 90, "texture": "#0"},
				"west": {"uv": [4, 14.5, 8, 16], "rotation": 180, "texture": "#0"},
				"up": {"uv": [4, 12.5, 8, 16], "rotation": 90, "texture": "#0"},
				"down": {"uv": [4, 12.5, 8, 16], "rotation": 90, "texture": "#0"}
			}
		},
		{
			"from": [1, -1, 7],
			"to": [7, 1, 10],
			"rotation": {"angle": -22.5, "axis": "y", "origin": [3, -1, 8]},
			"faces": {
				"north": {"uv": [11.5, 12, 12.5, 9], "rotation": 90, "texture": "#0"},
				"east": {"uv": [9, 10, 10, 11.5], "rotation": 90, "texture": "#0"},
				"south": {"uv": [11.5, 9, 12.5, 12], "rotation": 90, "texture": "#0"},
				"west": {"uv": [8.5, 11, 9.5, 12.5], "rotation": 90, "texture": "#0"},
				"up": {"uv": [11.5, 9, 13, 12], "rotation": 90, "texture": "#0"},
				"down": {"uv": [11.5, 9, 13, 12], "rotation": 90, "texture": "#0"}
			}
		}
	]
}