{
	"credit": "Made with Blockbench",
	"texture_size": [32, 32],
	"textures": {
		"0": "item/decorations/bone_pile",
		"particle": "item/decorations/bone_pile"
	},
	"elements": [
		{
			"from": [4, -1, 2],
			"to": [12, 5, 10],
			"rotation": {"angle": -45, "axis": "y", "origin": [6, 0, 5]},
			"faces": {
				"north": {"uv": [1, 0, 4, 4], "rotation": 90, "texture": "#0"},
				"east": {"uv": [4, 4.5, 8, 7.5], "texture": "#0"},
				"south": {"uv": [1, 0, 4, 4], "rotation": 90, "texture": "#0"},
				"west": {"uv": [0, 5, 4, 8], "texture": "#0"},
				"up": {"uv": [0, 0, 4, 4], "rotation": 90, "texture": "#0"},
				"down": {"uv": [4, 0, 8, 4], "rotation": 90, "texture": "#0"}
			}
		}
	]
}