{
	"credit": "Made with Blockbench",
	"parent": "decorations/jar_a_1",
	"texture_size": [64, 64],
	"textures": {
		"0": "item/decorations/pot_planter_stone",
		"particle": "item/decorations/pot_planter_stone"
	},
	"elements": [
		{
			"from": [3, 2, 3],
			"to": [13, 4, 13],
			"rotation": {"angle": 0, "axis": "y", "origin": [3, 2, 3]},
			"faces": {
				"north": {"uv": [0, 10, 2.5, 10.5], "texture": "#0", "tintindex": 0},
				"east": {"uv": [0, 10, 2.5, 10.5], "texture": "#0", "tintindex": 0},
				"south": {"uv": [0, 10, 2.5, 10.5], "texture": "#0", "tintindex": 0},
				"west": {"uv": [0, 10, 2.5, 10.5], "texture": "#0", "tintindex": 0}
			}
		},
		{
			"from": [1, 0, 1],
			"to": [15, 2, 15],
			"rotation": {"angle": 0, "axis": "y", "origin": [1, 0, 1]},
			"faces": {
				"north": {"uv": [0, 10, 3.5, 10.5], "texture": "#0", "tintindex": 0},
				"east": {"uv": [3.5, 10, 7, 10.5], "texture": "#0", "tintindex": 0},
				"south": {"uv": [0, 10, 3.5, 10.5], "texture": "#0", "tintindex": 0},
				"west": {"uv": [3.5, 10, 7, 10.5], "texture": "#0", "tintindex": 0},
				"up": {"uv": [7.5, 6.5, 11, 10], "texture": "#0", "tintindex": 0}
			}
		},
		{
			"from": [1, 4, 1],
			"to": [15, 16, 15],
			"rotation": {"angle": 0, "axis": "y", "origin": [1, 4, 1]},
			"faces": {
				"north": {"uv": [4, 3.5, 7.5, 6.5], "texture": "#0", "tintindex": 0},
				"east": {"uv": [7.5, 3.5, 11, 6.5], "texture": "#0", "tintindex": 0},
				"south": {"uv": [4, 3.5, 7.5, 6.5], "texture": "#0", "tintindex": 0},
				"west": {"uv": [7.5, 3.5, 11, 6.5], "texture": "#0", "tintindex": 0},
				"up": {"uv": [12.5, 12.5, 16, 16], "texture": "#0"},
				"down": {"uv": [7.5, 6.5, 11, 10], "texture": "#0", "tintindex": 0}
			}
		},
		{
			"from": [0.8, 13.8, 0.8],
			"to": [15.2, 16.2, 15.2],
			"rotation": {"angle": 0, "axis": "y", "origin": [1, 14, 1]},
			"faces": {
				"north": {"uv": [7.5, 3.5, 11, 4], "texture": "#0", "tintindex": 0},
				"east": {"uv": [7.5, 3.5, 11, 4], "texture": "#0", "tintindex": 0},
				"south": {"uv": [7.5, 3.5, 11, 4], "texture": "#0", "tintindex": 0},
				"west": {"uv": [7.5, 3.5, 11, 4], "texture": "#0", "tintindex": 0},
				"up": {"uv": [7.5, 0, 11, 3.5], "texture": "#0", "tintindex": 0}
			}
		}
	],
	"display": {
		"fixed": {
			"rotation": [-90, 0, 0],
			"translation": [0, 0, -16],
			"scale": [2, 2, 2]
		}
	}
}