{
	"credit": "Made with Blockbench",
	"texture_size": [32, 32],
	"textures": {
		"0": "item/decorations/sign_sold_out",
		"particle": "item/decorations/sign_sold_out"
	},
	"elements": [
		{
			"from": [-0.5, -1, 7],
			"to": [16.5, 6, 8],
			"rotation": {"angle": 22.5, "axis": "x", "origin": [0.5, 6, 8]},
			"faces": {
				"north": {"uv": [0, 0, 8.5, 3.5], "texture": "#0"},
				"east": {"uv": [0, 0, 0.5, 3.5], "texture": "#0"},
				"south": {"uv": [0, 3.5, 8.5, 7], "texture": "#0"},
				"west": {"uv": [0, 0, 0.5, 3.5], "texture": "#0"},
				"up": {"uv": [0, 0, 8.5, 0.5], "texture": "#0"},
				"down": {"uv": [0, 0, 8.5, 0.5], "texture": "#0"}
			}
		},
		{
			"from": [-0.5, -1, 8],
			"to": [16.5, 6, 9],
			"rotation": {"angle": -22.5, "axis": "x", "origin": [0.5, 6, 8]},
			"faces": {
				"north": {"uv": [0, 3.5, 8.5, 7], "texture": "#0"},
				"east": {"uv": [0, 0, 0.5, 3.5], "texture": "#0"},
				"south": {"uv": [0, 0, 8.5, 3.5], "texture": "#0"},
				"west": {"uv": [0, 0, 0.5, 3.5], "texture": "#0"},
				"up": {"uv": [0, 0, 8.5, 0.5], "texture": "#0"},
				"down": {"uv": [0, 0, 8.5, 0.5], "texture": "#0"}
			}
		},
		{
			"from": [0.5, 2.4, 6.5],
			"to": [0.5, 3.4, 9.5],
			"faces": {
				"east": {"uv": [8.5, 0, 10, 0.5], "texture": "#0"},
				"west": {"uv": [8.5, 0, 10, 0.5], "texture": "#0"}
			}
		},
		{
			"from": [15.5, 2.4, 6.5],
			"to": [15.5, 3.4, 9.5],
			"faces": {
				"east": {"uv": [8.5, 0, 10, 0.5], "texture": "#0"},
				"west": {"uv": [8.5, 0, 10, 0.5], "texture": "#0"}
			}
		}
	],
	"display": {
		"fixed": {
			"rotation": [-90, 0, 0],
			"translation": [0, 0, -10],
			"scale": [1.25, 1.25, 1.25]
		}
	}
}