{
	"credit": "Made with Blockbench",
	"texture_size": [32, 32],
	"textures": {
		"0": "item/decorations/chandelier_manor_iron",
		"particle": "item/decorations/chandelier_manor_iron"
	},
	"elements": [
		{
			"from": [4, -1, 4],
			"to": [12, 3, 12],
			"faces": {
				"north": {"uv": [3, 0, 7, 2], "texture": "#0"},
				"east": {"uv": [3, 0, 7, 2], "texture": "#0"},
				"south": {"uv": [3, 0, 7, 2], "texture": "#0"},
				"west": {"uv": [3, 0, 7, 2], "texture": "#0"},
				"up": {"uv": [3, 2, 7, 6], "texture": "#0"},
				"down": {"uv": [3, 2, 7, 6], "texture": "#0"}
			}
		},
		{
			"from": [4, 15, 4],
			"to": [12, 18, 12],
			"faces": {
				"north": {"uv": [3, 0, 7, 1.5], "texture": "#0"},
				"east": {"uv": [3, 0, 7, 1.5], "texture": "#0"},
				"south": {"uv": [3, 0, 7, 1.5], "texture": "#0"},
				"west": {"uv": [3, 0, 7, 1.5], "texture": "#0"},
				"up": {"uv": [3, 2, 7, 6], "texture": "#0"},
				"down": {"uv": [3, 2, 7, 6], "texture": "#0"}
			}
		},
		{
			"from": [5, 30, 5],
			"to": [11, 32, 11],
			"faces": {
				"north": {"uv": [3.5, 0, 6.5, 1], "texture": "#0"},
				"east": {"uv": [3.5, 0, 6.5, 1], "texture": "#0"},
				"south": {"uv": [3.5, 0, 6.5, 1], "texture": "#0"},
				"west": {"uv": [3.5, 0, 6.5, 1], "texture": "#0"},
				"up": {"uv": [3.5, 2.5, 6.5, 5.5], "texture": "#0"},
				"down": {"uv": [3.5, 2.5, 6.5, 5.5], "texture": "#0"}
			}
		},
		{
			"from": [5, 3, 5],
			"to": [11, 15, 11],
			"faces": {
				"north": {"uv": [0, 0, 3, 6], "texture": "#0", "tintindex": 0},
				"east": {"uv": [0, 0, 3, 6], "texture": "#0", "tintindex": 0},
				"south": {"uv": [0, 0, 3, 6], "texture": "#0", "tintindex": 0},
				"west": {"uv": [0, 0, 3, 6], "texture": "#0", "tintindex": 0}
			}
		},
		{
			"from": [6, 18, 6],
			"to": [10, 30, 10],
			"faces": {
				"north": {"uv": [0.5, 0, 2.5, 6], "texture": "#0", "tintindex": 0},
				"east": {"uv": [0.5, 0, 2.5, 6], "texture": "#0", "tintindex": 0},
				"south": {"uv": [0.5, 0, 2.5, 6], "texture": "#0", "tintindex": 0},
				"west": {"uv": [0.5, 0, 2.5, 6], "texture": "#0", "tintindex": 0}
			}
		},
		{
			"from": [6.5, 5, -7],
			"to": [9.5, 8, 5],
			"rotation": {"angle": 0, "axis": "z", "origin": [8, 6.5, 0]},
			"faces": {
				"east": {"uv": [0, 6, 6, 7.5], "texture": "#0"},
				"west": {"uv": [0, 7.5, 6, 9], "texture": "#0"},
				"up": {"uv": [0, 7.5, 6, 9], "rotation": 90, "texture": "#0"},
				"down": {"uv": [0, 7.5, 6, 9], "rotation": 90, "texture": "#0"}
			}
		},
		{
			"from": [6.5, 5, 11],
			"to": [9.5, 8, 23],
			"rotation": {"angle": 0, "axis": "z", "origin": [8, 6.5, 16]},
			"faces": {
				"east": {"uv": [6, 6, 0, 7.5], "texture": "#0"},
				"west": {"uv": [6, 6, 0, 7.5], "texture": "#0"},
				"up": {"uv": [6, 7.5, 0, 9], "rotation": 90, "texture": "#0"},
				"down": {"uv": [6, 7.5, 0, 9], "rotation": 90, "texture": "#0"}
			}
		},
		{
			"from": [11, 5, 6.5],
			"to": [23, 8, 9.5],
			"rotation": {"angle": 0, "axis": "y", "origin": [8, 6.5, 8]},
			"faces": {
				"north": {"uv": [0, 6, 6, 7.5], "texture": "#0"},
				"south": {"uv": [0, 6, 6, 7.5], "texture": "#0"},
				"up": {"uv": [0, 7.5, 6, 9], "texture": "#0"},
				"down": {"uv": [0, 7.5, 6, 9], "texture": "#0"}
			}
		},
		{
			"from": [-7, 5, 6.5],
			"to": [5, 8, 9.5],
			"rotation": {"angle": 0, "axis": "y", "origin": [8, 6.5, 8]},
			"faces": {
				"north": {"uv": [0, 6, 6, 7.5], "texture": "#0"},
				"south": {"uv": [0, 6, 6, 7.5], "texture": "#0"},
				"up": {"uv": [0, 7.5, 6, 9], "texture": "#0"},
				"down": {"uv": [0, 7.5, 6, 9], "texture": "#0"}
			}
		},
		{
			"from": [6, 3, -10],
			"to": [10, 16, -6],
			"faces": {
				"north": {"uv": [7, 2.5, 9, 9], "texture": "#0"},
				"east": {"uv": [7, 2.5, 9, 9], "texture": "#0"},
				"south": {"uv": [7, 2.5, 9, 9], "texture": "#0"},
				"west": {"uv": [7, 2.5, 9, 9], "texture": "#0"},
				"down": {"uv": [9.5, 0, 11.5, 2], "texture": "#0"}
			}
		},
		{
			"from": [-7.48959, 6, 9.9901],
			"to": [-7.48959, 11, 14.9901],
			"rotation": {"angle": 45, "axis": "y", "origin": [8.01041, 6.5, 7.9901]},
			"faces": {
				"east": {"uv": [9.5, 0, 7, 2.5], "texture": "#0"},
				"west": {"uv": [7, 0, 9.5, 2.5], "texture": "#0"}
			}
		},
		{
			"from": [-8.9, 4, 10],
			"to": [-6.9, 6, 15],
			"rotation": {"angle": 45, "axis": "y", "origin": [8, 6.5, 8]},
			"faces": {
				"east": {"uv": [3.5, 7, 6, 8], "texture": "#0"},
				"west": {"uv": [0, 6.5, 2.5, 7.5], "texture": "#0"},
				"up": {"uv": [6, 8, 3.5, 9], "rotation": 90, "texture": "#0"},
				"down": {"uv": [0, 8, 2.5, 9], "rotation": 270, "texture": "#0"}
			}
		},
		{
			"from": [0.99, 3.99, 22.89],
			"to": [6.01, 6.01, 24.91],
			"rotation": {"angle": 0, "axis": "y", "origin": [0, 0, 16]},
			"faces": {
				"north": {"uv": [0, 7, 2.5, 8], "texture": "#0"},
				"south": {"uv": [3.5, 6.5, 6, 7.5], "texture": "#0"},
				"up": {"uv": [0, 7.5, 2.5, 6.5], "texture": "#0"},
				"down": {"uv": [3.5, 9, 6, 8], "texture": "#0"}
			}
		},
		{
			"from": [2, 6, 23.9],
			"to": [6, 11, 23.9],
			"rotation": {"angle": 0, "axis": "y", "origin": [0, 0, 16]},
			"faces": {
				"north": {"uv": [7, 0, 9, 2.5], "texture": "#0"},
				"south": {"uv": [9, 0, 7, 2.5], "texture": "#0"}
			}
		},
		{
			"from": [10, 6, 23.9],
			"to": [14, 11, 23.9],
			"rotation": {"angle": 0, "axis": "y", "origin": [0, 0, 16]},
			"faces": {
				"north": {"uv": [9, 0, 7, 2.5], "texture": "#0"},
				"south": {"uv": [7, 0, 9, 2.5], "texture": "#0"}
			}
		},
		{
			"from": [9.99, 3.99, 22.89],
			"to": [15.01, 6.01, 24.91],
			"rotation": {"angle": 0, "axis": "y", "origin": [0, 0, 16]},
			"faces": {
				"north": {"uv": [2.5, 7, 0, 8], "texture": "#0"},
				"south": {"uv": [0, 6.5, 2.5, 7.5], "texture": "#0"},
				"up": {"uv": [0, 7.5, 2.5, 6.5], "texture": "#0"},
				"down": {"uv": [0, 9, 2.5, 8], "texture": "#0"}
			}
		},
		{
			"from": [1, 4, 22.9],
			"to": [6, 6, 24.9],
			"rotation": {"angle": 45, "axis": "y", "origin": [8, 6.5, 8]},
			"faces": {
				"north": {"uv": [6, 7, 3.5, 8], "texture": "#0"},
				"south": {"uv": [3.5, 6.5, 6, 7.5], "texture": "#0"},
				"up": {"uv": [0, 8.5, 2.5, 7.5], "rotation": 180, "texture": "#0"},
				"down": {"uv": [6, 9, 3.5, 8], "rotation": 180, "texture": "#0"}
			}
		},
		{
			"from": [1.41386, 6, 23.31436],
			"to": [6.41386, 11, 23.31436],
			"rotation": {"angle": 45, "axis": "y", "origin": [8.41386, 6.5, 8.41436]},
			"faces": {
				"north": {"uv": [7, 0, 9.5, 2.5], "texture": "#0"},
				"south": {"uv": [9.5, 0, 7, 2.5], "texture": "#0"}
			}
		},
		{
			"from": [-7.48959, 6, 1.0099],
			"to": [-7.48959, 11, 6.0099],
			"rotation": {"angle": -45, "axis": "y", "origin": [8.01041, 6.5, 8.0099]},
			"faces": {
				"east": {"uv": [7, 0, 9.5, 2.5], "texture": "#0"},
				"west": {"uv": [9.5, 0, 7, 2.5], "texture": "#0"}
			}
		},
		{
			"from": [1.41386, 6, -7.31436],
			"to": [6.41386, 11, -7.31436],
			"rotation": {"angle": -45, "axis": "y", "origin": [8.41386, 6.5, 7.58564]},
			"faces": {
				"north": {"uv": [7, 0, 9.5, 2.5], "texture": "#0"},
				"south": {"uv": [9.5, 0, 7, 2.5], "texture": "#0"}
			}
		},
		{
			"from": [10, 6, -7.9],
			"to": [14, 11, -7.9],
			"faces": {
				"north": {"uv": [9, 0, 7, 2.5], "texture": "#0"},
				"south": {"uv": [7, 0, 9, 2.5], "texture": "#0"}
			}
		},
		{
			"from": [2, 6, -7.9],
			"to": [6, 11, -7.9],
			"faces": {
				"north": {"uv": [7, 0, 9, 2.5], "texture": "#0"},
				"south": {"uv": [9, 0, 7, 2.5], "texture": "#0"}
			}
		},
		{
			"from": [0.99, 3.99, -8.91],
			"to": [6.01, 6.01, -6.89],
			"faces": {
				"north": {"uv": [0, 6.5, 2.5, 7.5], "texture": "#0"},
				"south": {"uv": [3.5, 7, 6, 8], "texture": "#0"},
				"up": {"uv": [0, 6.5, 2.5, 7.5], "texture": "#0"},
				"down": {"uv": [0, 7.5, 2.5, 8.5], "texture": "#0"}
			}
		},
		{
			"from": [1, 4, -8.9],
			"to": [6, 6, -6.9],
			"rotation": {"angle": -45, "axis": "y", "origin": [8, 6.5, 8]},
			"faces": {
				"north": {"uv": [0, 6.5, 2.5, 7.5], "texture": "#0"},
				"south": {"uv": [3.5, 7, 6, 8], "texture": "#0"},
				"up": {"uv": [0, 7.5, 2.5, 8.5], "rotation": 180, "texture": "#0"},
				"down": {"uv": [6, 8, 3.5, 9], "rotation": 180, "texture": "#0"}
			}
		},
		{
			"from": [9.99, 3.99, -8.91],
			"to": [15.01, 6.01, -6.89],
			"faces": {
				"north": {"uv": [3.5, 6.5, 6, 7.5], "texture": "#0"},
				"south": {"uv": [0, 7, 2.5, 8], "texture": "#0"},
				"up": {"uv": [0, 6.5, 2.5, 7.5], "texture": "#0"},
				"down": {"uv": [0, 8, 2.5, 9], "texture": "#0"}
			}
		},
		{
			"from": [-8.9, 4, 1],
			"to": [-6.9, 6, 6],
			"rotation": {"angle": -45, "axis": "y", "origin": [8, 6.5, 8]},
			"faces": {
				"east": {"uv": [0, 7, 2.5, 8], "texture": "#0"},
				"west": {"uv": [3.5, 6.5, 6, 7.5], "texture": "#0"},
				"up": {"uv": [2.5, 7.5, 0, 8.5], "rotation": 90, "texture": "#0"},
				"down": {"uv": [3.5, 8, 6, 9], "rotation": 270, "texture": "#0"}
			}
		},
		{
			"from": [0.98959, 6, -7.4901],
			"to": [5.98959, 11, -7.4901],
			"rotation": {"angle": 45, "axis": "y", "origin": [7.98959, 6.5, 8.0099]},
			"faces": {
				"north": {"uv": [7, 0, 9.5, 2.5], "texture": "#0"},
				"south": {"uv": [9.5, 0, 7, 2.5], "texture": "#0"}
			}
		},
		{
			"from": [-7.33496, 6, 1.41264],
			"to": [-7.33496, 11, 6.41264],
			"rotation": {"angle": 45, "axis": "y", "origin": [7.56504, 6.5, 8.41264]},
			"faces": {
				"east": {"uv": [7, 0, 9.5, 2.5], "texture": "#0"},
				"west": {"uv": [9.5, 0, 7, 2.5], "texture": "#0"}
			}
		},
		{
			"from": [-7.92031, 6, 9.99949],
			"to": [-7.92031, 11, 13.99949],
			"rotation": {"angle": 0, "axis": "y", "origin": [7.98959, 6.5, 8.0099]},
			"faces": {
				"east": {"uv": [9, 0, 7, 2.5], "texture": "#0"},
				"west": {"uv": [7, 0, 9, 2.5], "texture": "#0"}
			}
		},
		{
			"from": [-7.92031, 6, 1.99949],
			"to": [-7.92031, 11, 5.99949],
			"rotation": {"angle": 0, "axis": "y", "origin": [7.98959, 6.5, 8.0099]},
			"faces": {
				"east": {"uv": [7, 0, 9, 2.5], "texture": "#0"},
				"west": {"uv": [9, 0, 7, 2.5], "texture": "#0"}
			}
		},
		{
			"from": [-8.90985, 3.99, 0.98964],
			"to": [-6.88985, 6.01, 6.00964],
			"rotation": {"angle": 0, "axis": "y", "origin": [8.01005, 6.5, 8.01005]},
			"faces": {
				"east": {"uv": [0, 7, 2.5, 8], "texture": "#0"},
				"west": {"uv": [3.5, 6.5, 6, 7.5], "texture": "#0"},
				"up": {"uv": [0, 7.5, 2.5, 6.5], "rotation": 90, "texture": "#0"},
				"down": {"uv": [3.5, 9, 6, 8], "rotation": 270, "texture": "#0"}
			}
		},
		{
			"from": [-8.9, 4, 1],
			"to": [-6.9, 6, 6],
			"rotation": {"angle": 45, "axis": "y", "origin": [8, 6.5, 8]},
			"faces": {
				"east": {"uv": [0, 7, 2.5, 8], "texture": "#0"},
				"west": {"uv": [3.5, 6.5, 6, 7.5], "texture": "#0"},
				"up": {"uv": [0, 9, 2.5, 8], "rotation": 270, "texture": "#0"},
				"down": {"uv": [6, 9, 3.5, 8], "rotation": 90, "texture": "#0"}
			}
		},
		{
			"from": [-8.90985, 3.99, 9.99036],
			"to": [-6.88985, 6.01, 15.01036],
			"rotation": {"angle": 0, "axis": "y", "origin": [8.01005, 6.5, 8.01076]},
			"faces": {
				"east": {"uv": [3.5, 7, 6, 8], "texture": "#0"},
				"west": {"uv": [0, 6.5, 2.5, 7.5], "texture": "#0"},
				"up": {"uv": [0, 7.5, 2.5, 6.5], "rotation": 90, "texture": "#0"},
				"down": {"uv": [0, 9, 2.5, 8], "rotation": 270, "texture": "#0"}
			}
		},
		{
			"from": [1, 4, -8.9],
			"to": [6, 6, -6.9],
			"rotation": {"angle": 45, "axis": "y", "origin": [8, 6.5, 8]},
			"faces": {
				"north": {"uv": [2.5, 6.5, 0, 7.5], "texture": "#0"},
				"south": {"uv": [3.5, 7, 6, 8], "texture": "#0"},
				"up": {"uv": [0, 7.5, 2.5, 8.5], "rotation": 180, "texture": "#0"},
				"down": {"uv": [0, 8, 2.5, 9], "rotation": 180, "texture": "#0"}
			}
		},
		{
			"from": [10.01041, 6, -7.4901],
			"to": [15.01041, 11, -7.4901],
			"rotation": {"angle": -45, "axis": "y", "origin": [8.01041, 6.5, 8.0099]},
			"faces": {
				"north": {"uv": [9.5, 0, 7, 2.5], "texture": "#0"},
				"south": {"uv": [7, 0, 9.5, 2.5], "texture": "#0"}
			}
		},
		{
			"from": [23.33496, 6, 1.41264],
			"to": [23.33496, 11, 6.41264],
			"rotation": {"angle": -45, "axis": "y", "origin": [8.43496, 6.5, 8.41264]},
			"faces": {
				"east": {"uv": [7, 0, 9.5, 2.5], "texture": "#0"},
				"west": {"uv": [9.5, 0, 7, 2.5], "texture": "#0"}
			}
		},
		{
			"from": [23.92031, 6, 9.99949],
			"to": [23.92031, 11, 13.99949],
			"rotation": {"angle": 0, "axis": "y", "origin": [8.01041, 6.5, 8.0099]},
			"faces": {
				"east": {"uv": [9, 0, 7, 2.5], "texture": "#0"},
				"west": {"uv": [7, 0, 9, 2.5], "texture": "#0"}
			}
		},
		{
			"from": [23.92031, 6, 1.99949],
			"to": [23.92031, 11, 5.99949],
			"rotation": {"angle": 0, "axis": "y", "origin": [8.01041, 6.5, 8.0099]},
			"faces": {
				"east": {"uv": [7, 0, 9, 2.5], "texture": "#0"},
				"west": {"uv": [9, 0, 7, 2.5], "texture": "#0"}
			}
		},
		{
			"from": [22.88985, 3.99, 0.98964],
			"to": [24.90985, 6.01, 6.00964],
			"rotation": {"angle": 0, "axis": "y", "origin": [7.98995, 6.5, 8.01005]},
			"faces": {
				"east": {"uv": [0, 6.5, 2.5, 7.5], "texture": "#0"},
				"west": {"uv": [3.5, 7, 6, 8], "texture": "#0"},
				"up": {"uv": [2.5, 7.5, 0, 8.5], "rotation": 90, "texture": "#0"},
				"down": {"uv": [2.5, 8, 0, 9], "rotation": 270, "texture": "#0"}
			}
		},
		{
			"from": [22.9, 4, 1],
			"to": [24.9, 6, 6],
			"rotation": {"angle": -45, "axis": "y", "origin": [8, 6.5, 8]},
			"faces": {
				"east": {"uv": [0, 6.5, 2.5, 7.5], "texture": "#0"},
				"west": {"uv": [3.5, 7, 6, 8], "texture": "#0"},
				"up": {"uv": [0, 7.5, 2.5, 8.5], "rotation": 270, "texture": "#0"},
				"down": {"uv": [0, 8, 2.5, 9], "rotation": 90, "texture": "#0"}
			}
		},
		{
			"from": [22.88985, 3.99, 9.99036],
			"to": [24.90985, 6.01, 15.01036],
			"rotation": {"angle": 0, "axis": "y", "origin": [7.98995, 6.5, 8.01076]},
			"faces": {
				"east": {"uv": [3.5, 6.5, 6, 7.5], "texture": "#0"},
				"west": {"uv": [0, 7, 2.5, 8], "texture": "#0"},
				"up": {"uv": [3.5, 7.5, 6, 8.5], "rotation": 90, "texture": "#0"},
				"down": {"uv": [6, 8, 3.5, 9], "rotation": 270, "texture": "#0"}
			}
		},
		{
			"from": [10, 4, -8.9],
			"to": [15, 6, -6.9],
			"rotation": {"angle": -45, "axis": "y", "origin": [8, 6.5, 8]},
			"faces": {
				"north": {"uv": [3.5, 6.5, 6, 7.5], "texture": "#0"},
				"south": {"uv": [0, 7, 2.5, 8], "texture": "#0"},
				"up": {"uv": [3.5, 7.5, 6, 8.5], "rotation": 180, "texture": "#0"},
				"down": {"uv": [3.5, 8, 6, 9], "rotation": 180, "texture": "#0"}
			}
		},
		{
			"from": [6, 3, 22],
			"to": [10, 16, 26],
			"rotation": {"angle": 0, "axis": "y", "origin": [0, 0, 16]},
			"faces": {
				"north": {"uv": [7, 2.5, 9, 9], "texture": "#0"},
				"east": {"uv": [7, 2.5, 9, 9], "texture": "#0"},
				"south": {"uv": [7, 2.5, 9, 9], "texture": "#0"},
				"west": {"uv": [7, 2.5, 9, 9], "texture": "#0"},
				"down": {"uv": [9.5, 0, 11.5, 2], "texture": "#0"}
			}
		},
		{
			"from": [22, 3, 6],
			"to": [26, 16, 10],
			"rotation": {"angle": 0, "axis": "y", "origin": [8, 6.5, 8]},
			"faces": {
				"north": {"uv": [7, 2.5, 9, 9], "texture": "#0"},
				"east": {"uv": [7, 2.5, 9, 9], "texture": "#0"},
				"south": {"uv": [7, 2.5, 9, 9], "texture": "#0"},
				"west": {"uv": [7, 2.5, 9, 9], "texture": "#0"},
				"down": {"uv": [9.5, 0, 11.5, 2], "rotation": 270, "texture": "#0"}
			}
		},
		{
			"from": [5.9, 8.9, -10.1],
			"to": [10.1, 16.1, -5.9],
			"rotation": {"angle": 0, "axis": "y", "origin": [8, 6.5, 8]},
			"faces": {
				"north": {"uv": [14, 0, 16, 3.5], "texture": "#0"},
				"east": {"uv": [15.5, 0, 13.5, 3.5], "texture": "#0"},
				"south": {"uv": [12, 0.5, 14, 4], "texture": "#0"},
				"west": {"uv": [11.5, 0, 13.5, 3.5], "texture": "#0"},
				"up": {"uv": [9.5, 2, 11.5, 4], "rotation": 90, "texture": "#0"}
			}
		},
		{
			"from": [-10.1, 9.9, 5.9],
			"to": [-5.9, 16.1, 10.1],
			"rotation": {"angle": 0, "axis": "y", "origin": [8, 6.5, 8]},
			"faces": {
				"north": {"uv": [11.5, 0, 13.5, 3], "texture": "#0"},
				"east": {"uv": [14, 0.5, 16, 3.5], "texture": "#0"},
				"south": {"uv": [14, 0.5, 16, 3.5], "texture": "#0"},
				"west": {"uv": [15, 0, 13, 3], "texture": "#0"},
				"up": {"uv": [9.5, 2, 11.5, 4], "rotation": 90, "texture": "#0"}
			}
		},
		{
			"from": [5.9, 8.9, 21.9],
			"to": [10.1, 16.1, 26.1],
			"rotation": {"angle": 0, "axis": "y", "origin": [8, 6.5, 8]},
			"faces": {
				"north": {"uv": [14, 0, 16, 3.5], "texture": "#0"},
				"east": {"uv": [14, 0, 12, 3.5], "texture": "#0"},
				"south": {"uv": [12.5, 0, 14.5, 3.5], "texture": "#0"},
				"west": {"uv": [14, 0, 12, 3.5], "texture": "#0"},
				"up": {"uv": [9.5, 2, 11.5, 4], "rotation": 90, "texture": "#0"}
			}
		},
		{
			"from": [-10.1, 4.9, 5.9],
			"to": [-5.9, 12.1, 10.1],
			"rotation": {"angle": -45, "axis": "y", "origin": [8, 6.5, 8]},
			"faces": {
				"north": {"uv": [13, 0, 15, 3.5], "texture": "#0"},
				"east": {"uv": [14, 0, 16, 3.5], "texture": "#0"},
				"south": {"uv": [12.5, 0, 14.5, 3.5], "texture": "#0"},
				"west": {"uv": [14, 0, 12, 3.5], "texture": "#0"},
				"up": {"uv": [9.5, 2, 11.5, 4], "rotation": 90, "texture": "#0"}
			}
		},
		{
			"from": [21.9, 4.9, 5.9],
			"to": [26.1, 12.1, 10.1],
			"rotation": {"angle": -45, "axis": "y", "origin": [8, 6.5, 8]},
			"faces": {
				"north": {"uv": [15, 0, 13, 3.5], "texture": "#0"},
				"east": {"uv": [14, 0, 16, 3.5], "texture": "#0"},
				"south": {"uv": [14, 0, 12, 3.5], "texture": "#0"},
				"west": {"uv": [11.5, 0, 13.5, 3.5], "texture": "#0"},
				"up": {"uv": [9.5, 2, 11.5, 4], "rotation": 90, "texture": "#0"}
			}
		},
		{
			"from": [5.9, 4.9, 21.9],
			"to": [10.1, 12.1, 26.1],
			"rotation": {"angle": -45, "axis": "y", "origin": [8, 6.5, 8]},
			"faces": {
				"north": {"uv": [13.5, 0, 15.5, 3.5], "texture": "#0"},
				"east": {"uv": [13.5, 0, 11.5, 3.5], "texture": "#0"},
				"south": {"uv": [13, 0, 15, 3.5], "texture": "#0"},
				"west": {"uv": [16, 0, 14, 3.5], "texture": "#0"},
				"up": {"uv": [9.5, 2, 11.5, 4], "rotation": 180, "texture": "#0"}
			}
		},
		{
			"from": [5.9, 4.9, -10.1],
			"to": [10.1, 12.1, -5.9],
			"rotation": {"angle": -45, "axis": "y", "origin": [8, 6.5, 8]},
			"faces": {
				"north": {"uv": [14, 0, 16, 3.5], "texture": "#0"},
				"east": {"uv": [13.5, 0, 15.5, 3.5], "texture": "#0"},
				"south": {"uv": [11.5, 0, 13.5, 3.5], "texture": "#0"},
				"west": {"uv": [14, 0.5, 12, 4], "texture": "#0"},
				"up": {"uv": [9.5, 2, 11.5, 4], "rotation": 180, "texture": "#0"}
			}
		},
		{
			"from": [21.9, 9.9, 5.9],
			"to": [26.1, 16.1, 10.1],
			"rotation": {"angle": 0, "axis": "y", "origin": [8, 6.5, 8]},
			"faces": {
				"north": {"uv": [14, 0.5, 16, 3.5], "texture": "#0"},
				"east": {"uv": [12.5, 0, 14.5, 3], "texture": "#0"},
				"south": {"uv": [14.5, 0, 12.5, 3], "texture": "#0"},
				"west": {"uv": [11.5, 0.5, 13.5, 3.5], "texture": "#0"},
				"up": {"uv": [9.5, 2, 11.5, 4], "rotation": 90, "texture": "#0"}
			}
		},
		{
			"from": [-10, 3, 6],
			"to": [-6, 16, 10],
			"rotation": {"angle": 0, "axis": "y", "origin": [8, 6.5, 8]},
			"faces": {
				"north": {"uv": [7, 2.5, 9, 9], "texture": "#0"},
				"east": {"uv": [7, 2.5, 9, 9], "texture": "#0"},
				"south": {"uv": [7, 2.5, 9, 9], "texture": "#0"},
				"west": {"uv": [7, 2.5, 9, 9], "texture": "#0"},
				"down": {"uv": [9.5, 0, 11.5, 2], "rotation": 270, "texture": "#0"}
			}
		},
		{
			"from": [22, 1, 6],
			"to": [26, 12, 10],
			"rotation": {"angle": -45, "axis": "y", "origin": [8, 6.5, 8]},
			"faces": {
				"north": {"uv": [7, 3.5, 9, 9], "texture": "#0"},
				"east": {"uv": [7, 3.5, 9, 9], "texture": "#0"},
				"south": {"uv": [7, 3.5, 9, 9], "texture": "#0"},
				"west": {"uv": [7, 3.5, 9, 9], "texture": "#0"},
				"down": {"uv": [9.5, 0, 11.5, 2], "rotation": 270, "texture": "#0"}
			}
		},
		{
			"from": [23, 12, 7],
			"to": [25, 18, 9],
			"rotation": {"angle": -45, "axis": "y", "origin": [8, 6.5, 8]},
			"faces": {
				"north": {"uv": [6, 6, 7, 9], "texture": "#0"},
				"east": {"uv": [6, 6, 7, 9], "texture": "#0"},
				"south": {"uv": [6, 6, 7, 9], "texture": "#0"},
				"west": {"uv": [6, 6, 7, 9], "texture": "#0"},
				"up": {"uv": [10, 2.5, 11, 3.5], "rotation": 90, "texture": "#0"}
			}
		},
		{
			"from": [24, 18, 7.5],
			"to": [24, 20, 8.5],
			"rotation": {"angle": -45, "axis": "y", "origin": [8, 6.5, 8]},
			"faces": {
				"east": {"uv": [9, 2.5, 9.5, 3.5], "texture": "#0"},
				"west": {"uv": [9, 2.5, 9.5, 3.5], "texture": "#0"}
			}
		},
		{
			"from": [-10, 1, 6],
			"to": [-6, 12, 10],
			"rotation": {"angle": -45, "axis": "y", "origin": [8, 6.5, 8]},
			"faces": {
				"north": {"uv": [7, 3.5, 9, 9], "texture": "#0"},
				"east": {"uv": [7, 3.5, 9, 9], "texture": "#0"},
				"south": {"uv": [7, 3.5, 9, 9], "texture": "#0"},
				"west": {"uv": [7, 3.5, 9, 9], "texture": "#0"},
				"down": {"uv": [9.5, 0, 11.5, 2], "rotation": 270, "texture": "#0"}
			}
		},
		{
			"from": [-9, 12, 7],
			"to": [-7, 18, 9],
			"rotation": {"angle": -45, "axis": "y", "origin": [8, 6.5, 8]},
			"faces": {
				"north": {"uv": [6, 6, 7, 9], "texture": "#0"},
				"east": {"uv": [6, 6, 7, 9], "texture": "#0"},
				"south": {"uv": [6, 6, 7, 9], "texture": "#0"},
				"west": {"uv": [6, 6, 7, 9], "texture": "#0"},
				"up": {"uv": [10, 2.5, 11, 3.5], "rotation": 90, "texture": "#0"}
			}
		},
		{
			"from": [-8, 18, 7.5],
			"to": [-8, 20, 8.5],
			"rotation": {"angle": -45, "axis": "y", "origin": [8, 6.5, 8]},
			"faces": {
				"east": {"uv": [9, 2.5, 9.5, 3.5], "texture": "#0"},
				"west": {"uv": [9, 2.5, 9.5, 3.5], "texture": "#0"}
			}
		},
		{
			"from": [6, 1, -10],
			"to": [10, 12, -6],
			"rotation": {"angle": -45, "axis": "y", "origin": [8, 6.5, 8]},
			"faces": {
				"north": {"uv": [7, 3.5, 9, 9], "texture": "#0"},
				"east": {"uv": [7, 3.5, 9, 9], "texture": "#0"},
				"south": {"uv": [7, 3.5, 9, 9], "texture": "#0"},
				"west": {"uv": [7, 3.5, 9, 9], "texture": "#0"},
				"down": {"uv": [9.5, 0, 11.5, 2], "rotation": 180, "texture": "#0"}
			}
		},
		{
			"from": [7, 12, -9],
			"to": [9, 17, -7],
			"rotation": {"angle": -45, "axis": "y", "origin": [8, 6.5, 8]},
			"faces": {
				"north": {"uv": [6, 6.5, 7, 9], "texture": "#0"},
				"east": {"uv": [6, 6.5, 7, 9], "texture": "#0"},
				"south": {"uv": [6, 6.5, 7, 9], "texture": "#0"},
				"west": {"uv": [6, 6.5, 7, 9], "texture": "#0"},
				"up": {"uv": [10, 2.5, 11, 3.5], "rotation": 180, "texture": "#0"}
			}
		},
		{
			"from": [7.5, 17, -8],
			"to": [8.5, 19, -8],
			"rotation": {"angle": -45, "axis": "y", "origin": [8, 6.5, 8]},
			"faces": {
				"north": {"uv": [9, 2.5, 9.5, 3.5], "texture": "#0"},
				"south": {"uv": [9, 2.5, 9.5, 3.5], "texture": "#0"}
			}
		},
		{
			"from": [6, 1, 22],
			"to": [10, 12, 26],
			"rotation": {"angle": -45, "axis": "y", "origin": [8, 6.5, 8]},
			"faces": {
				"north": {"uv": [7, 3.5, 9, 9], "texture": "#0"},
				"east": {"uv": [7, 3.5, 9, 9], "texture": "#0"},
				"south": {"uv": [7, 3.5, 9, 9], "texture": "#0"},
				"west": {"uv": [7, 3.5, 9, 9], "texture": "#0"},
				"down": {"uv": [9.5, 0, 11.5, 2], "rotation": 180, "texture": "#0"}
			}
		},
		{
			"from": [7, 12, 23],
			"to": [9, 16, 25],
			"rotation": {"angle": -45, "axis": "y", "origin": [8, 6.5, 8]},
			"faces": {
				"north": {"uv": [6, 6.5, 7, 8.5], "texture": "#0"},
				"east": {"uv": [6, 6.5, 7, 8.5], "texture": "#0"},
				"south": {"uv": [6, 6.5, 7, 8.5], "texture": "#0"},
				"west": {"uv": [6, 6.5, 7, 8.5], "texture": "#0"},
				"up": {"uv": [10, 2.5, 11, 3.5], "rotation": 180, "texture": "#0"}
			}
		},
		{
			"from": [7.5, 16, 24],
			"to": [8.5, 18, 24],
			"rotation": {"angle": -45, "axis": "y", "origin": [8, 6.5, 8]},
			"faces": {
				"north": {"uv": [9, 2.5, 9.5, 3.5], "texture": "#0"},
				"south": {"uv": [9, 2.5, 9.5, 3.5], "texture": "#0"}
			}
		}
	],
	"display": {
		"fixed": {
			"rotation": [-90, 0, 0],
			"translation": [0, 0, -16.25],
			"scale": [2, 2, 2]
		}
	}
}