{
	"credit": "Made with Blockbench",
	"texture_size": [32, 32],
	"textures": {
		"0": "item/decorations/chandelier_iron_large",
		"particle": "item/decorations/chandelier_iron_large"
	},
	"elements": [
		{
			"from": [6.5, 15, 6.5],
			"to": [9.5, 16, 9.5],
			"rotation": {"angle": 0, "axis": "y", "origin": [7.5, 15, 6.5]},
			"faces": {
				"north": {"uv": [10.25, 5, 11.75, 5.5], "texture": "#0"},
				"east": {"uv": [10.25, 5, 11.75, 5.5], "texture": "#0"},
				"south": {"uv": [10.25, 5, 11.75, 5.5], "texture": "#0"},
				"west": {"uv": [10.25, 5, 11.75, 5.5], "texture": "#0"},
				"up": {"uv": [5, 6.25, 6.5, 7.75], "texture": "#0"},
				"down": {"uv": [5, 6.25, 6.5, 7.75], "texture": "#0"}
			}
		},
		{
			"from": [6.5, 2, 6.5],
			"to": [9.5, 3, 9.5],
			"rotation": {"angle": 0, "axis": "y", "origin": [7.5, 2, 6.5]},
			"faces": {
				"north": {"uv": [12.25, 5, 13.75, 5.5], "texture": "#0"},
				"east": {"uv": [12.25, 5, 13.75, 5.5], "texture": "#0"},
				"south": {"uv": [12.25, 5, 13.75, 5.5], "texture": "#0"},
				"west": {"uv": [12.25, 5, 13.75, 5.5], "texture": "#0"},
				"up": {"uv": [5, 6.25, 6.5, 7.75], "texture": "#0"},
				"down": {"uv": [5, 6.25, 6.5, 7.75], "texture": "#0"}
			}
		},
		{
			"from": [7, 0, 7],
			"to": [9, 2, 9],
			"rotation": {"angle": 0, "axis": "y", "origin": [7, 1, 6]},
			"faces": {
				"north": {"uv": [5.25, 6.5, 6.25, 7.5], "texture": "#0"},
				"east": {"uv": [5.25, 6.5, 6.25, 7.5], "texture": "#0"},
				"south": {"uv": [5.25, 6.5, 6.25, 7.5], "texture": "#0"},
				"west": {"uv": [5.25, 6.5, 6.25, 7.5], "texture": "#0"}
			}
		},
		{
			"from": [6, -2, 6],
			"to": [10, 0, 10],
			"rotation": {"angle": 0, "axis": "y", "origin": [7, -1, 6]},
			"faces": {
				"north": {"uv": [12, 5, 14, 6], "texture": "#0"},
				"east": {"uv": [12, 5, 14, 6], "texture": "#0"},
				"south": {"uv": [12, 5, 14, 6], "texture": "#0"},
				"west": {"uv": [12, 5, 14, 6], "texture": "#0"},
				"up": {"uv": [4.75, 6, 6.75, 8], "texture": "#0"},
				"down": {"uv": [4.75, 6, 6.75, 8], "texture": "#0"}
			}
		},
		{
			"from": [6.5, -3, 6.5],
			"to": [9.5, -2, 9.5],
			"rotation": {"angle": 0, "axis": "y", "origin": [7, -3, 6]},
			"faces": {
				"north": {"uv": [8.5, 6, 10, 5.5], "texture": "#0"},
				"east": {"uv": [8.5, 6, 10, 5.5], "texture": "#0"},
				"south": {"uv": [8.5, 6, 10, 5.5], "texture": "#0"},
				"west": {"uv": [8.5, 6, 10, 5.5], "texture": "#0"},
				"down": {"uv": [5, 6.25, 6.5, 7.75], "texture": "#0"}
			}
		},
		{
			"from": [7, -7.5, 7],
			"to": [9, -6.5, 9],
			"rotation": {"angle": 0, "axis": "y", "origin": [7, -7.5, 6]},
			"faces": {
				"north": {"uv": [10.25, 5, 11.25, 5.5], "texture": "#0"},
				"east": {"uv": [10.25, 5, 11.25, 5.5], "texture": "#0"},
				"south": {"uv": [10.25, 5, 11.25, 5.5], "texture": "#0"},
				"west": {"uv": [10.25, 5, 11.25, 5.5], "texture": "#0"},
				"up": {"uv": [5.25, 6.5, 6.25, 7.5], "texture": "#0"},
				"down": {"uv": [5.25, 6.5, 6.25, 7.5], "texture": "#0"}
			}
		},
		{
			"from": [7.5, -6.5, 7.5],
			"to": [8.5, -3, 8.5],
			"rotation": {"angle": 0, "axis": "y", "origin": [7, -4, 6]},
			"faces": {
				"north": {"uv": [14.75, 4.5, 15.25, 6.25], "texture": "#0"},
				"east": {"uv": [14.75, 4.5, 15.25, 6.25], "texture": "#0"},
				"south": {"uv": [14.75, 4.5, 15.25, 6.25], "texture": "#0"},
				"west": {"uv": [14.75, 4.5, 15.25, 6.25], "texture": "#0"}
			}
		},
		{
			"from": [7.5, 2.5, 7.5],
			"to": [8.5, 15, 8.5],
			"rotation": {"angle": 0, "axis": "y", "origin": [7, 5, 6]},
			"faces": {
				"north": {"uv": [14.75, 0, 15.25, 6.25], "texture": "#0"},
				"east": {"uv": [15, 0, 15.5, 6.25], "texture": "#0"},
				"south": {"uv": [14.75, 0, 15.25, 6.25], "texture": "#0"},
				"west": {"uv": [15, 0, 15.5, 6.25], "texture": "#0"}
			}
		},
		{
			"from": [7.5, -8, 7.5],
			"to": [8.5, -7.5, 8.5],
			"rotation": {"angle": 0, "axis": "y", "origin": [7, -8.5, 6]},
			"faces": {
				"north": {"uv": [8.5, 5, 9, 5.25], "texture": "#0"},
				"east": {"uv": [8.5, 5, 9, 5.25], "texture": "#0"},
				"south": {"uv": [8.5, 5, 9, 5.25], "texture": "#0"},
				"west": {"uv": [8.5, 5, 9, 5.25], "texture": "#0"},
				"down": {"uv": [8.5, 5, 9, 5.5], "texture": "#0"}
			}
		},
		{
			"from": [6.6, -7.5, 11.6],
			"to": [9.4, -5.5, 11.6],
			"rotation": {"angle": 0, "axis": "y", "origin": [8, -5, 8.1]},
			"faces": {
				"north": {"uv": [1.75, 6, 3.25, 7], "texture": "#0"},
				"south": {"uv": [1.75, 6, 3.25, 7], "texture": "#0"}
			}
		},
		{
			"from": [7.59239, -8, 11.46173],
			"to": [8.09239, -4, 12.46173],
			"rotation": {"angle": -22.5, "axis": "y", "origin": [8, -4.5, 8]},
			"faces": {
				"north": {"uv": [15, 3.75, 15.25, 1.75], "texture": "#0"},
				"east": {"uv": [15, 3.75, 15.5, 1.75], "texture": "#0"},
				"south": {"uv": [15, 3.75, 15.25, 1.75], "texture": "#0"},
				"west": {"uv": [15, 3.75, 15.5, 1.75], "texture": "#0"},
				"up": {"uv": [15.25, 3.5, 15.5, 4], "texture": "#0"},
				"down": {"uv": [15.25, 1.5, 15.5, 2], "texture": "#0"}
			}
		},
		{
			"from": [7.90761, -8, 11.46173],
			"to": [8.40761, -4, 12.46173],
			"rotation": {"angle": 22.5, "axis": "y", "origin": [8, -4.5, 8]},
			"faces": {
				"north": {"uv": [14.75, 3.75, 15, 1.75], "texture": "#0"},
				"east": {"uv": [14.75, 3.75, 15.25, 1.75], "texture": "#0"},
				"south": {"uv": [14.75, 3.75, 15, 1.75], "texture": "#0"},
				"west": {"uv": [14.75, 3.75, 15.25, 1.75], "texture": "#0"},
				"up": {"uv": [15.25, 3.75, 15.5, 4.25], "texture": "#0"},
				"down": {"uv": [15.25, 1.75, 15.5, 2.25], "texture": "#0"}
			}
		},
		{
			"from": [7.90761, -8, 3.53827],
			"to": [8.40761, -4, 4.53827],
			"rotation": {"angle": -22.5, "axis": "y", "origin": [8, -4.5, 8]},
			"faces": {
				"north": {"uv": [14.75, 3.75, 15, 1.75], "texture": "#0"},
				"east": {"uv": [15, 3.75, 15.5, 1.75], "texture": "#0"},
				"south": {"uv": [14.75, 3.75, 15, 1.75], "texture": "#0"},
				"west": {"uv": [15, 3.75, 15.5, 1.75], "texture": "#0"},
				"up": {"uv": [15.25, 4.75, 15.5, 5.25], "texture": "#0"},
				"down": {"uv": [15.25, 2.75, 15.5, 3.25], "texture": "#0"}
			}
		},
		{
			"from": [7.59239, -8, 3.53827],
			"to": [8.09239, -4, 4.53827],
			"rotation": {"angle": 22.5, "axis": "y", "origin": [8, -4.5, 8]},
			"faces": {
				"north": {"uv": [14.75, 3.75, 15, 1.75], "texture": "#0"},
				"east": {"uv": [15, 3.75, 15.5, 1.75], "texture": "#0"},
				"south": {"uv": [14.75, 3.75, 15, 1.75], "texture": "#0"},
				"west": {"uv": [15, 3.75, 15.5, 1.75], "texture": "#0"},
				"up": {"uv": [15.25, 3.5, 15.5, 4], "texture": "#0"},
				"down": {"uv": [15.25, 2.75, 15.5, 3.25], "texture": "#0"}
			}
		},
		{
			"from": [3.53827, -8, 7.59239],
			"to": [4.53827, -4, 8.09239],
			"rotation": {"angle": -22.5, "axis": "y", "origin": [8, -4.5, 8]},
			"faces": {
				"north": {"uv": [15, 3.75, 15.5, 1.75], "texture": "#0"},
				"east": {"uv": [15, 3.75, 15.25, 1.75], "texture": "#0"},
				"south": {"uv": [15, 3.75, 15.5, 1.75], "texture": "#0"},
				"west": {"uv": [15, 3.75, 15.25, 1.75], "texture": "#0"},
				"up": {"uv": [15.25, 3.75, 15.5, 4.25], "rotation": 90, "texture": "#0"},
				"down": {"uv": [15.25, 1.75, 15.5, 2.25], "rotation": 270, "texture": "#0"}
			}
		},
		{
			"from": [3.53827, -8, 7.90761],
			"to": [4.53827, -4, 8.40761],
			"rotation": {"angle": 22.5, "axis": "y", "origin": [8, -4.5, 8]},
			"faces": {
				"north": {"uv": [15, 3.75, 15.5, 1.75], "texture": "#0"},
				"east": {"uv": [15, 3.75, 15.25, 1.75], "texture": "#0"},
				"south": {"uv": [15, 3.75, 15.5, 1.75], "texture": "#0"},
				"west": {"uv": [15, 3.75, 15.25, 1.75], "texture": "#0"},
				"up": {"uv": [15.25, 3.75, 15.5, 4.25], "rotation": 90, "texture": "#0"},
				"down": {"uv": [15.25, 1.75, 15.5, 2.25], "rotation": 270, "texture": "#0"}
			}
		},
		{
			"from": [11.46173, -8, 7.59239],
			"to": [12.46173, -4, 8.09239],
			"rotation": {"angle": 22.5, "axis": "y", "origin": [8, -4.5, 8]},
			"faces": {
				"north": {"uv": [15, 3.75, 15.5, 1.75], "texture": "#0"},
				"east": {"uv": [14.75, 3.75, 15, 1.75], "texture": "#0"},
				"south": {"uv": [15, 3.75, 15.5, 1.75], "texture": "#0"},
				"west": {"uv": [14.75, 3.75, 15, 1.75], "texture": "#0"},
				"up": {"uv": [15.25, 4.75, 15.5, 5.25], "rotation": 90, "texture": "#0"},
				"down": {"uv": [15.25, 2.75, 15.5, 3.25], "rotation": 270, "texture": "#0"}
			}
		},
		{
			"from": [11.46173, -8, 7.90761],
			"to": [12.46173, -4, 8.40761],
			"rotation": {"angle": -22.5, "axis": "y", "origin": [8, -4.5, 8]},
			"faces": {
				"north": {"uv": [15, 3.75, 15.5, 1.75], "texture": "#0"},
				"east": {"uv": [14.75, 3.75, 15, 1.75], "texture": "#0"},
				"south": {"uv": [15, 3.75, 15.5, 1.75], "texture": "#0"},
				"west": {"uv": [14.75, 3.75, 15, 1.75], "texture": "#0"},
				"up": {"uv": [15.25, 4.75, 15.5, 5.25], "rotation": 90, "texture": "#0"},
				"down": {"uv": [15.25, 2.75, 15.5, 3.25], "rotation": 270, "texture": "#0"}
			}
		},
		{
			"from": [6.8395, -7.5, 11.49044],
			"to": [9.1395, -5.5, 11.49044],
			"rotation": {"angle": 45, "axis": "y", "origin": [8.2645, -5, 7.89044]},
			"faces": {
				"north": {"uv": [0.5, 6, 1.775, 7], "texture": "#0"},
				"south": {"uv": [0.5, 6, 1.75, 7], "texture": "#0"}
			}
		},
		{
			"from": [6.8605, -7.5, 11.49044],
			"to": [9.1605, -5.5, 11.49044],
			"rotation": {"angle": -45, "axis": "y", "origin": [7.7355, -5, 7.89044]},
			"faces": {
				"north": {"uv": [2, 6.25, 0.75, 7.25], "texture": "#0"},
				"south": {"uv": [2, 6.25, 0.75, 7.25], "texture": "#0"}
			}
		},
		{
			"from": [6.8605, -7.5, 4.50956],
			"to": [9.1605, -5.5, 4.50956],
			"rotation": {"angle": 45, "axis": "y", "origin": [7.7355, -5, 8.10956]},
			"faces": {
				"north": {"uv": [0.75, 6.25, 2, 7.25], "texture": "#0"},
				"south": {"uv": [0.75, 6.25, 2, 7.25], "texture": "#0"}
			}
		},
		{
			"from": [6.6, -7.5, 4.4],
			"to": [9.4, -5.5, 4.4],
			"rotation": {"angle": 0, "axis": "y", "origin": [8, -5, 7.9]},
			"faces": {
				"north": {"uv": [3.25, 6, 1.75, 7], "texture": "#0"},
				"south": {"uv": [3.25, 6, 1.75, 7], "texture": "#0"}
			}
		},
		{
			"from": [11.5, -7.5, 6.6],
			"to": [11.5, -5.5, 9.4],
			"rotation": {"angle": 0, "axis": "y", "origin": [8, -5, 8]},
			"faces": {
				"east": {"uv": [3.25, 6, 1.75, 7], "texture": "#0"},
				"west": {"uv": [3.25, 6, 1.75, 7], "texture": "#0"}
			}
		},
		{
			"from": [4.3, -7.5, 6.6],
			"to": [4.3, -5.5, 9.4],
			"rotation": {"angle": 0, "axis": "y", "origin": [7.8, -5, 8]},
			"faces": {
				"east": {"uv": [1.75, 6, 3.25, 7], "texture": "#0"},
				"west": {"uv": [1.75, 6, 3.25, 7], "texture": "#0"}
			}
		},
		{
			"from": [6.8395, -7.5, 4.50956],
			"to": [9.1395, -5.5, 4.50956],
			"rotation": {"angle": -45, "axis": "y", "origin": [8.2645, -5, 8.10956]},
			"faces": {
				"north": {"uv": [1.75, 6, 0.5, 7], "texture": "#0"},
				"south": {"uv": [1.775, 6, 0.5, 7], "texture": "#0"}
			}
		},
		{
			"from": [7.2605, -5.5, 11.39044],
			"to": [8.7355, -4.5, 11.89044],
			"rotation": {"angle": -45, "axis": "y", "origin": [7.7355, -4, 7.89044]},
			"faces": {
				"north": {"uv": [9.2375, 5.5, 8.5, 6], "texture": "#0"},
				"south": {"uv": [9.2375, 5.5, 8.5, 6], "texture": "#0"},
				"up": {"uv": [9.2375, 5.25, 8.5, 5.5], "texture": "#0"},
				"down": {"uv": [10.9875, 5, 10.25, 5.25], "texture": "#0"}
			}
		},
		{
			"from": [3.88686, -5.5, 7.43121],
			"to": [4.38686, -4.5, 8.93121],
			"rotation": {"angle": 22.5, "axis": "y", "origin": [7.88686, -4, 7.93121]},
			"faces": {
				"east": {"uv": [9.25, 5.5, 8.5, 6], "texture": "#0"},
				"west": {"uv": [9.25, 5.5, 8.5, 6], "texture": "#0"},
				"up": {"uv": [8.5, 5.25, 9.25, 5], "rotation": 270, "texture": "#0"},
				"down": {"uv": [11.25, 5.25, 12, 5], "rotation": 90, "texture": "#0"}
			}
		},
		{
			"from": [4, -5.5, 7],
			"to": [4.5, -4.5, 9],
			"rotation": {"angle": 0, "axis": "y", "origin": [8, -4, 8]},
			"faces": {
				"east": {"uv": [8.75, 5.5, 9.75, 6], "texture": "#0"},
				"west": {"uv": [8.75, 5.5, 9.75, 6], "texture": "#0"},
				"up": {"uv": [8.75, 5.25, 9.75, 5.5], "rotation": 90, "texture": "#0"},
				"down": {"uv": [11, 5, 12, 5.25], "rotation": 270, "texture": "#0"}
			}
		},
		{
			"from": [3.88686, -5.5, 7.06879],
			"to": [4.38686, -4.5, 8.56879],
			"rotation": {"angle": -22.5, "axis": "y", "origin": [7.88686, -4, 8.06879]},
			"faces": {
				"east": {"uv": [8.75, 5.5, 9.5, 6], "texture": "#0"},
				"west": {"uv": [8.75, 5.5, 9.5, 6], "texture": "#0"},
				"up": {"uv": [9.5, 5.5, 8.75, 5.25], "rotation": 270, "texture": "#0"},
				"down": {"uv": [11, 5.5, 10.25, 5.25], "rotation": 90, "texture": "#0"}
			}
		},
		{
			"from": [7.2605, -5.5, 4.10956],
			"to": [8.7355, -4.5, 4.60956],
			"rotation": {"angle": 45, "axis": "y", "origin": [7.7355, -4, 8.10956]},
			"faces": {
				"north": {"uv": [8.5, 5.5, 9.2375, 6], "texture": "#0"},
				"south": {"uv": [8.5, 5.5, 9.2375, 6], "texture": "#0"},
				"up": {"uv": [9.2375, 5.25, 8.5, 5], "texture": "#0"},
				"down": {"uv": [11.9875, 5.25, 11.25, 5], "texture": "#0"}
			}
		},
		{
			"from": [7.10685, -5.5, 4.0782],
			"to": [8.60685, -4.5, 4.5782],
			"rotation": {"angle": 22.5, "axis": "y", "origin": [7.60685, -4, 8.0782]},
			"faces": {
				"north": {"uv": [9, 5.5, 9.75, 6], "texture": "#0"},
				"south": {"uv": [9, 5.5, 9.75, 6], "texture": "#0"},
				"up": {"uv": [9.75, 5.25, 9, 5], "texture": "#0"},
				"down": {"uv": [12, 5.25, 11.25, 5], "texture": "#0"}
			}
		},
		{
			"from": [7, -5.5, 4],
			"to": [9, -4.5, 4.5],
			"rotation": {"angle": 0, "axis": "y", "origin": [8, -4, 8]},
			"faces": {
				"north": {"uv": [8.75, 5.5, 9.75, 6], "texture": "#0"},
				"south": {"uv": [8.75, 5.5, 9.75, 6], "texture": "#0"},
				"up": {"uv": [8.75, 5, 9.75, 5.25], "texture": "#0"},
				"down": {"uv": [11, 5, 12, 5.25], "texture": "#0"}
			}
		},
		{
			"from": [7.39315, -5.5, 4.0782],
			"to": [8.89315, -4.5, 4.5782],
			"rotation": {"angle": -22.5, "axis": "y", "origin": [8.39315, -4, 8.0782]},
			"faces": {
				"north": {"uv": [9.25, 5.5, 8.5, 6], "texture": "#0"},
				"south": {"uv": [9.25, 5.5, 8.5, 6], "texture": "#0"},
				"up": {"uv": [8.5, 5.5, 9.25, 5.25], "texture": "#0"},
				"down": {"uv": [11.25, 5.25, 12, 5], "texture": "#0"}
			}
		},
		{
			"from": [7.2645, -5.5, 4.10956],
			"to": [8.7395, -4.5, 4.60956],
			"rotation": {"angle": -45, "axis": "y", "origin": [8.2645, -4, 8.10956]},
			"faces": {
				"north": {"uv": [9.4875, 5.5, 8.75, 6], "texture": "#0"},
				"south": {"uv": [9.4875, 5.5, 8.75, 6], "texture": "#0"},
				"up": {"uv": [8.75, 5.5, 9.4875, 5.25], "texture": "#0"},
				"down": {"uv": [10.5, 5.5, 11.2375, 5.25], "texture": "#0"}
			}
		},
		{
			"from": [11.61314, -5.5, 7.06879],
			"to": [12.11314, -4.5, 8.56879],
			"rotation": {"angle": 22.5, "axis": "y", "origin": [8.11314, -4, 8.06879]},
			"faces": {
				"east": {"uv": [9.75, 5.5, 9, 6], "texture": "#0"},
				"west": {"uv": [9.75, 5.5, 9, 6], "texture": "#0"},
				"up": {"uv": [9.75, 5.25, 9, 5.5], "rotation": 270, "texture": "#0"},
				"down": {"uv": [12, 5, 11.25, 5.25], "rotation": 90, "texture": "#0"}
			}
		},
		{
			"from": [7.10685, -5.5, 11.4218],
			"to": [8.60685, -4.5, 11.9218],
			"rotation": {"angle": -22.5, "axis": "y", "origin": [7.60685, -4, 7.9218]},
			"faces": {
				"north": {"uv": [9.75, 5.5, 9, 6], "texture": "#0"},
				"south": {"uv": [9.75, 5.5, 9, 6], "texture": "#0"},
				"up": {"uv": [9.75, 5.25, 9, 5.5], "texture": "#0"},
				"down": {"uv": [11, 5, 10.25, 5.25], "texture": "#0"}
			}
		},
		{
			"from": [7, -5.5, 11.5],
			"to": [9, -4.5, 12],
			"rotation": {"angle": 0, "axis": "y", "origin": [8, -4, 8]},
			"faces": {
				"north": {"uv": [8.75, 5.5, 9.75, 6], "texture": "#0"},
				"south": {"uv": [8.75, 5.5, 9.75, 6], "texture": "#0"},
				"up": {"uv": [8.75, 5.25, 9.75, 5.5], "texture": "#0"},
				"down": {"uv": [10.5, 5, 11.5, 5.25], "texture": "#0"}
			}
		},
		{
			"from": [11.5, -5.5, 7],
			"to": [12, -4.5, 9],
			"rotation": {"angle": 0, "axis": "y", "origin": [8, -4, 8]},
			"faces": {
				"east": {"uv": [9, 5.5, 10, 6], "texture": "#0"},
				"west": {"uv": [9, 5.5, 10, 6], "texture": "#0"},
				"up": {"uv": [9, 5.25, 10, 5.5], "rotation": 270, "texture": "#0"},
				"down": {"uv": [11, 5.25, 12, 5.5], "rotation": 90, "texture": "#0"}
			}
		},
		{
			"from": [11.61314, -5.5, 7.43121],
			"to": [12.11314, -4.5, 8.93121],
			"rotation": {"angle": -22.5, "axis": "y", "origin": [8.11314, -4, 7.93121]},
			"faces": {
				"east": {"uv": [9.25, 5.5, 10, 6], "texture": "#0"},
				"west": {"uv": [9.25, 5.5, 10, 6], "texture": "#0"},
				"up": {"uv": [9.25, 5.25, 10, 5.5], "rotation": 270, "texture": "#0"},
				"down": {"uv": [10.5, 5.25, 11.25, 5.5], "rotation": 90, "texture": "#0"}
			}
		},
		{
			"from": [7.2645, -5.5, 11.39044],
			"to": [8.7395, -4.5, 11.89044],
			"rotation": {"angle": 45, "axis": "y", "origin": [8.2645, -4, 7.89044]},
			"faces": {
				"north": {"uv": [9, 5.5, 9.7375, 6], "texture": "#0"},
				"south": {"uv": [9, 5.5, 9.7375, 6], "texture": "#0"},
				"up": {"uv": [9, 5, 9.7375, 5.25], "texture": "#0"},
				"down": {"uv": [10.25, 5.25, 10.9875, 5.5], "texture": "#0"}
			}
		},
		{
			"from": [7.39315, -5.5, 11.4218],
			"to": [8.89315, -4.5, 11.9218],
			"rotation": {"angle": 22.5, "axis": "y", "origin": [8.39315, -4, 7.9218]},
			"faces": {
				"north": {"uv": [9.5, 5.5, 10.25, 6], "texture": "#0"},
				"south": {"uv": [9.5, 5.5, 10.25, 6], "texture": "#0"},
				"up": {"uv": [9.5, 5.25, 10.25, 5.5], "texture": "#0"},
				"down": {"uv": [11, 5.25, 11.75, 5.5], "texture": "#0"}
			}
		},
		{
			"from": [11.61214, 10.999, 7.06779],
			"to": [12.11414, 12.001, 8.56979],
			"rotation": {"angle": 22.5, "axis": "y", "origin": [8.11314, 12.5, 8.06879]},
			"faces": {
				"east": {"uv": [14.75, 2.75, 15.5, 3.25], "texture": "#0"},
				"west": {"uv": [14.75, 2.75, 15.5, 3.25], "texture": "#0"},
				"up": {"uv": [14.75, 2.25, 15.5, 2.5], "rotation": 270, "texture": "#0"},
				"down": {"uv": [14.75, 3.5, 15.5, 3.75], "rotation": 90, "texture": "#0"}
			}
		},
		{
			"from": [7.10585, 10.999, 4.0772],
			"to": [8.60785, 12.001, 4.5792],
			"rotation": {"angle": 22.5, "axis": "y", "origin": [7.60685, 12.5, 8.0782]},
			"faces": {
				"north": {"uv": [14.75, 3.25, 15.5, 3.75], "texture": "#0"},
				"south": {"uv": [14.75, 3.25, 15.5, 3.75], "texture": "#0"},
				"up": {"uv": [14.75, 2.75, 15.5, 3], "texture": "#0"},
				"down": {"uv": [15, 3.75, 15.75, 4], "texture": "#0"}
			}
		},
		{
			"from": [7.2605, 11, 4.10956],
			"to": [8.7355, 12, 4.60956],
			"rotation": {"angle": 45, "axis": "y", "origin": [7.7355, 12.5, 8.10956]},
			"faces": {
				"north": {"uv": [14.75, 2.75, 15.4875, 3.25], "texture": "#0"},
				"south": {"uv": [14.75, 2.75, 15.4875, 3.25], "texture": "#0"},
				"up": {"uv": [14.725, 2.5, 15.4625, 2.75], "texture": "#0"},
				"down": {"uv": [14.725, 3.5, 15.4625, 3.75], "texture": "#0"}
			}
		},
		{
			"from": [3.88586, 10.999, 7.06779],
			"to": [4.38786, 12.001, 8.56979],
			"rotation": {"angle": -22.5, "axis": "y", "origin": [7.88686, 12.5, 8.06879]},
			"faces": {
				"east": {"uv": [14.75, 2.75, 15.5, 3.25], "texture": "#0"},
				"west": {"uv": [14.75, 2.75, 15.5, 3.25], "texture": "#0"},
				"up": {"uv": [14.75, 2.5, 15.5, 2.75], "rotation": 270, "texture": "#0"},
				"down": {"uv": [14.75, 3.5, 15.5, 3.75], "rotation": 90, "texture": "#0"}
			}
		},
		{
			"from": [7.39215, 10.999, 4.0772],
			"to": [8.89415, 12.001, 4.5792],
			"rotation": {"angle": -22.5, "axis": "y", "origin": [8.39315, 12.5, 8.0782]},
			"faces": {
				"north": {"uv": [14.75, 2.75, 15.5, 3.25], "texture": "#0"},
				"south": {"uv": [14.75, 2.75, 15.5, 3.25], "texture": "#0"},
				"up": {"uv": [14.5, 2.5, 15.25, 2.75], "texture": "#0"},
				"down": {"uv": [14.75, 3.5, 15.5, 3.75], "texture": "#0"}
			}
		},
		{
			"from": [7.2645, 11, 4.10956],
			"to": [8.7395, 12, 4.60956],
			"rotation": {"angle": -45, "axis": "y", "origin": [8.2645, 12.5, 8.10956]},
			"faces": {
				"north": {"uv": [14.75, 2.5, 15.4875, 3], "texture": "#0"},
				"south": {"uv": [14.75, 2.5, 15.4875, 3], "texture": "#0"},
				"up": {"uv": [14.75, 2.25, 15.4875, 2.5], "texture": "#0"},
				"down": {"uv": [14.75, 3, 15.4875, 3.25], "texture": "#0"}
			}
		},
		{
			"from": [7.10585, 10.999, 11.4208],
			"to": [8.60785, 12.001, 11.9228],
			"rotation": {"angle": -22.5, "axis": "y", "origin": [7.60685, 12.5, 7.9218]},
			"faces": {
				"north": {"uv": [14.5, 2.5, 15.25, 3], "texture": "#0"},
				"south": {"uv": [14.5, 2.5, 15.25, 3], "texture": "#0"},
				"up": {"uv": [14.5, 2, 15.25, 2.25], "texture": "#0"},
				"down": {"uv": [14.5, 3, 15.25, 3.25], "texture": "#0"}
			}
		},
		{
			"from": [7.2605, 11, 11.39044],
			"to": [8.7355, 12, 11.89044],
			"rotation": {"angle": -45, "axis": "y", "origin": [7.7355, 12.5, 7.89044]},
			"faces": {
				"north": {"uv": [14.25, 2.75, 14.9875, 3.25], "texture": "#0"},
				"south": {"uv": [14.25, 2.75, 14.9875, 3.25], "texture": "#0"},
				"up": {"uv": [14.5, 2.5, 15.2375, 2.75], "texture": "#0"},
				"down": {"uv": [14.25, 3.25, 14.9875, 3.5], "texture": "#0"}
			}
		},
		{
			"from": [3.88586, 10.999, 7.43021],
			"to": [4.38786, 12.001, 8.93221],
			"rotation": {"angle": 22.5, "axis": "y", "origin": [7.88686, 12.5, 7.93121]},
			"faces": {
				"east": {"uv": [14.5, 2.75, 15.25, 3.25], "texture": "#0"},
				"west": {"uv": [14.5, 2.75, 15.25, 3.25], "texture": "#0"},
				"up": {"uv": [14.25, 2.5, 15, 2.75], "rotation": 270, "texture": "#0"},
				"down": {"uv": [14.25, 3.25, 15, 3.5], "rotation": 90, "texture": "#0"}
			}
		},
		{
			"from": [7.2645, 11, 11.39044],
			"to": [8.7395, 12, 11.89044],
			"rotation": {"angle": 45, "axis": "y", "origin": [8.2645, 12.5, 7.89044]},
			"faces": {
				"north": {"uv": [14.75, 2.75, 15.4875, 3.25], "texture": "#0"},
				"south": {"uv": [14.75, 2.75, 15.4875, 3.25], "texture": "#0"},
				"up": {"uv": [14.75, 2.5, 15.4875, 2.75], "texture": "#0"},
				"down": {"uv": [14.75, 3.25, 15.4875, 3.5], "texture": "#0"}
			}
		},
		{
			"from": [11.61214, 10.999, 7.43021],
			"to": [12.11414, 12.001, 8.93221],
			"rotation": {"angle": -22.5, "axis": "y", "origin": [8.11314, 12.5, 7.93121]},
			"faces": {
				"east": {"uv": [14.75, 2.75, 15.5, 3.25], "texture": "#0"},
				"west": {"uv": [14.75, 2.75, 15.5, 3.25], "texture": "#0"},
				"up": {"uv": [14.5, 2.5, 15.25, 2.75], "rotation": 270, "texture": "#0"},
				"down": {"uv": [14.75, 3.25, 15.5, 3.5], "rotation": 90, "texture": "#0"}
			}
		},
		{
			"from": [7.39215, 10.999, 11.4208],
			"to": [8.89415, 12.001, 11.9228],
			"rotation": {"angle": 22.5, "axis": "y", "origin": [8.39315, 12.5, 7.9218]},
			"faces": {
				"north": {"uv": [14.75, 2.5, 15.5, 3], "texture": "#0"},
				"south": {"uv": [14.75, 2.5, 15.5, 3], "texture": "#0"},
				"up": {"uv": [14.75, 2.25, 15.5, 2.5], "texture": "#0"},
				"down": {"uv": [14.75, 3, 15.5, 3.25], "texture": "#0"}
			}
		},
		{
			"from": [7, 11, 4],
			"to": [9, 12, 4.5],
			"rotation": {"angle": 0, "axis": "y", "origin": [8, 12.5, 8]},
			"faces": {
				"north": {"uv": [14.5, 2.75, 15.5, 3.25], "texture": "#0"},
				"south": {"uv": [14.5, 2.75, 15.5, 3.25], "texture": "#0"},
				"up": {"uv": [14.25, 2.5, 15.25, 2.75], "texture": "#0"},
				"down": {"uv": [14.5, 3.25, 15.5, 3.5], "texture": "#0"}
			}
		},
		{
			"from": [11.5, 11, 7],
			"to": [12, 12, 9],
			"rotation": {"angle": 0, "axis": "y", "origin": [8, 12.5, 8]},
			"faces": {
				"east": {"uv": [14.5, 2.75, 15.5, 3.25], "texture": "#0"},
				"west": {"uv": [14.5, 2.75, 15.5, 3.25], "texture": "#0"},
				"up": {"uv": [14.5, 2.5, 15.5, 2.75], "rotation": 270, "texture": "#0"},
				"down": {"uv": [14.5, 3.25, 15.5, 3.5], "rotation": 90, "texture": "#0"}
			}
		},
		{
			"from": [4, 11, 7],
			"to": [4.5, 12, 9],
			"rotation": {"angle": 0, "axis": "y", "origin": [8, 12.5, 8]},
			"faces": {
				"east": {"uv": [14.25, 2.75, 15.25, 3.25], "texture": "#0"},
				"west": {"uv": [14.25, 2.75, 15.25, 3.25], "texture": "#0"},
				"up": {"uv": [14.25, 2.5, 15.25, 2.75], "rotation": 90, "texture": "#0"},
				"down": {"uv": [14.25, 3.25, 15.25, 3.5], "rotation": 270, "texture": "#0"}
			}
		},
		{
			"from": [7, 11, 11.5],
			"to": [9, 12, 12],
			"rotation": {"angle": 0, "axis": "y", "origin": [8, 12.5, 8]},
			"faces": {
				"north": {"uv": [14.5, 2.75, 15.5, 3.25], "texture": "#0"},
				"south": {"uv": [14.5, 2.75, 15.5, 3.25], "texture": "#0"},
				"up": {"uv": [14.5, 2.5, 15.5, 2.75], "texture": "#0"},
				"down": {"uv": [14.5, 3.25, 15.5, 3.5], "texture": "#0"}
			}
		},
		{
			"from": [-2, -5.5, 8.15],
			"to": [6.5, 1.5, 8.15],
			"rotation": {"angle": 22.5, "axis": "y", "origin": [8, -3.5, 8]},
			"faces": {
				"north": {"uv": [4.25, 7.25, 0, 10.75], "texture": "#0"},
				"east": {"uv": [0, 0, 0, 3.5], "texture": "#0"},
				"south": {"uv": [0, 7.25, 4.25, 10.75], "texture": "#0"},
				"west": {"uv": [0, 0, 0, 3.5], "texture": "#0"},
				"up": {"uv": [0, 3.75, 0, 0], "rotation": 270, "texture": "#0"},
				"down": {"uv": [0, 3.75, 0, 0], "rotation": 90, "texture": "#0"}
			}
		},
		{
			"from": [-2, -5.5, 7.85],
			"to": [6.5, 1.5, 7.85],
			"rotation": {"angle": -22.5, "axis": "y", "origin": [8, -3.5, 8]},
			"faces": {
				"north": {"uv": [4.25, 7.25, 0, 10.75], "texture": "#0"},
				"east": {"uv": [0, 0, 0, 3.5], "texture": "#0"},
				"south": {"uv": [0, 7.25, 4.25, 10.75], "texture": "#0"},
				"west": {"uv": [0, 0, 0, 3.5], "texture": "#0"},
				"up": {"uv": [0, 3.75, 0, 0], "rotation": 270, "texture": "#0"},
				"down": {"uv": [0, 3.75, 0, 0], "rotation": 90, "texture": "#0"}
			}
		},
		{
			"from": [9.5, -5.5, 8.15],
			"to": [18, 1.5, 8.15],
			"rotation": {"angle": -22.5, "axis": "y", "origin": [8, -3.5, 8]},
			"faces": {
				"north": {"uv": [0, 7.25, 4.25, 10.75], "texture": "#0"},
				"east": {"uv": [0, 0, 0, 3.5], "texture": "#0"},
				"south": {"uv": [4.25, 7.25, 0, 10.75], "texture": "#0"},
				"west": {"uv": [0, 0, 0, 3.5], "texture": "#0"},
				"up": {"uv": [0, 0, 0, 3.75], "rotation": 270, "texture": "#0"},
				"down": {"uv": [0, 0, 0, 3.75], "rotation": 90, "texture": "#0"}
			}
		},
		{
			"from": [9.5, -5.5, 7.85],
			"to": [18, 1.5, 7.85],
			"rotation": {"angle": 22.5, "axis": "y", "origin": [8, -3.5, 8]},
			"faces": {
				"north": {"uv": [0, 7.25, 4.25, 10.75], "texture": "#0"},
				"east": {"uv": [0, 0, 0, 3.5], "texture": "#0"},
				"south": {"uv": [4.25, 7.25, 0, 10.75], "texture": "#0"},
				"west": {"uv": [0, 0, 0, 3.5], "texture": "#0"},
				"up": {"uv": [0, 0, 0, 3.75], "rotation": 270, "texture": "#0"},
				"down": {"uv": [0, 0, 0, 3.75], "rotation": 90, "texture": "#0"}
			}
		},
		{
			"from": [8.15, -5.5, -2],
			"to": [8.15, 1.5, 6.5],
			"rotation": {"angle": -22.5, "axis": "y", "origin": [8, -3.5, 8]},
			"faces": {
				"north": {"uv": [0, 0, 0, 3.5], "texture": "#0"},
				"east": {"uv": [4.25, 7.25, 0, 10.75], "texture": "#0"},
				"south": {"uv": [0, 0, 0, 3.5], "texture": "#0"},
				"west": {"uv": [0, 7.25, 4.25, 10.75], "texture": "#0"},
				"up": {"uv": [0, 3.75, 0, 0], "texture": "#0"},
				"down": {"uv": [0, 3.75, 0, 0], "texture": "#0"}
			}
		},
		{
			"from": [7.85, -4.5, -2],
			"to": [7.85, 1.5, 6.5],
			"rotation": {"angle": 22.5, "axis": "y", "origin": [8, -3.5, 8]},
			"faces": {
				"east": {"uv": [4.25, 7.25, 0, 10.25], "texture": "#0"},
				"west": {"uv": [0, 7.25, 4.25, 10.25], "texture": "#0"}
			}
		},
		{
			"from": [7.85, -5.5, 9.5],
			"to": [7.85, 1.5, 18],
			"rotation": {"angle": -22.5, "axis": "y", "origin": [8, -3.5, 8]},
			"faces": {
				"north": {"uv": [0, 0, 0, 3.5], "texture": "#0"},
				"east": {"uv": [0, 7.25, 4.25, 10.75], "texture": "#0"},
				"south": {"uv": [0, 0, 0, 3.5], "texture": "#0"},
				"west": {"uv": [4.25, 7.25, 0, 10.75], "texture": "#0"},
				"up": {"uv": [0, 0, 0, 3.75], "texture": "#0"},
				"down": {"uv": [0, 0, 0, 3.75], "texture": "#0"}
			}
		},
		{
			"from": [8.15, -5.5, 9.5],
			"to": [8.15, 1.5, 18],
			"rotation": {"angle": 22.5, "axis": "y", "origin": [8, -3.5, 8]},
			"faces": {
				"north": {"uv": [0, 0, 0, 3.5], "texture": "#0"},
				"east": {"uv": [0, 7.25, 4.25, 10.75], "texture": "#0"},
				"south": {"uv": [0, 0, 0, 3.5], "texture": "#0"},
				"west": {"uv": [4.25, 7.25, 0, 10.75], "texture": "#0"},
				"up": {"uv": [0, 0, 0, 3.75], "texture": "#0"},
				"down": {"uv": [0, 0, 0, 3.75], "texture": "#0"}
			}
		},
		{
			"from": [6.59491, -0.5, 0.14382],
			"to": [9.39491, 0.5, 1.14382],
			"rotation": {"angle": -45, "axis": "y", "origin": [8.01338, 4, 8.09876]},
			"faces": {
				"north": {"uv": [8.5, 5.5, 10, 6], "texture": "#0"},
				"south": {"uv": [8.5, 5.5, 10, 6], "texture": "#0"},
				"up": {"uv": [8.5, 5, 10, 5.5], "texture": "#0"},
				"down": {"uv": [10.25, 5, 11.7625, 5.5], "texture": "#0"}
			}
		},
		{
			"from": [6.70876, 0.5, 0.63099],
			"to": [9.30876, 3, 0.63099],
			"rotation": {"angle": -45, "axis": "y", "origin": [8.02722, 4, 8.08593]},
			"faces": {
				"north": {"uv": [1.75, 6, 3.25, 7.25], "texture": "#0"},
				"south": {"uv": [1.75, 6, 3.25, 7.25], "texture": "#0"}
			}
		},
		{
			"from": [6.59491, 3, 0.14382],
			"to": [9.39491, 4, 1.14382],
			"rotation": {"angle": -45, "axis": "y", "origin": [8.01338, 4, 8.09876]},
			"faces": {
				"north": {"uv": [8.5, 5.5, 10, 6], "texture": "#0"},
				"south": {"uv": [8.5, 5.5, 10, 6], "texture": "#0"},
				"up": {"uv": [8.5, 5, 10, 5.5], "texture": "#0"},
				"down": {"uv": [10.25, 5, 11.7625, 5.5], "texture": "#0"}
			}
		},
		{
			"from": [14.88756, 3, 6.34036],
			"to": [15.88756, 4, 9.74036],
			"rotation": {"angle": 22.5, "axis": "y", "origin": [7.98767, 4, 8.09365]},
			"faces": {
				"east": {"uv": [8.5, 5.5, 10.25, 6], "texture": "#0"},
				"west": {"uv": [8.5, 5.5, 10.25, 6], "texture": "#0"},
				"up": {"uv": [8.5, 5, 10.25, 5.5], "rotation": 270, "texture": "#0"},
				"down": {"uv": [10.25, 5, 12, 5.5], "rotation": 90, "texture": "#0"}
			}
		},
		{
			"from": [15.39989, 0.5, 6.42702],
			"to": [15.39989, 3, 9.62702],
			"rotation": {"angle": 22.5, "axis": "y", "origin": [8, 4, 8.08031]},
			"faces": {
				"east": {"uv": [0, 6, 1.75, 7.25], "texture": "#0"},
				"west": {"uv": [1.75, 6, 0, 7.25], "texture": "#0"}
			}
		},
		{
			"from": [14.88756, -0.5, 6.34036],
			"to": [15.88756, 0.5, 9.74036],
			"rotation": {"angle": 22.5, "axis": "y", "origin": [7.98767, 4, 8.09365]},
			"faces": {
				"east": {"uv": [8.5, 5.5, 10.25, 6], "texture": "#0"},
				"west": {"uv": [8.5, 5.5, 10.25, 6], "texture": "#0"},
				"up": {"uv": [8.5, 5, 10.25, 5.5], "rotation": 270, "texture": "#0"},
				"down": {"uv": [10.25, 5, 12, 5.5], "rotation": 90, "texture": "#0"}
			}
		},
		{
			"from": [14.91639, -0.5, 6.59185],
			"to": [15.91639, 0.5, 9.69185],
			"rotation": {"angle": 0, "axis": "y", "origin": [7.9967, 4, 8.09185]},
			"faces": {
				"east": {"uv": [8.5, 5.5, 10, 6], "texture": "#0"},
				"west": {"uv": [8.5, 5.5, 10, 6], "texture": "#0"},
				"up": {"uv": [8.5, 5, 10, 5.5], "rotation": 270, "texture": "#0"},
				"down": {"uv": [10.25, 5, 11.75, 5.5], "rotation": 90, "texture": "#0"}
			}
		},
		{
			"from": [15.41969, 0.5, 6.68031],
			"to": [15.41969, 3, 9.48031],
			"rotation": {"angle": 0, "axis": "y", "origin": [8, 4, 8.08031]},
			"faces": {
				"east": {"uv": [3.25, 6, 4.75, 7.25], "texture": "#0"},
				"west": {"uv": [3.25, 6, 4.75, 7.25], "texture": "#0"}
			}
		},
		{
			"from": [14.91639, 3, 6.59185],
			"to": [15.91639, 4, 9.69185],
			"rotation": {"angle": 0, "axis": "y", "origin": [7.9967, 4, 8.09185]},
			"faces": {
				"east": {"uv": [8.5, 5.5, 10, 6], "texture": "#0"},
				"west": {"uv": [8.5, 5.5, 10, 6], "texture": "#0"},
				"up": {"uv": [8.5, 5, 10, 5.5], "rotation": 270, "texture": "#0"},
				"down": {"uv": [10.25, 5, 11.75, 5.5], "rotation": 90, "texture": "#0"}
			}
		},
		{
			"from": [14.9641, -0.5, 6.56575],
			"to": [15.9641, 0.5, 9.76575],
			"rotation": {"angle": -22.5, "axis": "y", "origin": [8.08226, 4, 8.00887]},
			"faces": {
				"east": {"uv": [8.55, 5.5, 10.25, 6], "texture": "#0"},
				"west": {"uv": [8.55, 5.5, 10.25, 6], "texture": "#0"},
				"up": {"uv": [8.55, 5, 10.25, 5.5], "rotation": 270, "texture": "#0"},
				"down": {"uv": [10.3, 5, 12, 5.5], "rotation": 90, "texture": "#0"}
			}
		},
		{
			"from": [15.38184, 0.5, 6.53719],
			"to": [15.38184, 3, 9.73719],
			"rotation": {"angle": -22.5, "axis": "y", "origin": [8, 4, 8.08031]},
			"faces": {
				"east": {"uv": [1.75, 6, 0, 7.25], "texture": "#0"},
				"west": {"uv": [0, 6, 1.75, 7.25], "texture": "#0"}
			}
		},
		{
			"from": [14.9641, 3, 6.56575],
			"to": [15.9641, 4, 9.76575],
			"rotation": {"angle": -22.5, "axis": "y", "origin": [8.08226, 4, 8.00887]},
			"faces": {
				"east": {"uv": [8.55, 5.5, 10.25, 6], "texture": "#0"},
				"west": {"uv": [8.55, 5.5, 10.25, 6], "texture": "#0"},
				"up": {"uv": [8.55, 5, 10.25, 5.5], "rotation": 270, "texture": "#0"},
				"down": {"uv": [10.3, 5, 12, 5.5], "rotation": 90, "texture": "#0"}
			}
		},
		{
			"from": [0.04614, -0.5, 6.69111],
			"to": [1.04614, 0.5, 9.49111],
			"rotation": {"angle": -45, "axis": "y", "origin": [8.00108, 4, 8.07265]},
			"faces": {
				"east": {"uv": [8.5, 5.5, 10, 6], "texture": "#0"},
				"west": {"uv": [8.5, 5.5, 10, 6], "texture": "#0"},
				"up": {"uv": [8.5, 5, 10, 5.5], "rotation": 270, "texture": "#0"},
				"down": {"uv": [10.25, 5, 11.75, 5.5], "rotation": 90, "texture": "#0"}
			}
		},
		{
			"from": [0.55106, 0.5, 6.77248],
			"to": [0.55106, 3, 9.37248],
			"rotation": {"angle": -45, "axis": "y", "origin": [8.006, 4, 8.05401]},
			"faces": {
				"east": {"uv": [1.75, 6, 3.25, 7.25], "texture": "#0"},
				"west": {"uv": [1.75, 6, 3.25, 7.25], "texture": "#0"}
			}
		},
		{
			"from": [0.04614, 3, 6.69111],
			"to": [1.04614, 4, 9.49111],
			"rotation": {"angle": -45, "axis": "y", "origin": [8.00108, 4, 8.07265]},
			"faces": {
				"east": {"uv": [8.5, 5.5, 10, 6], "texture": "#0"},
				"west": {"uv": [8.5, 5.5, 10, 6], "texture": "#0"},
				"up": {"uv": [8.5, 5, 10, 5.5], "rotation": 270, "texture": "#0"},
				"down": {"uv": [10.25, 5, 11.75, 5.5], "rotation": 90, "texture": "#0"}
			}
		},
		{
			"from": [6.24268, 3, 0.19846],
			"to": [9.64268, 4, 1.19846],
			"rotation": {"angle": 22.5, "axis": "y", "origin": [7.99597, 4, 8.09835]},
			"faces": {
				"north": {"uv": [8.5, 5.5, 10.25, 6], "texture": "#0"},
				"south": {"uv": [8.5, 5.5, 10.25, 6], "texture": "#0"},
				"up": {"uv": [8.5, 5, 10.25, 5.5], "rotation": 180, "texture": "#0"},
				"down": {"uv": [10.25, 5, 12, 5.5], "rotation": 180, "texture": "#0"}
			}
		},
		{
			"from": [6.34671, 0.5, 0.68042],
			"to": [9.54671, 3, 0.68042],
			"rotation": {"angle": 22.5, "axis": "y", "origin": [8, 4, 8.08031]},
			"faces": {
				"north": {"uv": [0, 6, 1.6, 7.25], "texture": "#0"},
				"south": {"uv": [0, 6, 1.6, 7.25], "texture": "#0"}
			}
		},
		{
			"from": [6.24268, -0.5, 0.19846],
			"to": [9.64268, 0.5, 1.19846],
			"rotation": {"angle": 22.5, "axis": "y", "origin": [7.99597, 4, 8.09835]},
			"faces": {
				"north": {"uv": [8.5, 5.5, 10.25, 6], "texture": "#0"},
				"south": {"uv": [8.5, 5.5, 10.25, 6], "texture": "#0"},
				"up": {"uv": [8.5, 5, 10.25, 5.5], "rotation": 180, "texture": "#0"},
				"down": {"uv": [10.25, 5, 12, 5.5], "rotation": 180, "texture": "#0"}
			}
		},
		{
			"from": [6.49417, -0.5, 0.16964],
			"to": [9.49417, 0.5, 1.16964],
			"rotation": {"angle": 0, "axis": "y", "origin": [7.99417, 4, 8.08933]},
			"faces": {
				"north": {"uv": [8.75, 5.5, 10.25, 6], "texture": "#0"},
				"south": {"uv": [8.75, 5.5, 10.25, 6], "texture": "#0"},
				"up": {"uv": [8.5, 5, 10, 5.5], "rotation": 180, "texture": "#0"},
				"down": {"uv": [10.25, 5, 11.75, 5.5], "rotation": 180, "texture": "#0"}
			}
		},
		{
			"from": [6.6, 0.5, 0.66062],
			"to": [9.4, 3, 0.66062],
			"rotation": {"angle": 0, "axis": "y", "origin": [8, 4, 8.08031]},
			"faces": {
				"north": {"uv": [3.25, 6, 4.75, 7.25], "texture": "#0"},
				"south": {"uv": [3.25, 6, 4.75, 7.25], "texture": "#0"}
			}
		},
		{
			"from": [6.49417, 3, 0.16964],
			"to": [9.49417, 4, 1.16964],
			"rotation": {"angle": 0, "axis": "y", "origin": [7.99417, 4, 8.08933]},
			"faces": {
				"north": {"uv": [8.75, 5.5, 10.25, 6], "texture": "#0"},
				"south": {"uv": [8.75, 5.5, 10.25, 6], "texture": "#0"},
				"up": {"uv": [8.5, 5, 10, 5.5], "rotation": 180, "texture": "#0"},
				"down": {"uv": [10.25, 5, 11.75, 5.5], "rotation": 180, "texture": "#0"}
			}
		},
		{
			"from": [6.35285, -0.5, 0.19846],
			"to": [9.75285, 0.5, 1.19846],
			"rotation": {"angle": -22.5, "axis": "y", "origin": [7.99597, 4, 8.0803]},
			"faces": {
				"north": {"uv": [8.5, 5.5, 10.25, 6], "texture": "#0"},
				"south": {"uv": [8.5, 5.5, 10.25, 6], "texture": "#0"},
				"up": {"uv": [8.5, 5, 10.25, 5.5], "rotation": 180, "texture": "#0"},
				"down": {"uv": [10.25, 5, 12, 5.5], "rotation": 180, "texture": "#0"}
			}
		},
		{
			"from": [6.45688, 0.5, 0.69847],
			"to": [9.65688, 3, 0.69847],
			"rotation": {"angle": -22.5, "axis": "y", "origin": [8, 4, 8.08031]},
			"faces": {
				"north": {"uv": [1.6, 6, 0, 7.25], "texture": "#0"},
				"south": {"uv": [0, 6, 1.6, 7.25], "texture": "#0"}
			}
		},
		{
			"from": [6.35285, 3, 0.19846],
			"to": [9.75285, 4, 1.19846],
			"rotation": {"angle": -22.5, "axis": "y", "origin": [7.99597, 4, 8.0803]},
			"faces": {
				"north": {"uv": [8.5, 5.5, 10.25, 6], "texture": "#0"},
				"south": {"uv": [8.5, 5.5, 10.25, 6], "texture": "#0"},
				"up": {"uv": [8.5, 5, 10.25, 5.5], "rotation": 180, "texture": "#0"},
				"down": {"uv": [10.25, 5, 12, 5.5], "rotation": 180, "texture": "#0"}
			}
		},
		{
			"from": [6.59343, -0.5, 15.03988],
			"to": [9.39343, 0.5, 16.03988],
			"rotation": {"angle": -45, "axis": "y", "origin": [7.97497, 4, 8.08494]},
			"faces": {
				"north": {"uv": [8.5, 5.5, 10.0125, 6], "texture": "#0"},
				"south": {"uv": [8.5, 5.5, 10.0125, 6], "texture": "#0"},
				"up": {"uv": [8.5, 5, 10.0125, 5.5], "rotation": 180, "texture": "#0"},
				"down": {"uv": [10.25, 5, 11.7625, 5.5], "rotation": 180, "texture": "#0"}
			}
		},
		{
			"from": [6.69287, 0.5, 15.52854],
			"to": [9.29287, 3, 15.52854],
			"rotation": {"angle": -45, "axis": "y", "origin": [7.97441, 4, 8.0736]},
			"faces": {
				"north": {"uv": [1.75, 6, 3.25, 7.25], "texture": "#0"},
				"south": {"uv": [1.75, 6, 3.25, 7.25], "texture": "#0"}
			}
		},
		{
			"from": [6.59343, 3, 15.03988],
			"to": [9.39343, 4, 16.03988],
			"rotation": {"angle": -45, "axis": "y", "origin": [7.97497, 4, 8.08494]},
			"faces": {
				"north": {"uv": [8.5, 5.5, 10.0125, 6], "texture": "#0"},
				"south": {"uv": [8.5, 5.5, 10.0125, 6], "texture": "#0"},
				"up": {"uv": [8.5, 5, 10.0125, 5.5], "rotation": 180, "texture": "#0"},
				"down": {"uv": [10.25, 5, 11.7625, 5.5], "rotation": 180, "texture": "#0"}
			}
		},
		{
			"from": [0.10079, 3, 6.44335],
			"to": [1.10079, 4, 9.84335],
			"rotation": {"angle": 22.5, "axis": "y", "origin": [8.00068, 4, 8.09006]},
			"faces": {
				"east": {"uv": [8.5, 5.5, 10.25, 6], "texture": "#0"},
				"west": {"uv": [8.5, 5.5, 10.25, 6], "texture": "#0"},
				"up": {"uv": [8.5, 5, 10.25, 5.5], "rotation": 90, "texture": "#0"},
				"down": {"uv": [10.25, 5, 12, 5.5], "rotation": 270, "texture": "#0"}
			}
		},
		{
			"from": [0.60011, 0.5, 6.5336],
			"to": [0.60011, 3, 9.7336],
			"rotation": {"angle": 22.5, "axis": "y", "origin": [8, 4, 8.08031]},
			"faces": {
				"east": {"uv": [0, 6, 1.75, 7.25], "texture": "#0"},
				"west": {"uv": [0, 6, 1.75, 7.25], "texture": "#0"}
			}
		},
		{
			"from": [0.10079, -0.5, 6.44335],
			"to": [1.10079, 0.5, 9.84335],
			"rotation": {"angle": 22.5, "axis": "y", "origin": [8.00068, 4, 8.09006]},
			"faces": {
				"east": {"uv": [8.5, 5.5, 10.25, 6], "texture": "#0"},
				"west": {"uv": [8.5, 5.5, 10.25, 6], "texture": "#0"},
				"up": {"uv": [8.5, 5, 10.25, 5.5], "rotation": 90, "texture": "#0"},
				"down": {"uv": [10.25, 5, 12, 5.5], "rotation": 270, "texture": "#0"}
			}
		},
		{
			"from": [0.07196, -0.5, 6.59185],
			"to": [1.07196, 0.5, 9.59185],
			"rotation": {"angle": 0, "axis": "y", "origin": [7.99165, 4, 8.09185]},
			"faces": {
				"east": {"uv": [8.5, 5.5, 10, 6], "texture": "#0"},
				"west": {"uv": [8.5, 5.5, 10, 6], "texture": "#0"},
				"up": {"uv": [8.5, 5, 10, 5.5], "rotation": 90, "texture": "#0"},
				"down": {"uv": [10.25, 5, 11.8125, 5.5], "rotation": 270, "texture": "#0"}
			}
		},
		{
			"from": [0.58031, 0.5, 6.68031],
			"to": [0.58031, 3, 9.48031],
			"rotation": {"angle": 0, "axis": "y", "origin": [8, 4, 8.08031]},
			"faces": {
				"east": {"uv": [3.25, 6, 4.75, 7.25], "texture": "#0"},
				"west": {"uv": [3.25, 6, 4.75, 7.25], "texture": "#0"}
			}
		},
		{
			"from": [0.07196, 3, 6.59185],
			"to": [1.07196, 4, 9.59185],
			"rotation": {"angle": 0, "axis": "y", "origin": [7.99165, 4, 8.09185]},
			"faces": {
				"east": {"uv": [8.5, 5.5, 10, 6], "texture": "#0"},
				"west": {"uv": [8.5, 5.5, 10, 6], "texture": "#0"},
				"up": {"uv": [8.5, 5, 10, 5.5], "rotation": 90, "texture": "#0"},
				"down": {"uv": [10.25, 5, 11.8125, 5.5], "rotation": 270, "texture": "#0"}
			}
		},
		{
			"from": [0.10079, -0.5, 6.33318],
			"to": [1.10079, 0.5, 9.73318],
			"rotation": {"angle": -22.5, "axis": "y", "origin": [7.98262, 4, 8.09006]},
			"faces": {
				"east": {"uv": [8.5, 5.5, 10.25, 6], "texture": "#0"},
				"west": {"uv": [8.5, 5.5, 10.25, 6], "texture": "#0"},
				"up": {"uv": [8.5, 5, 10.25, 5.5], "rotation": 90, "texture": "#0"},
				"down": {"uv": [10.25, 5, 12, 5.5], "rotation": 270, "texture": "#0"}
			}
		},
		{
			"from": [0.61816, 0.5, 6.42343],
			"to": [0.61816, 3, 9.62343],
			"rotation": {"angle": -22.5, "axis": "y", "origin": [8, 4, 8.08031]},
			"faces": {
				"east": {"uv": [1.75, 6, 0, 7.25], "texture": "#0"},
				"west": {"uv": [1.75, 6, 0, 7.25], "texture": "#0"}
			}
		},
		{
			"from": [0.10079, 3, 6.33318],
			"to": [1.10079, 4, 9.73318],
			"rotation": {"angle": -22.5, "axis": "y", "origin": [7.98262, 4, 8.09006]},
			"faces": {
				"east": {"uv": [8.5, 5.5, 10.25, 6], "texture": "#0"},
				"west": {"uv": [8.5, 5.5, 10.25, 6], "texture": "#0"},
				"up": {"uv": [8.5, 5, 10.25, 5.5], "rotation": 90, "texture": "#0"},
				"down": {"uv": [10.25, 5, 12, 5.5], "rotation": 270, "texture": "#0"}
			}
		},
		{
			"from": [14.94803, -0.5, 6.57853],
			"to": [15.94803, 0.5, 9.47853],
			"rotation": {"angle": -45, "axis": "y", "origin": [7.99309, 4, 8.09699]},
			"faces": {
				"east": {"uv": [8.525, 5.5, 9.975, 6], "texture": "#0"},
				"west": {"uv": [8.525, 5.5, 9.975, 6], "texture": "#0"},
				"up": {"uv": [8.5, 5, 9.95, 5.5], "rotation": 90, "texture": "#0"},
				"down": {"uv": [10.25, 5, 11.7, 5.5], "rotation": 270, "texture": "#0"}
			}
		},
		{
			"from": [15.44539, 0.5, 6.77962],
			"to": [15.44539, 3, 9.37962],
			"rotation": {"angle": -45, "axis": "y", "origin": [7.99045, 4, 8.09808]},
			"faces": {
				"east": {"uv": [1.75, 6, 3.25, 7.25], "texture": "#0"},
				"west": {"uv": [1.75, 6, 3.25, 7.25], "texture": "#0"}
			}
		},
		{
			"from": [14.94803, 3, 6.57853],
			"to": [15.94803, 4, 9.47853],
			"rotation": {"angle": -45, "axis": "y", "origin": [7.99309, 4, 8.09699]},
			"faces": {
				"east": {"uv": [8.525, 5.5, 9.975, 6], "texture": "#0"},
				"west": {"uv": [8.525, 5.5, 9.975, 6], "texture": "#0"},
				"up": {"uv": [8.5, 5, 9.95, 5.5], "rotation": 90, "texture": "#0"},
				"down": {"uv": [10.25, 5, 11.7, 5.5], "rotation": 270, "texture": "#0"}
			}
		},
		{
			"from": [6.45007, 0.5, 15.47146],
			"to": [9.65007, 3, 15.47146],
			"rotation": {"angle": 22.5, "axis": "y", "origin": [7.99678, 4, 8.07157]},
			"faces": {
				"north": {"uv": [0, 6, 1.75, 7.25], "texture": "#0"},
				"east": {"uv": [1, 0, 1, 1.25], "texture": "#0"},
				"south": {"uv": [0, 6, 1.75, 7.25], "texture": "#0"},
				"west": {"uv": [1, 0, 1, 1.25], "texture": "#0"},
				"up": {"uv": [3.4, 0, 5, 0], "texture": "#0"},
				"down": {"uv": [3.4, 0, 5, 0], "texture": "#0"}
			}
		},
		{
			"from": [6.5, -0.5, 15],
			"to": [9.5, 0.5, 16],
			"rotation": {"angle": 0, "axis": "y", "origin": [8, 4, 8.08031]},
			"faces": {
				"north": {"uv": [8.5, 5.5, 10, 6], "texture": "#0"},
				"south": {"uv": [8.5, 5.5, 10, 6], "texture": "#0"},
				"up": {"uv": [8.5, 5, 10, 5.5], "texture": "#0"},
				"down": {"uv": [10.25, 5, 11.75, 5.5], "texture": "#0"}
			}
		},
		{
			"from": [6.6, 0.5, 15.5],
			"to": [9.4, 3, 15.5],
			"rotation": {"angle": 0, "axis": "y", "origin": [8, 4, 8.08031]},
			"faces": {
				"north": {"uv": [3.25, 6, 4.75, 7.25], "texture": "#0"},
				"south": {"uv": [3.25, 6, 4.75, 7.25], "texture": "#0"}
			}
		},
		{
			"from": [6.5, 3, 15],
			"to": [9.5, 4, 16],
			"rotation": {"angle": 0, "axis": "y", "origin": [8, 4, 8.08031]},
			"faces": {
				"north": {"uv": [8.5, 5.5, 10, 6], "texture": "#0"},
				"south": {"uv": [8.5, 5.5, 10, 6], "texture": "#0"},
				"up": {"uv": [8.5, 5, 10, 5.5], "texture": "#0"},
				"down": {"uv": [10.25, 5, 11.75, 5.5], "texture": "#0"}
			}
		},
		{
			"from": [6.24132, -0.5, 14.97117],
			"to": [9.64132, 0.5, 15.97117],
			"rotation": {"angle": -22.5, "axis": "y", "origin": [7.9982, 4, 8.08934]},
			"faces": {
				"north": {"uv": [8.5, 5.5, 10.25, 6], "texture": "#0"},
				"south": {"uv": [8.5, 5.5, 10.25, 6], "texture": "#0"},
				"up": {"uv": [8.5, 5, 10.25, 5.5], "texture": "#0"},
				"down": {"uv": [10.25, 5, 12, 5.5], "texture": "#0"}
			}
		},
		{
			"from": [6.24132, 3, 14.97117],
			"to": [9.64132, 4, 15.97117],
			"rotation": {"angle": -22.5, "axis": "y", "origin": [7.9982, 4, 8.08934]},
			"faces": {
				"north": {"uv": [8.5, 5.5, 10.25, 6], "texture": "#0"},
				"south": {"uv": [8.5, 5.5, 10.25, 6], "texture": "#0"},
				"up": {"uv": [8.5, 5, 10.25, 5.5], "texture": "#0"},
				"down": {"uv": [10.25, 5, 12, 5.5], "texture": "#0"}
			}
		},
		{
			"from": [4.57641, 0.5, 14.58031],
			"to": [7.77641, 3, 14.58031],
			"rotation": {"angle": -22.5, "axis": "y", "origin": [4.87641, 2, 12.08031]},
			"faces": {
				"north": {"uv": [1.75, 6, 0, 7.25], "texture": "#0"},
				"south": {"uv": [1.75, 6, 0, 7.25], "texture": "#0"}
			}
		},
		{
			"from": [8.12359, -0.5, 14.08031],
			"to": [11.52359, 0.5, 15.08031],
			"rotation": {"angle": 22.5, "axis": "y", "origin": [11.12359, 1, 12.08031]},
			"faces": {
				"north": {"uv": [8.5, 5.5, 10.25, 6], "texture": "#0"},
				"south": {"uv": [8.5, 5.5, 10.25, 6], "texture": "#0"},
				"up": {"uv": [8.5, 5, 10.25, 5.5], "texture": "#0"},
				"down": {"uv": [10.25, 5, 12, 5.5], "texture": "#0"}
			}
		},
		{
			"from": [8.12359, 3, 14.08031],
			"to": [11.52359, 4, 15.08031],
			"rotation": {"angle": 22.5, "axis": "y", "origin": [11.12359, 4, 12.08031]},
			"faces": {
				"north": {"uv": [8.5, 5.5, 10.25, 6], "texture": "#0"},
				"south": {"uv": [8.5, 5.5, 10.25, 6], "texture": "#0"},
				"up": {"uv": [8.5, 5, 10.25, 5.5], "texture": "#0"},
				"down": {"uv": [10.25, 5, 12, 5.5], "texture": "#0"}
			}
		},
		{
			"from": [15.5, 4, 6],
			"to": [15.5, 7, 10],
			"rotation": {"angle": 45, "axis": "z", "origin": [15.5, 4, 8]},
			"faces": {
				"north": {"uv": [0, 0, 0, 1.5], "texture": "#0"},
				"east": {"uv": [0, 0, 2, 1.5], "texture": "#0"},
				"south": {"uv": [0, 0, 0, 1.5], "texture": "#0"},
				"west": {"uv": [0, 0, 2, 1.5], "texture": "#0"},
				"up": {"uv": [0, 0, 2, 0], "rotation": 270, "texture": "#0"},
				"down": {"uv": [0, 0, 2, 0], "rotation": 90, "texture": "#0"}
			}
		},
		{
			"from": [8.5, 2.5, 8],
			"to": [25.5, 14.5, 8],
			"rotation": {"angle": 0, "axis": "y", "origin": [8, 5.5, 8]},
			"faces": {
				"north": {"uv": [0, 0, 8.5, 6], "texture": "#0"},
				"south": {"uv": [8.5, 0, 0, 6], "texture": "#0"}
			}
		},
		{
			"from": [23, 5, 7],
			"to": [25, 5, 9],
			"rotation": {"angle": 0, "axis": "y", "origin": [20.6, 6, 8.5]},
			"faces": {
				"up": {"uv": [2, 6, 3, 7], "rotation": 270, "texture": "#0"},
				"down": {"uv": [2, 6, 3, 7], "rotation": 90, "texture": "#0"}
			}
		},
		{
			"from": [23.5, 4, 7.5],
			"to": [24.5, 6, 8.5],
			"rotation": {"angle": 0, "axis": "y", "origin": [21.1, 4.5, 8]},
			"faces": {
				"north": {"uv": [15, 1.5, 15.5, 2.5], "texture": "#0"},
				"east": {"uv": [15, 1.5, 15.5, 2.5], "texture": "#0"},
				"south": {"uv": [15, 1.5, 15.5, 2.5], "texture": "#0"},
				"west": {"uv": [15, 1.5, 15.5, 2.5], "texture": "#0"},
				"up": {"uv": [15, 1.5, 15.5, 2], "rotation": 270, "texture": "#0"},
				"down": {"uv": [15, 1.5, 15.5, 2], "rotation": 90, "texture": "#0"}
			}
		},
		{
			"from": [26.20137, 1, 6.99721],
			"to": [26.20137, 5, 10.79721],
			"rotation": {"angle": -45, "axis": "y", "origin": [26.20137, 2, 5.79721]},
			"faces": {
				"east": {"uv": [2, 8.25, 4, 10.25], "texture": "#0"},
				"west": {"uv": [2, 8.25, 4, 10.25], "texture": "#0"}
			}
		},
		{
			"from": [23.01731, 1, 5.81873],
			"to": [26.81731, 5, 5.81873],
			"rotation": {"angle": -45, "axis": "y", "origin": [21.81731, 2, 5.81873]},
			"faces": {
				"north": {"uv": [2, 8.25, 4, 10.25], "texture": "#0"},
				"south": {"uv": [2, 8.25, 4, 10.25], "texture": "#0"}
			}
		},
		{
			"from": [23, 0, 7],
			"to": [25, 1, 9],
			"rotation": {"angle": 0, "axis": "y", "origin": [22, 1, 9]},
			"faces": {
				"north": {"uv": [8.5, 5.5, 9.5, 6], "texture": "#0"},
				"east": {"uv": [8.5, 5.5, 9.5, 6], "texture": "#0"},
				"south": {"uv": [8.5, 5.5, 9.5, 6], "texture": "#0"},
				"west": {"uv": [8.5, 5.5, 9.5, 6], "texture": "#0"},
				"up": {"uv": [5.25, 6.5, 6.25, 7.5], "rotation": 270, "texture": "#0"},
				"down": {"uv": [5.25, 6.5, 6.25, 7.5], "rotation": 90, "texture": "#0"}
			}
		},
		{
			"from": [8.5, 3.5, 8],
			"to": [21, 13.5, 8],
			"rotation": {"angle": 45, "axis": "y", "origin": [8, 5.5, 8]},
			"faces": {
				"north": {"uv": [8.5, 0, 14.75, 5], "texture": "#0"},
				"south": {"uv": [14.75, 0, 8.5, 5], "texture": "#0"}
			}
		},
		{
			"from": [6, 4, 15.5],
			"to": [10, 7, 15.5],
			"rotation": {"angle": -22.5, "axis": "x", "origin": [8, 4, 15.5]},
			"faces": {
				"north": {"uv": [4, 8.25, 2, 9.75], "texture": "#0"},
				"south": {"uv": [4, 8.25, 2, 9.75], "texture": "#0"}
			}
		},
		{
			"from": [6, 4, 0.5],
			"to": [10, 7, 0.5],
			"rotation": {"angle": 22.5, "axis": "x", "origin": [8, 4, 0.5]},
			"faces": {
				"north": {"uv": [2, 8.25, 4, 9.75], "texture": "#0"},
				"south": {"uv": [2, 8.25, 4, 9.75], "texture": "#0"}
			}
		},
		{
			"from": [8, 2.5, 8.5],
			"to": [8, 14.5, 25.5],
			"rotation": {"angle": 0, "axis": "y", "origin": [8, 5.5, 8]},
			"faces": {
				"east": {"uv": [0, 0, 8.5, 6], "texture": "#0"},
				"west": {"uv": [8.5, 0, 0, 6], "texture": "#0"}
			}
		},
		{
			"from": [8, 2.5, -9.5],
			"to": [8, 14.5, 7.5],
			"rotation": {"angle": 0, "axis": "y", "origin": [8, 5.5, 8]},
			"faces": {
				"east": {"uv": [8.5, 0, 0, 6], "texture": "#0"},
				"west": {"uv": [0, 0, 8.5, 6], "texture": "#0"}
			}
		},
		{
			"from": [7, 5, -9],
			"to": [9, 5, -7],
			"rotation": {"angle": 0, "axis": "y", "origin": [8.5, 6, -4.6]},
			"faces": {
				"up": {"uv": [2, 6, 3, 7], "rotation": 180, "texture": "#0"},
				"down": {"uv": [2, 6, 3, 7], "rotation": 180, "texture": "#0"}
			}
		},
		{
			"from": [7.5, 4, -8.5],
			"to": [8.5, 6, -7.5],
			"rotation": {"angle": 0, "axis": "y", "origin": [8, 4.5, -5.1]},
			"faces": {
				"north": {"uv": [15, 1.5, 15.5, 2.5], "texture": "#0"},
				"east": {"uv": [15, 1.5, 15.5, 2.5], "texture": "#0"},
				"south": {"uv": [15, 1.5, 15.5, 2.5], "texture": "#0"},
				"west": {"uv": [15, 1.5, 15.5, 2.5], "texture": "#0"},
				"up": {"uv": [15, 1.5, 15.5, 2], "rotation": 180, "texture": "#0"},
				"down": {"uv": [15, 1.5, 15.5, 2], "rotation": 180, "texture": "#0"}
			}
		},
		{
			"from": [6.99721, 1, -10.20137],
			"to": [10.79721, 5, -10.20137],
			"rotation": {"angle": -45, "axis": "y", "origin": [5.79721, 2, -10.20137]},
			"faces": {
				"north": {"uv": [2, 8.25, 4, 10.25], "texture": "#0"},
				"south": {"uv": [2, 8.25, 4, 10.25], "texture": "#0"}
			}
		},
		{
			"from": [5.81873, 1, -10.81731],
			"to": [5.81873, 5, -7.01731],
			"rotation": {"angle": -45, "axis": "y", "origin": [5.81873, 2, -5.81731]},
			"faces": {
				"east": {"uv": [2, 8.25, 4, 10.25], "texture": "#0"},
				"west": {"uv": [2, 8.25, 4, 10.25], "texture": "#0"}
			}
		},
		{
			"from": [7, 0, -9],
			"to": [9, 1, -7],
			"rotation": {"angle": 0, "axis": "y", "origin": [9, 1, -6]},
			"faces": {
				"north": {"uv": [8.5, 5.5, 9.5, 6], "texture": "#0"},
				"east": {"uv": [8.5, 5.5, 9.5, 6], "texture": "#0"},
				"south": {"uv": [8.5, 5.5, 9.5, 6], "texture": "#0"},
				"west": {"uv": [8.5, 5.5, 9.5, 6], "texture": "#0"},
				"up": {"uv": [5.25, 6.5, 6.25, 7.5], "rotation": 180, "texture": "#0"},
				"down": {"uv": [5.25, 6.5, 6.25, 7.5], "rotation": 180, "texture": "#0"}
			}
		},
		{
			"from": [8, 3.5, -4.8],
			"to": [8, 13.5, 7.5],
			"rotation": {"angle": 45, "axis": "y", "origin": [8, 5.5, 8]},
			"faces": {
				"east": {"uv": [14.75, 0, 8.5, 5], "texture": "#0"},
				"west": {"uv": [8.5, 0, 14.75, 5], "texture": "#0"}
			}
		},
		{
			"from": [15.5, 4, 6],
			"to": [15.5, 7, 10],
			"rotation": {"angle": 22.5, "axis": "z", "origin": [15.5, 4, 8]},
			"faces": {
				"east": {"uv": [4, 8.25, 2, 9.75], "texture": "#0"},
				"west": {"uv": [4, 8.25, 2, 9.75], "texture": "#0"}
			}
		},
		{
			"from": [0.5, 4, 6],
			"to": [0.5, 7, 10],
			"rotation": {"angle": -22.5, "axis": "z", "origin": [0.5, 4, 8]},
			"faces": {
				"east": {"uv": [2, 8.25, 4, 9.75], "texture": "#0"},
				"west": {"uv": [2, 8.25, 4, 9.75], "texture": "#0"}
			}
		},
		{
			"from": [-9.5, 2.5, 8],
			"to": [7.5, 14.5, 8],
			"rotation": {"angle": 0, "axis": "y", "origin": [8, 5.5, 8]},
			"faces": {
				"north": {"uv": [8.5, 0, 0, 6], "texture": "#0"},
				"south": {"uv": [0, 0, 8.5, 6], "texture": "#0"}
			}
		},
		{
			"from": [-9, 5, 7],
			"to": [-7, 5, 9],
			"rotation": {"angle": 0, "axis": "y", "origin": [-4.6, 6, 7.5]},
			"faces": {
				"up": {"uv": [2, 6, 3, 7], "rotation": 90, "texture": "#0"},
				"down": {"uv": [2, 6, 3, 7], "rotation": 270, "texture": "#0"}
			}
		},
		{
			"from": [-8.5, 4, 7.5],
			"to": [-7.5, 6, 8.5],
			"rotation": {"angle": 0, "axis": "y", "origin": [-5.1, 4.5, 8]},
			"faces": {
				"north": {"uv": [15, 1.5, 15.5, 2.5], "texture": "#0"},
				"east": {"uv": [15, 1.5, 15.5, 2.5], "texture": "#0"},
				"south": {"uv": [15, 1.5, 15.5, 2.5], "texture": "#0"},
				"west": {"uv": [15, 1.5, 15.5, 2.5], "texture": "#0"},
				"up": {"uv": [15, 1.5, 15.5, 2], "rotation": 90, "texture": "#0"},
				"down": {"uv": [15, 1.5, 15.5, 2], "rotation": 270, "texture": "#0"}
			}
		},
		{
			"from": [-10.20137, 1, 5.20279],
			"to": [-10.20137, 5, 9.00279],
			"rotation": {"angle": -45, "axis": "y", "origin": [-10.20137, 2, 10.20279]},
			"faces": {
				"east": {"uv": [2, 8.25, 4, 10.25], "texture": "#0"},
				"west": {"uv": [2, 8.25, 4, 10.25], "texture": "#0"}
			}
		},
		{
			"from": [-10.81731, 1, 10.18127],
			"to": [-7.01731, 5, 10.18127],
			"rotation": {"angle": -45, "axis": "y", "origin": [-5.81731, 2, 10.18127]},
			"faces": {
				"north": {"uv": [2, 8.25, 4, 10.25], "texture": "#0"},
				"south": {"uv": [2, 8.25, 4, 10.25], "texture": "#0"}
			}
		},
		{
			"from": [-9, 0, 7],
			"to": [-7, 1, 9],
			"rotation": {"angle": 0, "axis": "y", "origin": [-6, 1, 7]},
			"faces": {
				"north": {"uv": [8.5, 5.5, 9.5, 6], "texture": "#0"},
				"east": {"uv": [8.5, 5.5, 9.5, 6], "texture": "#0"},
				"south": {"uv": [8.5, 5.5, 9.5, 6], "texture": "#0"},
				"west": {"uv": [8.5, 5.5, 9.5, 6], "texture": "#0"},
				"up": {"uv": [5.25, 6.5, 6.25, 7.5], "rotation": 90, "texture": "#0"},
				"down": {"uv": [5.25, 6.5, 6.25, 7.5], "rotation": 270, "texture": "#0"}
			}
		},
		{
			"from": [-5, 3.5, 8],
			"to": [7.5, 13.5, 8],
			"rotation": {"angle": 45, "axis": "y", "origin": [8, 5.5, 8]},
			"faces": {
				"north": {"uv": [14.75, 0, 8.5, 5], "texture": "#0"},
				"south": {"uv": [8.5, 0, 14.75, 5], "texture": "#0"}
			}
		},
		{
			"from": [7, 5, 23],
			"to": [9, 5, 25],
			"rotation": {"angle": 0, "axis": "y", "origin": [7.5, 6, 20.6]},
			"faces": {
				"up": {"uv": [2, 6, 3, 7], "texture": "#0"},
				"down": {"uv": [2, 6, 3, 7], "texture": "#0"}
			}
		},
		{
			"from": [7.5, 4, 23.5],
			"to": [8.5, 6, 24.5],
			"rotation": {"angle": 0, "axis": "y", "origin": [8, 4.5, 21.1]},
			"faces": {
				"north": {"uv": [15, 1.5, 15.5, 2.5], "texture": "#0"},
				"east": {"uv": [15, 1.5, 15.5, 2.5], "texture": "#0"},
				"south": {"uv": [15, 1.5, 15.5, 2.5], "texture": "#0"},
				"west": {"uv": [15, 1.5, 15.5, 2.5], "texture": "#0"},
				"up": {"uv": [15, 1.5, 15.5, 2], "texture": "#0"},
				"down": {"uv": [15, 1.5, 15.5, 2], "texture": "#0"}
			}
		},
		{
			"from": [5.20279, 1, 26.20137],
			"to": [9.00279, 5, 26.20137],
			"rotation": {"angle": -45, "axis": "y", "origin": [10.20279, 2, 26.20137]},
			"faces": {
				"north": {"uv": [2, 8.25, 4, 10.25], "texture": "#0"},
				"south": {"uv": [2, 8.25, 4, 10.25], "texture": "#0"}
			}
		},
		{
			"from": [10.18127, 1, 23.01731],
			"to": [10.18127, 5, 26.81731],
			"rotation": {"angle": -45, "axis": "y", "origin": [10.18127, 2, 21.81731]},
			"faces": {
				"east": {"uv": [2, 8.25, 4, 10.25], "texture": "#0"},
				"west": {"uv": [2, 8.25, 4, 10.25], "texture": "#0"}
			}
		},
		{
			"from": [7, 0, 23],
			"to": [9, 1, 25],
			"rotation": {"angle": 0, "axis": "y", "origin": [7, 1, 22]},
			"faces": {
				"north": {"uv": [8.5, 5.5, 9.5, 6], "texture": "#0"},
				"east": {"uv": [8.5, 5.5, 9.5, 6], "texture": "#0"},
				"south": {"uv": [8.5, 5.5, 9.5, 6], "texture": "#0"},
				"west": {"uv": [8.5, 5.5, 9.5, 6], "texture": "#0"},
				"up": {"uv": [5.25, 6.5, 6.25, 7.5], "texture": "#0"},
				"down": {"uv": [5.25, 6.5, 6.25, 7.5], "texture": "#0"}
			}
		},
		{
			"from": [14.6, 7, -1.4],
			"to": [17.4, 8, 1.4],
			"rotation": {"angle": 0, "axis": "y", "origin": [8, 8.5, 8]},
			"faces": {
				"north": {"uv": [2, 6, 3, 6.5], "texture": "#0"},
				"east": {"uv": [2, 6, 3, 6.5], "texture": "#0"},
				"south": {"uv": [2, 6, 3, 6.5], "texture": "#0"},
				"west": {"uv": [2, 6, 3, 6.5], "texture": "#0"}
			}
		},
		{
			"from": [14.6, 8, -1.4],
			"to": [17.4, 8.5, 1.4],
			"rotation": {"angle": 0, "axis": "y", "origin": [8, 8.5, 8]},
			"faces": {
				"north": {"uv": [5, 6, 6.5, 6.25], "texture": "#0"},
				"east": {"uv": [5, 6, 6.5, 6.25], "texture": "#0"},
				"south": {"uv": [5, 6, 6.5, 6.25], "texture": "#0"},
				"west": {"uv": [5, 6, 6.5, 6.25], "texture": "#0"},
				"up": {"uv": [5, 6.25, 6.5, 7.725], "texture": "#0"},
				"down": {"uv": [5, 6.25, 6.5, 7.725], "texture": "#0"}
			}
		},
		{
			"from": [7, 8.5, -4.31371],
			"to": [9, 9, -2.31371],
			"rotation": {"angle": -45, "axis": "y", "origin": [8, 8.5, 8]},
			"faces": {
				"north": {"uv": [5.25, 6, 6.25, 6.25], "texture": "#0"},
				"east": {"uv": [5.25, 6, 6.25, 6.25], "texture": "#0"},
				"south": {"uv": [5.25, 6, 6.25, 6.25], "texture": "#0"},
				"west": {"uv": [5.25, 6, 6.25, 6.25], "texture": "#0"},
				"up": {"uv": [5.25, 6.5, 6.25, 7.5], "rotation": 270, "texture": "#0"}
			}
		},
		{
			"from": [7.5, 9, -3.81371],
			"to": [8.5, 10, -2.81371],
			"rotation": {"angle": -45, "axis": "y", "origin": [8, 8.5, 8]},
			"faces": {
				"north": {"uv": [15, 1.75, 15.5, 2.25], "texture": "#0"},
				"east": {"uv": [15, 1.75, 15.5, 2.25], "texture": "#0"},
				"south": {"uv": [15, 1.75, 15.5, 2.25], "texture": "#0"},
				"west": {"uv": [15, 1.75, 15.5, 2.25], "texture": "#0"},
				"up": {"uv": [15, 1.75, 15.5, 2.25], "rotation": 270, "texture": "#0"},
				"down": {"uv": [15, 1.75, 15.5, 2.25], "rotation": 90, "texture": "#0"}
			}
		},
		{
			"from": [-1.4, 7, -1.4],
			"to": [1.4, 8, 1.4],
			"rotation": {"angle": 0, "axis": "y", "origin": [8, 8.5, 8]},
			"faces": {
				"north": {"uv": [2, 6, 3, 6.5], "texture": "#0"},
				"east": {"uv": [2, 6, 3, 6.5], "texture": "#0"},
				"south": {"uv": [2, 6, 3, 6.5], "texture": "#0"},
				"west": {"uv": [2, 6, 3, 6.5], "texture": "#0"}
			}
		},
		{
			"from": [-1.4, 8, -1.4],
			"to": [1.4, 8.5, 1.4],
			"rotation": {"angle": 0, "axis": "y", "origin": [8, 8.5, 8]},
			"faces": {
				"north": {"uv": [5, 6, 6.5, 6.25], "texture": "#0"},
				"east": {"uv": [5, 6, 6.5, 6.25], "texture": "#0"},
				"south": {"uv": [5, 6, 6.5, 6.25], "texture": "#0"},
				"west": {"uv": [5, 6, 6.5, 6.25], "texture": "#0"},
				"up": {"uv": [5, 6.25, 6.5, 7.725], "rotation": 270, "texture": "#0"},
				"down": {"uv": [5, 6.25, 6.5, 7.725], "rotation": 90, "texture": "#0"}
			}
		},
		{
			"from": [-4.31371, 8.5, 7],
			"to": [-2.31371, 9, 9],
			"rotation": {"angle": -45, "axis": "y", "origin": [8, 8.5, 8]},
			"faces": {
				"north": {"uv": [5.25, 6, 6.25, 6.25], "texture": "#0"},
				"east": {"uv": [5.25, 6, 6.25, 6.25], "texture": "#0"},
				"south": {"uv": [5.25, 6, 6.25, 6.25], "texture": "#0"},
				"west": {"uv": [5.25, 6, 6.25, 6.25], "texture": "#0"},
				"up": {"uv": [5.25, 6.5, 6.25, 7.5], "rotation": 180, "texture": "#0"}
			}
		},
		{
			"from": [-3.81371, 9, 7.5],
			"to": [-2.81371, 10, 8.5],
			"rotation": {"angle": -45, "axis": "y", "origin": [8, 8.5, 8]},
			"faces": {
				"north": {"uv": [15, 1.75, 15.5, 2.25], "texture": "#0"},
				"east": {"uv": [15, 1.75, 15.5, 2.25], "texture": "#0"},
				"south": {"uv": [15, 1.75, 15.5, 2.25], "texture": "#0"},
				"west": {"uv": [15, 1.75, 15.5, 2.25], "texture": "#0"},
				"up": {"uv": [15, 1.75, 15.5, 2.25], "rotation": 180, "texture": "#0"},
				"down": {"uv": [15, 1.75, 15.5, 2.25], "rotation": 180, "texture": "#0"}
			}
		},
		{
			"from": [7, 8.5, 18.31371],
			"to": [9, 9, 20.31371],
			"rotation": {"angle": -45, "axis": "y", "origin": [8, 8.5, 8]},
			"faces": {
				"north": {"uv": [5.25, 6, 6.25, 6.25], "texture": "#0"},
				"east": {"uv": [5.25, 6, 6.25, 6.25], "texture": "#0"},
				"south": {"uv": [5.25, 6, 6.25, 6.25], "texture": "#0"},
				"west": {"uv": [5.25, 6, 6.25, 6.25], "texture": "#0"},
				"up": {"uv": [5.25, 6.5, 6.25, 7.5], "rotation": 90, "texture": "#0"}
			}
		},
		{
			"from": [7.5, 9, 18.81371],
			"to": [8.5, 10, 19.81371],
			"rotation": {"angle": -45, "axis": "y", "origin": [8, 8.5, 8]},
			"faces": {
				"north": {"uv": [15, 1.75, 15.5, 2.25], "texture": "#0"},
				"east": {"uv": [15, 1.75, 15.5, 2.25], "texture": "#0"},
				"south": {"uv": [15, 1.75, 15.5, 2.25], "texture": "#0"},
				"west": {"uv": [15, 1.75, 15.5, 2.25], "texture": "#0"},
				"up": {"uv": [15, 1.75, 15.5, 2.25], "rotation": 90, "texture": "#0"},
				"down": {"uv": [15, 1.75, 15.5, 2.25], "rotation": 270, "texture": "#0"}
			}
		},
		{
			"from": [-1.4, 7, 14.6],
			"to": [1.4, 8, 17.4],
			"rotation": {"angle": 0, "axis": "y", "origin": [8, 8.5, 8]},
			"faces": {
				"north": {"uv": [2, 6, 3, 6.5], "texture": "#0"},
				"east": {"uv": [2, 6, 3, 6.5], "texture": "#0"},
				"south": {"uv": [2, 6, 3, 6.5], "texture": "#0"},
				"west": {"uv": [2, 6, 3, 6.5], "texture": "#0"}
			}
		},
		{
			"from": [-1.4, 8, 14.6],
			"to": [1.4, 8.5, 17.4],
			"rotation": {"angle": 0, "axis": "y", "origin": [8, 8.5, 8]},
			"faces": {
				"north": {"uv": [5, 6, 6.5, 6.25], "texture": "#0"},
				"east": {"uv": [5, 6, 6.5, 6.25], "texture": "#0"},
				"south": {"uv": [5, 6, 6.5, 6.25], "texture": "#0"},
				"west": {"uv": [5, 6, 6.5, 6.25], "texture": "#0"},
				"up": {"uv": [5, 6.25, 6.5, 7.725], "rotation": 180, "texture": "#0"},
				"down": {"uv": [5, 6.25, 6.5, 7.725], "rotation": 180, "texture": "#0"}
			}
		},
		{
			"from": [14.6, 7, 14.6],
			"to": [17.4, 8, 17.4],
			"rotation": {"angle": 0, "axis": "y", "origin": [16, 8, 16]},
			"faces": {
				"north": {"uv": [2, 6, 3, 6.5], "texture": "#0"},
				"east": {"uv": [2, 6, 3, 6.5], "texture": "#0"},
				"south": {"uv": [2, 6, 3, 6.5], "texture": "#0"},
				"west": {"uv": [2, 6, 3, 6.5], "texture": "#0"}
			}
		},
		{
			"from": [14.6, 8, 14.6],
			"to": [17.4, 8.5, 17.4],
			"rotation": {"angle": 0, "axis": "y", "origin": [16, 8.5, 16]},
			"faces": {
				"north": {"uv": [5, 6, 6.5, 6.25], "texture": "#0"},
				"east": {"uv": [5, 6, 6.5, 6.25], "texture": "#0"},
				"south": {"uv": [5, 6, 6.5, 6.25], "texture": "#0"},
				"west": {"uv": [5, 6, 6.5, 6.25], "texture": "#0"},
				"up": {"uv": [5, 6.25, 6.5, 7.725], "rotation": 90, "texture": "#0"},
				"down": {"uv": [5, 6.25, 6.5, 7.725], "rotation": 270, "texture": "#0"}
			}
		},
		{
			"from": [15, 8.5, 15],
			"to": [17, 9, 17],
			"rotation": {"angle": -45, "axis": "y", "origin": [16, 9, 16]},
			"faces": {
				"north": {"uv": [5.25, 6, 6.25, 6.25], "texture": "#0"},
				"east": {"uv": [5.25, 6, 6.25, 6.25], "texture": "#0"},
				"south": {"uv": [5.25, 6, 6.25, 6.25], "texture": "#0"},
				"west": {"uv": [5.25, 6, 6.25, 6.25], "texture": "#0"},
				"up": {"uv": [5.25, 6.5, 6.25, 7.5], "texture": "#0"}
			}
		},
		{
			"from": [15.5, 9, 15.5],
			"to": [16.5, 10, 16.5],
			"rotation": {"angle": -45, "axis": "y", "origin": [16, 9, 16]},
			"faces": {
				"north": {"uv": [15, 1.75, 15.5, 2.25], "texture": "#0"},
				"east": {"uv": [15, 1.75, 15.5, 2.25], "texture": "#0"},
				"south": {"uv": [15, 1.75, 15.5, 2.25], "texture": "#0"},
				"west": {"uv": [15, 1.75, 15.5, 2.25], "texture": "#0"},
				"up": {"uv": [15, 1.75, 15.5, 2.25], "texture": "#0"},
				"down": {"uv": [15, 1.75, 15.5, 2.25], "texture": "#0"}
			}
		},
		{
			"from": [8, 3.5, 8.7],
			"to": [8, 13.5, 21.2],
			"rotation": {"angle": 45, "axis": "y", "origin": [8, 5.5, 8]},
			"faces": {
				"east": {"uv": [8.5, 0, 14.75, 5], "texture": "#0"},
				"west": {"uv": [14.75, 0, 8.5, 5], "texture": "#0"}
			}
		}
	],
	"display": {
		"thirdperson_righthand": {
			"rotation": [60, 0, 0],
			"scale": [0.5, 0.5, 0.5]
		},
		"firstperson_righthand": {
			"translation": [1, 3, 0],
			"scale": [0.5, 0.5, 0.5]
		},
		"ground": {
			"translation": [0, 9, 0],
			"scale": [0.5, 0.5, 0.5]
		},
		"fixed": {
			"rotation": [90, 0, 0],
			"translation": [0, 0, -32],
			"scale": [4, 4, 4]
		}
	}
}