{
	"credit": "Made with Blockbench",
	"textures": {
		"0": "item/decorations/coinpile",
		"particle": "item/decorations/coinpile"
	},
	"elements": [
		{
			"from": [5, 0, 7.75],
			"to": [8, 1, 10.75],
			"faces": {
				"north": {"uv": [3, 0, 6, 1], "texture": "#0"},
				"east": {"uv": [3, 0, 6, 1], "texture": "#0"},
				"south": {"uv": [3, 0, 6, 1], "texture": "#0"},
				"west": {"uv": [3, 0, 6, 1], "texture": "#0"},
				"up": {"uv": [3, 12, 6, 15], "texture": "#0"}
			}
		},
		{
			"from": [4, 5.1, 8.95],
			"to": [7, 6.1, 11.95],
			"rotation": {"angle": 22.5, "axis": "x", "origin": [0, 0, -0.25]},
			"faces": {
				"north": {"uv": [3, 13, 0, 14], "texture": "#0"},
				"east": {"uv": [0, 13, 3, 14], "texture": "#0"},
				"south": {"uv": [0, 14, 3, 15], "texture": "#0"},
				"west": {"uv": [3, 14, 0, 15], "texture": "#0"},
				"up": {"uv": [0, 12, 3, 15], "texture": "#0"},
				"down": {"uv": [0, 12, 3, 15], "rotation": 180, "texture": "#0"}
			}
		},
		{
			"from": [6, 0, -2.25],
			"to": [9, 1, 0.75],
			"rotation": {"angle": -45, "axis": "y", "origin": [0, 0, -0.25]},
			"faces": {
				"north": {"uv": [3, 0, 6, 1], "texture": "#0"},
				"east": {"uv": [3, 0, 6, 1], "texture": "#0"},
				"south": {"uv": [3, 0, 6, 1], "texture": "#0"},
				"west": {"uv": [3, 0, 6, 1], "texture": "#0"},
				"up": {"uv": [3, 12, 6, 15], "texture": "#0"}
			}
		},
		{
			"from": [9.6, 0, -0.05],
			"to": [12.6, 1, 2.95],
			"rotation": {"angle": -22.5, "axis": "y", "origin": [0, 0, -0.25]},
			"faces": {
				"north": {"uv": [6, 0, 9, 1], "texture": "#0"},
				"east": {"uv": [6, 0, 9, 1], "texture": "#0"},
				"south": {"uv": [6, 0, 9, 1], "texture": "#0"},
				"west": {"uv": [6, 0, 9, 1], "texture": "#0"},
				"up": {"uv": [6, 12, 9, 15], "texture": "#0"}
			}
		}
	],
	"display": {
		"fixed": {
			"rotation": [-90, 0, 0],
			"translation": [0, 0, -16],
			"scale": [2, 2, 2]
		}
	}
}