{
	"credit": "Made with Blockbench",
	"texture_size": [64, 64],
	"textures": {
		"0": "item/decorations/copper_pipes",
		"particle": "item/decorations/copper_pipes"
	},
	"elements": [
		{
			"from": [2, 0, 2],
			"to": [14, 2, 14],
			"rotation": {"angle": 0, "axis": "y", "origin": [2, 0, 2]},
			"faces": {
				"north": {"uv": [2, 3.5, 2.5, 0.5], "rotation": 90, "texture": "#0"},
				"east": {"uv": [2, 3.5, 2.5, 0.5], "rotation": 90, "texture": "#0"},
				"south": {"uv": [2, 3.5, 2.5, 0.5], "rotation": 90, "texture": "#0"},
				"west": {"uv": [2, 3.5, 2.5, 0.5], "rotation": 90, "texture": "#0"},
				"down": {"uv": [0, 4, 3, 7], "texture": "#0"}
			}
		},
		{
			"from": [14, 2, 2],
			"to": [16, 14, 14],
			"rotation": {"angle": 0, "axis": "y", "origin": [14, 2, 2]},
			"faces": {
				"north": {"uv": [0, 0.25, 0.5, 3.25], "texture": "#0"},
				"east": {"uv": [0, 4, 3, 7], "texture": "#0"},
				"south": {"uv": [0.5, 0.25, 0, 3.25], "texture": "#0"},
				"up": {"uv": [0.5, 0.25, 0, 3.25], "texture": "#0"},
				"down": {"uv": [0, 0.25, 0.5, 3.25], "texture": "#0"}
			}
		},
		{
			"from": [1, 2, 1],
			"to": [14, 15, 15],
			"rotation": {"angle": 0, "axis": "y", "origin": [-2, 2, 2]},
			"faces": {
				"north": {"uv": [2.5, 0, 5.75, 3.25], "texture": "#0"},
				"east": {"uv": [5.75, 0, 9.25, 3.25], "texture": "#0"},
				"south": {"uv": [5.75, 3.25, 2.5, 0], "texture": "#0"},
				"west": {"uv": [5.75, 0, 9.25, 3.25], "texture": "#0"},
				"up": {"uv": [9.25, 0, 5.75, 3.25], "texture": "#0"},
				"down": {"uv": [5.75, 0, 9.25, 3.25], "texture": "#0"}
			}
		}
	],
	"display": {
		"fixed": {
			"rotation": [-90, 0, 0],
			"translation": [0, 0, -16],
			"scale": [2, 2, 2]
		}
	}
}