{
	"credit": "Made with Blockbench",
	"texture_size": [32, 32],
	"textures": {
		"0": "item/decorations/bone_pile",
		"particle": "item/decorations/bone_pile"
	},
	"elements": [
		{
			"from": [7, -1, 6],
			"to": [14, 4, 14],
			"rotation": {"angle": -22.5, "axis": "y", "origin": [11, 0, 8]},
			"faces": {
				"north": {"uv": [8, 4.5, 11.5, 7], "texture": "#0"},
				"east": {"uv": [8, 0, 10.5, 4], "rotation": 90, "texture": "#0"},
				"south": {"uv": [11.5, 4, 15, 6.5], "texture": "#0"},
				"west": {"uv": [9.5, 0, 12, 4], "rotation": 90, "texture": "#0"},
				"up": {"uv": [8, 0, 11.5, 4], "rotation": 180, "texture": "#0"},
				"down": {"uv": [11.5, 0, 15, 4], "texture": "#0"}
			}
		},
		{
			"from": [4, -1.1, 4],
			"to": [7, 0.9, 8],
			"rotation": {"angle": 22.5, "axis": "y", "origin": [5, -0.1, 4]},
			"faces": {
				"north": {"uv": [8, 8, 9.5, 8.5], "texture": "#0"},
				"east": {"uv": [8, 8, 10, 8.5], "texture": "#0"},
				"south": {"uv": [12, 7.5, 13.5, 8], "texture": "#0"},
				"west": {"uv": [8, 8, 10, 8.5], "texture": "#0"},
				"up": {"uv": [13.5, 9.5, 12, 7.5], "texture": "#0"},
				"down": {"uv": [12, 7.5, 13.5, 9.5], "texture": "#0"}
			}
		}
	]
}