{
	"credit": "Made with Blockbench",
	"texture_size": [32, 32],
	"textures": {
		"0": "item/decorations/bone_pile",
		"particle": "item/decorations/bone_pile"
	},
	"elements": [
		{
			"from": [-1.53316, 0.2, 4.43159],
			"to": [-1.53316, 2.2, 5.43159],
			"rotation": {"angle": -22.5, "axis": "y", "origin": [-4.53316, -0.8, 7.43159]},
			"faces": {
				"east": {"uv": [0, 13, 1, 13.5], "rotation": 90, "texture": "#0"},
				"west": {"uv": [0, 13.5, 1, 13], "rotation": 90, "texture": "#0"}
			}
		},
		{
			"from": [6.4, 0.2, 10.8],
			"to": [6.4, 1.2, 13.8],
			"rotation": {"angle": -22.5, "axis": "y", "origin": [3.4, -0.8, 11.8]},
			"faces": {
				"east": {"uv": [0.5, 15.5, 1, 14], "rotation": 90, "texture": "#0"},
				"west": {"uv": [0.5, 15.5, 1, 14], "rotation": 90, "texture": "#0"}
			}
		},
		{
			"from": [-1.07135, 0.199, 6.11494],
			"to": [2.92865, 0.199, 11.11494],
			"rotation": {"angle": -22.5, "axis": "y", "origin": [-0.07135, -0.801, 7.11494]},
			"faces": {
				"up": {"uv": [0, 13, 2, 15.5], "texture": "#0"},
				"down": {"uv": [0, 13, 2, 15.5], "texture": "#0"}
			}
		},
		{
			"from": [4.4, 0.2, 8.8],
			"to": [6.4, 0.2, 13.8],
			"rotation": {"angle": -22.5, "axis": "y", "origin": [3.4, -0.8, 11.8]},
			"faces": {
				"up": {"uv": [2, 13, 1, 15.5], "texture": "#0"},
				"down": {"uv": [2, 13, 1, 15.5], "texture": "#0"}
			}
		},
		{
			"from": [1.4, -1, 5.8],
			"to": [4.4, 1, 15.8],
			"rotation": {"angle": -22.5, "axis": "y", "origin": [3.4, -1, 11.8]},
			"faces": {
				"north": {"uv": [12.5, 12.5, 14, 13.5], "texture": "#0"},
				"east": {"uv": [14.5, 15.5, 15.5, 10.5], "rotation": 90, "texture": "#0"},
				"south": {"uv": [14, 12.5, 12.5, 13.5], "texture": "#0"},
				"west": {"uv": [14.5, 15.5, 15.5, 10.5], "rotation": 90, "texture": "#0"},
				"up": {"uv": [16, 10.5, 14.5, 15.5], "texture": "#0"},
				"down": {"uv": [16, 10.5, 14.5, 15.5], "texture": "#0"}
			}
		},
		{
			"from": [10, -1, 3],
			"to": [13, 2, 11],
			"rotation": {"angle": 22.5, "axis": "y", "origin": [11, -1, 9]},
			"faces": {
				"east": {"uv": [11.5, 9, 13, 13], "rotation": 90, "texture": "#0"},
				"south": {"uv": [12.5, 13.5, 14, 15], "texture": "#0"},
				"west": {"uv": [11.5, 9, 13, 13], "rotation": 90, "texture": "#0"},
				"up": {"uv": [10.5, 9, 12, 13], "texture": "#0"},
				"down": {"uv": [13, 13.5, 14.5, 9.5], "texture": "#0"}
			}
		},
		{
			"from": [5.93853, -1, 0.60896],
			"to": [10.93853, 3, 3.60896],
			"rotation": {"angle": 22.5, "axis": "y", "origin": [7.93853, -1, 1.60896]},
			"faces": {
				"north": {"uv": [10, 13, 12, 14.5], "texture": "#0"},
				"east": {"uv": [10.5, 11.5, 12, 13], "rotation": 90, "texture": "#0"},
				"south": {"uv": [12, 13.5, 14, 15], "texture": "#0"},
				"west": {"uv": [10.5, 13, 12, 11.5], "rotation": 90, "texture": "#0"},
				"up": {"uv": [12, 13.5, 14, 15], "texture": "#0"},
				"down": {"uv": [13, 11, 14.5, 13], "rotation": 90, "texture": "#0"}
			}
		}
	]
}