{
	"credit": "Made with Blockbench",
	"texture_size": [32, 32],
	"textures": {
		"0": "item/decorations/bone_pile",
		"particle": "item/decorations/bone_pile"
	},
	"elements": [
		{
			"from": [5, -1, 5],
			"to": [13, 1, 8],
			"rotation": {"angle": -22.5, "axis": "y", "origin": [5, -1, 6]},
			"faces": {
				"north": {"uv": [7, 10.5, 3, 11.5], "texture": "#0"},
				"east": {"uv": [3, 10.5, 4.5, 11.5], "texture": "#0"},
				"south": {"uv": [3, 10.5, 7, 11.5], "texture": "#0"},
				"west": {"uv": [3, 10.5, 4.5, 11.5], "texture": "#0"},
				"up": {"uv": [3, 10.5, 7, 12], "texture": "#0"},
				"down": {"uv": [3, 10.5, 7, 12], "texture": "#0"}
			}
		},
		{
			"from": [5, 0.1, 8],
			"to": [13, 0.1, 11],
			"rotation": {"angle": -22.5, "axis": "y", "origin": [5, -0.4, 6]},
			"faces": {
				"up": {"uv": [1.5, 12, 0, 16], "rotation": 90, "texture": "#0"},
				"down": {"uv": [0, 12, 1.5, 16], "rotation": 90, "texture": "#0"}
			}
		},
		{
			"from": [6, 0.1, 2],
			"to": [11, 0.1, 5],
			"rotation": {"angle": -22.5, "axis": "y", "origin": [5, -0.4, 6]},
			"faces": {
				"up": {"uv": [0, 13, 1.5, 15.5], "rotation": 90, "texture": "#0"},
				"down": {"uv": [1.5, 13, 0, 15.5], "rotation": 90, "texture": "#0"}
			}
		}
	]
}