{
	"credit": "Made with Blockbench",
	"texture_size": [32, 32],
	"textures": {
		"0": "item/decorations/bone_pile",
		"particle": "item/decorations/bone_pile"
	},
	"elements": [
		{
			"from": [2, -1, 6],
			"to": [12, 1, 9],
			"rotation": {"angle": -45, "axis": "y", "origin": [4, -1, 7]},
			"faces": {
				"north": {"uv": [0.5, 5, 1.5, 0], "rotation": 90, "texture": "#0"},
				"east": {"uv": [9, 10, 10, 11.5], "rotation": 90, "texture": "#0"},
				"south": {"uv": [0.5, 0, 1.5, 5], "rotation": 90, "texture": "#0"},
				"west": {"uv": [9, 10, 10, 11.5], "rotation": 90, "texture": "#0"},
				"up": {"uv": [0.5, 0, 2, 5], "rotation": 90, "texture": "#0"},
				"down": {"uv": [0.5, 0, 2, 5], "rotation": 90, "texture": "#0"}
			}
		},
		{
			"from": [11, -1, 2],
			"to": [14, 1, 5],
			"rotation": {"angle": -22.5, "axis": "y", "origin": [13, -1, 4]},
			"faces": {
				"north": {"uv": [4.5, 10.5, 5.5, 12], "rotation": 90, "texture": "#0"},
				"east": {"uv": [4.5, 12, 5.5, 10.5], "rotation": 90, "texture": "#0"},
				"south": {"uv": [4.5, 10.5, 5.5, 12], "rotation": 90, "texture": "#0"},
				"west": {"uv": [4.5, 10.5, 5.5, 12], "rotation": 90, "texture": "#0"},
				"up": {"uv": [13.5, 6.5, 15, 8], "rotation": 180, "texture": "#0"},
				"down": {"uv": [13.5, 6.5, 15, 8], "texture": "#0"}
			}
		}
	]
}