{
	"parent": "decorations/barrel_single_up_a",
	"texture_size": [32, 32],
	"textures": {
		"0": "item/decorations/ground_chalkboard_easel_small",
		"particle": "item/decorations/ground_chalkboard_easel_small"
	},
	"elements": [
		{
			"from": [14, 6, 4],
			"to": [14, 7, 12],
			"faces": {
				"east": {"uv": [0, 12, 4, 12.5], "texture": "#0"},
				"west": {"uv": [0, 12, 4, 12.5], "texture": "#0"}
			}
		},
		{
			"from": [4, 6, 4],
			"to": [4, 7, 12],
			"faces": {
				"east": {"uv": [0, 12, 4, 12.5], "texture": "#0"},
				"west": {"uv": [0, 12, 4, 12.5], "texture": "#0"}
			}
		},
		{
			"from": [14, -1.3, 7],
			"to": [15, 2.7, 8],
			"rotation": {"angle": 22.5, "axis": "x", "origin": [15, 14.7, 8]},
			"faces": {
				"north": {"uv": [5.5, 4, 6, 6], "texture": "#0"},
				"east": {"uv": [5.5, 4, 6, 6], "texture": "#0"},
				"south": {"uv": [5.5, 4, 6, 6], "texture": "#0"},
				"west": {"uv": [5.5, 4, 6, 6], "texture": "#0"},
				"down": {"uv": [5.5, 4, 6, 4.5], "texture": "#0"}
			}
		},
		{
			"from": [3, 2.7, 7],
			"to": [15, 14.7, 8],
			"rotation": {"angle": 22.5, "axis": "x", "origin": [15, 14.7, 8]},
			"faces": {
				"north": {"uv": [0, 0, 6, 6], "texture": "#0"},
				"east": {"uv": [0, 0, 0.5, 5], "texture": "#0"},
				"south": {"uv": [0, 6, 6, 12], "texture": "#0"},
				"west": {"uv": [5.5, 0, 6, 5], "texture": "#0"},
				"up": {"uv": [1, 0, 6, 0.5], "texture": "#0"},
				"down": {"uv": [0, 0, 5, 0.5], "texture": "#0"}
			}
		},
		{
			"from": [3, -1.3, 7],
			"to": [4, 2.7, 8],
			"rotation": {"angle": 22.5, "axis": "x", "origin": [15, 14.7, 8]},
			"faces": {
				"north": {"uv": [5.5, 4, 6, 6], "texture": "#0"},
				"east": {"uv": [5.5, 4, 6, 6], "texture": "#0"},
				"south": {"uv": [5.5, 4, 6, 6], "texture": "#0"},
				"west": {"uv": [5.5, 4, 6, 6], "texture": "#0"},
				"down": {"uv": [5.5, 4, 6, 4.5], "texture": "#0"}
			}
		},
		{
			"from": [3, 2.7, 8],
			"to": [15, 14.7, 9],
			"rotation": {"angle": -22.5, "axis": "x", "origin": [15, 14.7, 8]},
			"faces": {
				"north": {"uv": [0, 6, 6, 12], "texture": "#0"},
				"east": {"uv": [5.5, 0, 6, 5], "texture": "#0"},
				"south": {"uv": [0, 0, 6, 6], "texture": "#0"},
				"west": {"uv": [0, 0, 0.5, 5], "texture": "#0"},
				"up": {"uv": [0, 0, 5, 0.5], "texture": "#0"},
				"down": {"uv": [0, 0, 5, 0.5], "texture": "#0"}
			}
		},
		{
			"from": [3, -1.3, 8],
			"to": [4, 2.7, 9],
			"rotation": {"angle": -22.5, "axis": "x", "origin": [15, 14.7, 8]},
			"faces": {
				"north": {"uv": [5.5, 4, 6, 6], "texture": "#0"},
				"east": {"uv": [5.5, 4, 6, 6], "texture": "#0"},
				"south": {"uv": [5.5, 4, 6, 6], "texture": "#0"},
				"west": {"uv": [5.5, 4, 6, 6], "texture": "#0"},
				"down": {"uv": [5.5, 4, 6, 4.5], "texture": "#0"}
			}
		},
		{
			"from": [14, -1.3, 8],
			"to": [15, 2.7, 9],
			"rotation": {"angle": -22.5, "axis": "x", "origin": [15, 14.7, 8]},
			"faces": {
				"north": {"uv": [5.5, 4, 6, 6], "texture": "#0"},
				"east": {"uv": [5.5, 4, 6, 6], "texture": "#0"},
				"south": {"uv": [5.5, 4, 6, 6], "texture": "#0"},
				"west": {"uv": [5.5, 4, 6, 6], "texture": "#0"},
				"down": {"uv": [5.5, 4, 6, 4.5], "texture": "#0"}
			}
		}
	]
}