{
	"credit": "Made with Blockbench",
	"texture_size": [128, 128],
	"textures": {
		"0": "item/decorations/crates_and_barrels",
		"particle": "item/decorations/crates_and_barrels"
	},
	"elements": [
		{
			"from": [4, 0, 4],
			"to": [12, 6.1, 12],
			"rotation": {"angle": 0, "axis": "y", "origin": [4, 0, 4]},
			"faces": {
				"up": {"uv": [15, 15, 16, 16], "texture": "#0"}
			}
		},
		{
			"from": [3, -2, 3],
			"to": [13, 0, 13],
			"rotation": {"angle": 0, "axis": "y", "origin": [4, -6, 4]},
			"faces": {
				"north": {"uv": [1.625, 2.375, 2.875, 2.625], "texture": "#0"},
				"east": {"uv": [1.5, 2.5, 1.75, 3.75], "rotation": 90, "texture": "#0"},
				"south": {"uv": [1.625, 2.375, 2.875, 2.625], "texture": "#0"},
				"west": {"uv": [1.5, 2.5, 1.75, 3.75], "rotation": 90, "texture": "#0"},
				"up": {"uv": [1.625, 2.5, 2.875, 3.75], "texture": "#0"},
				"down": {"uv": [1.625, 2.5, 2.875, 3.75], "texture": "#0"}
			}
		},
		{
			"from": [4, 0, 2],
			"to": [12, 6.1, 4],
			"rotation": {"angle": 0, "axis": "y", "origin": [4, 0, -4]},
			"faces": {
				"north": {"uv": [12.875, 4.25, 13.875, 5.0125], "texture": "#0"},
				"up": {"uv": [13.25, 4.5, 14.25, 4.25], "texture": "#0"},
				"down": {"uv": [13, 4.875, 14, 5.125], "texture": "#0"}
			}
		},
		{
			"from": [4, 0, 12],
			"to": [12, 6.1, 14],
			"rotation": {"angle": 0, "axis": "y", "origin": [4, 0, 6]},
			"faces": {
				"south": {"uv": [12.125, 4.25, 13.125, 5.0125], "texture": "#0"},
				"up": {"uv": [12.125, 4.25, 13.125, 4.5], "texture": "#0"},
				"down": {"uv": [12.125, 4.875, 13.125, 5.125], "texture": "#0"}
			}
		},
		{
			"from": [2, 0, 2],
			"to": [4, 6.1, 14],
			"rotation": {"angle": 0, "axis": "y", "origin": [-4, 0, 6]},
			"faces": {
				"north": {"uv": [12.25, 4.25, 12, 5.0125], "texture": "#0"},
				"south": {"uv": [12, 4.25, 12.25, 5.0125], "texture": "#0"},
				"west": {"uv": [12.5, 4.25, 14, 5.0125], "texture": "#0"},
				"up": {"uv": [12.875, 4.25, 14.375, 4.5], "rotation": 90, "texture": "#0"},
				"down": {"uv": [12.875, 4.875, 14.375, 5.125], "rotation": 90, "texture": "#0"}
			}
		},
		{
			"from": [1, 2, 2],
			"to": [2, 4, 14],
			"rotation": {"angle": 0, "axis": "y", "origin": [-6, 0, 6]},
			"faces": {
				"west": {"uv": [2.5, 14.5, 2.75, 16], "rotation": 90, "texture": "#0"},
				"up": {"uv": [2.75, 14.5, 2.875, 16], "texture": "#0"},
				"down": {"uv": [2.75, 14.5, 2.875, 16], "texture": "#0"}
			}
		},
		{
			"from": [14, 2, 2],
			"to": [15, 4, 14],
			"rotation": {"angle": 0, "axis": "y", "origin": [7, 0, 6]},
			"faces": {
				"east": {"uv": [2.5, 14.5, 2.75, 16], "rotation": 90, "texture": "#0"},
				"up": {"uv": [2.5, 14.375, 2.625, 15.875], "texture": "#0"},
				"down": {"uv": [2.5, 14.375, 2.625, 15.875], "texture": "#0"}
			}
		},
		{
			"from": [1, 2, 14],
			"to": [15, 4, 15],
			"rotation": {"angle": 0, "axis": "y", "origin": [7, 0, 7]},
			"faces": {
				"east": {"uv": [2.5, 14, 2.75, 14.125], "rotation": 90, "texture": "#0"},
				"south": {"uv": [2.5, 14.125, 2.75, 15.875], "rotation": 90, "texture": "#0"},
				"west": {"uv": [2.5, 14.375, 2.75, 14.5], "rotation": 90, "texture": "#0"},
				"up": {"uv": [2.75, 14.25, 2.875, 16], "rotation": 90, "texture": "#0"},
				"down": {"uv": [2.75, 14.125, 2.875, 15.875], "rotation": 90, "texture": "#0"}
			}
		},
		{
			"from": [1, 2, 1],
			"to": [15, 4, 2],
			"rotation": {"angle": 0, "axis": "y", "origin": [7, 0, -6]},
			"faces": {
				"north": {"uv": [2.75, 14.25, 3, 16], "rotation": 90, "texture": "#0"},
				"east": {"uv": [2.75, 14, 3, 14.125], "rotation": 90, "texture": "#0"},
				"west": {"uv": [2.75, 14.125, 3, 14.25], "rotation": 90, "texture": "#0"},
				"up": {"uv": [2.875, 14.125, 3, 15.875], "rotation": 90, "texture": "#0"},
				"down": {"uv": [2.875, 14.25, 3, 16], "rotation": 90, "texture": "#0"}
			}
		},
		{
			"from": [7, 4.14389, 2.24929],
			"to": [9, 17.14389, 2.24929],
			"rotation": {"angle": 22.5, "axis": "x", "origin": [0, 7.14389, 1.24929]},
			"faces": {
				"north": {"uv": [2.5, 14.375, 2.75, 16], "texture": "#0"},
				"south": {"uv": [2.5, 14.375, 2.75, 16], "texture": "#0"},
				"down": {"uv": [0, 0, 2, 0], "texture": "#0"}
			}
		},
		{
			"from": [7, 4.14389, 13.75071],
			"to": [9, 17.14389, 13.75071],
			"rotation": {"angle": -22.5, "axis": "x", "origin": [0, 7.14389, 14.75071]},
			"faces": {
				"north": {"uv": [2.75, 14.375, 3, 16], "texture": "#0"},
				"south": {"uv": [2.75, 14.375, 3, 16], "texture": "#0"}
			}
		},
		{
			"from": [2.24836, 4.14351, 7],
			"to": [2.24836, 17.14351, 9],
			"rotation": {"angle": -22.5, "axis": "z", "origin": [1.24836, 7.14351, 0]},
			"faces": {
				"east": {"uv": [2.75, 14.375, 3, 16], "texture": "#0"},
				"west": {"uv": [2.75, 14.375, 3, 16], "texture": "#0"}
			}
		},
		{
			"from": [13.74979, 4.14351, 7],
			"to": [13.74979, 17.14351, 9],
			"rotation": {"angle": 22.5, "axis": "z", "origin": [14.74979, 7.14351, 0]},
			"faces": {
				"east": {"uv": [2.5, 14.375, 2.75, 16], "texture": "#0"},
				"west": {"uv": [2.5, 14.375, 2.75, 16], "texture": "#0"}
			}
		},
		{
			"from": [2.14836, 4.04351, 6.9],
			"to": [2.34836, 17.24351, 9.1],
			"rotation": {"angle": -22.5, "axis": "z", "origin": [1.24836, 7.14351, 0]},
			"faces": {
				"west": {"uv": [3.5, 14.375, 3.75, 16], "texture": "#0"}
			}
		},
		{
			"from": [6.9, 4.04389, 2.14929],
			"to": [9.1, 17.24389, 2.34929],
			"rotation": {"angle": 22.5, "axis": "x", "origin": [0, 7.14389, 1.24929]},
			"faces": {
				"north": {"uv": [3.25, 14.375, 3.5, 16], "texture": "#0"},
				"down": {"uv": [0, 0, 2, 0], "texture": "#0"}
			}
		},
		{
			"from": [6.9, 4.04389, 13.65071],
			"to": [9.1, 17.24389, 13.85071],
			"rotation": {"angle": -22.5, "axis": "x", "origin": [0, 7.14389, 14.75071]},
			"faces": {
				"south": {"uv": [3.5, 14.375, 3.75, 16], "texture": "#0"}
			}
		},
		{
			"from": [13.64979, 4.04351, 6.9],
			"to": [13.84979, 17.24351, 9.1],
			"rotation": {"angle": 22.5, "axis": "z", "origin": [14.74979, 7.14351, 0]},
			"faces": {
				"east": {"uv": [3.25, 14.375, 3.5, 16], "texture": "#0"}
			}
		},
		{
			"from": [6, 16, 6],
			"to": [10, 20, 10],
			"rotation": {"angle": 0, "axis": "y", "origin": [0, 16, 6]},
			"faces": {
				"north": {"uv": [0, 13, 0.5, 13.5], "rotation": 90, "texture": "#0"},
				"east": {"uv": [0, 13, 0.5, 13.5], "rotation": 90, "texture": "#0"},
				"south": {"uv": [0, 13, 0.5, 13.5], "rotation": 90, "texture": "#0"},
				"west": {"uv": [0, 13, 0.5, 13.5], "rotation": 90, "texture": "#0"},
				"up": {"uv": [0.625, 13, 1.125, 13.5], "texture": "#0"},
				"down": {"uv": [0.625, 13, 1.125, 13.5], "texture": "#0"}
			}
		},
		{
			"from": [12, 0, 2],
			"to": [14, 6.1, 14],
			"rotation": {"angle": 0, "axis": "y", "origin": [6, 0, 6]},
			"faces": {
				"north": {"uv": [12, 4.25, 12.25, 5.0125], "texture": "#0"},
				"east": {"uv": [12.25, 4.25, 13.75, 5.0125], "texture": "#0"},
				"south": {"uv": [12.25, 4.25, 12, 5.0125], "texture": "#0"},
				"up": {"uv": [13, 4.5, 14.5, 4.25], "rotation": 90, "texture": "#0"},
				"down": {"uv": [12.875, 4.75, 14.375, 5], "rotation": 90, "texture": "#0"}
			}
		},
		{
			"from": [0.9, 1.9, 0.9],
			"to": [15.1, 4.1, 15.1],
			"rotation": {"angle": 0, "axis": "y", "origin": [1, 2, 1]},
			"faces": {
				"north": {"uv": [3.5, 14.25, 3.75, 16], "rotation": 90, "texture": "#0"},
				"east": {"uv": [3.5, 14.125, 3.75, 15.875], "rotation": 90, "texture": "#0"},
				"south": {"uv": [3.25, 14.125, 3.5, 15.875], "rotation": 90, "texture": "#0"},
				"west": {"uv": [3.375, 14.25, 3.625, 16], "rotation": 90, "texture": "#0"}
			}
		}
	],
	"display": {
		"fixed": {
			"rotation": [90, 0, 0],
			"translation": [0, 0, -16],
			"scale": [2, 2, 2]
		}
	}
}