{
	"credit": "Made with Blockbench",
	"texture_size": [64, 32],
	"textures": {
		"0": "item/decorations/light_pole_victorian",
		"particle": "item/decorations/light_pole_victorian"
	},
	"elements": [
		{
			"from": [6, 0, 7],
			"to": [10, 1, 9],
			"rotation": {"angle": 0, "axis": "y", "origin": [7, 0, 7]},
			"faces": {
				"north": {"uv": [3, 6.5, 4, 7], "texture": "#0"},
				"south": {"uv": [3, 6.5, 4, 7], "texture": "#0"},
				"up": {"uv": [3, 6, 4, 7], "texture": "#0"},
				"down": {"uv": [3, 6, 4, 7], "texture": "#0"}
			}
		},
		{
			"from": [4, 9, 7.5],
			"to": [12, 11, 8.5],
			"rotation": {"angle": 0, "axis": "y", "origin": [9, 10, 6.5]},
			"faces": {
				"north": {"uv": [0.5, 4.5, 2.5, 5.5], "texture": "#0"},
				"east": {"uv": [0.5, 4.5, 0.75, 5.5], "texture": "#0"},
				"south": {"uv": [0.5, 4.5, 2.5, 5.5], "texture": "#0"},
				"west": {"uv": [0.5, 4.5, 0.75, 5.5], "texture": "#0"},
				"up": {"uv": [0.5, 4.5, 2.5, 5], "texture": "#0"},
				"down": {"uv": [0.5, 4.5, 2.5, 5], "texture": "#0"}
			}
		},
		{
			"from": [7, 11, 7.5],
			"to": [9, 14, 8.5],
			"rotation": {"angle": 0, "axis": "y", "origin": [9, 12, 6.5]},
			"faces": {
				"north": {"uv": [0, 5.5, 0.5, 7], "texture": "#0"},
				"east": {"uv": [0, 5.5, 0.25, 7], "texture": "#0"},
				"south": {"uv": [0, 5.5, 0.5, 7], "texture": "#0"},
				"west": {"uv": [0, 5.5, 0.25, 7], "texture": "#0"},
				"up": {"uv": [0, 5.5, 0.5, 6], "texture": "#0"}
			}
		},
		{
			"from": [7, 6, 7.5],
			"to": [9, 9, 8.5],
			"rotation": {"angle": 0, "axis": "y", "origin": [9, 7, 6.5]},
			"faces": {
				"north": {"uv": [3.25, 7, 3.75, 5.5], "texture": "#0"},
				"east": {"uv": [3.25, 7, 3.5, 5.5], "texture": "#0"},
				"south": {"uv": [3.25, 7, 3.75, 5.5], "texture": "#0"},
				"west": {"uv": [3.25, 7, 3.5, 5.5], "texture": "#0"},
				"down": {"uv": [3.25, 5.5, 3.75, 6], "texture": "#0"}
			}
		},
		{
			"from": [9.92488, 0.38368, 7.001],
			"to": [13.92288, 1.38168, 8.999],
			"rotation": {"angle": 22.5, "axis": "z", "origin": [10.92388, 0.38268, 7]},
			"faces": {
				"north": {"uv": [3, 6.5, 4, 7], "texture": "#0"},
				"south": {"uv": [3, 6.5, 4, 7], "texture": "#0"},
				"up": {"uv": [3, 6, 4, 7], "texture": "#0"},
				"down": {"uv": [3, 6, 4, 7], "texture": "#0"}
			}
		},
		{
			"from": [13.40262, 2.23784, 7],
			"to": [17.40262, 3.23784, 9],
			"rotation": {"angle": 45, "axis": "z", "origin": [14.40262, 2.23784, 7]},
			"faces": {
				"north": {"uv": [3, 6.5, 4, 7], "texture": "#0"},
				"east": {"uv": [0, 6.05468, 0.5, 6.55468], "texture": "#0"},
				"south": {"uv": [3, 6.5, 4, 7], "texture": "#0"},
				"west": {"uv": [0, 6.05468, 0.5, 6.55468], "texture": "#0"},
				"up": {"uv": [3, 6, 4, 7], "texture": "#0"},
				"down": {"uv": [3, 6, 4, 7], "texture": "#0"}
			}
		},
		{
			"from": [15.90763, 4.28404, 7.001],
			"to": [16.90563, 8.28204, 8.999],
			"rotation": {"angle": -22.5, "axis": "z", "origin": [16.90663, 5.28304, 7]},
			"faces": {
				"north": {"uv": [3, 6.5, 4, 7], "rotation": 90, "texture": "#0"},
				"east": {"uv": [3, 6, 4, 7], "rotation": 270, "texture": "#0"},
				"south": {"uv": [3, 6.5, 4, 7], "rotation": 270, "texture": "#0"},
				"west": {"uv": [3, 6, 4, 7], "rotation": 270, "texture": "#0"}
			}
		},
		{
			"from": [17.05468, 8.05468, 7],
			"to": [18.05468, 12.05468, 9],
			"rotation": {"angle": 0, "axis": "z", "origin": [18.05468, 9.05468, 7]},
			"faces": {
				"north": {"uv": [3, 6.5, 4, 7], "rotation": 90, "texture": "#0"},
				"east": {"uv": [3, 6, 4, 7], "rotation": 270, "texture": "#0"},
				"south": {"uv": [3, 6.5, 4, 7], "rotation": 270, "texture": "#0"},
				"west": {"uv": [3, 6, 4, 7], "rotation": 270, "texture": "#0"},
				"up": {"uv": [0, 6.05468, 0.5, 6.55468], "rotation": 270, "texture": "#0"},
				"down": {"uv": [0, 6.05468, 0.5, 6.55468], "rotation": 270, "texture": "#0"}
			}
		},
		{
			"from": [2.07712, 0.38368, 7.001],
			"to": [6.07512, 1.38168, 8.999],
			"rotation": {"angle": -22.5, "axis": "z", "origin": [5.07612, 0.38268, 7]},
			"faces": {
				"north": {"uv": [4, 6.5, 3, 7], "texture": "#0"},
				"south": {"uv": [4, 6.5, 3, 7], "texture": "#0"},
				"up": {"uv": [4, 6, 3, 7], "texture": "#0"},
				"down": {"uv": [4, 6, 3, 7], "texture": "#0"}
			}
		},
		{
			"from": [-1.40262, 2.23784, 7],
			"to": [2.59738, 3.23784, 9],
			"rotation": {"angle": -45, "axis": "z", "origin": [1.59738, 2.23784, 7]},
			"faces": {
				"north": {"uv": [4, 6.5, 3, 7], "texture": "#0"},
				"south": {"uv": [4, 6.5, 3, 7], "texture": "#0"},
				"up": {"uv": [4, 6, 3, 7], "texture": "#0"},
				"down": {"uv": [4, 6, 3, 7], "texture": "#0"}
			}
		},
		{
			"from": [-0.90563, 4.28404, 7.001],
			"to": [0.09237, 8.28204, 8.999],
			"rotation": {"angle": 22.5, "axis": "z", "origin": [-0.90663, 5.28304, 7]},
			"faces": {
				"north": {"uv": [3, 7, 4, 6.5], "rotation": 90, "texture": "#0"},
				"east": {"uv": [3, 7, 4, 6], "rotation": 270, "texture": "#0"},
				"south": {"uv": [3, 7, 4, 6.5], "rotation": 270, "texture": "#0"},
				"west": {"uv": [3, 7, 4, 6], "rotation": 270, "texture": "#0"}
			}
		},
		{
			"from": [15.90763, 11.82732, 7.001],
			"to": [16.90563, 15.82532, 8.999],
			"rotation": {"angle": 22.5, "axis": "z", "origin": [16.90663, 14.82632, 7]},
			"faces": {
				"north": {"uv": [3, 6.5, 4, 7], "rotation": 90, "texture": "#0"},
				"east": {"uv": [3, 6, 4, 7], "rotation": 270, "texture": "#0"},
				"south": {"uv": [3, 6.5, 4, 7], "rotation": 270, "texture": "#0"},
				"west": {"uv": [3, 6, 4, 7], "rotation": 270, "texture": "#0"},
				"up": {"uv": [1, 6.05468, 1.5, 6.55468], "rotation": 270, "texture": "#0"},
				"down": {"uv": [1, 6.05468, 1.5, 6.55468], "rotation": 270, "texture": "#0"}
			}
		},
		{
			"from": [13.40262, 16.87152, 7],
			"to": [17.40262, 17.87152, 9],
			"rotation": {"angle": -45, "axis": "z", "origin": [14.40262, 17.87152, 7]},
			"faces": {
				"north": {"uv": [3, 6.5, 4, 7], "texture": "#0"},
				"south": {"uv": [3, 6.5, 4, 7], "texture": "#0"},
				"up": {"uv": [3, 6, 4, 7], "texture": "#0"},
				"down": {"uv": [3, 6, 4, 7], "texture": "#0"}
			}
		},
		{
			"from": [9.92488, 18.72767, 7.001],
			"to": [13.92288, 19.72567, 8.999],
			"rotation": {"angle": -22.5, "axis": "z", "origin": [10.92388, 19.72667, 7]},
			"faces": {
				"north": {"uv": [3, 6.5, 4, 7], "texture": "#0"},
				"south": {"uv": [3, 6.5, 4, 7], "texture": "#0"},
				"up": {"uv": [3, 6, 4, 7], "texture": "#0"},
				"down": {"uv": [3, 6, 4, 7], "texture": "#0"}
			}
		},
		{
			"from": [6, 19.10936, 7],
			"to": [10, 20.10936, 9],
			"rotation": {"angle": 0, "axis": "y", "origin": [7, 20.10936, 7]},
			"faces": {
				"north": {"uv": [3, 6.5, 4, 7], "texture": "#0"},
				"south": {"uv": [3, 6.5, 4, 7], "texture": "#0"},
				"up": {"uv": [3, 6, 4, 7], "texture": "#0"},
				"down": {"uv": [3, 6, 4, 7], "texture": "#0"}
			}
		},
		{
			"from": [-11, 1.00936, 8],
			"to": [27, 19.10936, 8],
			"rotation": {"angle": 0, "axis": "y", "origin": [7, 19.00936, 7]},
			"faces": {
				"north": {"uv": [0, 7, 9.5, 16], "texture": "#0"},
				"south": {"uv": [0, 7, 9.5, 16], "texture": "#0"}
			}
		},
		{
			"from": [2.07712, 18.72767, 7.001],
			"to": [6.07512, 19.72567, 8.999],
			"rotation": {"angle": 22.5, "axis": "z", "origin": [5.07612, 19.72667, 7]},
			"faces": {
				"north": {"uv": [3, 5.5, 4, 6], "texture": "#0"},
				"south": {"uv": [3, 5.5, 4, 6], "texture": "#0"},
				"up": {"uv": [3, 6, 4, 7], "texture": "#0"},
				"down": {"uv": [3, 6, 4, 7], "texture": "#0"}
			}
		},
		{
			"from": [-1.40262, 16.87152, 7],
			"to": [2.59738, 17.87152, 9],
			"rotation": {"angle": 45, "axis": "z", "origin": [1.59738, 17.87152, 7]},
			"faces": {
				"north": {"uv": [3, 6.5, 4, 7], "texture": "#0"},
				"south": {"uv": [3, 6.5, 4, 7], "texture": "#0"},
				"up": {"uv": [3, 6, 4, 7], "texture": "#0"},
				"down": {"uv": [3, 6, 4, 7], "texture": "#0"}
			}
		},
		{
			"from": [-0.90563, 11.82732, 7.001],
			"to": [0.09237, 15.82532, 8.999],
			"rotation": {"angle": -22.5, "axis": "z", "origin": [-0.90663, 14.82632, 7]},
			"faces": {
				"north": {"uv": [3, 6.5, 4, 7], "rotation": 90, "texture": "#0"},
				"east": {"uv": [3, 6, 4, 7], "rotation": 270, "texture": "#0"},
				"south": {"uv": [3, 6.5, 4, 7], "rotation": 270, "texture": "#0"},
				"west": {"uv": [3, 6, 4, 7], "rotation": 270, "texture": "#0"}
			}
		},
		{
			"from": [-2.05468, 8.05468, 7],
			"to": [-1.05468, 12.05468, 9],
			"rotation": {"angle": 0, "axis": "z", "origin": [-2.05468, 9.05468, 7]},
			"faces": {
				"north": {"uv": [3, 6.5, 4, 6], "rotation": 90, "texture": "#0"},
				"east": {"uv": [3, 7, 4, 6], "rotation": 270, "texture": "#0"},
				"south": {"uv": [3, 6.5, 4, 6], "rotation": 270, "texture": "#0"},
				"west": {"uv": [3, 7, 4, 6], "rotation": 270, "texture": "#0"}
			}
		},
		{
			"from": [6.94726, 17, 7.10141],
			"to": [8.94726, 26, 9.10141],
			"rotation": {"angle": 0, "axis": "y", "origin": [7.94726, 43.92847, 7.5]},
			"faces": {
				"north": {"uv": [8.75, 0, 9.25, 4.5], "texture": "#0"},
				"east": {"uv": [8.75, 0, 9.25, 4.5], "texture": "#0"},
				"south": {"uv": [8.75, 0, 9.25, 4.5], "texture": "#0"},
				"west": {"uv": [8.75, 0, 9.25, 4.5], "texture": "#0"},
				"up": {"uv": [8.75, 3.5, 9.25, 4.5], "texture": "#0"}
			}
		},
		{
			"from": [7.89, 17.98, 4.13867],
			"to": [7.91, 32, 12.15867],
			"rotation": {"angle": 0, "axis": "y", "origin": [12.5, 49.92847, -32.05274]},
			"faces": {
				"east": {"uv": [6.75, 0, 8.75, 7], "texture": "#0"},
				"west": {"uv": [6.75, 0, 8.75, 7], "texture": "#0"}
			}
		},
		{
			"from": [3.88859, 20.98, 8.03726],
			"to": [11.90859, 32, 8.05726],
			"rotation": {"angle": 0, "axis": "y", "origin": [5.1, 19.92847, 7.64726]},
			"faces": {
				"north": {"uv": [6.75, 0, 8.75, 5.5], "texture": "#0"},
				"south": {"uv": [6.75, 0, 8.75, 5.5], "texture": "#0"}
			}
		},
		{
			"from": [22, 0, 6],
			"to": [26, 1, 10],
			"rotation": {"angle": 0, "axis": "y", "origin": [16, 0, 6]},
			"faces": {
				"north": {"uv": [0, 0, 1, 0.5], "texture": "#0"},
				"east": {"uv": [0, 0, 1, 0.5], "texture": "#0"},
				"south": {"uv": [0, 0, 1, 0.5], "texture": "#0"},
				"west": {"uv": [0, 0, 1, 0.5], "texture": "#0"},
				"up": {"uv": [0, 0, 1, 2], "texture": "#0"},
				"down": {"uv": [0, 0, 1, 2], "texture": "#0"}
			}
		},
		{
			"from": [23, 1, 7],
			"to": [25, 7, 9],
			"rotation": {"angle": 0, "axis": "y", "origin": [16, 1, 6]},
			"faces": {
				"north": {"uv": [3.25, 4, 3.75, 7], "texture": "#0"},
				"east": {"uv": [3, 4, 3.5, 7], "texture": "#0"},
				"south": {"uv": [3.25, 4, 3.75, 7], "texture": "#0"},
				"west": {"uv": [3.5, 4, 4, 7], "texture": "#0"},
				"up": {"uv": [3.25, 3, 3.75, 4], "texture": "#0"}
			}
		},
		{
			"from": [-9, 1, 7],
			"to": [-7, 7, 9],
			"rotation": {"angle": 0, "axis": "y", "origin": [-16, 1, 6]},
			"faces": {
				"north": {"uv": [3.25, 4, 3.75, 7], "texture": "#0"},
				"east": {"uv": [3, 4, 3.5, 7], "texture": "#0"},
				"south": {"uv": [3.25, 4, 3.75, 7], "texture": "#0"},
				"west": {"uv": [3.5, 4, 4, 7], "texture": "#0"},
				"up": {"uv": [3.25, 3, 3.75, 4], "texture": "#0"}
			}
		},
		{
			"from": [-10, 0, 6],
			"to": [-6, 1, 10],
			"rotation": {"angle": 0, "axis": "y", "origin": [-16, 0, 6]},
			"faces": {
				"north": {"uv": [1, 2, 2, 2.5], "texture": "#0"},
				"east": {"uv": [1, 2, 2, 2.5], "texture": "#0"},
				"south": {"uv": [1, 2, 2, 2.5], "texture": "#0"},
				"west": {"uv": [1, 2, 2, 2.5], "texture": "#0"},
				"up": {"uv": [1, 2, 2, 4], "texture": "#0"},
				"down": {"uv": [1, 2, 2, 4], "texture": "#0"}
			}
		}
	],
	"display": {
		"fixed": {
			"rotation": [-90, 0, 0],
			"translation": [0, 0, -16],
			"scale": [2, 2, 2]
		}
	}
}