{
	"credit": "Made with Blockbench",
	"texture_size": [32, 32],
	"textures": {
		"0": "item/decorations/palisade"
	},
	"elements": [
		{
			"from": [4.3, -7, 5.2],
			"to": [9.3, 25, 10.2],
			"rotation": {"angle": 0, "axis": "y", "origin": [7.3, 0, 7.7]},
			"faces": {
				"north": {"uv": [0, 0, 2.5, 16], "texture": "#0"},
				"east": {"uv": [0, 0, 2.5, 16], "texture": "#0"},
				"south": {"uv": [0, 0, 2.5, 16], "texture": "#0"},
				"west": {"uv": [0, 0, 2.5, 16], "texture": "#0"}
			}
		},
		{
			"from": [4.1, 11.8, 5],
			"to": [9.5, 14.2, 10.4],
			"rotation": {"angle": 0, "axis": "y", "origin": [7.3, 0, 7.7]},
			"faces": {
				"north": {"uv": [4, 4.5, 6.5, 5.5], "texture": "#0"},
				"east": {"uv": [4, 4.5, 6.5, 5.5], "texture": "#0"},
				"south": {"uv": [4, 4.5, 6.5, 5.5], "texture": "#0"},
				"west": {"uv": [4, 4.5, 6.5, 5.5], "texture": "#0"}
			}
		},
		{
			"from": [4.1, -1.2, 5],
			"to": [9.5, 1.2, 10.4],
			"rotation": {"angle": 0, "axis": "y", "origin": [7.3, 0, 7.7]},
			"faces": {
				"north": {"uv": [4, 3.5, 6.5, 4.5], "texture": "#0"},
				"east": {"uv": [4, 3.5, 6.5, 4.5], "texture": "#0"},
				"south": {"uv": [4, 3.5, 6.5, 4.5], "texture": "#0"},
				"west": {"uv": [4, 3.5, 6.5, 4.5], "texture": "#0"}
			}
		},
		{
			"from": [4.1, 15.6, 5],
			"to": [9.5, 25, 10.4],
			"rotation": {"angle": 0, "axis": "y", "origin": [7.3, 0, 7.7]},
			"faces": {
				"north": {"uv": [4, 8, 6.5, 12.5], "texture": "#0"},
				"east": {"uv": [4, 8, 6.5, 12.5], "texture": "#0"},
				"south": {"uv": [4, 8, 6.5, 12.5], "texture": "#0"},
				"west": {"uv": [4, 8, 6.5, 12.5], "texture": "#0"},
				"up": {"uv": [4, 5.5, 6.5, 8], "texture": "#0"}
			}
		},
		{
			"from": [6.9, 25, 4.8],
			"to": [6.9, 32, 10.8],
			"rotation": {"angle": 45, "axis": "y", "origin": [7.3, 0, 7.7]},
			"faces": {
				"east": {"uv": [6.5, 0, 9.5, 3.5], "texture": "#0"},
				"west": {"uv": [6.5, 0, 9.5, 3.5], "texture": "#0"}
			}
		},
		{
			"from": [4, 25, 7.4],
			"to": [10, 32, 7.4],
			"rotation": {"angle": 45, "axis": "y", "origin": [7.3, 0, 7.7]},
			"faces": {
				"north": {"uv": [6.5, 0, 9.5, 3.5], "texture": "#0"},
				"south": {"uv": [6.5, 0, 9.5, 3.5], "texture": "#0"}
			}
		},
		{
			"from": [-0.7, 21, 2.8],
			"to": [-0.7, 28, 7.8],
			"rotation": {"angle": 45, "axis": "y", "origin": [5, 0, 3.7]},
			"faces": {
				"east": {"uv": [4, 0, 6.5, 3.5], "texture": "#0"},
				"west": {"uv": [4, 0, 6.5, 3.5], "texture": "#0"}
			}
		},
		{
			"from": [-3.2, 21, 5.3],
			"to": [1.8, 28, 5.3],
			"rotation": {"angle": 45, "axis": "y", "origin": [5, 0, 3.7]},
			"faces": {
				"north": {"uv": [4, 0, 6.5, 3.5], "texture": "#0"},
				"south": {"uv": [4, 0, 6.5, 3.5], "texture": "#0"}
			}
		},
		{
			"from": [11.3, 18, 7],
			"to": [11.3, 25, 12],
			"rotation": {"angle": -22.5, "axis": "y", "origin": [15.5, 0, 13.1]},
			"faces": {
				"east": {"uv": [4, 0, 6.5, 3.5], "texture": "#0"},
				"west": {"uv": [4, 0, 6.5, 3.5], "texture": "#0"}
			}
		},
		{
			"from": [8.8, 18, 9.5],
			"to": [13.8, 25, 9.5],
			"rotation": {"angle": -22.5, "axis": "y", "origin": [15.5, 0, 13.1]},
			"faces": {
				"north": {"uv": [4, 0, 6.5, 3.5], "texture": "#0"},
				"south": {"uv": [4, 0, 6.5, 3.5], "texture": "#0"}
			}
		},
		{
			"from": [12.5, -7, 5.1],
			"to": [17.5, 17, 10.1],
			"rotation": {"angle": 22.5, "axis": "y", "origin": [15.5, 0, 13.1]},
			"faces": {
				"north": {"uv": [1.5, 4, 4, 16], "texture": "#0"},
				"east": {"uv": [1.5, 4, 4, 16], "texture": "#0"},
				"south": {"uv": [1.5, 4, 4, 16], "texture": "#0"},
				"west": {"uv": [1.5, 4, 4, 16], "texture": "#0"}
			}
		},
		{
			"from": [12.3, 7.8, 4.9],
			"to": [17.7, 10.2, 10.3],
			"rotation": {"angle": 22.5, "axis": "y", "origin": [15.5, 0, 13.1]},
			"faces": {
				"north": {"uv": [4, 3.5, 6.5, 4.5], "texture": "#0"},
				"east": {"uv": [4, 3.5, 6.5, 4.5], "texture": "#0"},
				"south": {"uv": [4, 3.5, 6.5, 4.5], "texture": "#0"},
				"west": {"uv": [4, 3.5, 6.5, 4.5], "texture": "#0"}
			}
		},
		{
			"from": [12.3, 8.8, 4.9],
			"to": [17.7, 18.2, 10.3],
			"rotation": {"angle": 22.5, "axis": "y", "origin": [15.5, 0, 13.1]},
			"faces": {
				"north": {"uv": [6.5, 8, 9, 12.5], "texture": "#0"},
				"east": {"uv": [6.5, 8, 9, 12.5], "texture": "#0"},
				"south": {"uv": [6.5, 8, 9, 12.5], "texture": "#0"},
				"west": {"uv": [6.5, 8, 9, 12.5], "texture": "#0"},
				"up": {"uv": [6.5, 5.5, 9, 8], "texture": "#0"},
				"down": {"uv": [6.5, 5.5, 9, 8], "texture": "#0"}
			}
		},
		{
			"from": [0, -7, 6.7],
			"to": [4, 21, 10.7],
			"rotation": {"angle": 0, "axis": "y", "origin": [3, 0, 3.7]},
			"faces": {
				"north": {"uv": [0, 2, 2, 16], "texture": "#0"},
				"east": {"uv": [0, 2, 2, 16], "texture": "#0"},
				"south": {"uv": [0, 2, 2, 16], "texture": "#0"},
				"west": {"uv": [0, 2, 2, 16], "texture": "#0"},
				"up": {"uv": [0, 0, 2, 2], "texture": "#0"},
				"down": {"uv": [0, 0, 2, 2], "texture": "#0"}
			}
		},
		{
			"from": [-0.2, 3.8, 6.5],
			"to": [4.2, 6.2, 10.9],
			"rotation": {"angle": 0, "axis": "y", "origin": [3, 0, 3.7]},
			"faces": {
				"north": {"uv": [4, 3.5, 6, 4.5], "texture": "#0"},
				"east": {"uv": [4, 3.5, 6, 4.5], "texture": "#0"},
				"south": {"uv": [6, 3.5, 8, 4.5], "texture": "#0"},
				"west": {"uv": [4, 4.5, 6, 5.5], "texture": "#0"}
			}
		},
		{
			"from": [-0.2, 12.8, 6.5],
			"to": [4.2, 21.2, 10.9],
			"rotation": {"angle": 0, "axis": "y", "origin": [3, 0, 3.7]},
			"faces": {
				"north": {"uv": [6.5, 8, 8.5, 12], "texture": "#0"},
				"east": {"uv": [7, 7.5, 9, 11.5], "texture": "#0"},
				"south": {"uv": [4, 9, 6, 13], "texture": "#0"},
				"west": {"uv": [5, 8.5, 7, 12.5], "texture": "#0"},
				"up": {"uv": [4, 5.5, 6, 7.5], "texture": "#0"}
			}
		}
	],
	"display": {
		"fixed": {
			"rotation": [-90, 0, 0],
			"translation": [0, 0, -30],
			"scale": [2, 2, 2]
		}
	}
}