{
	"textures": {
		"1": "item/decorations/ground_cover_rocks_cobblestone",
		"particle": "block/block_random/cobblestone_0"
	},
	"elements": [
		{
			"from": [4, 0, 4],
			"to": [12, 5, 10],
			"faces": {
				"north": {"uv": [3, 0, 7, 2.5], "texture": "#1"},
				"east": {"uv": [0, 0, 3, 2.5], "texture": "#1"},
				"south": {"uv": [3, 0, 7, 2.5], "texture": "#1"},
				"west": {"uv": [0, 0, 3, 2.5], "texture": "#1"},
				"up": {"uv": [0, 2.5, 4, 5.5], "texture": "#1"}
			}
		}
	],
	"display": {
		"thirdperson_righthand": {
			"rotation": [26, 45, 0],
			"translation": [0.5, 1.25, 0.25],
			"scale": [0.3, 0.3, 0.3]
		},
		"thirdperson_lefthand": {
			"rotation": [26, 45, 0],
			"translation": [0.5, 1.25, 0.25],
			"scale": [0.3, 0.3, 0.3]
		},
		"firstperson_righthand": {
			"rotation": [0, 36, 0],
			"translation": [5, 3.25, -1.25]
		},
		"firstperson_lefthand": {
			"rotation": [0, 36, 0],
			"translation": [5, 3.25, -1.25]
		},
		"ground": {
			"translation": [0, 1.75, 0],
			"scale": [0.3, 0.3, 0.3]
		},
		"gui": {
			"rotation": [30, 45, 0],
			"translation": [1.75, 4.5, 0]
		},
		"head": {
			"translation": [0, 14, 0]
		},
		"fixed": {
			"rotation": [-90, 0, 0],
			"translation": [0, 0, -15],
			"scale": [2, 2, 2]
		}
	}
}