{
	"textures": {
		"1": "item/decorations/ground_cover_rocks_cobblestone",
		"particle": "block/block_random/cobblestone_0"
	},
	"elements": [
		{
			"from": [-4, 0, 2],
			"to": [5, 7, 9],
			"rotation": {"angle": 45, "axis": "y", "origin": [5, 0, -1]},
			"faces": {
				"north": {"uv": [0, 5.5, 4.5, 9], "texture": "#1"},
				"east": {"uv": [4, 2.5, 7.5, 6], "texture": "#1"},
				"south": {"uv": [0, 5.5, 4.5, 9], "texture": "#1"},
				"west": {"uv": [4, 2.5, 7.5, 6], "texture": "#1"},
				"up": {"uv": [7, 0, 10.5, 4.5], "rotation": 90, "texture": "#1"}
			}
		},
		{
			"from": [9, -1, 10],
			"to": [15, 5, 16],
			"rotation": {"angle": 22.5, "axis": "x", "origin": [9, 6, 7]},
			"faces": {
				"north": {"uv": [10.5, 0, 13.5, 3], "texture": "#1"},
				"east": {"uv": [10.5, 0, 13.5, 3], "texture": "#1"},
				"south": {"uv": [10.5, 0, 13.5, 3], "texture": "#1"},
				"west": {"uv": [10.5, 0, 13.5, 3], "texture": "#1"},
				"up": {"uv": [7.5, 0, 10.5, 3], "texture": "#1"}
			}
		}
	],
	"display": {
		"thirdperson_righthand": {
			"rotation": [26, 45, 0],
			"translation": [0, 1.25, 0.75],
			"scale": [0.3, 0.3, 0.3]
		},
		"thirdperson_lefthand": {
			"rotation": [26, -48, 0],
			"translation": [0, 1.25, 0.75],
			"scale": [0.3, 0.3, 0.3]
		},
		"firstperson_righthand": {
			"rotation": [0, -125, 0],
			"translation": [5, 3.25, -1.25]
		},
		"firstperson_lefthand": {
			"rotation": [0, -72, 0],
			"translation": [5, 3.25, -1.25]
		},
		"ground": {
			"translation": [0, 1.75, 0],
			"scale": [0.3, 0.3, 0.3]
		},
		"gui": {
			"rotation": [30, 45, 0],
			"translation": [0, 2.75, 0],
			"scale": [0.7, 0.7, 0.7]
		},
		"head": {
			"rotation": [0, 77, 0],
			"translation": [0, 14, 0]
		},
		"fixed": {
			"rotation": [-90, 0, 0],
			"translation": [0, 0, -14],
			"scale": [2, 2, 2]
		}
	}
}