{
	"credit": "Made with Blockbench",
	"texture_size": [64, 64],
	"textures": {
		"0": "item/decorations/crates_and_barrels",
		"1": "item/decorations/table_cloth_parts",
		"particle": "item/decorations/crates_and_barrels"
	},
	"elements": [
		{
			"from": [0, 11, 1],
			"to": [15, 15, 31],
			"rotation": {"angle": 0, "axis": "y", "origin": [0, 11, 30]},
			"faces": {
				"north": {"uv": [12.125, 4.75, 14, 4.25], "texture": "#0"},
				"east": {"uv": [12.125, 4.75, 15.875, 4.25], "texture": "#0"},
				"south": {"uv": [12.125, 4.75, 14, 4.25], "texture": "#0"},
				"west": {"uv": [12.125, 4.75, 15.875, 4.25], "texture": "#0"},
				"down": {"uv": [2, 6, 0.125, 9.75], "texture": "#0"}
			}
		},
		{
			"from": [12, 0, 2],
			"to": [14, 11, 4],
			"rotation": {"angle": 0, "axis": "y", "origin": [0, 7, 30]},
			"faces": {
				"north": {"uv": [5.375, 3.375, 5.125, 2], "texture": "#0"},
				"east": {"uv": [5.125, 3.375, 5.375, 2], "texture": "#0"},
				"south": {"uv": [5.375, 3.375, 5.125, 2], "texture": "#0"},
				"west": {"uv": [5.125, 3.375, 5.375, 2], "texture": "#0"}
			}
		},
		{
			"from": [11, 8, 3],
			"to": [15, 10, 3],
			"rotation": {"angle": 0, "axis": "y", "origin": [0, 7, 30]},
			"faces": {
				"north": {"uv": [0.5, 6.125, 1, 6.375], "texture": "#0"},
				"south": {"uv": [0.5, 6.125, 1, 6.375], "texture": "#0"}
			}
		},
		{
			"from": [13, 8, 1],
			"to": [13, 10, 5],
			"rotation": {"angle": 0, "axis": "y", "origin": [1, 7, 30]},
			"faces": {
				"east": {"uv": [0.5, 6.125, 1, 6.375], "texture": "#0"},
				"west": {"uv": [0.5, 6.125, 1, 6.375], "texture": "#0"}
			}
		},
		{
			"from": [13, 6, 1],
			"to": [13, 7, 5],
			"rotation": {"angle": 0, "axis": "y", "origin": [0, 4, 30]},
			"faces": {
				"east": {"uv": [1.375, 6.875, 1.875, 7], "texture": "#0"},
				"west": {"uv": [1.375, 6.875, 1.875, 7], "texture": "#0"}
			}
		},
		{
			"from": [11, 6, 3],
			"to": [15, 7, 3],
			"rotation": {"angle": 0, "axis": "y", "origin": [0, 4, 30]},
			"faces": {
				"north": {"uv": [1.375, 6.875, 1.875, 7], "texture": "#0"},
				"south": {"uv": [1.375, 6.875, 1.875, 7], "texture": "#0"}
			}
		},
		{
			"from": [13, 6, 27],
			"to": [13, 7, 31],
			"rotation": {"angle": 0, "axis": "y", "origin": [0, 4, 56]},
			"faces": {
				"east": {"uv": [1.375, 6.875, 1.875, 7], "texture": "#0"},
				"west": {"uv": [1.375, 6.875, 1.875, 7], "texture": "#0"}
			}
		},
		{
			"from": [13, 8, 27],
			"to": [13, 10, 31],
			"rotation": {"angle": 0, "axis": "y", "origin": [1, 7, 56]},
			"faces": {
				"east": {"uv": [0.5, 6.125, 1, 6.375], "texture": "#0"},
				"west": {"uv": [0.5, 6.125, 1, 6.375], "texture": "#0"}
			}
		},
		{
			"from": [12, 0, 28],
			"to": [14, 11, 30],
			"rotation": {"angle": 0, "axis": "y", "origin": [0, 7, 56]},
			"faces": {
				"north": {"uv": [5.375, 3.375, 5.125, 2], "texture": "#0"},
				"east": {"uv": [5.125, 3.375, 5.375, 2], "texture": "#0"},
				"south": {"uv": [5.375, 3.375, 5.125, 2], "texture": "#0"},
				"west": {"uv": [5.125, 3.375, 5.375, 2], "texture": "#0"}
			}
		},
		{
			"from": [11, 8, 29],
			"to": [15, 10, 29],
			"rotation": {"angle": 0, "axis": "y", "origin": [0, 7, 56]},
			"faces": {
				"north": {"uv": [0.5, 6.125, 1, 6.375], "texture": "#0"},
				"south": {"uv": [0.5, 6.125, 1, 6.375], "texture": "#0"}
			}
		},
		{
			"from": [11, 6, 29],
			"to": [15, 7, 29],
			"rotation": {"angle": 0, "axis": "y", "origin": [0, 4, 56]},
			"faces": {
				"north": {"uv": [1.375, 6.875, 1.875, 7], "texture": "#0"},
				"south": {"uv": [1.375, 6.875, 1.875, 7], "texture": "#0"}
			}
		},
		{
			"from": [0, 15, 0],
			"to": [16, 16, 32],
			"rotation": {"angle": 0, "axis": "y", "origin": [0, 15, 30]},
			"faces": {
				"north": {"uv": [0, 9.75, 2, 9.875], "texture": "#0"},
				"east": {"uv": [0, 5.875, 0.125, 9.875], "rotation": 90, "texture": "#0"},
				"south": {"uv": [0, 5.875, 2, 6], "texture": "#0"},
				"west": {"uv": [0, 5.875, 0.125, 9.875], "rotation": 90, "texture": "#0"},
				"up": {"uv": [2, 5.875, 0, 9.875], "texture": "#0"},
				"down": {"uv": [2, 5.875, 0, 9.875], "texture": "#0"}
			}
		},
		{
			"from": [0, 16.025, 7],
			"to": [9, 16.025, 25],
			"rotation": {"angle": 0, "axis": "y", "origin": [0, 16.025, 3]},
			"faces": {
				"up": {"uv": [2.25, 0, 0, 4.5], "texture": "#1", "tintindex": 0}
			}
		}
	],
	"display": {
		"fixed": {
			"rotation": [-90, 0, 0],
			"translation": [0, 0, -16],
			"scale": [2, 2, 2]
		}
	}
}