{
	"credit": "Made with Blockbench",
	"texture_size": [64, 64],
	"textures": {
		"0": "item/decorations/wall_shelf_spruce",
		"particle": "item/decorations/wall_shelf_spruce"
	},
	"elements": [
		{
			"from": [-16, 12, 0],
			"to": [16, 16, 16],
			"faces": {
				"north": {"uv": [0, 10, 8, 11], "texture": "#0"},
				"east": {"uv": [8, 0, 9, 4], "rotation": 90, "texture": "#0"},
				"south": {"uv": [8, 10, 0, 11], "texture": "#0"},
				"west": {"uv": [8, 4, 9, 0], "rotation": 90, "texture": "#0"},
				"up": {"uv": [0, 11, 8, 7], "rotation": 180, "texture": "#0"},
				"down": {"uv": [8, 7, 0, 11], "texture": "#0"}
			}
		},
		{
			"from": [-14, 0, 2],
			"to": [-11, 14, 5],
			"faces": {
				"north": {"uv": [9.25, 0, 8.5, 3.5], "texture": "#0"},
				"east": {"uv": [8.5, 0, 9.25, 3.5], "texture": "#0"},
				"south": {"uv": [9.25, 0, 8.5, 3.5], "texture": "#0"},
				"west": {"uv": [8.5, 0, 9.25, 3.5], "texture": "#0"}
			}
		},
		{
			"from": [-14, 0, 11],
			"to": [-11, 14, 14],
			"faces": {
				"north": {"uv": [8.5, 0, 9.25, 3.5], "texture": "#0"},
				"east": {"uv": [9.25, 0, 8.5, 3.5], "texture": "#0"},
				"south": {"uv": [8.5, 0, 9.25, 3.5], "texture": "#0"},
				"west": {"uv": [9.25, 0, 8.5, 3.5], "texture": "#0"}
			}
		},
		{
			"from": [10, 0, 2],
			"to": [13, 14, 5],
			"faces": {
				"north": {"uv": [9.25, 0, 8.5, 3.5], "texture": "#0"},
				"east": {"uv": [8.5, 0, 9.25, 3.5], "texture": "#0"},
				"south": {"uv": [9.25, 0, 8.5, 3.5], "texture": "#0"},
				"west": {"uv": [8.5, 0, 9.25, 3.5], "texture": "#0"}
			}
		},
		{
			"from": [10, 0, 11],
			"to": [13, 14, 14],
			"faces": {
				"north": {"uv": [8.5, 0, 9.25, 3.5], "texture": "#0"},
				"east": {"uv": [9.25, 0, 8.5, 3.5], "texture": "#0"},
				"south": {"uv": [8.5, 0, 9.25, 3.5], "texture": "#0"},
				"west": {"uv": [9.25, 0, 8.5, 3.5], "texture": "#0"}
			}
		},
		{
			"from": [-15, 6, 1],
			"to": [14, 8, 15],
			"faces": {
				"north": {"uv": [0.25, 10.25, 7.5, 11], "texture": "#0"},
				"east": {"uv": [7.25, 7.25, 8, 10.75], "rotation": 90, "texture": "#0"},
				"south": {"uv": [7.5, 10.25, 0.25, 11], "texture": "#0"},
				"west": {"uv": [0, 10.75, 0.75, 7.25], "rotation": 90, "texture": "#0"},
				"up": {"uv": [0.25, 10.75, 7.5, 7.25], "rotation": 180, "texture": "#0"},
				"down": {"uv": [7.5, 7.25, 0.25, 10.75], "texture": "#0"}
			}
		}
	],
	"display": {
		"thirdperson_righthand": {
			"rotation": [58, 32, 0],
			"translation": [-0.75, 2.75, 2],
			"scale": [0.2, 0.2, 0.2]
		},
		"thirdperson_lefthand": {
			"rotation": [58, 32, 0],
			"translation": [-0.75, 2.75, 2],
			"scale": [0.2, 0.2, 0.2]
		},
		"firstperson_righthand": {
			"rotation": [0, 29, 0],
			"translation": [16.25, 9, -18]
		},
		"firstperson_lefthand": {
			"rotation": [0, 29, 0],
			"translation": [16.25, 9, -18]
		},
		"ground": {
			"translation": [0, 8.25, 0],
			"scale": [0.4, 0.4, 0.4]
		},
		"gui": {
			"rotation": [30, 135, 0],
			"translation": [-2.25, 0.75, 0],
			"scale": [0.4, 0.4, 0.4]
		},
		"head": {
			"translation": [0, 2, -3.5]
		},
		"fixed": {
			"rotation": [-90, 0, 0],
			"translation": [0, 0, -16],
			"scale": [2, 2, 2]
		}
	}
}