{
	"credit": "Made with Blockbench",
	"texture_size": [64, 64],
	"textures": {
		"0": "item/decorations/bulletinboard_a",
		"particle": "item/decorations/bulletinboard_a"
	},
	"elements": [
		{
			"from": [24, -16, 5],
			"to": [30, -13, 11],
			"color": 1,
			"faces": {
				"north": {"uv": [0, 0, 6, 3], "texture": "#missing"},
				"east": {"uv": [0, 0, 6, 3], "texture": "#missing"},
				"south": {"uv": [0, 0, 6, 3], "texture": "#missing"},
				"west": {"uv": [0, 0, 6, 3], "texture": "#missing"},
				"up": {"uv": [0, 0, 6, 6], "texture": "#missing"},
				"down": {"uv": [0, 0, 6, 6], "texture": "#missing"}
			}
		},
		{
			"from": [25, -13, 6],
			"to": [29, 27, 10],
			"color": 1,
			"faces": {
				"north": {"uv": [0, 0, 4, 16], "texture": "#missing"},
				"east": {"uv": [0, 0, 4, 16], "texture": "#missing"},
				"south": {"uv": [0, 0, 4, 16], "texture": "#missing"},
				"west": {"uv": [0, 0, 4, 16], "texture": "#missing"},
				"up": {"uv": [0, 0, 4, 4], "texture": "#missing"},
				"down": {"uv": [0, 0, 4, 4], "texture": "#missing"}
			}
		},
		{
			"from": [3.41205, 30.77996, 1],
			"to": [9.41205, 31.77996, 12],
			"rotation": {"angle": -22.5, "axis": "z", "origin": [7.75912, 12.81637, 0]},
			"color": 1,
			"faces": {
				"north": {"uv": [0, 0, 6, 1], "texture": "#missing"},
				"east": {"uv": [0, 0, 11, 1], "texture": "#missing"},
				"south": {"uv": [0, 0, 6, 1], "texture": "#missing"},
				"west": {"uv": [0, 0, 11, 1], "texture": "#missing"},
				"up": {"uv": [0, 0, 6, 11], "texture": "#missing"},
				"down": {"uv": [0, 0, 6, 11], "texture": "#missing"}
			}
		},
		{
			"from": [16.16059, 28.78002, 1],
			"to": [32, 29.78002, 12],
			"rotation": {"angle": 0, "axis": "y", "origin": [7.75912, 12.81637, 0]},
			"color": 1,
			"faces": {
				"north": {"uv": [0, 0, 15.83941, 1], "texture": "#missing"},
				"east": {"uv": [0, 0, 11, 1], "texture": "#missing"},
				"south": {"uv": [0, 0, 15.83941, 1], "texture": "#missing"},
				"west": {"uv": [0, 0, 11, 1], "texture": "#missing"},
				"up": {"uv": [0, 0, 15.83941, 11], "texture": "#missing"},
				"down": {"uv": [0, 0, 15.83941, 11], "texture": "#missing"}
			}
		},
		{
			"from": [16.16059, 26.78002, 2],
			"to": [31.16059, 28.78002, 11],
			"rotation": {"angle": 0, "axis": "y", "origin": [7.75912, 12.81637, 0]},
			"color": 1,
			"faces": {
				"north": {"uv": [0, 0, 15, 2], "texture": "#missing"},
				"east": {"uv": [0, 0, 9, 2], "texture": "#missing"},
				"south": {"uv": [0, 0, 15, 2], "texture": "#missing"},
				"west": {"uv": [0, 0, 9, 2], "texture": "#missing"},
				"up": {"uv": [0, 0, 15, 9], "texture": "#missing"},
				"down": {"uv": [0, 0, 15, 9], "texture": "#missing"}
			}
		},
		{
			"from": [3.77841, 28.9332, 2.001],
			"to": [10.17641, 30.9312, 10.999],
			"rotation": {"angle": -22.5, "axis": "z", "origin": [7.75912, 12.81637, 0]},
			"color": 1,
			"faces": {
				"north": {"uv": [0, 0, 6.4, 2], "texture": "#missing"},
				"east": {"uv": [0, 0, 9, 2], "texture": "#missing"},
				"south": {"uv": [0, 0, 6.4, 2], "texture": "#missing"},
				"west": {"uv": [0, 0, 9, 2], "texture": "#missing"},
				"up": {"uv": [0, 0, 6.4, 9], "texture": "#missing"},
				"down": {"uv": [0, 0, 6.4, 9], "texture": "#missing"}
			}
		},
		{
			"from": [5, 29, 2],
			"to": [11, 31, 11],
			"rotation": {"angle": 0, "axis": "y", "origin": [7.75912, 12.81637, 0]},
			"color": 1,
			"faces": {
				"north": {"uv": [0, 0, 6, 2], "texture": "#missing"},
				"east": {"uv": [0, 0, 9, 2], "texture": "#missing"},
				"south": {"uv": [0, 0, 6, 2], "texture": "#missing"},
				"west": {"uv": [0, 0, 9, 2], "texture": "#missing"},
				"up": {"uv": [0, 0, 6, 9], "texture": "#missing"},
				"down": {"uv": [0, 0, 6, 9], "texture": "#missing"}
			}
		},
		{
			"from": [5, 31, 1],
			"to": [11, 32, 12],
			"rotation": {"angle": 0, "axis": "y", "origin": [7.75912, 12.81637, 0]},
			"color": 1,
			"faces": {
				"north": {"uv": [0, 0, 6, 1], "texture": "#missing"},
				"east": {"uv": [0, 0, 11, 1], "texture": "#missing"},
				"south": {"uv": [0, 0, 6, 1], "texture": "#missing"},
				"west": {"uv": [0, 0, 11, 1], "texture": "#missing"},
				"up": {"uv": [0, 0, 6, 11], "texture": "#missing"},
				"down": {"uv": [0, 0, 6, 11], "texture": "#missing"}
			}
		},
		{
			"from": [6.55128, 30.5956, 1],
			"to": [12.55128, 31.5956, 12],
			"rotation": {"angle": 22.5, "axis": "z", "origin": [7.75912, 12.81637, 0]},
			"color": 1,
			"faces": {
				"north": {"uv": [0, 0, 6, 1], "texture": "#missing"},
				"east": {"uv": [0, 0, 11, 1], "texture": "#missing"},
				"south": {"uv": [0, 0, 6, 1], "texture": "#missing"},
				"west": {"uv": [0, 0, 11, 1], "texture": "#missing"},
				"up": {"uv": [0, 0, 6, 11], "texture": "#missing"},
				"down": {"uv": [0, 0, 6, 11], "texture": "#missing"}
			}
		},
		{
			"from": [5.78692, 28.74885, 2.001],
			"to": [12.18492, 30.74685, 10.999],
			"rotation": {"angle": 22.5, "axis": "z", "origin": [7.75912, 12.81637, 0]},
			"color": 1,
			"faces": {
				"north": {"uv": [0, 0, 6.4, 2], "texture": "#missing"},
				"east": {"uv": [0, 0, 9, 2], "texture": "#missing"},
				"south": {"uv": [0, 0, 6.4, 2], "texture": "#missing"},
				"west": {"uv": [0, 0, 9, 2], "texture": "#missing"},
				"up": {"uv": [0, 0, 6.4, 9], "texture": "#missing"},
				"down": {"uv": [0, 0, 6.4, 9], "texture": "#missing"}
			}
		},
		{
			"from": [-14.16059, 26.78002, 2],
			"to": [-0.16059, 28.78002, 11],
			"rotation": {"angle": 0, "axis": "y", "origin": [7.75912, 12.81637, 0]},
			"color": 1,
			"faces": {
				"north": {"uv": [0, 0, 14, 2], "texture": "#missing"},
				"east": {"uv": [0, 0, 9, 2], "texture": "#missing"},
				"south": {"uv": [0, 0, 14, 2], "texture": "#missing"},
				"west": {"uv": [0, 0, 9, 2], "texture": "#missing"},
				"up": {"uv": [0, 0, 14, 9], "texture": "#missing"},
				"down": {"uv": [0, 0, 14, 9], "texture": "#missing"}
			}
		},
		{
			"from": [-15.16059, 28.78002, 1],
			"to": [-0.16059, 29.78002, 12],
			"rotation": {"angle": 0, "axis": "y", "origin": [7.75912, 12.81637, 0]},
			"color": 1,
			"faces": {
				"north": {"uv": [0, 0, 15, 1], "texture": "#missing"},
				"east": {"uv": [0, 0, 11, 1], "texture": "#missing"},
				"south": {"uv": [0, 0, 15, 1], "texture": "#missing"},
				"west": {"uv": [0, 0, 11, 1], "texture": "#missing"},
				"up": {"uv": [0, 0, 15, 11], "texture": "#missing"},
				"down": {"uv": [0, 0, 15, 11], "texture": "#missing"}
			}
		},
		{
			"from": [-6, 26, 4],
			"to": [22, 29, 7],
			"rotation": {"angle": 0, "axis": "y", "origin": [7.75912, 12.81637, 0]},
			"color": 1,
			"faces": {
				"north": {"uv": [0, 0, 16, 3], "texture": "#missing"},
				"east": {"uv": [0, 0, 3, 3], "texture": "#missing"},
				"south": {"uv": [0, 0, 16, 3], "texture": "#missing"},
				"west": {"uv": [0, 0, 3, 3], "texture": "#missing"},
				"up": {"uv": [0, 0, 16, 3], "texture": "#missing"},
				"down": {"uv": [0, 0, 16, 3], "texture": "#missing"}
			}
		},
		{
			"from": [22, 3, 4],
			"to": [24, 29, 7],
			"rotation": {"angle": 0, "axis": "y", "origin": [7.75912, 12.81637, 0]},
			"color": 1,
			"faces": {
				"north": {"uv": [0, 0, 2, 16], "texture": "#missing"},
				"east": {"uv": [0, 0, 3, 16], "texture": "#missing"},
				"south": {"uv": [0, 0, 2, 16], "texture": "#missing"},
				"west": {"uv": [0, 0, 3, 16], "texture": "#missing"},
				"up": {"uv": [0, 0, 2, 3], "texture": "#missing"},
				"down": {"uv": [0, 0, 2, 3], "texture": "#missing"}
			}
		},
		{
			"from": [-6, 3, 4],
			"to": [22, 5, 7],
			"rotation": {"angle": 0, "axis": "y", "origin": [7.75912, 12.81637, 0]},
			"color": 1,
			"faces": {
				"north": {"uv": [0, 0, 16, 2], "texture": "#missing"},
				"east": {"uv": [0, 0, 3, 2], "texture": "#missing"},
				"south": {"uv": [0, 0, 16, 2], "texture": "#missing"},
				"west": {"uv": [0, 0, 3, 2], "texture": "#missing"},
				"up": {"uv": [0, 0, 16, 3], "texture": "#missing"},
				"down": {"uv": [0, 0, 16, 3], "texture": "#missing"}
			}
		},
		{
			"from": [-6, 5, 5],
			"to": [22, 26, 7],
			"rotation": {"angle": 0, "axis": "y", "origin": [7.75912, 12.81637, 0]},
			"faces": {
				"north": {"uv": [0, 0, 7, 5.25], "texture": "#0"},
				"south": {"uv": [0, 5.25, 7, 10.5], "texture": "#0"}
			}
		},
		{
			"from": [-8, 3, 4],
			"to": [-6, 29, 7],
			"rotation": {"angle": 0, "axis": "y", "origin": [7.75912, 12.81637, 0]},
			"color": 1,
			"faces": {
				"north": {"uv": [0, 0, 2, 16], "texture": "#missing"},
				"east": {"uv": [0, 0, 3, 16], "texture": "#missing"},
				"south": {"uv": [0, 0, 2, 16], "texture": "#missing"},
				"west": {"uv": [0, 0, 3, 16], "texture": "#missing"},
				"up": {"uv": [0, 0, 2, 3], "texture": "#missing"},
				"down": {"uv": [0, 0, 2, 3], "texture": "#missing"}
			}
		},
		{
			"from": [-9, 19, 7],
			"to": [25, 21, 9],
			"rotation": {"angle": 0, "axis": "y", "origin": [7.75912, 12.81637, 0]},
			"color": 1,
			"faces": {
				"north": {"uv": [0, 0, 16, 2], "texture": "#missing"},
				"east": {"uv": [0, 0, 2, 2], "texture": "#missing"},
				"south": {"uv": [0, 0, 16, 2], "texture": "#missing"},
				"west": {"uv": [0, 0, 2, 2], "texture": "#missing"},
				"up": {"uv": [0, 0, 16, 2], "texture": "#missing"},
				"down": {"uv": [0, 0, 16, 2], "texture": "#missing"}
			}
		},
		{
			"from": [-9, 9, 7],
			"to": [25, 11, 9],
			"rotation": {"angle": 0, "axis": "y", "origin": [7.75912, 12.81637, 0]},
			"color": 1,
			"faces": {
				"north": {"uv": [0, 0, 16, 2], "texture": "#missing"},
				"east": {"uv": [0, 0, 2, 2], "texture": "#missing"},
				"south": {"uv": [0, 0, 16, 2], "texture": "#missing"},
				"west": {"uv": [0, 0, 2, 2], "texture": "#missing"},
				"up": {"uv": [0, 0, 16, 2], "texture": "#missing"},
				"down": {"uv": [0, 0, 16, 2], "texture": "#missing"}
			}
		},
		{
			"from": [-14, -16, 5],
			"to": [-8, -13, 11],
			"color": 1,
			"faces": {
				"north": {"uv": [0, 0, 6, 3], "texture": "#missing"},
				"east": {"uv": [0, 0, 6, 3], "texture": "#missing"},
				"south": {"uv": [0, 0, 6, 3], "texture": "#missing"},
				"west": {"uv": [0, 0, 6, 3], "texture": "#missing"},
				"up": {"uv": [0, 0, 6, 6], "texture": "#missing"},
				"down": {"uv": [0, 0, 6, 6], "texture": "#missing"}
			}
		},
		{
			"from": [-13, -13, 6],
			"to": [-9, 27, 10],
			"color": 1,
			"faces": {
				"north": {"uv": [0, 0, 4, 16], "texture": "#missing"},
				"east": {"uv": [0, 0, 4, 16], "texture": "#missing"},
				"south": {"uv": [0, 0, 4, 16], "texture": "#missing"},
				"west": {"uv": [0, 0, 4, 16], "texture": "#missing"},
				"up": {"uv": [0, 0, 4, 4], "texture": "#missing"},
				"down": {"uv": [0, 0, 4, 4], "texture": "#missing"}
			}
		},
		{
			"from": [-16, -16, 0],
			"to": [-14, 16, 2],
			"color": 1,
			"faces": {
				"north": {"uv": [0, 0, 0.5, 8], "texture": "#missing"},
				"east": {"uv": [0, 0, 0.5, 8], "texture": "#missing"},
				"south": {"uv": [0, 0, 0.5, 8], "texture": "#missing"},
				"west": {"uv": [0, 0, 0.5, 8], "texture": "#missing"},
				"up": {"uv": [0, 0, 0.5, 0.5], "texture": "#missing"},
				"down": {"uv": [0, 0, 0.5, 0.5], "texture": "#missing"}
			}
		}
	],
	"groups": [
		0,
		1,
		{
			"name": "group",
			"origin": [0, 0, 0],
			"color": 0,
			"children": [2, 3, 4, 5, 6, 7, 8, 9, 10, 11, 12, 13, 14, 15, 16, 17, 18]
		},
		19,
		20,
		21
	]
}