{
	"credit": "Made with Blockbench",
	"textures": {
		"0": "item/decorations/coinpile",
		"particle": "item/decorations/coinpile"
	},
	"elements": [
		{
			"from": [5, 0, 7.75],
			"to": [8, 3, 10.75],
			"faces": {
				"north": {"uv": [3, 0, 6, 3], "texture": "#0"},
				"east": {"uv": [3, 0, 6, 3], "texture": "#0"},
				"south": {"uv": [3, 0, 6, 3], "texture": "#0"},
				"west": {"uv": [3, 0, 6, 3], "texture": "#0"},
				"up": {"uv": [3, 12, 6, 15], "texture": "#0"}
			}
		},
		{
			"from": [12, 0, 4.75],
			"to": [15, 1, 7.75],
			"rotation": {"angle": -22.5, "axis": "y", "origin": [0, 0, 0]},
			"faces": {
				"north": {"uv": [3, 0, 6, 1], "texture": "#0"},
				"east": {"uv": [3, 0, 6, 1], "texture": "#0"},
				"south": {"uv": [3, 0, 6, 1], "texture": "#0"},
				"west": {"uv": [3, 0, 6, 1], "texture": "#0"},
				"up": {"uv": [3, 12, 6, 15], "texture": "#0"}
			}
		},
		{
			"from": [7.6, -0.6, 1.05],
			"to": [10.6, 0.4, 4.05],
			"rotation": {"angle": -22.5, "axis": "x", "origin": [0, 0, -0.25]},
			"faces": {
				"north": {"uv": [9, 13, 6, 14], "rotation": 180, "texture": "#0"},
				"east": {"uv": [6, 13, 9, 14], "rotation": 180, "texture": "#0"},
				"south": {"uv": [6, 13, 9, 14], "rotation": 180, "texture": "#0"},
				"west": {"uv": [9, 13, 6, 14], "rotation": 180, "texture": "#0"},
				"up": {"uv": [6, 12, 9, 15], "rotation": 180, "texture": "#0"},
				"down": {"uv": [6, 12, 9, 15], "rotation": 270, "texture": "#0"}
			}
		},
		{
			"from": [4, 9.2, 5.95],
			"to": [7, 10.2, 8.95],
			"rotation": {"angle": 45, "axis": "x", "origin": [0, 0, -0.25]},
			"faces": {
				"north": {"uv": [3, 13, 0, 14], "texture": "#0"},
				"east": {"uv": [0, 13, 3, 14], "texture": "#0"},
				"south": {"uv": [0, 14, 3, 15], "texture": "#0"},
				"west": {"uv": [3, 14, 0, 15], "texture": "#0"},
				"up": {"uv": [0, 12, 3, 15], "texture": "#0"},
				"down": {"uv": [0, 12, 3, 15], "rotation": 180, "texture": "#0"}
			}
		},
		{
			"from": [6, 0, -2.25],
			"to": [9, 2, 0.75],
			"rotation": {"angle": -45, "axis": "y", "origin": [0, 0, -0.25]},
			"faces": {
				"north": {"uv": [3, 0, 6, 2], "texture": "#0"},
				"east": {"uv": [3, 0, 6, 2], "texture": "#0"},
				"south": {"uv": [3, 0, 6, 2], "texture": "#0"},
				"west": {"uv": [3, 0, 6, 2], "texture": "#0"},
				"up": {"uv": [3, 12, 6, 15], "texture": "#0"}
			}
		},
		{
			"from": [9.6, 0, -0.05],
			"to": [12.6, 1, 2.95],
			"rotation": {"angle": -22.5, "axis": "y", "origin": [0, 0, -0.25]},
			"faces": {
				"north": {"uv": [6, 0, 9, 1], "texture": "#0"},
				"east": {"uv": [6, 0, 9, 1], "texture": "#0"},
				"south": {"uv": [6, 0, 9, 1], "texture": "#0"},
				"west": {"uv": [6, 0, 9, 1], "texture": "#0"},
				"up": {"uv": [6, 12, 9, 15], "texture": "#0"}
			}
		},
		{
			"from": [-1.9, 0, 6.45],
			"to": [1.1, 1, 9.45],
			"rotation": {"angle": 22.5, "axis": "y", "origin": [0, 0, -0.25]},
			"faces": {
				"north": {"uv": [6, 0, 9, 1], "texture": "#0"},
				"east": {"uv": [6, 0, 9, 1], "texture": "#0"},
				"south": {"uv": [6, 0, 9, 1], "texture": "#0"},
				"west": {"uv": [6, 0, 9, 1], "rotation": 180, "texture": "#0"},
				"up": {"uv": [6, 12, 9, 15], "rotation": 90, "texture": "#0"}
			}
		}
	],
	"display": {
		"fixed": {
			"rotation": [-90, 0, 0],
			"translation": [0, 0, -16],
			"scale": [2, 2, 2]
		}
	}
}