{
	"credit": "Made with Blockbench",
	"textures": {
		"0": "item/expeditions/door_barrier_treasure",
		"particle": "item/expeditions/door_barrier_treasure"
	},
	"elements": [
		{
			"from": [-4, 0, 4.5],
			"to": [20, 32, 4.5],
			"faces": {
				"north": {"uv": [0, 0, 12, 16], "texture": "#0", "tintindex": 0},
				"south": {"uv": [0, 0, 12, 16], "texture": "#0", "tintindex": 0}
			}
		},
		{
			"from": [5.5, 13, 1.5],
			"to": [10.5, 17, 3.5],
			"faces": {
				"north": {"uv": [13.25, 1.25, 14.5, 2.25], "texture": "#0", "tintindex": 0},
				"east": {"uv": [13, 1.25, 13.5, 2.25], "texture": "#0", "tintindex": 0},
				"south": {"uv": [13.25, 1.25, 14.5, 2.25], "texture": "#0", "tintindex": 0},
				"west": {"uv": [14.25, 1.25, 14.75, 2.25], "texture": "#0", "tintindex": 0},
				"up": {"uv": [13.25, 1, 14.5, 1.5], "texture": "#0", "tintindex": 0},
				"down": {"uv": [13.25, 2, 14.5, 2.5], "texture": "#0", "tintindex": 0}
			}
		},
		{
			"from": [9, 17, 2],
			"to": [10, 19, 3],
			"faces": {
				"north": {"uv": [13, 0.25, 13.25, 0.75], "texture": "#0", "tintindex": 0},
				"east": {"uv": [13, 0.25, 13.25, 0.75], "texture": "#0", "tintindex": 0},
				"south": {"uv": [13, 0.25, 13.25, 0.75], "texture": "#0", "tintindex": 0},
				"west": {"uv": [13, 0.25, 13.25, 0.75], "texture": "#0", "tintindex": 0}
			}
		},
		{
			"from": [6, 17, 2],
			"to": [7, 19, 3],
			"faces": {
				"north": {"uv": [13.75, 0.25, 14, 0.75], "texture": "#0", "tintindex": 0},
				"east": {"uv": [13.75, 0.25, 14, 0.75], "texture": "#0", "tintindex": 0},
				"south": {"uv": [13.75, 0.25, 14, 0.75], "texture": "#0", "tintindex": 0},
				"west": {"uv": [13.75, 0.25, 14, 0.75], "texture": "#0", "tintindex": 0}
			}
		},
		{
			"from": [6, 19, 2],
			"to": [10, 20, 3],
			"faces": {
				"north": {"uv": [13, 0, 14, 0.25], "texture": "#0", "tintindex": 0},
				"east": {"uv": [13, 0, 13.25, 0.25], "texture": "#0", "tintindex": 0},
				"south": {"uv": [13, 0, 14, 0.25], "texture": "#0", "tintindex": 0},
				"west": {"uv": [13.75, 0, 14, 0.25], "texture": "#0", "tintindex": 0},
				"up": {"uv": [13, 0, 14, 0.25], "texture": "#0", "tintindex": 0},
				"down": {"uv": [13, 0, 14, 0.25], "texture": "#0", "tintindex": 0}
			}
		}
	],
	"display": {
		"fixed": {
			"rotation": [-90, 0, 0],
			"translation": [0, 0, -16],
			"scale": [2, 2, 2]
		}
	}
}