{
	"credit": "Made with Blockbench",
	"texture_size": [32, 32],
	"textures": {
		"2": "item/decorations/log_stack",
		"particle": "custom/decorations/log_stack"
	},
	"elements": [
		{
			"from": [0, 0, 1],
			"to": [6, 6, 15],
			"rotation": {"angle": 0, "axis": "y", "origin": [0, 0, 1]},
			"faces": {
				"north": {"uv": [3, 0, 0, 3], "texture": "#2"},
				"east": {"uv": [13, 6.5, 6, 3.5], "rotation": 180, "texture": "#2"},
				"south": {"uv": [0, 0, 3, 3], "texture": "#2"},
				"west": {"uv": [7, 0, 14, 3], "rotation": 180, "texture": "#2"},
				"up": {"uv": [7, 0, 14, 3], "rotation": 90, "texture": "#2"},
				"down": {"uv": [13, 6.5, 6, 3.5], "rotation": 90, "texture": "#2"}
			}
		},
		{
			"from": [-0.99301, 6, 8.01394],
			"to": [15.00699, 12, 14.01394],
			"rotation": {"angle": 22.5, "axis": "y", "origin": [2.99652, 8.993, 8.01046]},
			"faces": {
				"north": {"uv": [6, 0.5, 14, 3.5], "rotation": 180, "texture": "#2"},
				"east": {"uv": [3, 0, 0, 3], "texture": "#2"},
				"south": {"uv": [14, 6.5, 6, 3.5], "rotation": 180, "texture": "#2"},
				"west": {"uv": [0, 0, 3, 3], "texture": "#2"},
				"up": {"uv": [6, 0.5, 14, 3.5], "rotation": 180, "texture": "#2"},
				"down": {"uv": [14, 6.5, 6, 3.5], "texture": "#2"}
			}
		},
		{
			"from": [8.21394, 0.01401, 1],
			"to": [14.21394, 6.01401, 16],
			"rotation": {"angle": 22.5, "axis": "y", "origin": [10.20697, 3.00701, 6.98603]},
			"faces": {
				"north": {"uv": [3, 0, 0, 3], "rotation": 180, "texture": "#2"},
				"east": {"uv": [6.5, 0.5, 14, 3.5], "rotation": 180, "texture": "#2"},
				"south": {"uv": [0, 0, 3, 3], "rotation": 180, "texture": "#2"},
				"west": {"uv": [13.5, 6.5, 6, 3.5], "texture": "#2"},
				"up": {"uv": [13.5, 6.5, 6, 3.5], "rotation": 270, "texture": "#2"},
				"down": {"uv": [6.5, 0.5, 14, 3.5], "rotation": 90, "texture": "#2"}
			}
		}
	],
	"display": {
		"thirdperson_righthand": {
			"rotation": [20, 0, 0],
			"translation": [0, 1.75, 1.5],
			"scale": [0.4, 0.4, 0.4]
		},
		"thirdperson_lefthand": {
			"rotation": [20, 0, 0]
		},
		"firstperson_righthand": {
			"rotation": [0, -11, 0],
			"translation": [11.5, 0, -9.75]
		},
		"ground": {
			"translation": [0, 3, 0],
			"scale": [0.5, 0.5, 0.5]
		},
		"fixed": {
			"rotation": [-90, 0, 0],
			"translation": [0, 0, -16],
			"scale": [2, 2, 2]
		}
	}
}