{
	"credit": "Made with Blockbench",
	"texture_size": [32, 32],
	"textures": {
		"2": "item/decorations/log_stack",
		"particle": "custom/decorations/log_stack"
	},
	"elements": [
		{
			"from": [1, 0, 0],
			"to": [7, 6, 15],
			"rotation": {"angle": 0, "axis": "y", "origin": [1, 0, 1]},
			"faces": {
				"north": {"uv": [6, 3, 3, 6], "texture": "#2"},
				"east": {"uv": [14, 3, 6.5, 0], "rotation": 180, "texture": "#2"},
				"south": {"uv": [3, 3, 6, 6], "texture": "#2"},
				"west": {"uv": [6.5, 3.5, 14, 6.5], "rotation": 180, "texture": "#2"},
				"up": {"uv": [6.5, 3.5, 14, 6.5], "rotation": 90, "texture": "#2"},
				"down": {"uv": [14, 3, 6.5, 0], "rotation": 90, "texture": "#2"}
			}
		},
		{
			"from": [4, 6, -2.00001],
			"to": [10, 12, 13.99999],
			"rotation": {"angle": -22.5, "axis": "y", "origin": [3.99652, 8.993, 10.01046]},
			"faces": {
				"north": {"uv": [3, 0, 0, 3], "texture": "#2"},
				"east": {"uv": [14, 6.5, 6, 3.5], "rotation": 180, "texture": "#2"},
				"south": {"uv": [0, 0, 3, 3], "texture": "#2"},
				"west": {"uv": [6, 0.5, 14, 3.5], "rotation": 180, "texture": "#2"},
				"up": {"uv": [6, 0.5, 14, 3.5], "rotation": 90, "texture": "#2"},
				"down": {"uv": [14, 6.5, 6, 3.5], "rotation": 90, "texture": "#2"}
			}
		},
		{
			"from": [9.21394, 0.01401, 2],
			"to": [15.21394, 6.01401, 16],
			"rotation": {"angle": 0, "axis": "y", "origin": [11.20697, 3.00701, 6.98603]},
			"faces": {
				"north": {"uv": [3, 3, 0, 6], "rotation": 180, "texture": "#2"},
				"east": {"uv": [6, 0.5, 13.5, 3.5], "rotation": 180, "texture": "#2"},
				"south": {"uv": [0, 3, 3, 6], "rotation": 180, "texture": "#2"},
				"west": {"uv": [14, 6.5, 6.5, 3.5], "texture": "#2"},
				"up": {"uv": [13.5, 3.5, 6, 0.5], "rotation": 270, "texture": "#2"},
				"down": {"uv": [6.5, 3.5, 14, 6.5], "rotation": 90, "texture": "#2"}
			}
		}
	],
	"display": {
		"thirdperson_righthand": {
			"rotation": [20, 0, 0],
			"translation": [0, 1.75, 1.5],
			"scale": [0.4, 0.4, 0.4]
		},
		"thirdperson_lefthand": {
			"rotation": [20, 0, 0]
		},
		"firstperson_righthand": {
			"rotation": [0, -11, 0],
			"translation": [11.5, 0, -9.75]
		},
		"ground": {
			"translation": [0, 3, 0],
			"scale": [0.5, 0.5, 0.5]
		},
		"fixed": {
			"rotation": [-90, 0, 0],
			"translation": [0, 0, -16],
			"scale": [2, 2, 2]
		}
	}
}