{
	"parent": "decorations/jar_a_1",
	"texture_size": [32, 32],
	"textures": {
		"0": "item/decorations/jar_small",
		"particle": "item/decorations/jar_small"
	},
	"elements": [
		{
			"from": [2, 2, 2],
			"to": [14, 10, 14],
			"faces": {
				"north": {"uv": [0, 0, 6, 4], "texture": "#0", "tintindex": 0},
				"east": {"uv": [6, 0, 12, 4], "texture": "#0", "tintindex": 0},
				"south": {"uv": [0, 0, 6, 4], "texture": "#0", "tintindex": 0},
				"west": {"uv": [6, 0, 12, 4], "texture": "#0", "tintindex": 0},
				"up": {"uv": [0, 6, 6, 12], "texture": "#0", "tintindex": 0},
				"down": {"uv": [2, 4.5, 3, 5.5], "texture": "#0", "tintindex": 0}
			}
		},
		{
			"from": [-1, 3, 7],
			"to": [1, 9, 9],
			"faces": {
				"north": {"uv": [0, 0, 1, 3], "texture": "#0", "tintindex": 0},
				"east": {"uv": [0, 0, 1, 3], "texture": "#0", "tintindex": 0},
				"south": {"uv": [0, 0, 1, 3], "texture": "#0", "tintindex": 0},
				"west": {"uv": [0, 0, 1, 3], "texture": "#0", "tintindex": 0},
				"up": {"uv": [0, 0, 1, 1], "texture": "#0", "tintindex": 0},
				"down": {"uv": [0, 0, 1, 1], "texture": "#0", "tintindex": 0}
			}
		},
		{
			"from": [1, 8, 7],
			"to": [2, 9, 9],
			"faces": {
				"north": {"uv": [0, 0, 0.5, 0.5], "texture": "#0", "tintindex": 0},
				"south": {"uv": [0, 0, 0.5, 0.5], "texture": "#0", "tintindex": 0},
				"up": {"uv": [0, 0, 0.5, 1], "texture": "#0", "tintindex": 0},
				"down": {"uv": [0, 0, 0.5, 1], "texture": "#0", "tintindex": 0}
			}
		},
		{
			"from": [1, 3, 7],
			"to": [2, 4, 9],
			"faces": {
				"north": {"uv": [0, 0, 0.5, 0.5], "texture": "#0", "tintindex": 0},
				"south": {"uv": [0, 0, 0.5, 0.5], "texture": "#0", "tintindex": 0},
				"up": {"uv": [0, 0, 0.5, 1], "texture": "#0", "tintindex": 0},
				"down": {"uv": [0, 0, 0.5, 1], "texture": "#0", "tintindex": 0}
			}
		},
		{
			"from": [14, 8, 7],
			"to": [15, 9, 9],
			"faces": {
				"north": {"uv": [0, 0, 0.5, 0.5], "texture": "#0", "tintindex": 0},
				"south": {"uv": [0, 0, 0.5, 0.5], "texture": "#0", "tintindex": 0},
				"up": {"uv": [0, 0, 0.5, 1], "texture": "#0", "tintindex": 0},
				"down": {"uv": [0, 0, 0.5, 1], "texture": "#0", "tintindex": 0}
			}
		},
		{
			"from": [14, 3, 7],
			"to": [15, 4, 9],
			"faces": {
				"north": {"uv": [0, 0, 0.5, 0.5], "texture": "#0", "tintindex": 0},
				"south": {"uv": [0, 0, 0.5, 0.5], "texture": "#0", "tintindex": 0},
				"up": {"uv": [0, 0, 0.5, 1], "texture": "#0", "tintindex": 0},
				"down": {"uv": [0, 0, 0.5, 1], "texture": "#0", "tintindex": 0}
			}
		},
		{
			"from": [15, 3, 7],
			"to": [17, 9, 9],
			"faces": {
				"north": {"uv": [0, 0, 1, 3], "texture": "#0", "tintindex": 0},
				"east": {"uv": [0, 0, 1, 3], "texture": "#0", "tintindex": 0},
				"south": {"uv": [0, 0, 1, 3], "texture": "#0", "tintindex": 0},
				"west": {"uv": [0, 0, 1, 3], "texture": "#0", "tintindex": 0},
				"up": {"uv": [0, 0, 1, 1], "texture": "#0", "tintindex": 0},
				"down": {"uv": [0, 0, 1, 1], "texture": "#0", "tintindex": 0}
			}
		},
		{
			"from": [3, 0, 3],
			"to": [13, 2, 13],
			"faces": {
				"north": {"uv": [0, 12, 5, 13], "texture": "#0", "tintindex": 0},
				"east": {"uv": [0, 12, 5, 13], "texture": "#0", "tintindex": 0},
				"south": {"uv": [0, 12, 5, 13], "texture": "#0", "tintindex": 0},
				"west": {"uv": [0, 12, 5, 13], "texture": "#0", "tintindex": 0},
				"down": {"uv": [5, 5, 6, 6], "texture": "#0", "tintindex": 0}
			}
		},
		{
			"from": [4, 10, 4],
			"to": [12, 11, 12],
			"faces": {
				"north": {"uv": [1, 4.5, 5, 5], "texture": "#0", "tintindex": 0},
				"east": {"uv": [1, 4.5, 5, 5], "texture": "#0", "tintindex": 0},
				"south": {"uv": [1, 4.5, 5, 5], "texture": "#0", "tintindex": 0},
				"west": {"uv": [1, 4.5, 5, 5], "texture": "#0", "tintindex": 0}
			}
		},
		{
			"from": [3, 11, 3],
			"to": [13, 13, 13],
			"faces": {
				"north": {"uv": [6, 11, 11, 12], "texture": "#0", "tintindex": 0},
				"east": {"uv": [6, 11, 11, 12], "texture": "#0", "tintindex": 0},
				"south": {"uv": [6, 11, 11, 12], "texture": "#0", "tintindex": 0},
				"west": {"uv": [6, 11, 11, 12], "texture": "#0", "tintindex": 0},
				"up": {"uv": [6, 6, 11, 11], "texture": "#0", "tintindex": 0},
				"down": {"uv": [6, 6, 11, 11], "texture": "#0", "tintindex": 0}
			}
		}
	]
}