{
	"credit": "Made with Blockbench",
	"texture_size": [32, 32],
	"textures": {
		"0": "item/decorations/jar_small",
		"particle": "item/decorations/jar_small"
	},
	"elements": [
		{
			"from": [2, 2, 2],
			"to": [14, 14, 14],
			"faces": {
				"north": {"uv": [0, 0, 6, 6], "texture": "#0", "tintindex": 0},
				"east": {"uv": [6, 0, 12, 6], "texture": "#0", "tintindex": 0},
				"south": {"uv": [0, 0, 6, 6], "texture": "#0", "tintindex": 0},
				"west": {"uv": [6, 0, 12, 6], "texture": "#0", "tintindex": 0},
				"up": {"uv": [0, 6, 6, 12], "texture": "#0", "tintindex": 0},
				"down": {"uv": [2, 4.5, 3, 5.5], "texture": "#0", "tintindex": 0}
			}
		},
		{
			"from": [-1, 5, 7],
			"to": [1, 13, 9],
			"faces": {
				"north": {"uv": [0, 0, 1, 4], "texture": "#0", "tintindex": 0},
				"east": {"uv": [0, 0, 1, 4], "texture": "#0", "tintindex": 0},
				"south": {"uv": [0, 0, 1, 4], "texture": "#0", "tintindex": 0},
				"west": {"uv": [0, 0, 1, 4], "texture": "#0", "tintindex": 0},
				"up": {"uv": [0, 0, 1, 1], "texture": "#0", "tintindex": 0},
				"down": {"uv": [0, 0, 1, 1], "texture": "#0", "tintindex": 0}
			}
		},
		{
			"from": [1, 12, 7],
			"to": [2, 13, 9],
			"faces": {
				"north": {"uv": [0, 0, 0.5, 0.5], "texture": "#0", "tintindex": 0},
				"south": {"uv": [0, 0, 0.5, 0.5], "texture": "#0", "tintindex": 0},
				"up": {"uv": [0, 0, 0.5, 1], "texture": "#0", "tintindex": 0},
				"down": {"uv": [0, 0, 0.5, 1], "texture": "#0", "tintindex": 0}
			}
		},
		{
			"from": [1, 5, 7],
			"to": [2, 6, 9],
			"faces": {
				"north": {"uv": [0, 0, 0.5, 0.5], "texture": "#0", "tintindex": 0},
				"south": {"uv": [0, 0, 0.5, 0.5], "texture": "#0", "tintindex": 0},
				"up": {"uv": [0, 0, 0.5, 1], "texture": "#0", "tintindex": 0},
				"down": {"uv": [0, 0, 0.5, 1], "texture": "#0", "tintindex": 0}
			}
		},
		{
			"from": [14, 12, 7],
			"to": [15, 13, 9],
			"faces": {
				"north": {"uv": [0, 0, 0.5, 0.5], "texture": "#0", "tintindex": 0},
				"south": {"uv": [0, 0, 0.5, 0.5], "texture": "#0", "tintindex": 0},
				"up": {"uv": [0, 0, 0.5, 1], "texture": "#0", "tintindex": 0},
				"down": {"uv": [0, 0, 0.5, 1], "texture": "#0", "tintindex": 0}
			}
		},
		{
			"from": [14, 5, 7],
			"to": [15, 6, 9],
			"faces": {
				"north": {"uv": [0, 0, 0.5, 0.5], "texture": "#0", "tintindex": 0},
				"south": {"uv": [0, 0, 0.5, 0.5], "texture": "#0", "tintindex": 0},
				"up": {"uv": [0, 0, 0.5, 1], "texture": "#0", "tintindex": 0},
				"down": {"uv": [0, 0, 0.5, 1], "texture": "#0", "tintindex": 0}
			}
		},
		{
			"from": [15, 5, 7],
			"to": [17, 13, 9],
			"faces": {
				"north": {"uv": [0, 0, 1, 4], "texture": "#0", "tintindex": 0},
				"east": {"uv": [0, 0, 1, 4], "texture": "#0", "tintindex": 0},
				"south": {"uv": [0, 0, 1, 4], "texture": "#0", "tintindex": 0},
				"west": {"uv": [0, 0, 1, 4], "texture": "#0", "tintindex": 0},
				"up": {"uv": [0, 0, 1, 1], "texture": "#0", "tintindex": 0},
				"down": {"uv": [0, 0, 1, 1], "texture": "#0", "tintindex": 0}
			}
		},
		{
			"from": [3, 0, 3],
			"to": [13, 2, 13],
			"faces": {
				"north": {"uv": [0, 12, 5, 13], "texture": "#0", "tintindex": 0},
				"east": {"uv": [0, 12, 5, 13], "texture": "#0", "tintindex": 0},
				"south": {"uv": [0, 12, 5, 13], "texture": "#0", "tintindex": 0},
				"west": {"uv": [0, 12, 5, 13], "texture": "#0", "tintindex": 0},
				"down": {"uv": [5, 5, 6, 6], "texture": "#0", "tintindex": 0}
			}
		},
		{
			"from": [4, 14, 4],
			"to": [12, 15, 12],
			"faces": {
				"north": {"uv": [1, 4.5, 5, 5], "texture": "#0", "tintindex": 0},
				"east": {"uv": [1, 4.5, 5, 5], "texture": "#0", "tintindex": 0},
				"south": {"uv": [1, 4.5, 5, 5], "texture": "#0", "tintindex": 0},
				"west": {"uv": [1, 4.5, 5, 5], "texture": "#0", "tintindex": 0}
			}
		},
		{
			"from": [3, 15, 3],
			"to": [13, 17, 13],
			"faces": {
				"north": {"uv": [6, 11, 11, 12], "texture": "#0", "tintindex": 0},
				"east": {"uv": [6, 11, 11, 12], "texture": "#0", "tintindex": 0},
				"south": {"uv": [6, 11, 11, 12], "texture": "#0", "tintindex": 0},
				"west": {"uv": [6, 11, 11, 12], "texture": "#0", "tintindex": 0},
				"up": {"uv": [6, 6, 11, 11], "texture": "#0", "tintindex": 0},
				"down": {"uv": [6, 6, 11, 11], "texture": "#0", "tintindex": 0}
			}
		},
		{
			"from": [4, 17, 4],
			"to": [12, 18, 12],
			"faces": {
				"north": {"uv": [12, 4, 16, 4.5], "texture": "#0"},
				"east": {"uv": [12, 4, 16, 4.5], "texture": "#0"},
				"south": {"uv": [12, 4, 16, 4.5], "texture": "#0"},
				"west": {"uv": [12, 4, 16, 4.5], "texture": "#0"},
				"up": {"uv": [12, 0, 16, 4], "texture": "#0"}
			}
		},
		{
			"from": [7, 18, 7],
			"to": [9, 19, 9],
			"faces": {
				"north": {"uv": [13.5, 3, 14.5, 3.5], "texture": "#0"},
				"east": {"uv": [13.5, 3, 14.5, 3.5], "texture": "#0"},
				"south": {"uv": [13.5, 3, 14.5, 3.5], "texture": "#0"},
				"west": {"uv": [13.5, 3, 14.5, 3.5], "texture": "#0"},
				"up": {"uv": [13.5, 0, 14.5, 1], "texture": "#0"}
			}
		}
	],
	"display": {
		"thirdperson_righthand": {
			"scale": [0.49, 0.49, 0.49]
		},
		"firstperson_righthand": {
			"scale": [0.5, 0.5, 0.5]
		},
		"ground": {
			"scale": [0.4, 0.4, 0.4]
		},
		"fixed": {
			"rotation": [-90, 0, 0],
			"translation": [0, 0, -16.25],
			"scale": [2, 2, 2]
		}
	}
}