{
	"credit": "Made with Blockbench",
	"texture_size": [128, 128],
	"textures": {
		"0": "item/decorations/safe_large"
	},
	"elements": [
		{
			"from": [6, 7, -9],
			"to": [18, 19, -9],
			"rotation": {"angle": 22.5, "axis": "y", "origin": [-4, -2, -6]},
			"faces": {
				"north": {"uv": [8, 0, 9.5, 1.5], "texture": "#0"}
			}
		},
		{
			"from": [8, 9, -16],
			"to": [16, 17, -14],
			"rotation": {"angle": 22.5, "axis": "y", "origin": [12, 13, -8]},
			"faces": {
				"north": {"uv": [7, 0, 8, 1], "texture": "#0"},
				"east": {"uv": [7.25, 0, 7, 1], "texture": "#0"},
				"west": {"uv": [8, 0, 7.75, 1], "texture": "#0"},
				"up": {"uv": [8, 0, 7, 0.25], "texture": "#0"},
				"down": {"uv": [8, 0.75, 7, 1], "texture": "#0"}
			}
		},
		{
			"from": [0, 10, -9],
			"to": [4, 14, -8],
			"rotation": {"angle": 22.5, "axis": "y", "origin": [-4, -2, -6]},
			"faces": {
				"north": {"uv": [7, 1.625, 7.5, 2.125], "texture": "#0"},
				"east": {"uv": [7, 1.625, 7.125, 2.125], "texture": "#0"},
				"west": {"uv": [7, 1.625, 7.125, 2.125], "texture": "#0"},
				"up": {"uv": [7, 1.625, 7.5, 1.75], "texture": "#0"},
				"down": {"uv": [7, 1.625, 7.5, 1.75], "texture": "#0"}
			}
		},
		{
			"from": [0, 3, -10],
			"to": [5, 8, -8],
			"rotation": {"angle": 22.5, "axis": "y", "origin": [-4, -2, -6]},
			"faces": {
				"north": {"uv": [7, 1, 7.625, 1.625], "texture": "#0"},
				"east": {"uv": [7, 1, 7.25, 1.625], "texture": "#0"},
				"west": {"uv": [7, 1, 7.25, 1.625], "texture": "#0"},
				"up": {"uv": [7, 1, 7.625, 1.25], "texture": "#0"},
				"down": {"uv": [7, 1, 7.625, 1.25], "texture": "#0"}
			}
		},
		{
			"from": [-4, -2, -8],
			"to": [20, 30, -6],
			"rotation": {"angle": 22.5, "axis": "y", "origin": [-4, -2, -6]},
			"faces": {
				"north": {"uv": [3.75, 4.75, 6.75, 8.75], "texture": "#0"},
				"east": {"uv": [3.5, 4.75, 3.75, 8.75], "texture": "#0"},
				"south": {"uv": [0.25, 0.25, 3.25, 4.25], "texture": "#0"},
				"west": {"uv": [3.75, 4.75, 3.5, 8.75], "texture": "#0"},
				"up": {"uv": [3.75, 4.75, 6.75, 4.5], "texture": "#0"},
				"down": {"uv": [3.75, 4.5, 6.75, 4.75], "texture": "#0"}
			}
		},
		{
			"from": [-4, 12, 2],
			"to": [20, 14, 18],
			"faces": {
				"north": {"uv": [3.75, 4.625, 6.75, 4.375], "texture": "#0"},
				"up": {"uv": [0.25, 4.625, 3.25, 2.625], "texture": "#0"},
				"down": {"uv": [0.25, 4.375, 3.25, 2.375], "texture": "#0"}
			}
		},
		{
			"from": [-5, 23, -8],
			"to": [-3, 28, -6],
			"rotation": {"angle": -45, "axis": "y", "origin": [-5, -2, -7]},
			"faces": {
				"north": {"uv": [8, 1, 7.75, 1.625], "texture": "#0"},
				"south": {"uv": [7.75, 1, 8, 1.625], "texture": "#0"},
				"west": {"uv": [7.625, 1, 7.875, 1.625], "texture": "#0"},
				"up": {"uv": [7.625, 1, 7.875, 1.25], "rotation": 90, "texture": "#0"},
				"down": {"uv": [7.75, 1.375, 8, 1.625], "texture": "#0"}
			}
		},
		{
			"from": [-5, 0, -8],
			"to": [-3, 5, -6],
			"rotation": {"angle": -45, "axis": "y", "origin": [-5, -2, -7]},
			"faces": {
				"north": {"uv": [8, 1, 7.75, 1.625], "texture": "#0"},
				"south": {"uv": [7.75, 1, 8, 1.625], "texture": "#0"},
				"west": {"uv": [7.625, 1, 7.875, 1.625], "texture": "#0"},
				"up": {"uv": [7.625, 1, 7.875, 1.25], "rotation": 90, "texture": "#0"},
				"down": {"uv": [7.75, 1.375, 8, 1.625], "texture": "#0"}
			}
		},
		{
			"from": [20.01, 30.01, 18.01],
			"to": [-4.01, -2.01, -6.01],
			"faces": {
				"north": {"uv": [0, 0, 3.5, 4.5], "texture": "#0"},
				"east": {"uv": [0, 0, 3.5, 4.5], "texture": "#0"},
				"west": {"uv": [0, 0, 3.5, 4.5], "texture": "#0"},
				"up": {"uv": [0, 4.5, 3.5, 8], "texture": "#0"},
				"down": {"uv": [0, 4.5, 3.5, 8], "texture": "#0"}
			}
		},
		{
			"from": [-6, -4, -6],
			"to": [22, 32, 22],
			"faces": {
				"north": {"uv": [3.5, 0, 7, 4.5], "texture": "#0"},
				"east": {"uv": [0, 0, 3.5, 4.5], "texture": "#0"},
				"south": {"uv": [0, 0, 3.5, 4.5], "texture": "#0"},
				"west": {"uv": [0, 0, 3.5, 4.5], "texture": "#0"},
				"up": {"uv": [0, 4.5, 3.5, 8], "texture": "#0"},
				"down": {"uv": [0, 4.5, 3.5, 8], "texture": "#0"}
			}
		}
	],
	"display": {
		"fixed": {
			"rotation": [-90, 0, 0],
			"translation": [-16, 20, -24],
			"scale": [2, 2, 2]
		}
	}
}