{
	"credit": "Made with Blockbench",
	"texture_size": [32, 32],
	"textures": {
		"0": "item/decorations/scrolls_a",
		"particle": "item/decorations/scrolls_a"
	},
	"elements": [
		{
			"from": [3.5, 0.101, 0.5],
			"to": [6.5, 3.101, 1.5],
			"rotation": {"angle": 0, "axis": "y", "origin": [1.5, 0.101, 0]},
			"faces": {
				"north": {"uv": [13, 0, 14.5, 1.5], "texture": "#0"},
				"east": {"uv": [14.5, 0, 15, 1.5], "texture": "#0"},
				"south": {"uv": [13, 0, 14.5, 1.5], "texture": "#0"},
				"west": {"uv": [14.5, 0, 15, 1.5], "texture": "#0"},
				"up": {"uv": [13, 1.5, 14.5, 2], "texture": "#0"},
				"down": {"uv": [13, 1.5, 14.5, 2], "texture": "#0"}
			}
		},
		{
			"from": [3.4, 0.001, 7.4],
			"to": [6.6, 3.201, 9.6],
			"rotation": {"angle": 0, "axis": "y", "origin": [1.5, 0.101, 0]},
			"faces": {
				"north": {"uv": [13, 2, 14.5, 3.5], "texture": "#0", "tintindex": 0},
				"east": {"uv": [14.5, 2, 15.5, 3.5], "texture": "#0", "tintindex": 0},
				"south": {"uv": [13, 2, 14.5, 3.5], "texture": "#0", "tintindex": 0},
				"west": {"uv": [14.5, 2, 15.5, 3.5], "texture": "#0", "tintindex": 0},
				"up": {"uv": [14.5, 2, 15.5, 3.5], "rotation": 90, "texture": "#0", "tintindex": 0},
				"down": {"uv": [14.5, 2, 15.5, 3.5], "rotation": 90, "texture": "#0", "tintindex": 0}
			}
		},
		{
			"from": [3.5, 0.101, 2],
			"to": [6.5, 3.101, 15],
			"rotation": {"angle": 0, "axis": "y", "origin": [1.5, 0.101, 0]},
			"faces": {
				"east": {"uv": [10.5, 0, 12, 6.5], "rotation": 90, "texture": "#0"},
				"west": {"uv": [10.5, 0, 12, 6.5], "rotation": 90, "texture": "#0"},
				"up": {"uv": [9, 0, 10.5, 6.5], "texture": "#0"},
				"down": {"uv": [9, 0, 10.5, 6.5], "texture": "#0"}
			}
		},
		{
			"from": [4, 0.601, 1.5],
			"to": [6, 2.601, 15.5],
			"rotation": {"angle": 0, "axis": "y", "origin": [1.5, 0.101, 0]},
			"faces": {
				"east": {"uv": [13, 0, 12, 6.5], "rotation": 90, "texture": "#0"},
				"west": {"uv": [13, 0, 12, 6.5], "rotation": 90, "texture": "#0"},
				"up": {"uv": [12, 0, 13, 6.5], "texture": "#0"},
				"down": {"uv": [12, 0, 13, 6.5], "texture": "#0"}
			}
		},
		{
			"from": [3.5, 0.101, 15.5],
			"to": [6.5, 3.101, 16.5],
			"rotation": {"angle": 0, "axis": "y", "origin": [1.5, 0.101, 0]},
			"faces": {
				"north": {"uv": [13, 0, 14.5, 1.5], "texture": "#0"},
				"east": {"uv": [14.5, 0, 15, 1.5], "texture": "#0"},
				"south": {"uv": [13, 0, 14.5, 1.5], "texture": "#0"},
				"west": {"uv": [14.5, 0, 15, 1.5], "texture": "#0"},
				"up": {"uv": [13, 1.5, 14.5, 2], "texture": "#0"},
				"down": {"uv": [13, 1.5, 14.5, 2], "texture": "#0"}
			}
		},
		{
			"from": [6.5, 3.101, 15],
			"to": [3.5, 0.101, 2],
			"rotation": {"angle": 0, "axis": "y", "origin": [1.5, 0.101, 0]},
			"faces": {
				"east": {"uv": [10.5, 0, 12, 6.5], "rotation": 90, "texture": "#0"},
				"west": {"uv": [10.5, 0, 12, 6.5], "rotation": 90, "texture": "#0"},
				"up": {"uv": [9, 0, 10.5, 6.5], "texture": "#0"},
				"down": {"uv": [9, 0, 10.5, 6.5], "texture": "#0"}
			}
		},
		{
			"from": [15.5, 3.101, 11],
			"to": [12.5, 0.101, -2],
			"rotation": {"angle": -22.5, "axis": "y", "origin": [1.5, 0.101, 0]},
			"faces": {
				"east": {"uv": [10.5, 0, 12, 6.5], "rotation": 90, "texture": "#0"},
				"west": {"uv": [10.5, 0, 12, 6.5], "rotation": 90, "texture": "#0"},
				"up": {"uv": [9, 0, 10.5, 6.5], "texture": "#0"},
				"down": {"uv": [9, 0, 10.5, 6.5], "texture": "#0"}
			}
		},
		{
			"from": [12.5, 0.101, -3.5],
			"to": [15.5, 3.101, -2.5],
			"rotation": {"angle": -22.5, "axis": "y", "origin": [1.5, 0.101, 0]},
			"faces": {
				"north": {"uv": [13, 0, 14.5, 1.5], "texture": "#0"},
				"east": {"uv": [14.5, 0, 15, 1.5], "texture": "#0"},
				"south": {"uv": [13, 0, 14.5, 1.5], "texture": "#0"},
				"west": {"uv": [14.5, 0, 15, 1.5], "texture": "#0"},
				"up": {"uv": [13, 1.5, 14.5, 2], "texture": "#0"},
				"down": {"uv": [13, 1.5, 14.5, 2], "texture": "#0"}
			}
		},
		{
			"from": [12.5, 0.101, -2],
			"to": [15.5, 3.101, 11],
			"rotation": {"angle": -22.5, "axis": "y", "origin": [1.5, 0.101, 0]},
			"faces": {
				"east": {"uv": [10.5, 0, 12, 6.5], "rotation": 90, "texture": "#0"},
				"west": {"uv": [10.5, 0, 12, 6.5], "rotation": 90, "texture": "#0"},
				"up": {"uv": [9, 0, 10.5, 6.5], "texture": "#0"},
				"down": {"uv": [9, 0, 10.5, 6.5], "texture": "#0"}
			}
		},
		{
			"from": [13, 0.601, -2.5],
			"to": [15, 2.601, 11.5],
			"rotation": {"angle": -22.5, "axis": "y", "origin": [1.5, 0.101, 0]},
			"faces": {
				"east": {"uv": [13, 0, 12, 6.5], "rotation": 90, "texture": "#0"},
				"west": {"uv": [13, 0, 12, 6.5], "rotation": 90, "texture": "#0"},
				"up": {"uv": [12, 0, 13, 6.5], "texture": "#0"},
				"down": {"uv": [12, 0, 13, 6.5], "texture": "#0"}
			}
		},
		{
			"from": [12.5, 0.101, 11.5],
			"to": [15.5, 3.101, 12.5],
			"rotation": {"angle": -22.5, "axis": "y", "origin": [1.5, 0.101, 0]},
			"faces": {
				"north": {"uv": [13, 0, 14.5, 1.5], "texture": "#0"},
				"east": {"uv": [14.5, 0, 15, 1.5], "texture": "#0"},
				"south": {"uv": [13, 0, 14.5, 1.5], "texture": "#0"},
				"west": {"uv": [14.5, 0, 15, 1.5], "texture": "#0"},
				"up": {"uv": [13, 1.5, 14.5, 2], "texture": "#0"},
				"down": {"uv": [13, 1.5, 14.5, 2], "texture": "#0"}
			}
		},
		{
			"from": [12.4, 0.001, 3.4],
			"to": [15.6, 3.201, 5.6],
			"rotation": {"angle": -22.5, "axis": "y", "origin": [1.5, 0.101, 0]},
			"faces": {
				"north": {"uv": [13, 2, 14.5, 3.5], "texture": "#0", "tintindex": 0},
				"east": {"uv": [14.5, 2, 15.5, 3.5], "texture": "#0", "tintindex": 0},
				"south": {"uv": [13, 2, 14.5, 3.5], "texture": "#0", "tintindex": 0},
				"west": {"uv": [14.5, 2, 15.5, 3.5], "texture": "#0", "tintindex": 0},
				"up": {"uv": [14.5, 2, 15.5, 3.5], "rotation": 90, "texture": "#0", "tintindex": 0},
				"down": {"uv": [14.5, 2, 15.5, 3.5], "rotation": 90, "texture": "#0", "tintindex": 0}
			}
		},
		{
			"from": [3, 0.05, 5.5],
			"to": [7, 0.05, 7.5],
			"rotation": {"angle": -22.5, "axis": "y", "origin": [1, 0, 0]},
			"faces": {
				"up": {"uv": [16, 2, 14, 3], "texture": "#0", "tintindex": 0}
			}
		}
	],
	"display": {
		"fixed": {
			"rotation": [-90, 0, 0],
			"translation": [0, -1, -16],
			"scale": [2, 2, 2]
		}
	}
}