{"providers":[{"type":"bitmap","file":"happyhud:font/assets/vanilla/exp_bar_short_outline.png","height":5,"ascent":-161500,"chars":[""]},{"type":"bitmap","file":"happyhud:font/assets/vanilla/exp_bar_short_fill/horizontal/13/1.png","height":5,"ascent":-162500,"chars":[""]},{"type":"bitmap","file":"happyhud:font/assets/vanilla/exp_bar_short_fill/horizontal/13/2.png","height":5,"ascent":-162500,"chars":[""]},{"type":"bitmap","file":"happyhud:font/assets/vanilla/exp_bar_short_fill/horizontal/13/3.png","height":5,"ascent":-162500,"chars":[""]},{"type":"bitmap","file":"happyhud:font/assets/vanilla/exp_bar_short_fill/horizontal/13/4.png","height":5,"ascent":-162500,"chars":[""]},{"type":"bitmap","file":"happyhud:font/assets/vanilla/exp_bar_short_fill/horizontal/13/5.png","height":5,"ascent":-162500,"chars":[""]},{"type":"bitmap","file":"happyhud:font/assets/vanilla/exp_bar_short_fill/horizontal/13/6.png","height":5,"ascent":-162500,"chars":[""]},{"type":"bitmap","file":"happyhud:font/assets/vanilla/exp_bar_short_fill/horizontal/13/7.png","height":5,"ascent":-162500,"chars":[""]},{"type":"bitmap","file":"happyhud:font/assets/vanilla/exp_bar_short_fill/horizontal/13/8.png","height":5,"ascent":-162500,"chars":[""]},{"type":"bitmap","file":"happyhud:font/assets/vanilla/exp_bar_short_fill/horizontal/13/9.png","height":5,"ascent":-162500,"chars":[""]},{"type":"bitmap","file":"happyhud:font/assets/vanilla/exp_bar_short_fill/horizontal/13/10.png","height":5,"ascent":-162500,"chars":[""]},{"type":"bitmap","file":"happyhud:font/assets/vanilla/exp_bar_short_fill/horizontal/13/11.png","height":5,"ascent":-162500,"chars":[""]},{"type":"bitmap","file":"happyhud:font/assets/vanilla/exp_bar_short_fill/horizontal/13/12.png","height":5,"ascent":-162500,"chars":[""]},{"type":"bitmap","file":"happyhud:font/assets/vanilla/exp_bar_short_fill/horizontal/13/13.png","height":5,"ascent":-162500,"chars":[""]},{"type":"bitmap","file":"happyhud:font/assets/vanilla/air.png","height":9,"ascent":-163500,"chars":[""]},{"type":"bitmap","file":"happyhud:font/assets/vanilla/exp_bar_short_outline.png","height":5,"ascent":-164500,"chars":[""]},{"type":"bitmap","file":"happyhud:font/assets/vanilla/exp_bar_short_fill/horizontal/13/1.png","height":5,"ascent":-165500,"chars":[""]},{"type":"bitmap","file":"happyhud:font/assets/vanilla/exp_bar_short_fill/horizontal/13/2.png","height":5,"ascent":-165500,"chars":[""]},{"type":"bitmap","file":"happyhud:font/assets/vanilla/exp_bar_short_fill/horizontal/13/3.png","height":5,"ascent":-165500,"chars":[""]},{"type":"bitmap","file":"happyhud:font/assets/vanilla/exp_bar_short_fill/horizontal/13/4.png","height":5,"ascent":-165500,"chars":[""]},{"type":"bitmap","file":"happyhud:font/assets/vanilla/exp_bar_short_fill/horizontal/13/5.png","height":5,"ascent":-165500,"chars":[""]},{"type":"bitmap","file":"happyhud:font/assets/vanilla/exp_bar_short_fill/horizontal/13/6.png","height":5,"ascent":-165500,"chars":[""]},{"type":"bitmap","file":"happyhud:font/assets/vanilla/exp_bar_short_fill/horizontal/13/7.png","height":5,"ascent":-165500,"chars":[""]},{"type":"bitmap","file":"happyhud:font/assets/vanilla/exp_bar_short_fill/horizontal/13/8.png","height":5,"ascent":-165500,"chars":[""]},{"type":"bitmap","file":"happyhud:font/assets/vanilla/exp_bar_short_fill/horizontal/13/9.png","height":5,"ascent":-165500,"chars":[""]},{"type":"bitmap","file":"happyhud:font/assets/vanilla/exp_bar_short_fill/horizontal/13/10.png","height":5,"ascent":-165500,"chars":[""]},{"type":"bitmap","file":"happyhud:font/assets/vanilla/exp_bar_short_fill/horizontal/13/11.png","height":5,"ascent":-165500,"chars":[""]},{"type":"bitmap","file":"happyhud:font/assets/vanilla/exp_bar_short_fill/horizontal/13/12.png","height":5,"ascent":-165500,"chars":[""]},{"type":"bitmap","file":"happyhud:font/assets/vanilla/exp_bar_short_fill/horizontal/13/13.png","height":5,"ascent":-165500,"chars":[""]},{"type":"bitmap","file":"happyhud:font/assets/vanilla/armor.png","height":9,"ascent":-166500,"chars":[""]},{"type":"bitmap","file":"happyhud:font/assets/vanilla/exp_bar_short_outline.png","height":5,"ascent":-167500,"chars":[""]},{"type":"bitmap","file":"happyhud:font/assets/vanilla/exp_bar_short_fill/horizontal/13/1.png","height":5,"ascent":-168500,"chars":[""]},{"type":"bitmap","file":"happyhud:font/assets/vanilla/exp_bar_short_fill/horizontal/13/2.png","height":5,"ascent":-168500,"chars":[""]},{"type":"bitmap","file":"happyhud:font/assets/vanilla/exp_bar_short_fill/horizontal/13/3.png","height":5,"ascent":-168500,"chars":[""]},{"type":"bitmap","file":"happyhud:font/assets/vanilla/exp_bar_short_fill/horizontal/13/4.png","height":5,"ascent":-168500,"chars":[""]},{"type":"bitmap","file":"happyhud:font/assets/vanilla/exp_bar_short_fill/horizontal/13/5.png","height":5,"ascent":-168500,"chars":[""]},{"type":"bitmap","file":"happyhud:font/assets/vanilla/exp_bar_short_fill/horizontal/13/6.png","height":5,"ascent":-168500,"chars":[""]},{"type":"bitmap","file":"happyhud:font/assets/vanilla/exp_bar_short_fill/horizontal/13/7.png","height":5,"ascent":-168500,"chars":[""]},{"type":"bitmap","file":"happyhud:font/assets/vanilla/exp_bar_short_fill/horizontal/13/8.png","height":5,"ascent":-168500,"chars":[""]},{"type":"bitmap","file":"happyhud:font/assets/vanilla/exp_bar_short_fill/horizontal/13/9.png","height":5,"ascent":-168500,"chars":[""]},{"type":"bitmap","file":"happyhud:font/assets/vanilla/exp_bar_short_fill/horizontal/13/10.png","height":5,"ascent":-168500,"chars":[""]},{"type":"bitmap","file":"happyhud:font/assets/vanilla/exp_bar_short_fill/horizontal/13/11.png","height":5,"ascent":-168500,"chars":[""]},{"type":"bitmap","file":"happyhud:font/assets/vanilla/exp_bar_short_fill/horizontal/13/12.png","height":5,"ascent":-168500,"chars":[""]},{"type":"bitmap","file":"happyhud:font/assets/vanilla/exp_bar_short_fill/horizontal/13/13.png","height":5,"ascent":-168500,"chars":[""]},{"type":"bitmap","file":"happyhud:font/assets/vanilla/food.png","height":9,"ascent":-169500,"chars":[""]},{"type":"bitmap","file":"happyhud:font/assets/vanilla/exp_bar_short_outline.png","height":5,"ascent":-170500,"chars":[""]},{"type":"bitmap","file":"happyhud:font/assets/vanilla/exp_bar_short_fill/horizontal/13/1.png","height":5,"ascent":-171500,"chars":[""]},{"type":"bitmap","file":"happyhud:font/assets/vanilla/exp_bar_short_fill/horizontal/13/2.png","height":5,"ascent":-171500,"chars":[""]},{"type":"bitmap","file":"happyhud:font/assets/vanilla/exp_bar_short_fill/horizontal/13/3.png","height":5,"ascent":-171500,"chars":[""]},{"type":"bitmap","file":"happyhud:font/assets/vanilla/exp_bar_short_fill/horizontal/13/4.png","height":5,"ascent":-171500,"chars":[""]},{"type":"bitmap","file":"happyhud:font/assets/vanilla/exp_bar_short_fill/horizontal/13/5.png","height":5,"ascent":-171500,"chars":[""]},{"type":"bitmap","file":"happyhud:font/assets/vanilla/exp_bar_short_fill/horizontal/13/6.png","height":5,"ascent":-171500,"chars":[""]},{"type":"bitmap","file":"happyhud:font/assets/vanilla/exp_bar_short_fill/horizontal/13/7.png","height":5,"ascent":-171500,"chars":[""]},{"type":"bitmap","file":"happyhud:font/assets/vanilla/exp_bar_short_fill/horizontal/13/8.png","height":5,"ascent":-171500,"chars":[""]},{"type":"bitmap","file":"happyhud:font/assets/vanilla/exp_bar_short_fill/horizontal/13/9.png","height":5,"ascent":-171500,"chars":[""]},{"type":"bitmap","file":"happyhud:font/assets/vanilla/exp_bar_short_fill/horizontal/13/10.png","height":5,"ascent":-171500,"chars":[""]},{"type":"bitmap","file":"happyhud:font/assets/vanilla/exp_bar_short_fill/horizontal/13/11.png","height":5,"ascent":-171500,"chars":[""]},{"type":"bitmap","file":"happyhud:font/assets/vanilla/exp_bar_short_fill/horizontal/13/12.png","height":5,"ascent":-171500,"chars":[""]},{"type":"bitmap","file":"happyhud:font/assets/vanilla/exp_bar_short_fill/horizontal/13/13.png","height":5,"ascent":-171500,"chars":[""]},{"type":"bitmap","file":"happyhud:font/assets/vanilla/heart.png","height":9,"ascent":-172500,"chars":[""]}]}