{"textures":{"0":"modelengine:entity/chromafire_impact_gold"},"elements":[{"from":[12.5,12.5,12.5],"to":[3.5,3.5,3.5],"faces":{"east":{"uv":[15.0,5.5,15.5,3.0],"tintindex":0,"rotation":0,"texture":"#0"},"south":{"uv":[15.0,5.5,15.5,3.0],"tintindex":0,"rotation":0,"texture":"#0"},"north":{"uv":[15.0,5.5,15.5,3.0],"tintindex":0,"rotation":0,"texture":"#0"},"west":{"uv":[15.0,5.5,15.5,3.0],"tintindex":0,"rotation":0,"texture":"#0"},"up":{"uv":[15.0,5.5,15.5,5.0],"tintindex":0,"rotation":0,"texture":"#0"},"down":{"uv":[15.0,3.0,15.5,3.5],"tintindex":0,"rotation":0,"texture":"#0"}}},{"from":[4.0,4.0,4.0],"to":[12.0,12.0,12.0],"faces":{"east":{"uv":[0.0,4.0,4.0,8.0],"tintindex":0,"rotation":0,"texture":"#0"},"south":{"uv":[4.0,0.0,8.0,4.0],"tintindex":0,"rotation":0,"texture":"#0"},"north":{"uv":[0.0,0.0,4.0,4.0],"tintindex":0,"rotation":0,"texture":"#0"},"west":{"uv":[4.0,4.0,8.0,8.0],"tintindex":0,"rotation":0,"texture":"#0"},"up":{"uv":[4.0,12.0,0.0,8.0],"tintindex":0,"rotation":0,"texture":"#0"},"down":{"uv":[12.0,0.0,8.0,4.0],"tintindex":0,"rotation":0,"texture":"#0"}}}],"display":{"gui":{"rotation":[30,225,0]}}}