{"textures":{"0":"modelengine:entity/chromafire_impact_gold"},"elements":[{"from":[4.5,8.0,8.0],"to":[11.5,27.0,8.0],"faces":{"east":{"uv":[15.5,0.0,16.0,0.5],"tintindex":0,"rotation":0,"texture":"#0"},"south":{"uv":[12.5,6.5,16.0,16.0],"tintindex":0,"rotation":0,"texture":"#0"},"north":{"uv":[16.0,6.5,12.5,16.0],"tintindex":0,"rotation":0,"texture":"#0"},"west":{"uv":[15.5,0.0,16.0,0.5],"tintindex":0,"rotation":0,"texture":"#0"},"up":{"uv":[4.0,13.5,2.5,12.0],"tintindex":0,"rotation":0,"texture":"#0"},"down":{"uv":[13.5,2.5,12.0,4.0],"tintindex":0,"rotation":0,"texture":"#0"}}},{"from":[7.9,7.5,5.0],"to":[7.9,9.5,11.0],"faces":{"east":{"uv":[15.5,3.5,15.0,3.0],"tintindex":0,"rotation":0,"texture":"#0"},"south":{"uv":[15.5,4.5,15.0,5.5],"tintindex":0,"rotation":0,"texture":"#0"},"north":{"uv":[15.5,4.5,15.0,5.5],"tintindex":0,"rotation":0,"texture":"#0"},"west":{"uv":[16.0,4.5,15.5,5.5],"tintindex":0,"rotation":0,"texture":"#0"},"up":{"uv":[15.0,5.5,15.5,4.5],"tintindex":0,"rotation":90,"texture":"#0"},"down":{"uv":[15.0,5.5,15.5,4.5],"tintindex":0,"rotation":270,"texture":"#0"}}},{"from":[4.0,8.5,8.1],"to":[12.0,13.5,8.1],"faces":{"east":{"uv":[15.5,4.5,15.0,5.5],"tintindex":0,"rotation":0,"texture":"#0"},"south":{"uv":[16.0,4.5,15.5,5.5],"tintindex":0,"rotation":0,"texture":"#0"},"north":{"uv":[15.5,4.0,15.0,3.0],"tintindex":0,"rotation":0,"texture":"#0"},"west":{"uv":[15.5,4.5,15.0,5.5],"tintindex":0,"rotation":0,"texture":"#0"},"up":{"uv":[15.0,5.5,15.5,4.5],"tintindex":0,"rotation":0,"texture":"#0"},"down":{"uv":[15.0,5.5,15.5,4.5],"tintindex":0,"rotation":0,"texture":"#0"}}},{"from":[7.9,12.5,5.0],"to":[7.9,18.5,11.0],"faces":{"east":{"uv":[15.5,4.5,15.0,3.5],"tintindex":0,"rotation":0,"texture":"#0"},"south":{"uv":[15.5,4.5,15.0,5.5],"tintindex":0,"rotation":0,"texture":"#0"},"north":{"uv":[15.5,4.5,15.0,5.5],"tintindex":0,"rotation":0,"texture":"#0"},"west":{"uv":[16.0,4.5,15.5,5.5],"tintindex":0,"rotation":0,"texture":"#0"},"up":{"uv":[15.0,5.5,15.5,4.5],"tintindex":0,"rotation":90,"texture":"#0"},"down":{"uv":[15.0,5.5,15.5,4.5],"tintindex":0,"rotation":270,"texture":"#0"}}},{"from":[5.0,7.5,8.1],"to":[11.0,9.5,8.1],"faces":{"east":{"uv":[15.5,4.5,15.0,5.5],"tintindex":0,"rotation":0,"texture":"#0"},"south":{"uv":[16.0,4.5,15.5,5.5],"tintindex":0,"rotation":0,"texture":"#0"},"north":{"uv":[15.5,3.5,15.0,3.0],"tintindex":0,"rotation":0,"texture":"#0"},"west":{"uv":[15.5,4.5,15.0,5.5],"tintindex":0,"rotation":0,"texture":"#0"},"up":{"uv":[15.0,5.5,15.5,4.5],"tintindex":0,"rotation":0,"texture":"#0"},"down":{"uv":[15.0,5.5,15.5,4.5],"tintindex":0,"rotation":0,"texture":"#0"}}},{"from":[7.0,21.5,8.1],"to":[9.0,27.5,8.1],"faces":{"east":{"uv":[15.5,4.5,15.0,5.5],"tintindex":0,"rotation":0,"texture":"#0"},"south":{"uv":[16.0,4.5,15.5,5.5],"tintindex":0,"rotation":0,"texture":"#0"},"north":{"uv":[15.5,5.5,15.0,4.5],"tintindex":0,"rotation":0,"texture":"#0"},"west":{"uv":[15.5,4.5,15.0,5.5],"tintindex":0,"rotation":0,"texture":"#0"},"up":{"uv":[15.0,5.5,15.5,4.5],"tintindex":0,"rotation":0,"texture":"#0"},"down":{"uv":[15.0,5.5,15.5,4.5],"tintindex":0,"rotation":0,"texture":"#0"}}},{"from":[5.0,12.5,7.9],"to":[11.0,18.5,7.9],"faces":{"east":{"uv":[15.5,4.5,15.0,5.5],"tintindex":0,"rotation":0,"texture":"#0"},"south":{"uv":[15.5,4.5,15.0,3.5],"tintindex":0,"rotation":0,"texture":"#0"},"north":{"uv":[16.0,4.5,15.5,5.5],"tintindex":0,"rotation":0,"texture":"#0"},"west":{"uv":[15.5,4.5,15.0,5.5],"tintindex":0,"rotation":0,"texture":"#0"},"up":{"uv":[15.0,5.5,15.5,4.5],"tintindex":0,"rotation":180,"texture":"#0"},"down":{"uv":[15.0,5.5,15.5,4.5],"tintindex":0,"rotation":180,"texture":"#0"}}},{"from":[5.0,7.5,7.9],"to":[11.0,9.5,7.9],"faces":{"east":{"uv":[15.5,4.5,15.0,5.5],"tintindex":0,"rotation":0,"texture":"#0"},"south":{"uv":[15.5,3.5,15.0,3.0],"tintindex":0,"rotation":0,"texture":"#0"},"north":{"uv":[16.0,4.5,15.5,5.5],"tintindex":0,"rotation":0,"texture":"#0"},"west":{"uv":[15.5,4.5,15.0,5.5],"tintindex":0,"rotation":0,"texture":"#0"},"up":{"uv":[15.0,5.5,15.5,4.5],"tintindex":0,"rotation":180,"texture":"#0"},"down":{"uv":[15.0,5.5,15.5,4.5],"tintindex":0,"rotation":180,"texture":"#0"}}},{"from":[7.9,21.5,7.0],"to":[7.9,27.5,9.0],"faces":{"east":{"uv":[15.5,5.5,15.0,4.5],"tintindex":0,"rotation":0,"texture":"#0"},"south":{"uv":[15.5,4.5,15.0,5.5],"tintindex":0,"rotation":0,"texture":"#0"},"north":{"uv":[15.5,4.5,15.0,5.5],"tintindex":0,"rotation":0,"texture":"#0"},"west":{"uv":[16.0,4.5,15.5,5.5],"tintindex":0,"rotation":0,"texture":"#0"},"up":{"uv":[15.0,5.5,15.5,4.5],"tintindex":0,"rotation":90,"texture":"#0"},"down":{"uv":[15.0,5.5,15.5,4.5],"tintindex":0,"rotation":270,"texture":"#0"}}},{"from":[5.0,12.5,8.1],"to":[11.0,18.5,8.1],"faces":{"east":{"uv":[15.5,4.5,15.0,5.5],"tintindex":0,"rotation":0,"texture":"#0"},"south":{"uv":[16.0,4.5,15.5,5.5],"tintindex":0,"rotation":0,"texture":"#0"},"north":{"uv":[15.5,4.5,15.0,3.5],"tintindex":0,"rotation":0,"texture":"#0"},"west":{"uv":[15.5,4.5,15.0,5.5],"tintindex":0,"rotation":0,"texture":"#0"},"up":{"uv":[15.0,5.5,15.5,4.5],"tintindex":0,"rotation":0,"texture":"#0"},"down":{"uv":[15.0,5.5,15.5,4.5],"tintindex":0,"rotation":0,"texture":"#0"}}},{"from":[8.1,12.5,5.0],"to":[8.1,18.5,11.0],"faces":{"east":{"uv":[15.5,4.5,16.0,5.5],"tintindex":0,"rotation":0,"texture":"#0"},"south":{"uv":[15.0,4.5,15.5,5.5],"tintindex":0,"rotation":0,"texture":"#0"},"north":{"uv":[15.0,4.5,15.5,5.5],"tintindex":0,"rotation":0,"texture":"#0"},"west":{"uv":[15.0,4.5,15.5,3.5],"tintindex":0,"rotation":0,"texture":"#0"},"up":{"uv":[15.0,4.5,15.5,5.5],"tintindex":0,"rotation":90,"texture":"#0"},"down":{"uv":[15.0,4.5,15.5,5.5],"tintindex":0,"rotation":270,"texture":"#0"}}},{"from":[6.0,16.5,7.9],"to":[10.0,22.5,7.9],"faces":{"east":{"uv":[15.5,4.5,15.0,5.5],"tintindex":0,"rotation":0,"texture":"#0"},"south":{"uv":[15.5,5.0,15.0,4.0],"tintindex":0,"rotation":0,"texture":"#0"},"north":{"uv":[16.0,4.5,15.5,5.5],"tintindex":0,"rotation":0,"texture":"#0"},"west":{"uv":[15.5,4.5,15.0,5.5],"tintindex":0,"rotation":0,"texture":"#0"},"up":{"uv":[15.0,5.5,15.5,4.5],"tintindex":0,"rotation":180,"texture":"#0"},"down":{"uv":[15.0,5.5,15.5,4.5],"tintindex":0,"rotation":180,"texture":"#0"}}},{"from":[8.1,7.5,5.0],"to":[8.1,9.5,11.0],"faces":{"east":{"uv":[15.5,4.5,16.0,5.5],"tintindex":0,"rotation":0,"texture":"#0"},"south":{"uv":[15.0,4.5,15.5,5.5],"tintindex":0,"rotation":0,"texture":"#0"},"north":{"uv":[15.0,4.5,15.5,5.5],"tintindex":0,"rotation":0,"texture":"#0"},"west":{"uv":[15.0,3.5,15.5,3.0],"tintindex":0,"rotation":0,"texture":"#0"},"up":{"uv":[15.0,4.5,15.5,5.5],"tintindex":0,"rotation":90,"texture":"#0"},"down":{"uv":[15.0,4.5,15.5,5.5],"tintindex":0,"rotation":270,"texture":"#0"}}},{"from":[8.0,8.0,4.5],"to":[8.0,27.0,11.5],"faces":{"east":{"uv":[16.0,6.5,12.5,16.0],"tintindex":0,"rotation":0,"texture":"#0"},"south":{"uv":[15.5,0.0,16.0,0.5],"tintindex":0,"rotation":0,"texture":"#0"},"north":{"uv":[15.5,0.0,16.0,0.5],"tintindex":0,"rotation":0,"texture":"#0"},"west":{"uv":[12.5,6.5,16.0,16.0],"tintindex":0,"rotation":0,"texture":"#0"},"up":{"uv":[4.0,13.5,2.5,12.0],"tintindex":0,"rotation":90,"texture":"#0"},"down":{"uv":[13.5,2.5,12.0,4.0],"tintindex":0,"rotation":270,"texture":"#0"}}},{"from":[6.0,16.5,8.1],"to":[10.0,22.5,8.1],"faces":{"east":{"uv":[15.5,4.5,15.0,5.5],"tintindex":0,"rotation":0,"texture":"#0"},"south":{"uv":[16.0,4.5,15.5,5.5],"tintindex":0,"rotation":0,"texture":"#0"},"north":{"uv":[15.5,5.0,15.0,4.0],"tintindex":0,"rotation":0,"texture":"#0"},"west":{"uv":[15.5,4.5,15.0,5.5],"tintindex":0,"rotation":0,"texture":"#0"},"up":{"uv":[15.0,5.5,15.5,4.5],"tintindex":0,"rotation":0,"texture":"#0"},"down":{"uv":[15.0,5.5,15.5,4.5],"tintindex":0,"rotation":0,"texture":"#0"}}},{"from":[7.9,16.5,6.0],"to":[7.9,22.5,10.0],"faces":{"east":{"uv":[15.5,5.0,15.0,4.0],"tintindex":0,"rotation":0,"texture":"#0"},"south":{"uv":[15.5,4.5,15.0,5.5],"tintindex":0,"rotation":0,"texture":"#0"},"north":{"uv":[15.5,4.5,15.0,5.5],"tintindex":0,"rotation":0,"texture":"#0"},"west":{"uv":[16.0,4.5,15.5,5.5],"tintindex":0,"rotation":0,"texture":"#0"},"up":{"uv":[15.0,5.5,15.5,4.5],"tintindex":0,"rotation":90,"texture":"#0"},"down":{"uv":[15.0,5.5,15.5,4.5],"tintindex":0,"rotation":270,"texture":"#0"}}},{"from":[6.5,8.0,6.5],"to":[9.5,20.0,9.5],"faces":{"east":{"uv":[8.0,4.0,9.5,10.0],"tintindex":0,"rotation":0,"texture":"#0"},"south":{"uv":[5.5,8.0,7.0,14.0],"tintindex":0,"rotation":0,"texture":"#0"},"north":{"uv":[4.0,8.0,5.5,14.0],"tintindex":0,"rotation":0,"texture":"#0"},"west":{"uv":[9.5,4.0,11.0,10.0],"tintindex":0,"rotation":0,"texture":"#0"},"up":{"uv":[4.0,13.5,2.5,12.0],"tintindex":0,"rotation":0,"texture":"#0"},"down":{"uv":[13.5,2.5,12.0,4.0],"tintindex":0,"rotation":0,"texture":"#0"}}},{"from":[8.1,8.5,4.0],"to":[8.1,13.5,12.0],"faces":{"east":{"uv":[15.5,4.5,16.0,5.5],"tintindex":0,"rotation":0,"texture":"#0"},"south":{"uv":[15.0,4.5,15.5,5.5],"tintindex":0,"rotation":0,"texture":"#0"},"north":{"uv":[15.0,4.5,15.5,5.5],"tintindex":0,"rotation":0,"texture":"#0"},"west":{"uv":[15.0,4.0,15.5,3.0],"tintindex":0,"rotation":0,"texture":"#0"},"up":{"uv":[15.0,4.5,15.5,5.5],"tintindex":0,"rotation":90,"texture":"#0"},"down":{"uv":[15.0,4.5,15.5,5.5],"tintindex":0,"rotation":270,"texture":"#0"}}},{"from":[8.1,16.5,6.0],"to":[8.1,22.5,10.0],"faces":{"east":{"uv":[15.5,4.5,16.0,5.5],"tintindex":0,"rotation":0,"texture":"#0"},"south":{"uv":[15.0,4.5,15.5,5.5],"tintindex":0,"rotation":0,"texture":"#0"},"north":{"uv":[15.0,4.5,15.5,5.5],"tintindex":0,"rotation":0,"texture":"#0"},"west":{"uv":[15.0,5.0,15.5,4.0],"tintindex":0,"rotation":0,"texture":"#0"},"up":{"uv":[15.0,4.5,15.5,5.5],"tintindex":0,"rotation":90,"texture":"#0"},"down":{"uv":[15.0,4.5,15.5,5.5],"tintindex":0,"rotation":270,"texture":"#0"}}},{"from":[8.1,21.5,7.0],"to":[8.1,27.5,9.0],"faces":{"east":{"uv":[15.5,4.5,16.0,5.5],"tintindex":0,"rotation":0,"texture":"#0"},"south":{"uv":[15.0,4.5,15.5,5.5],"tintindex":0,"rotation":0,"texture":"#0"},"north":{"uv":[15.0,4.5,15.5,5.5],"tintindex":0,"rotation":0,"texture":"#0"},"west":{"uv":[15.0,5.5,15.5,4.5],"tintindex":0,"rotation":0,"texture":"#0"},"up":{"uv":[15.0,4.5,15.5,5.5],"tintindex":0,"rotation":90,"texture":"#0"},"down":{"uv":[15.0,4.5,15.5,5.5],"tintindex":0,"rotation":270,"texture":"#0"}}},{"from":[7.0,21.5,7.9],"to":[9.0,27.5,7.9],"faces":{"east":{"uv":[15.5,4.5,15.0,5.5],"tintindex":0,"rotation":0,"texture":"#0"},"south":{"uv":[15.5,5.5,15.0,4.5],"tintindex":0,"rotation":0,"texture":"#0"},"north":{"uv":[16.0,4.5,15.5,5.5],"tintindex":0,"rotation":0,"texture":"#0"},"west":{"uv":[15.5,4.5,15.0,5.5],"tintindex":0,"rotation":0,"texture":"#0"},"up":{"uv":[15.0,5.5,15.5,4.5],"tintindex":0,"rotation":180,"texture":"#0"},"down":{"uv":[15.0,5.5,15.5,4.5],"tintindex":0,"rotation":180,"texture":"#0"}}},{"from":[7.9,8.5,4.0],"to":[7.9,13.5,12.0],"faces":{"east":{"uv":[15.5,4.0,15.0,3.0],"tintindex":0,"rotation":0,"texture":"#0"},"south":{"uv":[15.5,4.5,15.0,5.5],"tintindex":0,"rotation":0,"texture":"#0"},"north":{"uv":[15.5,4.5,15.0,5.5],"tintindex":0,"rotation":0,"texture":"#0"},"west":{"uv":[16.0,4.5,15.5,5.5],"tintindex":0,"rotation":0,"texture":"#0"},"up":{"uv":[15.0,5.5,15.5,4.5],"tintindex":0,"rotation":90,"texture":"#0"},"down":{"uv":[15.0,5.5,15.5,4.5],"tintindex":0,"rotation":270,"texture":"#0"}}},{"from":[4.0,8.5,7.9],"to":[12.0,13.5,7.9],"faces":{"east":{"uv":[15.5,4.5,15.0,5.5],"tintindex":0,"rotation":0,"texture":"#0"},"south":{"uv":[15.5,4.0,15.0,3.0],"tintindex":0,"rotation":0,"texture":"#0"},"north":{"uv":[16.0,4.5,15.5,5.5],"tintindex":0,"rotation":0,"texture":"#0"},"west":{"uv":[15.5,4.5,15.0,5.5],"tintindex":0,"rotation":0,"texture":"#0"},"up":{"uv":[15.0,5.5,15.5,4.5],"tintindex":0,"rotation":180,"texture":"#0"},"down":{"uv":[15.0,5.5,15.5,4.5],"tintindex":0,"rotation":180,"texture":"#0"}}}],"display":{"gui":{"rotation":[30,225,0]}}}