{"textures":{"0":"modelengine:entity/chromafire_impact_gold"},"elements":[{"from":[5.75,5.75,5.75],"to":[10.25,10.25,10.25],"faces":{"east":{"uv":[0.0,15.5,0.5,16.0],"tintindex":0,"rotation":0,"texture":"#0"},"south":{"uv":[0.0,15.5,0.5,16.0],"tintindex":0,"rotation":0,"texture":"#0"},"north":{"uv":[0.0,15.5,0.5,16.0],"tintindex":0,"rotation":0,"texture":"#0"},"west":{"uv":[0.0,15.5,0.5,16.0],"tintindex":0,"rotation":0,"texture":"#0"},"up":{"uv":[0.0,15.5,0.5,16.0],"tintindex":0,"rotation":0,"texture":"#0"},"down":{"uv":[0.0,15.5,0.5,16.0],"tintindex":0,"rotation":0,"texture":"#0"}}},{"from":[10.9,10.9,10.9],"to":[5.1,5.1,5.1],"faces":{"east":{"uv":[15.0,3.5,15.5,5.0],"tintindex":0,"rotation":0,"texture":"#0"},"south":{"uv":[15.0,3.5,15.5,5.0],"tintindex":0,"rotation":0,"texture":"#0"},"north":{"uv":[15.0,3.5,15.5,5.0],"tintindex":0,"rotation":0,"texture":"#0"},"west":{"uv":[15.0,3.5,15.5,5.0],"tintindex":0,"rotation":0,"texture":"#0"},"up":{"uv":[15.0,3.5,15.5,4.0],"tintindex":0,"rotation":0,"texture":"#0"},"down":{"uv":[15.0,4.5,15.5,5.0],"tintindex":0,"rotation":0,"texture":"#0"}}},{"from":[5.5,5.5,5.5],"to":[10.5,10.5,10.5],"faces":{"east":{"uv":[9.5,10.0,12.0,12.5],"tintindex":0,"rotation":0,"texture":"#0"},"south":{"uv":[9.5,12.5,12.0,15.0],"tintindex":0,"rotation":0,"texture":"#0"},"north":{"uv":[7.0,10.0,9.5,12.5],"tintindex":0,"rotation":0,"texture":"#0"},"west":{"uv":[7.0,12.5,9.5,15.0],"tintindex":0,"rotation":0,"texture":"#0"},"up":{"uv":[2.5,14.5,0.0,12.0],"tintindex":0,"rotation":0,"texture":"#0"},"down":{"uv":[14.5,0.0,12.0,2.5],"tintindex":0,"rotation":0,"texture":"#0"}}}],"display":{"gui":{"rotation":[30,225,0]}}}