{
	"ambientocclusion":false,
	"textures":{
		"0":"block/rail",
		"particle":"item/rail"
	},
	"elements":[
		{
			"from":[1,0,12.7372],
			"to":[15,1,14.7372],
			"rotation":{"angle":45,"axis":"x","origin":[0,1,16]},
			"faces":{
				"north":{"uv":[7,4,0,4.5],"texture":"#0"},
				"east":{"uv":[6.5,4,7,5],"rotation":90,"texture":"#0"},
				"south":{"uv":[0,4.5,7,5],"texture":"#0"},
				"west":{"uv":[0,5,0.5,4],"rotation":90,"texture":"#0"},
				"up":{"uv":[0,4,7,5],"texture":"#0"},
				"down":{"uv":[0,5,7,4],"texture":"#0"}
			}
		},
		{
			"from":[1,0,8.2119],
			"to":[15,1,10.2119],
			"rotation":{"angle":45,"axis":"x","origin":[0,1,16]},
			"faces":{
				"north":{"uv":[7,3,0,3.5],"texture":"#0"},
				"east":{"uv":[6.5,3,7,4],"rotation":90,"texture":"#0"},
				"south":{"uv":[0,3.5,7,4],"texture":"#0"},
				"west":{"uv":[0,4,0.5,3],"rotation":90,"texture":"#0"},
				"up":{"uv":[0,3,7,4],"texture":"#0"},
				"down":{"uv":[0,4,7,3],"texture":"#0"}
			}
		},
		{
			"from":[1,0,3.687],
			"to":[15,1,5.687],
			"rotation":{"angle":45,"axis":"x","origin":[0,1,16]},
			"faces":{
				"north":{"uv":[7,2,0,2.5],"texture":"#0"},
				"east":{"uv":[6.5,2,7,3],"rotation":90,"texture":"#0"},
				"south":{"uv":[0,2.5,7,3],"texture":"#0"},
				"west":{"uv":[0,3,0.5,2],"rotation":90,"texture":"#0"},
				"up":{"uv":[0,2,7,3],"texture":"#0"},
				"down":{"uv":[0,3,7,2],"texture":"#0"}
			}
		},
		{
			"from":[1,0,-0.839],
			"to":[15,1,1.161],
			"rotation":{"angle":45,"axis":"x","origin":[0,1,16]},
			"faces":{
				"north":{"uv":[7,1,0,1.5],"texture":"#0"},
				"east":{"uv":[6.5,1,7,2],"rotation":90,"texture":"#0"},
				"south":{"uv":[0,1.5,7,2],"texture":"#0"},
				"west":{"uv":[0,2,0.5,1],"rotation":90,"texture":"#0"},
				"up":{"uv":[0,1,7,2],"texture":"#0"},
				"down":{"uv":[0,2,7,1],"texture":"#0"}
			}
		},
		{
			"from":[1,0,-5.3645],
			"to":[15,1,-3.3645],
			"rotation":{"angle":45,"axis":"x","origin":[0,1,16]},
			"faces":{
				"north":{"uv":[7,0,0,0.5],"texture":"#0"},
				"east":{"uv":[6.5,0,7,1],"rotation":90,"texture":"#0"},
				"south":{"uv":[0,0.5,7,1],"texture":"#0"},
				"west":{"uv":[0,1,0.5,0],"rotation":90,"texture":"#0"},
				"up":{"uv":[0,0,7,1],"texture":"#0"},
				"down":{"uv":[0,1,7,0],"texture":"#0"}
			}
		},
		{
			"from":[2,1,-7.0412],
			"to":[3,2,16],
			"rotation":{"angle":45,"axis":"x","origin":[0,1,16]},
			"faces":{
				"north":{"uv":[7,0,7.5,0.5],"texture":"#0"},
				"east":{"uv":[7,0,7.5,11.5],"rotation":90,"texture":"#0"},
				"south":{"uv":[7,11,7.5,11.5],"texture":"#0"},
				"west":{"uv":[7,11.5,7.5,0],"rotation":90,"texture":"#0"},
				"up":{"uv":[7,0,7.5,11.5],"texture":"#0"},
				"down":{"uv":[7,11.5,7.5,0],"texture":"#0"}
			}
		},
		{
			"from":[2,17.4997,0],
			"to":[3,17.9997,0.4142],
			"faces":{
				"north":{"uv":[7,0,7.5,0.5],"texture":"#0","cullface":"up"},
				"east":{"uv":[7,0,7.5,0.5],"texture":"#0","cullface":"up"},
				"west":{"uv":[7,0,7.5,0.5],"texture":"#0","cullface":"up"},
				"up":{"uv":[7,0,7.5,0.5],"texture":"#0","cullface":"up"}
			}
		},
		{
			"from":[13,1,-7.0412],
			"to":[14,2,16],
			"rotation":{"angle":45,"axis":"x","origin":[0,1,16]},
			"faces":{
				"north":{"uv":[9,0,8.5,0.5],"texture":"#0"},
				"east":{"uv":[8.5,0,9,11.5],"rotation":90,"texture":"#0"},
				"south":{"uv":[9,11,8.5,11.5],"texture":"#0"},
				"west":{"uv":[8.5,11.5,9,0],"rotation":90,"texture":"#0"},
				"up":{"uv":[9,0,8.5,11.5],"texture":"#0"},
				"down":{"uv":[9,11.5,8.5,0],"texture":"#0"}
			}
		},
		{
			"from":[13,17.4997,0],
			"to":[14,17.9997,0.4142],
			"faces":{
				"north":{"uv":[9,0,8.5,0.5],"texture":"#0","cullface":"up"},
				"east":{"uv":[9,0,8.5,0.5],"texture":"#0","cullface":"up"},
				"west":{"uv":[9,0,8.5,0.5],"texture":"#0","cullface":"up"},
				"up":{"uv":[9,0,8.5,0.5],"texture":"#0","cullface":"up"}
			}
		},
		{
			"from":[12,17,0],
			"to":[13,17.5,0.2071],
			"faces":{
				"north":{"uv":[7.5,0,8,0.5],"texture":"#0","cullface":"up"},
				"west":{"uv":[7.5,0,8,0.5],"texture":"#0","cullface":"up"},
				"up":{"uv":[7.5,0,8,0.5],"texture":"#0","cullface":"up"}
			}
		},
		{
			"from":[12,1.14646,-6.77387],
			"to":[13,1.64646,16.06063],
			"rotation":{"angle":45,"axis":"x","origin":[0,1.14646,15.85353]},
			"faces":{
				"north":{"uv":[8,10.5,8.5,11],"texture":"#0","cullface":"up"},
				"south":{"uv":[8,11,8.5,11.5],"texture":"#0","cullface":"south"},
				"west":{"uv":[8,0,8.5,11],"rotation":270,"texture":"#0"},
				"up":{"uv":[8,0,8.5,11],"texture":"#0"},
				"down":{"uv":[8,0,8.5,11],"rotation":180,"texture":"#0"}
			}
		},
		{
			"from":[3,17,0],
			"to":[4,17.5,0.2071],
			"faces":{
				"north":{"uv":[7.5,0,8,0.5],"texture":"#0","cullface":"up"},
				"east":{"uv":[7.5,0,8,0.5],"texture":"#0","cullface":"up"},
				"up":{"uv":[7.5,0,8,0.5],"texture":"#0","cullface":"up"}
			}
		},
		{
			"from":[3,1.14646,-6.77387],
			"to":[4,1.64646,16.06065],
			"rotation":{"angle":45,"axis":"x","origin":[0,1.14646,15.85353]},
			"faces":{
				"north":{"uv":[7.5,10.5,8,11],"texture":"#0","cullface":"up"},
				"east":{"uv":[7.5,0,8,11.5],"rotation":90,"texture":"#0"},
				"south":{"uv":[7.5,11,8,11.5],"texture":"#0","cullface":"south"},
				"up":{"uv":[7.5,0,8,11.5],"texture":"#0"},
				"down":{"uv":[7.5,0,8,11.5],"rotation":180,"texture":"#0"}
			}
		}
	]
}