{"textures":{"0":"modelengine:entity/criter_foolspence"},"elements":[{"from":[4.5,8.0,9.0],"to":[5.5,8.0,10.0],"faces":{"up":{"uv":[8.5,4.5,8.0,4.0],"tintindex":0,"rotation":0,"texture":"#0"},"down":{"uv":[8.5,4.0,8.0,4.5],"tintindex":0,"rotation":0,"texture":"#0"}}},{"from":[10.5,8.0,11.0],"to":[11.5,8.0,13.0],"faces":{"up":{"uv":[8.5,5.0,8.0,4.0],"tintindex":0,"rotation":0,"texture":"#0"},"down":{"uv":[8.5,4.0,8.0,5.0],"tintindex":0,"rotation":0,"texture":"#0"}}},{"from":[8.5,8.0,12.0],"to":[9.5,8.0,14.0],"faces":{"up":{"uv":[8.5,5.0,8.0,4.0],"tintindex":0,"rotation":0,"texture":"#0"},"down":{"uv":[8.5,4.0,8.0,5.0],"tintindex":0,"rotation":0,"texture":"#0"}}},{"from":[6.5,8.0,12.0],"to":[7.5,8.0,14.0],"faces":{"up":{"uv":[8.5,5.0,8.0,4.0],"tintindex":0,"rotation":0,"texture":"#0"},"down":{"uv":[8.5,4.0,8.0,5.0],"tintindex":0,"rotation":0,"texture":"#0"}}},{"from":[10.5,8.0,9.0],"to":[11.5,8.0,10.0],"faces":{"up":{"uv":[8.5,4.5,8.0,4.0],"tintindex":0,"rotation":0,"texture":"#0"},"down":{"uv":[8.5,4.0,8.0,4.5],"tintindex":0,"rotation":0,"texture":"#0"}}},{"from":[5.5,7.0,7.0],"to":[10.5,9.0,12.0],"faces":{"east":{"uv":[6.5,2.0,9.0,3.0],"tintindex":0,"rotation":0,"texture":"#0"},"south":{"uv":[6.5,2.0,9.0,3.0],"tintindex":0,"rotation":0,"texture":"#0"},"north":{"uv":[6.5,2.0,9.0,3.0],"tintindex":0,"rotation":0,"texture":"#0"},"west":{"uv":[6.5,2.0,9.0,3.0],"tintindex":0,"rotation":0,"texture":"#0"},"up":{"uv":[9.0,0.0,6.5,2.5],"tintindex":0,"rotation":0,"texture":"#0"},"down":{"uv":[5.0,11.0,2.5,13.5],"tintindex":0,"rotation":0,"texture":"#0"}}},{"from":[4.5,8.0,11.0],"to":[5.5,8.0,13.0],"faces":{"up":{"uv":[8.5,5.0,8.0,4.0],"tintindex":0,"rotation":0,"texture":"#0"},"down":{"uv":[8.5,4.0,8.0,5.0],"tintindex":0,"rotation":0,"texture":"#0"}}}],"display":{"gui":{"rotation":[30,225,0]}}}