{"textures":{"0":"modelengine:entity/blowshroom"},"elements":[{"from":[6.0,7.0,6.0],"to":[10.0,11.0,10.0],"faces":{"east":{"uv":[7.5,0.0,8.5,1.25],"tintindex":0,"rotation":0,"texture":"#0"},"south":{"uv":[7.5,0.0,8.5,1.25],"tintindex":0,"rotation":0,"texture":"#0"},"north":{"uv":[7.5,0.0,8.5,1.25],"tintindex":0,"rotation":0,"texture":"#0"},"west":{"uv":[7.5,0.0,8.5,1.25],"tintindex":0,"rotation":0,"texture":"#0"},"down":{"uv":[7.0,13.0,9.0,15.0],"tintindex":0,"rotation":0,"texture":"#0"}}},{"from":[4.0,17.0,4.0],"to":[12.0,19.0,12.0],"faces":{"east":{"uv":[0.0,4.5,2.0,5.0],"tintindex":0,"rotation":0,"texture":"#0"},"south":{"uv":[0.0,4.5,2.0,5.0],"tintindex":0,"rotation":0,"texture":"#0"},"north":{"uv":[0.0,4.5,2.0,5.0],"tintindex":0,"rotation":0,"texture":"#0"},"west":{"uv":[0.0,4.5,2.0,5.0],"tintindex":0,"rotation":0,"texture":"#0"},"up":{"uv":[0.5,0.5,2.5,2.5],"tintindex":0,"rotation":0,"texture":"#0"}}},{"from":[2.0,11.0,2.0],"to":[14.0,17.0,14.0],"faces":{"east":{"uv":[0.0,3.0,3.0,4.5],"tintindex":0,"rotation":0,"texture":"#0"},"south":{"uv":[0.0,3.0,3.0,4.5],"tintindex":0,"rotation":0,"texture":"#0"},"north":{"uv":[0.0,3.0,3.0,4.5],"tintindex":0,"rotation":0,"texture":"#0"},"west":{"uv":[0.0,3.0,3.0,4.5],"tintindex":0,"rotation":0,"texture":"#0"},"up":{"uv":[0.0,0.0,3.0,3.0],"tintindex":0,"rotation":0,"texture":"#0"},"down":{"uv":[7.0,9.0,10.0,12.0],"tintindex":0,"rotation":0,"texture":"#0"}}}],"display":{"gui":{"rotation":[30,225,0]}}}