{
    "providers": [
        {
            "type": "bitmap",
            "file": "happyhud:font/assets/skill_assets/unstable_curative_underlay.png",
            "height": 46,
            "ascent": -213500,
            "chars": [
                "\ue000"
            ]
        },
        {
            "type": "bitmap",
            "file": "happyhud:font/assets/skill_assets/unstable_curative_vertical_bar/vertical/5/1.png",
            "height": 8,
            "ascent": -214500,
            "chars": [
                "\ue001"
            ]
        },
        {
            "type": "bitmap",
            "file": "happyhud:font/assets/skill_assets/unstable_curative_vertical_bar/vertical/5/2.png",
            "height": 17,
            "ascent": -215500,
            "chars": [
                "\ue002"
            ]
        },
        {
            "type": "bitmap",
            "file": "happyhud:font/assets/skill_assets/unstable_curative_vertical_bar/vertical/5/3.png",
            "height": 26,
            "ascent": -216500,
            "chars": [
                "\ue003"
            ]
        },
        {
            "type": "bitmap",
            "file": "happyhud:font/assets/skill_assets/unstable_curative_vertical_bar/vertical/5/4.png",
            "height": 35,
            "ascent": -217500,
            "chars": [
                "\ue004"
            ]
        },
        {
            "type": "bitmap",
            "file": "happyhud:font/assets/skill_assets/unstable_curative_vertical_bar/vertical/5/5.png",
            "height": 44,
            "ascent": -218500,
            "chars": [
                "\ue005"
            ]
        }
    ]
}