{
    "multipart": [
        {
            "apply": {
                "model": "minecraft:block/fence/dark_oak_fence_post"
            }
        },
        {
            "when": {
                "north": "true"
            },
            "apply": {
                "model": "minecraft:block/fence/dark_oak_fence_side"
            }
        },
        {
            "when": {
                "east": "true"
            },
            "apply": {
                "model": "minecraft:block/fence/dark_oak_fence_side",
                "y": 90
            }
        },
        {
            "when": {
                "south": "true"
            },
            "apply": {
                "model": "minecraft:block/fence/dark_oak_fence_side2"
            }
        },
        {
            "when": {
                "west": "true"
            },
            "apply": {
                "model": "minecraft:block/fence/dark_oak_fence_side2",
                "y": 90
            }
        }
    ]
}