{
	"credit": "Made with Blockbench",
	"parent": "block/block",
	"textures": {
		"particle": "#texture"
	},
	"elements": [
		{
			"from": [5, 6, 6],
			"to": [11, 10, 10],
			"faces": {
				"north": {"uv": [1, 1, 7, 5], "texture": "#texture"},
				"east": {"uv": [8, 1, 4, 5], "texture": "#texture"},
				"south": {"uv": [8, 1, 14, 5], "texture": "#texture"},
				"west": {"uv": [4, 1, 8, 5], "texture": "#texture"},
				"up": {"uv": [1, 2, 7, 6], "texture": "#texture"},
				"down": {"uv": [1, 0, 7, 4], "texture": "#texture"}
			}
		}
	]
}