{
"parent":"block/thin_block",
"elements":[
{
"from":[0,0,0],
"to":[16,1,16],
"faces":{
"north":{"uv":[0,15,8,16],"texture":"#0","cullface":"north"},
"east":{"uv":[0,15,8,16],"texture":"#0","cullface":"east"},
"south":{"uv":[0,15,8,16],"texture":"#0","cullface":"south"},
"west":{"uv":[0,15,8,16],"texture":"#0","cullface":"west"},
"up":{"uv":[0,0,8,16],"texture":"#0"},
"down":{"uv":[0,0,8,16],"texture":"#0","cullface":"down"}
}
},
{
"from":[0,1,-1],
"to":[16,1,0],
"rotation":{"angle":-22.5,"axis":"x","origin":[0,1,0]},
"faces":{
"up":{"uv":[8,1,16,0],"texture":"#0","cullface":"north"},
"down":{"uv":[8,1,16,0],"texture":"#0","cullface":"north"}
}
},
{
"from":[0,1,-2],
"to":[1,1,-1],
"rotation":{"angle":-22.5,"axis":"x","origin":[0,1,0]},
"faces":{
"up":{"uv":[15.5,2,16,1],"texture":"#0","cullface":"north"},
"down":{"uv":[15.5,2,16,1],"texture":"#0","cullface":"north"}
}
},
{
"from":[3,1,-2],
"to":[4,1,-1],
"rotation":{"angle":-22.5,"axis":"x","origin":[0,1,0]},
"faces":{
"up":{"uv":[14,2,14.5,1],"texture":"#0","cullface":"north"},
"down":{"uv":[14,2,14.5,1],"texture":"#0","cullface":"north"}
}
},
{
"from":[5,1,-2],
"to":[6,1,-1],
"rotation":{"angle":-22.5,"axis":"x","origin":[0,1,0]},
"faces":{
"up":{"uv":[13,2,13.5,1],"texture":"#0","cullface":"north"},
"down":{"uv":[13,2,13.5,1],"texture":"#0","cullface":"north"}
}
},
{
"from":[8,1,-2],
"to":[9,1,-1],
"rotation":{"angle":-22.5,"axis":"x","origin":[0,1,0]},
"faces":{
"up":{"uv":[11.5,2,12,1],"texture":"#0","cullface":"north"},
"down":{"uv":[11.5,2,12,1],"texture":"#0","cullface":"north"}
}
},
{
"from":[10,1,-2],
"to":[11,1,-1],
"rotation":{"angle":-22.5,"axis":"x","origin":[0,1,0]},
"faces":{
"up":{"uv":[10.5,2,11,1],"texture":"#0","cullface":"north"},
"down":{"uv":[10.5,2,11,1],"texture":"#0","cullface":"north"}
}
},
{
"from":[15,1,-2],
"to":[16,1,-1],
"rotation":{"angle":-22.5,"axis":"x","origin":[0,1,0]},
"faces":{
"up":{"uv":[8,2,8.5,1],"texture":"#0","cullface":"north"},
"down":{"uv":[8,2,8.5,1],"texture":"#0","cullface":"north"}
}
},
{
"from":[13,1,-2],
"to":[14,1,-1],
"rotation":{"angle":-22.5,"axis":"x","origin":[0,1,0]},
"faces":{
"up":{"uv":[9,2,9.5,1],"texture":"#0","cullface":"north"},
"down":{"uv":[9,2,9.5,1],"texture":"#0","cullface":"north"}
}
},
{
"from":[0,1,16],
"to":[16,1,17],
"rotation":{"angle":22.5,"axis":"x","origin":[0,1,16]},
"faces":{
"up":{"uv":[8,0,16,1],"texture":"#0","cullface":"south"},
"down":{"uv":[8,0,16,1],"texture":"#0","cullface":"south"}
}
},
{
"from":[0,1,17],
"to":[1,1,18],
"rotation":{"angle":22.5,"axis":"x","origin":[0,1,16]},
"faces":{
"up":{"uv":[15.5,1,16,2],"texture":"#0","cullface":"south"},
"down":{"uv":[15.5,1,16,2],"texture":"#0","cullface":"south"}
}
},
{
"from":[3,1,17],
"to":[4,1,18],
"rotation":{"angle":22.5,"axis":"x","origin":[0,1,16]},
"faces":{
"up":{"uv":[14,1,14.5,2],"texture":"#0","cullface":"south"},
"down":{"uv":[14,1,14.5,2],"texture":"#0","cullface":"south"}
}
},
{
"from":[5,1,17],
"to":[6,1,18],
"rotation":{"angle":22.5,"axis":"x","origin":[0,1,16]},
"faces":{
"up":{"uv":[13,1,13.5,2],"texture":"#0","cullface":"south"},
"down":{"uv":[13,1,13.5,2],"texture":"#0","cullface":"south"}
}
},
{
"from":[8,1,17],
"to":[9,1,18],
"rotation":{"angle":22.5,"axis":"x","origin":[0,1,16]},
"faces":{
"up":{"uv":[11.5,1,12,2],"texture":"#0","cullface":"south"},
"down":{"uv":[11.5,1,12,2],"texture":"#0","cullface":"south"}
}
},
{
"from":[10,1,17],
"to":[11,1,18],
"rotation":{"angle":22.5,"axis":"x","origin":[0,1,16]},
"faces":{
"up":{"uv":[10.5,1,11,2],"texture":"#0","cullface":"south"},
"down":{"uv":[10.5,1,11,2],"texture":"#0","cullface":"south"}
}
},
{
"from":[13,1,17],
"to":[14,1,18],
"rotation":{"angle":22.5,"axis":"x","origin":[0,1,16]},
"faces":{
"up":{"uv":[9,1,9.5,2],"texture":"#0","cullface":"south"},
"down":{"uv":[9,1,9.5,2],"texture":"#0","cullface":"south"}
}
},
{
"from":[15,1,17],
"to":[16,1,18],
"rotation":{"angle":22.5,"axis":"x","origin":[0,1,16]},
"faces":{
"up":{"uv":[8,1,8.5,2],"texture":"#0","cullface":"south"},
"down":{"uv":[8,1,8.5,2],"texture":"#0","cullface":"south"}
}
},
{
"from":[16,1,0],
"to":[17,1,16],
"rotation":{"angle":-22.5,"axis":"z","origin":[16,1,0]},
"faces":{
"up":{"uv":[8,1,16,0],"rotation":90,"texture":"#0","cullface":"east"},
"down":{"uv":[8,1,16,0],"rotation":270,"texture":"#0","cullface":"east"}
}
},
{
"from":[17,1,0],
"to":[18,1,1],
"rotation":{"angle":-22.5,"axis":"z","origin":[16,1,0]},
"faces":{
"up":{"uv":[15.5,2,16,1],"rotation":90,"texture":"#0","cullface":"east"},
"down":{"uv":[15.5,2,16,1],"rotation":270,"texture":"#0","cullface":"east"}
}
},
{
"from":[17,1,3],
"to":[18,1,4],
"rotation":{"angle":-22.5,"axis":"z","origin":[16,1,0]},
"faces":{
"up":{"uv":[14,2,14.5,1],"rotation":90,"texture":"#0","cullface":"east"},
"down":{"uv":[14,2,14.5,1],"rotation":270,"texture":"#0","cullface":"east"}
}
},
{
"from":[17,1,5],
"to":[18,1,6],
"rotation":{"angle":-22.5,"axis":"z","origin":[16,1,0]},
"faces":{
"up":{"uv":[13,2,13.5,1],"rotation":90,"texture":"#0","cullface":"east"},
"down":{"uv":[13,2,13.5,1],"rotation":270,"texture":"#0","cullface":"east"}
}
},
{
"from":[17,1,8],
"to":[18,1,9],
"rotation":{"angle":-22.5,"axis":"z","origin":[16,1,0]},
"faces":{
"up":{"uv":[11.5,2,12,1],"rotation":90,"texture":"#0","cullface":"east"},
"down":{"uv":[11.5,2,12,1],"rotation":270,"texture":"#0","cullface":"east"}
}
},
{
"from":[17,1,10],
"to":[18,1,11],
"rotation":{"angle":-22.5,"axis":"z","origin":[16,1,0]},
"faces":{
"up":{"uv":[10.5,2,11,1],"rotation":90,"texture":"#0","cullface":"east"},
"down":{"uv":[10.5,2,11,1],"rotation":270,"texture":"#0","cullface":"east"}
}
},
{
"from":[17,1,13],
"to":[18,1,14],
"rotation":{"angle":-22.5,"axis":"z","origin":[16,1,0]},
"faces":{
"up":{"uv":[9,2,9.5,1],"rotation":90,"texture":"#0","cullface":"east"},
"down":{"uv":[9,2,9.5,1],"rotation":270,"texture":"#0","cullface":"east"}
}
},
{
"from":[17,1,15],
"to":[18,1,16],
"rotation":{"angle":-22.5,"axis":"z","origin":[16,1,0]},
"faces":{
"up":{"uv":[8,2,8.5,1],"rotation":90,"texture":"#0","cullface":"east"},
"down":{"uv":[8,2,8.5,1],"rotation":270,"texture":"#0","cullface":"east"}
}
},
{
"from":[-2,1,0],
"to":[-1,1,1],
"rotation":{"angle":22.5,"axis":"z","origin":[0,1,0]},
"faces":{
"up":{"uv":[15.5,1,16,2],"rotation":90,"texture":"#0","cullface":"west"},
"down":{"uv":[15.5,1,16,2],"rotation":270,"texture":"#0","cullface":"west"}
}
},
{
"from":[-1,1,0],
"to":[0,1,16],
"rotation":{"angle":22.5,"axis":"z","origin":[0,1,0]},
"faces":{
"up":{"uv":[8,0,16,1],"rotation":90,"texture":"#0","cullface":"west"},
"down":{"uv":[8,0,16,1],"rotation":270,"texture":"#0","cullface":"west"}
}
},
{
"from":[-2,1,3],
"to":[-1,1,4],
"rotation":{"angle":22.5,"axis":"z","origin":[0,1,0]},
"faces":{
"up":{"uv":[14,1,14.5,2],"rotation":90,"texture":"#0","cullface":"west"},
"down":{"uv":[14,1,14.5,2],"rotation":270,"texture":"#0","cullface":"west"}
}
},
{
"from":[-2,1,5],
"to":[-1,1,6],
"rotation":{"angle":22.5,"axis":"z","origin":[0,1,0]},
"faces":{
"up":{"uv":[13,1,13.5,2],"rotation":90,"texture":"#0","cullface":"west"},
"down":{"uv":[13,1,13.5,2],"rotation":270,"texture":"#0","cullface":"west"}
}
},
{
"from":[-2,1,8],
"to":[-1,1,9],
"rotation":{"angle":22.5,"axis":"z","origin":[0,1,0]},
"faces":{
"up":{"uv":[11.5,1,12,2],"rotation":90,"texture":"#0","cullface":"west"},
"down":{"uv":[11.5,1,12,2],"rotation":270,"texture":"#0","cullface":"west"}
}
},
{
"from":[-2,1,10],
"to":[-1,1,11],
"rotation":{"angle":22.5,"axis":"z","origin":[0,1,0]},
"faces":{
"up":{"uv":[10.5,1,11,2],"rotation":90,"texture":"#0","cullface":"west"},
"down":{"uv":[10.5,1,11,2],"rotation":270,"texture":"#0","cullface":"west"}
}
},
{
"from":[-2,1,13],
"to":[-1,1,14],
"rotation":{"angle":22.5,"axis":"z","origin":[0,1,0]},
"faces":{
"up":{"uv":[9,1,9.5,2],"rotation":90,"texture":"#0","cullface":"west"},
"down":{"uv":[9,1,9.5,2],"rotation":270,"texture":"#0","cullface":"west"}
}
},
{
"from":[-2,1,15],
"to":[-1,1,16],
"rotation":{"angle":22.5,"axis":"z","origin":[0,1,0]},
"faces":{
"up":{"uv":[8,1,8.5,2],"rotation":90,"texture":"#0","cullface":"west"},
"down":{"uv":[8,1,8.5,2],"rotation":270,"texture":"#0","cullface":"west"}
}
}
]
}