{
"textures":{
"2":"block/iron_door_top_side",
"3":"block/iron_door_bottom_side",
"particle":"block/iron_trapdoor",
"texture":"block/iron_trapdoor"
},
"elements":[
{
"from":[0,0,13],
"to":[16,3,16],
"faces":{
"north":{"uv":[16,16,0,13],"rotation":180,"texture":"#texture"},
"east":{"uv":[3,16,0,13],"rotation":180,"texture":"#3","cullface":"east"},
"south":{"uv":[0,13,16,16],"texture":"#texture","cullface":"south"},
"west":{"uv":[3,16,0,13],"rotation":180,"texture":"#3","cullface":"west"},
"up":{"uv":[6,0,3,16],"rotation":90,"texture":"#2"},
"down":{"uv":[16,0,13,16],"rotation":90,"texture":"#2","cullface":"down"}
}
},
{
"from":[0,13,13],
"to":[16,16,16],
"faces":{
"north":{"uv":[16,3,0,0],"rotation":180,"texture":"#texture"},
"east":{"uv":[3,3,0,0],"rotation":180,"texture":"#2","cullface":"east"},
"south":{"uv":[0,0,16,3],"texture":"#texture","cullface":"south"},
"west":{"uv":[3,3,0,0],"rotation":180,"texture":"#2","cullface":"west"},
"up":{"uv":[6,0,3,16],"rotation":270,"texture":"#2","cullface":"up"},
"down":{"uv":[16,0,13,16],"rotation":90,"texture":"#2"}
}
},
{
"from":[0,3,13],
"to":[3,13,16],
"faces":{
"north":{"uv":[16,13,13,3],"rotation":180,"texture":"#texture"},
"east":{"uv":[3,3,0,13],"texture":"#texture"},
"south":{"uv":[0,3,3,13],"texture":"#texture","cullface":"south"},
"west":{"uv":[13,13,16,3],"rotation":180,"texture":"#texture","cullface":"west"}
}
},
{
"from":[13,3,13],
"to":[16,13,16],
"faces":{
"north":{"uv":[3,13,0,3],"rotation":180,"texture":"#texture"},
"east":{"uv":[16,3,13,13],"texture":"#texture","cullface":"east"},
"south":{"uv":[13,3,16,13],"texture":"#texture","cullface":"south"},
"west":{"uv":[0,13,3,3],"rotation":180,"texture":"#texture"}
}
},
{
"from":[5,3,14],
"to":[7,13,15],
"faces":{
"north":{"uv":[11,13,9,3],"rotation":180,"texture":"#texture"},
"east":{"uv":[6,13,7,3],"texture":"#texture"},
"south":{"uv":[5,3,7,13],"texture":"#texture"},
"west":{"uv":[5,13,6,3],"rotation":180,"texture":"#texture"}
}
},
{
"from":[3,7,14],
"to":[13,9,15],
"faces":{
"north":{"uv":[13,9,3,7],"rotation":180,"texture":"#texture"},
"south":{"uv":[3,7,13,9],"texture":"#texture"},
"up":{"uv":[3,7,13,8],"rotation":180,"texture":"#texture"},
"down":{"uv":[3,8,13,9],"texture":"#texture"}
}
},
{
"from":[9,3,14],
"to":[11,13,15],
"faces":{
"north":{"uv":[7,13,5,3],"rotation":180,"texture":"#texture"},
"east":{"uv":[10,13,11,3],"texture":"#texture"},
"south":{"uv":[9,3,11,13],"texture":"#texture"},
"west":{"uv":[9,13,10,3],"rotation":180,"texture":"#texture"}
}
}
]
}