{"textures":{"0":"modelengine:entity/chromafire_rain_gold"},"elements":[{"from":[8.0125,7.75,6.5],"to":[7.9875,20.25,9.5],"faces":{"east":{"uv":[13.0,0.0,16.0,12.5],"tintindex":0,"rotation":0,"texture":"#0"},"south":{"uv":[15.5,15.5,16.0,16.0],"tintindex":0,"rotation":0,"texture":"#0"},"north":{"uv":[15.5,15.5,16.0,16.0],"tintindex":0,"rotation":0,"texture":"#0"},"west":{"uv":[13.0,0.0,16.0,12.5],"tintindex":0,"rotation":0,"texture":"#0"},"up":{"uv":[15.5,15.5,16.0,16.0],"tintindex":0,"rotation":0,"texture":"#0"},"down":{"uv":[15.5,15.5,16.0,16.0],"tintindex":0,"rotation":0,"texture":"#0"}}},{"from":[8.0,8.0,6.75],"to":[8.0,20.0,9.25],"faces":{"east":{"uv":[0.0,0.0,2.5,12.0],"tintindex":0,"rotation":0,"texture":"#0"},"west":{"uv":[2.5,0.0,0.0,12.0],"tintindex":0,"rotation":0,"texture":"#0"}}}],"display":{"gui":{"rotation":[30,225,0]}}}