{
    "credit": "Made with Blockbench",
    "textures": {
        "1": "lumenshard/daring_lock_and_load_muzzle_flash_7",
        "particle": "lumenshard/daring_lock_and_load_muzzle_flash_7",
        "0": "lumenshard/daring_lock_and_load_muzzle_flash_7"
    },
    "elements": [
        {
            "from": [
                -2.925,
                7.9,
                -4.875
            ],
            "to": [
                21.075,
                8,
                19.125
            ],
            "rotation": {
                "angle": 0,
                "axis": "y",
                "origin": [
                    12,
                    0.05,
                    12
                ]
            },
            "faces": {
                "up": {
                    "uv": [
                        0,
                        0,
                        16,
                        16
                    ],
                    "rotation": 270,
                    "texture": "#1",
                    "tintindex": 0
                },
                "down": {
                    "uv": [
                        16,
                        0,
                        0,
                        16
                    ],
                    "rotation": 270,
                    "texture": "#1",
                    "tintindex": 0
                }
            }
        },
        {
            "from": [
                9.025,
                -4.05,
                -4.875
            ],
            "to": [
                9.125,
                19.95,
                19.125
            ],
            "rotation": {
                "angle": 0,
                "axis": "z",
                "origin": [
                    9.075,
                    7.95,
                    7.125
                ]
            },
            "faces": {
                "east": {
                    "uv": [
                        0,
                        0,
                        16,
                        16
                    ],
                    "texture": "#1",
                    "tintindex": 0
                },
                "west": {
                    "uv": [
                        16,
                        0,
                        0,
                        16
                    ],
                    "texture": "#1",
                    "tintindex": 0
                }
            }
        }
    ],
    "display": {
        "thirdperson_righthand": {
            "rotation": [
                -111.25,
                0,
                90
            ],
            "translation": [
                -21.5,
                5,
                1.75
            ],
            "scale": [
                1.21,
                1.21,
                1.21
            ]
        },
        "thirdperson_lefthand": {
            "rotation": [
                0,
                89,
                0
            ],
            "translation": [
                1.25,
                5,
                1.75
            ],
            "scale": [
                1.35,
                1.35,
                1.35
            ]
        },
        "firstperson_righthand": {
            "rotation": [
                -178.57,
                16.11,
                -61.82
            ],
            "translation": [
                18.25,
                3.25,
                -23.25
            ],
            "scale": [
                0.86,
                0.86,
                0.86
            ]
        },
        "firstperson_lefthand": {
            "rotation": [
                -26,
                -83,
                0
            ],
            "translation": [
                0,
                2,
                0
            ],
            "scale": [
                1.37,
                1.37,
                1.37
            ]
        },
        "ground": {
            "translation": [
                0,
                13,
                0
            ],
            "scale": [
                1.84,
                1.84,
                1.84
            ]
        },
        "gui": {
            "rotation": [
                0,
                0,
                -45
            ],
            "translation": [
                -1.25,
                -1,
                0
            ],
            "scale": [
                1.1,
                1.1,
                1.1
            ]
        },
        "head": {
            "rotation": [
                0,
                180,
                90
            ],
            "translation": [
                0.25,
                -18,
                -1
            ],
            "scale": [
                1.92,
                1.92,
                1.92
            ]
        },
        "fixed": {
            "rotation": [
                0,
                0,
                45
            ],
            "translation": [
                1,
                -1,
                0
            ],
            "scale": [
                1.45,
                1.45,
                1.45
            ]
        }
    },
    "groups": [
        {
            "name": "IceSword",
            "origin": [
                0,
                14,
                0
            ],
            "color": 0,
            "children": [
                0,
                1
            ]
        }
    ]
}