{"textures":{"0":"modelengine:entity/anchorworm"},"elements":[{"from":[7.5,6.7,8.0],"to":[8.5,6.7,15.0],"faces":{"up":{"uv":[5.5,0.0,6.0,3.5],"tintindex":0,"rotation":0,"texture":"#0"},"down":{"uv":[5.5,0.0,6.0,3.5],"tintindex":0,"rotation":0,"texture":"#0"}}},{"from":[7.5,7.3,12.0],"to":[8.5,8.3,15.0],"faces":{"east":{"uv":[5.0,1.5,5.5,3.0],"tintindex":0,"rotation":90,"texture":"#0"},"north":{"uv":[5.0,1.5,5.5,2.0],"tintindex":0,"rotation":0,"texture":"#0"},"west":{"uv":[5.0,1.5,5.5,3.0],"tintindex":0,"rotation":90,"texture":"#0"},"up":{"uv":[5.0,1.5,5.5,3.0],"tintindex":0,"rotation":0,"texture":"#0"},"down":{"uv":[5.0,1.5,5.5,3.0],"tintindex":0,"rotation":0,"texture":"#0"}}},{"from":[7.5,7.5,8.0],"to":[8.5,8.5,12.0],"faces":{"east":{"uv":[5.0,0.0,5.5,2.0],"tintindex":0,"rotation":90,"texture":"#0"},"south":{"uv":[5.0,0.0,5.5,0.5],"tintindex":0,"rotation":0,"texture":"#0"},"west":{"uv":[5.0,0.0,5.5,2.0],"tintindex":0,"rotation":90,"texture":"#0"},"up":{"uv":[5.0,0.0,5.5,2.0],"tintindex":0,"rotation":0,"texture":"#0"},"down":{"uv":[5.0,0.0,5.5,2.0],"tintindex":0,"rotation":0,"texture":"#0"}}},{"from":[8.49,7.0,8.700001],"to":[9.39,8.6,14.700001],"faces":{"east":{"uv":[5.0,7.0,5.8,4.0],"tintindex":0,"rotation":90,"texture":"#0"},"south":{"uv":[5.5,4.0,5.95,4.8],"tintindex":0,"rotation":0,"texture":"#0"},"north":{"uv":[5.0,4.8,5.45,4.0],"tintindex":0,"rotation":0,"texture":"#0"},"west":{"uv":[5.0,4.0,5.8,7.0],"tintindex":0,"rotation":90,"texture":"#0"},"up":{"uv":[5.0,7.0,5.45,4.0],"tintindex":0,"rotation":0,"texture":"#0"},"down":{"uv":[5.5,4.0,5.95,7.0],"tintindex":0,"rotation":0,"texture":"#0"}}},{"from":[6.5,6.5,8.0],"to":[9.5,9.5,15.0],"faces":{"east":{"uv":[1.5,5.5,3.0,9.0],"tintindex":0,"rotation":90,"texture":"#0"},"south":{"uv":[2.0,4.0,3.5,5.5],"tintindex":0,"rotation":0,"texture":"#0"},"west":{"uv":[1.5,5.5,3.0,9.0],"tintindex":0,"rotation":90,"texture":"#0"},"up":{"uv":[0.0,5.5,1.5,9.0],"tintindex":0,"rotation":0,"texture":"#0"},"down":{"uv":[3.0,5.5,4.5,9.0],"tintindex":0,"rotation":0,"texture":"#0"}}},{"from":[6.61,7.0,8.700001],"to":[7.51,8.6,14.700001],"faces":{"east":{"uv":[5.0,4.0,5.8,7.0],"tintindex":0,"rotation":90,"texture":"#0"},"south":{"uv":[5.5,4.0,5.95,4.8],"tintindex":0,"rotation":0,"texture":"#0"},"north":{"uv":[5.0,4.0,5.45,4.8],"tintindex":0,"rotation":180,"texture":"#0"},"west":{"uv":[5.0,4.0,5.8,7.0],"tintindex":0,"rotation":90,"texture":"#0"},"up":{"uv":[5.0,7.0,5.45,4.0],"tintindex":0,"rotation":0,"texture":"#0"},"down":{"uv":[5.5,4.0,5.95,7.0],"tintindex":0,"rotation":0,"texture":"#0"}}}],"display":{"gui":{"rotation":[30,225,0]}}}