{"textures":{"0":"modelengine:entity/chest_ancient_small"},"elements":[{"from":[14.49,9.99,5.99],"to":[15.51,16.01,10.01],"faces":{"east":{"uv":[13.0,0.0,15.0,3.0],"tintindex":0,"rotation":0,"texture":"#0"},"south":{"uv":[13.0,0.0,13.5,3.0],"tintindex":0,"rotation":0,"texture":"#0"},"north":{"uv":[13.0,0.0,13.5,3.0],"tintindex":0,"rotation":0,"texture":"#0"},"west":{"uv":[13.0,0.0,15.0,3.0],"tintindex":0,"rotation":0,"texture":"#0"},"up":{"uv":[13.0,0.0,13.5,2.0],"tintindex":0,"rotation":0,"texture":"#0"},"down":{"uv":[13.0,0.0,13.5,2.0],"tintindex":0,"rotation":0,"texture":"#0"}}},{"from":[-0.01,7.99,0.99],"to":[16.01,10.01,15.01],"faces":{"east":{"uv":[0.0,10.0,7.0,11.0],"tintindex":0,"rotation":0,"texture":"#0"},"south":{"uv":[0.0,10.0,8.0,11.0],"tintindex":0,"rotation":0,"texture":"#0"},"north":{"uv":[0.0,10.0,8.0,11.0],"tintindex":0,"rotation":0,"texture":"#0"},"west":{"uv":[0.0,10.0,7.0,11.0],"tintindex":0,"rotation":0,"texture":"#0"},"up":{"uv":[0.0,3.5,8.0,10.5],"tintindex":0,"rotation":0,"texture":"#0"},"down":{"uv":[0.0,3.5,8.0,10.5],"tintindex":0,"rotation":0,"texture":"#0"}}},{"from":[0.49,9.99,5.99],"to":[1.51,16.01,10.01],"faces":{"east":{"uv":[13.0,0.0,15.0,3.0],"tintindex":0,"rotation":0,"texture":"#0"},"south":{"uv":[13.0,0.0,13.5,3.0],"tintindex":0,"rotation":0,"texture":"#0"},"north":{"uv":[13.0,0.0,13.5,3.0],"tintindex":0,"rotation":0,"texture":"#0"},"west":{"uv":[13.0,0.0,15.0,3.0],"tintindex":0,"rotation":0,"texture":"#0"},"up":{"uv":[13.0,0.0,13.5,2.0],"tintindex":0,"rotation":0,"texture":"#0"},"down":{"uv":[13.0,0.0,13.5,2.0],"tintindex":0,"rotation":0,"texture":"#0"}}},{"from":[0.99,9.99,1.99],"to":[15.01,17.01,14.01],"faces":{"east":{"uv":[7.0,0.0,13.0,3.5],"tintindex":0,"rotation":0,"texture":"#0"},"south":{"uv":[0.0,0.0,7.0,3.5],"tintindex":0,"rotation":0,"texture":"#0"},"north":{"uv":[0.0,0.0,7.0,3.5],"tintindex":0,"rotation":0,"texture":"#0"},"west":{"uv":[7.0,0.0,13.0,3.5],"tintindex":0,"rotation":0,"texture":"#0"},"up":{"uv":[0.5,4.0,7.5,10.0],"tintindex":0,"rotation":0,"texture":"#0"}}}],"display":{"gui":{"rotation":[30,225,0]}}}