{"textures":{"0":"modelengine:entity/chest_ancient_small"},"elements":[{"from":[5.0,7.7024355,-7.4876356],"to":[9.0,13.102435,-3.4876356],"faces":{"east":{"uv":[13.5,4.5,15.0,6.0],"tintindex":0,"rotation":0,"texture":"#0"},"north":{"uv":[5.0,11.5,7.0,14.0],"tintindex":0,"rotation":0,"texture":"#0"},"west":{"uv":[13.5,4.5,14.0,6.0],"tintindex":0,"rotation":0,"texture":"#0"}},"rotation":{"origin":[9.0,-10.297565,-0.4876356],"angle":22.5,"axis":"x"}},{"from":[4.99,8.99,1.99],"to":[9.01,14.01,14.945001],"faces":{"east":{"uv":[0.0,0.0,6.5,2.5],"tintindex":0,"rotation":0,"texture":"#0"},"south":{"uv":[5.0,0.0,7.0,2.5],"tintindex":0,"rotation":0,"texture":"#0"},"north":{"uv":[0.0,0.0,2.0,2.5],"tintindex":0,"rotation":0,"texture":"#0"},"west":{"uv":[0.0,1.5,6.5,4.0],"tintindex":0,"rotation":0,"texture":"#0"},"up":{"uv":[0.0,0.0,6.5,2.0],"tintindex":0,"rotation":90,"texture":"#0"},"down":{"uv":[0.0,0.0,6.5,2.0],"tintindex":0,"rotation":90,"texture":"#0"}}},{"from":[4.99,7.001051,-0.07649017],"to":[9.01,9.021051,14.94351],"faces":{"east":{"uv":[0.0,0.0,7.5,1.0],"tintindex":0,"rotation":0,"texture":"#0"},"south":{"uv":[5.0,2.5,7.0,3.5],"tintindex":0,"rotation":0,"texture":"#0"},"north":{"uv":[5.0,13.0,7.0,14.0],"tintindex":0,"rotation":0,"texture":"#0"},"west":{"uv":[8.0,3.5,0.5,4.5],"tintindex":0,"rotation":0,"texture":"#0"},"up":{"uv":[0.0,9.5,7.5,11.5],"tintindex":0,"rotation":90,"texture":"#0"},"down":{"uv":[0.0,9.5,7.5,11.5],"tintindex":0,"rotation":90,"texture":"#0"}}}],"display":{"gui":{"rotation":[30,225,0]}}}