{"textures":{"0":"modelengine:entity/crates_and_barrels"},"elements":[{"from":[1.0,9.0,4.0],"to":[15.0,14.0,12.0],"faces":{"east":{"uv":[8.125,1.25,7.125,1.875],"tintindex":0,"rotation":0,"texture":"#0"},"south":{"uv":[5.375,1.875,7.125,1.25],"tintindex":0,"rotation":0,"texture":"#0"},"north":{"uv":[5.375,1.25,7.125,1.875],"tintindex":0,"rotation":0,"texture":"#0"},"west":{"uv":[7.125,1.25,8.125,1.875],"tintindex":0,"rotation":0,"texture":"#0"},"up":{"uv":[3.0,2.375,4.75,3.375],"tintindex":0,"rotation":0,"texture":"#0"},"down":{"uv":[3.0,2.375,4.75,3.375],"tintindex":0,"rotation":0,"texture":"#0"}}},{"from":[14.0,14.0,11.0],"to":[2.0,13.0,5.0],"faces":{"east":{"uv":[9.25,1.625,8.5,1.75],"tintindex":0,"rotation":0,"texture":"#0"},"south":{"uv":[9.25,0.125,9.375,1.625],"tintindex":0,"rotation":90,"texture":"#0"},"north":{"uv":[8.375,0.125,8.5,1.625],"tintindex":0,"rotation":90,"texture":"#0"},"west":{"uv":[8.5,0.0,9.25,0.125],"tintindex":0,"rotation":0,"texture":"#0"},"up":{"uv":[8.5,0.125,9.25,1.625],"tintindex":0,"rotation":90,"texture":"#0"}}},{"from":[2.0,8.0,5.0],"to":[14.0,9.0,11.0],"faces":{"east":{"uv":[5.875,1.25,6.875,1.375],"tintindex":0,"rotation":0,"texture":"#0"},"south":{"uv":[5.5,1.25,7.0,1.375],"tintindex":0,"rotation":0,"texture":"#0"},"north":{"uv":[5.5,1.25,7.0,1.375],"tintindex":0,"rotation":0,"texture":"#0"},"west":{"uv":[5.875,1.25,6.875,1.375],"tintindex":0,"rotation":0,"texture":"#0"},"up":{"uv":[1.5,2.625,3.0,3.625],"tintindex":0,"rotation":0,"texture":"#0"},"down":{"uv":[1.5,2.625,3.0,3.625],"tintindex":0,"rotation":0,"texture":"#0"}}}],"display":{"gui":{"rotation":[30,225,0]}}}