{"textures":{"0":"modelengine:entity/crates_and_barrels"},"elements":[{"from":[2.0,8.0,0.0],"to":[14.0,10.0,8.0],"faces":{"east":{"uv":[3.0,0.75,3.25,1.75],"tintindex":0,"rotation":90,"texture":"#0"},"south":{"uv":[6.875,1.0,8.375,1.25],"tintindex":0,"rotation":0,"texture":"#0"},"north":{"uv":[6.875,1.0,8.375,1.25],"tintindex":0,"rotation":0,"texture":"#0"},"west":{"uv":[5.0,0.0,5.25,1.0],"tintindex":0,"rotation":90,"texture":"#0"},"up":{"uv":[6.875,0.0,8.375,1.0],"tintindex":0,"rotation":0,"texture":"#0"},"down":{"uv":[6.875,0.0,8.375,1.0],"tintindex":0,"rotation":0,"texture":"#0"}}},{"from":[7.0,6.0,-1.0],"to":[9.0,9.0,0.0],"faces":{"east":{"uv":[1.0,0.0,1.125,0.375],"tintindex":0,"rotation":0,"texture":"#0"},"south":{"uv":[1.0,0.0,1.25,0.375],"tintindex":0,"rotation":0,"texture":"#0"},"north":{"uv":[1.0,0.0,1.25,0.375],"tintindex":0,"rotation":0,"texture":"#0"},"west":{"uv":[1.75,0.0,1.875,0.375],"tintindex":0,"rotation":0,"texture":"#0"},"up":{"uv":[1.0,0.0,1.25,0.125],"tintindex":0,"rotation":0,"texture":"#0"},"down":{"uv":[1.0,0.0,1.25,0.125],"tintindex":0,"rotation":0,"texture":"#0"}}}],"display":{"gui":{"rotation":[30,225,0]}}}