{
	"textures":{
		"0":"block/ladder",
		"particle":"block/ladder"
	},
	"elements":[
		{
			"from":[1,0,15],
			"to":[3,16,16],
			"faces":{
				"north":{"uv":[8,0,10,16],"texture":"#0"},
				"east":{"uv":[8,0,9,16],"texture":"#0"},
				"south":{"uv":[10,0,8,16],"texture":"#0","cullface":"south"},
				"west":{"uv":[9,0,10,16],"texture":"#0"},
				"up":{"uv":[10,0,8,1],"texture":"#0","cullface":"up"},
				"down":{"uv":[10,15,8,16],"texture":"#0","cullface":"down"}
			}
		},
		{
			"from":[13,0,15],
			"to":[15,16,16],
			"faces":{
				"north":{"uv":[6,0,8,16],"texture":"#0"},
				"east":{"uv":[6,0,7,16],"texture":"#0"},
				"south":{"uv":[8,0,6,16],"texture":"#0","cullface":"south"},
				"west":{"uv":[7,0,8,16],"texture":"#0"},
				"up":{"uv":[8,0,6,1],"texture":"#0","cullface":"up"},
				"down":{"uv":[8,15,6,16],"texture":"#0","cullface":"down"}
			}
		},
		{
			"from":[0,3,14],
			"to":[16,6,15],
			"faces":{
				"north":{"uv":[13,0,16,16],"rotation":90,"texture":"#0"},
				"east":{"uv":[13,15,16,16],"rotation":90,"texture":"#0","cullface":"east"},
				"south":{"uv":[13,16,16,0],"rotation":90,"texture":"#0"},
				"west":{"uv":[13,0,16,1],"rotation":90,"texture":"#0","cullface":"west"},
				"up":{"uv":[13,0,14,16],"rotation":90,"texture":"#0"},
				"down":{"uv":[15,16,16,0],"rotation":90,"texture":"#0"}
			}
		},
		{
			"from":[0,11,14],
			"to":[16,14,15],
			"faces":{
				"north":{"uv":[10,0,13,16],"rotation":90,"texture":"#0"},
				"east":{"uv":[10,15,13,16],"rotation":90,"texture":"#0","cullface":"east"},
				"south":{"uv":[10,16,13,0],"rotation":90,"texture":"#0"},
				"west":{"uv":[10,0,13,1],"rotation":90,"texture":"#0","cullface":"west"},
				"up":{"uv":[10,0,11,16],"rotation":90,"texture":"#0"},
				"down":{"uv":[12,16,13,0],"rotation":90,"texture":"#0"}
			}
		}
	]
}