{
	"ambientocclusion":false,
	"textures":{
		"0":"block/rail_powered_on",
		"particle":"item/rail_powered"
	},
	"elements":[
		{
			"from":[1,0,1],
			"to":[15,1,3],
			"faces":{
				"north":{"uv":[7,0,0,0.5],"texture":"#0"},
				"east":{"uv":[6.5,0,7,1],"rotation":90,"texture":"#0"},
				"south":{"uv":[0,0.5,7,1],"texture":"#0"},
				"west":{"uv":[0,1,0.5,0],"rotation":90,"texture":"#0"},
				"up":{"uv":[0,0,7,1],"texture":"#0"},
				"down":{"uv":[0,1,7,0],"texture":"#0"}
			}
		},
		{
			"from":[1,0,5],
			"to":[15,1,7],
			"faces":{
				"north":{"uv":[7,1,0,1.5],"texture":"#0"},
				"east":{"uv":[6.5,1,7,2],"rotation":90,"texture":"#0"},
				"south":{"uv":[0,1.5,7,2],"texture":"#0"},
				"west":{"uv":[0,2,0.5,1],"rotation":90,"texture":"#0"},
				"up":{"uv":[0,1,7,2],"texture":"#0"},
				"down":{"uv":[0,2,7,1],"texture":"#0"}
			}
		},
		{
			"from":[1,0,9],
			"to":[15,1,11],
			"faces":{
				"north":{"uv":[7,3,0,3.5],"texture":"#0"},
				"east":{"uv":[6.5,3,7,4],"rotation":90,"texture":"#0"},
				"south":{"uv":[0,3.5,7,4],"texture":"#0"},
				"west":{"uv":[0,4,0.5,3],"rotation":90,"texture":"#0"},
				"up":{"uv":[0,3,7,4],"texture":"#0"},
				"down":{"uv":[0,4,7,3],"texture":"#0"}
			}
		},
		{
			"from":[1,0,13],
			"to":[15,1,15],
			"faces":{
				"north":{"uv":[7,4,0,4.5],"texture":"#0"},
				"east":{"uv":[6.5,4,7,5],"rotation":90,"texture":"#0"},
				"south":{"uv":[0,4.5,7,5],"texture":"#0"},
				"west":{"uv":[0,5,0.5,4],"rotation":90,"texture":"#0"},
				"up":{"uv":[0,4,7,5],"texture":"#0"},
				"down":{"uv":[0,5,7,4],"texture":"#0"}
			}
		},
		{
			"from":[2,0.997,0],
			"to":[3,1.997,16],
			"faces":{
				"north":{"uv":[9,0,9.5,0.5],"texture":"#0"},
				"east":{"uv":[9,0,9.5,8],"rotation":90,"texture":"#0"},
				"south":{"uv":[9,7.5,9.5,8],"texture":"#0"},
				"west":{"uv":[9,0,9.5,8],"rotation":90,"texture":"#0"},
				"up":{"uv":[9,0,9.5,8],"texture":"#0"},
				"down":{"uv":[9,0,9.5,8],"texture":"#0"}
			}
		},
		{
			"from":[3,1,0],
			"to":[4,1.5,16],
			"faces":{
				"north":{"uv":[9.5,0,10,0.5],"texture":"#0"},
				"south":{"uv":[9.5,7.5,10,8],"texture":"#0"},
				"up":{"uv":[9.5,0,10,8],"texture":"#0"},
				"down":{"uv":[9.5,0,10,8],"texture":"#0"}
			}
		},
		{
			"from":[13,0.997,0],
			"to":[14,1.997,16],
			"faces":{
				"north":{"uv":[11,0,10.5,0.5],"texture":"#0"},
				"east":{"uv":[10.5,8,11,0],"rotation":90,"texture":"#0"},
				"south":{"uv":[11,7.5,10.5,8],"texture":"#0"},
				"west":{"uv":[10.5,8,11,0],"rotation":90,"texture":"#0"},
				"up":{"uv":[11,0,10.5,8],"texture":"#0"},
				"down":{"uv":[11,0,10.5,8],"texture":"#0"}
			}
		},
		{
			"from":[12,1,0],
			"to":[13,1.5,16],
			"faces":{
				"north":{"uv":[10.5,0,10,0.5],"texture":"#0"},
				"south":{"uv":[10.5,7.5,10,8],"texture":"#0"},
				"up":{"uv":[10.5,0,10,8],"texture":"#0"},
				"down":{"uv":[10.5,0,10,8],"texture":"#0"}
			}
		},
		{
			"from":[4,0.997,0],
			"to":[5,1.997,16],
			"faces":{
				"north":{"uv":[12,0,12.5,0.5],"texture":"#0"},
				"east":{"uv":[12,0,12.5,8],"rotation":90,"texture":"#0"},
				"south":{"uv":[12,7.5,12.5,8],"texture":"#0"},
				"west":{"uv":[12,0,12.5,8],"rotation":90,"texture":"#0"},
				"up":{"uv":[12,0,12.5,8],"texture":"#0"},
				"down":{"uv":[12,0,12.5,8],"texture":"#0"}
			}
		},
		{
			"from":[11,0.997,0],
			"to":[12,1.997,16],
			"faces":{
				"north":{"uv":[13,0,12.5,0.5],"texture":"#0"},
				"east":{"uv":[12.5,8,13,0],"rotation":90,"texture":"#0"},
				"south":{"uv":[13,7.5,12.5,8],"texture":"#0"},
				"west":{"uv":[12.5,8,13,0],"rotation":90,"texture":"#0"},
				"up":{"uv":[13,0,12.5,8],"texture":"#0"},
				"down":{"uv":[13,0,12.5,8],"texture":"#0"}
			}
		},
		{
			"from":[7,0,3],
			"to":[9,1,13],
			"faces":{
				"east":{"uv":[13.5,0,14,5],"rotation":90,"texture":"#0"},
				"west":{"uv":[13,0,13.5,5],"rotation":90,"texture":"#0"},
				"up":{"uv":[13,0,14,5],"texture":"#0"},
				"down":{"uv":[13,0,14,5],"texture":"#0"}
			}
		}
	]
}