{
	"elements":[
		{
			"from":[3,3,15.5],
			"to":[13,13,16],
			"faces":{
				"north":{"uv":[3,3,13,13],"texture":"#0"},
				"south":{"uv":[3,3,13,13],"texture":"#0"}
			}
		},
		{
			"from":[2,2,15],
			"to":[14,3,16],
			"faces":{
				"north":{"uv":[2,13,14,14],"texture":"#0"},
				"east":{"uv":[2,13,3,14],"texture":"#0"},
				"south":{"uv":[14,13,2,14],"texture":"#0"},
				"west":{"uv":[13,13,14,14],"texture":"#0"},
				"up":{"uv":[14,13,2,14],"texture":"#0"},
				"down":{"uv":[14,13,2,14],"texture":"#0"}
			}
		},
		{
			"from":[2,13,15],
			"to":[14,14,16],
			"faces":{
				"north":{"uv":[2,2,14,3],"texture":"#0"},
				"east":{"uv":[2,2,3,3],"texture":"#0"},
				"south":{"uv":[14,2,2,3],"texture":"#0"},
				"west":{"uv":[13,2,14,3],"texture":"#0"},
				"up":{"uv":[14,2,2,3],"texture":"#0"},
				"down":{"uv":[14,2,2,3],"texture":"#0"}
			}
		},
		{
			"from":[2,3,15],
			"to":[3,13,16],
			"faces":{
				"north":{"uv":[13,3,14,13],"texture":"#0"},
				"east":{"uv":[13,3,14,13],"texture":"#0"},
				"south":{"uv":[13,3,14,13],"texture":"#0"},
				"west":{"uv":[13,3,14,13],"texture":"#0"}
			}
		},
		{
			"from":[13,3,15],
			"to":[14,13,16],
			"faces":{
				"north":{"uv":[2,3,3,13],"texture":"#0"},
				"east":{"uv":[2,3,3,13],"texture":"#0"},
				"south":{"uv":[2,3,3,13],"texture":"#0"},
				"west":{"uv":[2,3,3,13],"texture":"#0"}
			}
		}
	]
}