{
	"credit": "Made with Blockbench",
	"texture_size": [32, 32],
	"textures": {
		"0": "item/expeditions/interactables/navigation_table",
		"1": "item/expeditions/interactables/navigation_table_interface",
		"particle": "item/expeditions/interactables/navigation_table"
	},
	"elements": [
		{
			"from": [-4, 6, -14],
			"to": [20, 8, -3],
			"rotation": {"angle": 0, "axis": "y", "origin": [-10, 0, -16]},
			"faces": {
				"north": {"uv": [0, 5.5, 12, 6.5], "texture": "#0"},
				"east": {"uv": [6.5, 5.5, 12, 6.5], "texture": "#0"},
				"south": {"uv": [0, 5.5, 12, 6.5], "texture": "#0"},
				"west": {"uv": [0, 5.5, 5.5, 6.5], "texture": "#0"},
				"up": {"uv": [12, 5.5, 0, 0], "texture": "#0"},
				"down": {"uv": [0, 0, 12, 5.5], "texture": "#0"}
			}
		},
		{
			"from": [2, 6, -3],
			"to": [14, 8, 7],
			"rotation": {"angle": 0, "axis": "y", "origin": [-10, 0, -5]},
			"faces": {
				"up": {"uv": [0, 6.5, 6, 11.5], "texture": "#0"}
			}
		},
		{
			"from": [4, 8, 0],
			"to": [5, 8.5, 4],
			"rotation": {"angle": 0, "axis": "y", "origin": [-10, 2, -5]},
			"faces": {
				"east": {"uv": [12, 9.5, 14, 9.75], "texture": "#0"},
				"west": {"uv": [12, 9.25, 14, 9.5], "texture": "#0"},
				"up": {"uv": [11, 9.5, 11.5, 11.5], "texture": "#0"}
			}
		},
		{
			"from": [11, 8, 0],
			"to": [12, 8.5, 4],
			"rotation": {"angle": 0, "axis": "y", "origin": [-3, 2, -5]},
			"faces": {
				"north": {"uv": [9.25, 10, 9.75, 10.25], "texture": "#0"},
				"east": {"uv": [12.5, 9.25, 14.5, 9.5], "texture": "#0"},
				"south": {"uv": [9.25, 10, 9.75, 10.25], "texture": "#0"},
				"west": {"uv": [12.5, 9.5, 14.5, 9.75], "texture": "#0"},
				"up": {"uv": [11.5, 10, 11, 12], "texture": "#0"},
				"down": {"uv": [9.25, 10, 9.75, 12], "texture": "#0"}
			}
		},
		{
			"from": [6, 8, -2],
			"to": [10, 8.5, -1],
			"rotation": {"angle": 0, "axis": "y", "origin": [15, 2, -16]},
			"faces": {
				"north": {"uv": [11.25, 9.25, 13.25, 9.5], "texture": "#0"},
				"south": {"uv": [11.25, 9.5, 13.25, 9.75], "texture": "#0"},
				"up": {"uv": [11, 9.5, 11.5, 11.5], "rotation": 90, "texture": "#0"}
			}
		},
		{
			"from": [6, 8, 0],
			"to": [10, 9.5, 4],
			"rotation": {"angle": 0, "axis": "y", "origin": [15, 2, -11]},
			"faces": {
				"north": {"uv": [12.75, 6.5, 14.75, 7.25], "texture": "#0"},
				"east": {"uv": [12.75, 6.5, 14.75, 7.25], "texture": "#0"},
				"south": {"uv": [12.75, 6.5, 14.75, 7.25], "texture": "#0"},
				"west": {"uv": [12.75, 6.5, 14.75, 7.25], "texture": "#0"},
				"up": {"uv": [5, 11.5, 7, 13.5], "rotation": 90, "texture": "#0"}
			}
		},
		{
			"from": [7, 13.72847, -1.80444],
			"to": [9, 15.42847, -0.80444],
			"rotation": {"angle": 22.5, "axis": "x", "origin": [15, 7.92847, -15.80444]},
			"faces": {
				"north": {"uv": [1, 5.5, 2, 6.35], "texture": "#0"},
				"east": {"uv": [2, 5.5, 2.5, 6.35], "texture": "#0"},
				"west": {"uv": [0.5, 5.5, 1, 6.35], "texture": "#0"}
			}
		},
		{
			"from": [7, 13.72847, 4.80444],
			"to": [9, 15.42847, 5.80444],
			"rotation": {"angle": -22.5, "axis": "x", "origin": [15, 7.92847, 19.80444]},
			"faces": {
				"east": {"uv": [0.5, 5.5, 1, 6.35], "texture": "#0"},
				"south": {"uv": [1, 5.5, 2, 6.35], "texture": "#0"},
				"west": {"uv": [2, 5.5, 2.5, 6.35], "texture": "#0"}
			}
		},
		{
			"from": [1.98807, 2.63065, 1],
			"to": [2.98807, 4.33065, 3],
			"rotation": {"angle": -22.5, "axis": "z", "origin": [16.98807, -3.16935, -5]},
			"faces": {
				"north": {"uv": [1.5, 5.5, 2, 6.35], "texture": "#0"},
				"south": {"uv": [1, 5.5, 1.5, 6.35], "texture": "#0"},
				"west": {"uv": [0, 5.5, 1, 6.35], "texture": "#0"}
			}
		},
		{
			"from": [13.01193, 2.63065, 1],
			"to": [14.01193, 4.33065, 3],
			"rotation": {"angle": 22.5, "axis": "z", "origin": [-0.98807, -3.16935, -5]},
			"faces": {
				"north": {"uv": [1, 5.5, 1.5, 6.35], "texture": "#0"},
				"east": {"uv": [0, 5.5, 1, 6.35], "texture": "#0"},
				"south": {"uv": [1.5, 5.5, 2, 6.35], "texture": "#0"}
			}
		},
		{
			"from": [-3.24064, 8.002, 3.03144],
			"to": [-0.41964, 8.498, 4.02744],
			"rotation": {"angle": 45, "axis": "y", "origin": [5.75736, 2, -10.97056]},
			"faces": {
				"north": {"uv": [11.5, 9.5, 13, 9.75], "texture": "#0"},
				"south": {"uv": [11.5, 9.25, 13, 9.5], "texture": "#0"},
				"up": {"uv": [9.25, 10.70625, 10.75, 10], "texture": "#0"}
			}
		},
		{
			"from": [-8.53353, 8.002, -2.26146],
			"to": [-5.71253, 8.498, -1.26546],
			"rotation": {"angle": 45, "axis": "y", "origin": [0.46447, 2, -16.26346]},
			"faces": {
				"north": {"uv": [12.75, 9.25, 14.25, 9.5], "texture": "#0"},
				"south": {"uv": [12.75, 9.5, 14.25, 9.75], "texture": "#0"},
				"up": {"uv": [9.5, 10, 11, 10.7], "texture": "#0"}
			}
		},
		{
			"from": [-2.83403, 8.002, -3.76803],
			"to": [-0.01303, 8.498, -2.77203],
			"rotation": {"angle": -45, "axis": "y", "origin": [1.44365, 2, 12.61358]},
			"faces": {
				"north": {"uv": [11.75, 9.25, 13.25, 9.5], "texture": "#0"},
				"south": {"uv": [11.75, 9.5, 13.25, 9.75], "texture": "#0"},
				"up": {"uv": [9.5, 10, 11, 10.7], "texture": "#0"}
			}
		},
		{
			"from": [11.97256, 8.002, 13.75936],
			"to": [14.79356, 8.498, 14.75536],
			"rotation": {"angle": -45, "axis": "y", "origin": [20.97056, 2, -0.24264]},
			"faces": {
				"north": {"uv": [11.25, 9.5, 12.75, 9.75], "texture": "#0"},
				"south": {"uv": [12.5, 9.25, 14, 9.5], "texture": "#0"},
				"up": {"uv": [9.25, 10.7, 10.75, 10], "texture": "#0"}
			}
		},
		{
			"from": [6, 8, 5],
			"to": [10, 8.5, 6],
			"rotation": {"angle": 0, "axis": "y", "origin": [15, 2, -9]},
			"faces": {
				"north": {"uv": [11.25, 9.5, 13.25, 9.75], "texture": "#0"},
				"south": {"uv": [11.25, 9.25, 13.25, 9.5], "texture": "#0"},
				"up": {"uv": [11.5, 10.25, 11, 12.25], "rotation": 90, "texture": "#0"}
			}
		},
		{
			"from": [-4, 6, 7],
			"to": [20, 8, 18],
			"rotation": {"angle": 0, "axis": "y", "origin": [-10, 0, 4]},
			"faces": {
				"north": {"uv": [0, 5.5, 12, 6.5], "texture": "#0"},
				"east": {"uv": [0, 5.5, 5.5, 6.5], "texture": "#0"},
				"south": {"uv": [0, 5.5, 12, 6.5], "texture": "#0"},
				"west": {"uv": [6.5, 5.5, 12, 6.5], "texture": "#0"},
				"up": {"uv": [0, 0, 12, 5.5], "texture": "#0"},
				"down": {"uv": [0, 0, 12, 5.5], "texture": "#0"}
			}
		},
		{
			"from": [-3.5, 18, -2.5],
			"to": [2.5, 18.5, 6.5],
			"rotation": {"angle": 22.5, "axis": "z", "origin": [26, 11, -4]},
			"faces": {
				"north": {"uv": [11.25, 9.5, 11.5, 12.5], "rotation": 90, "texture": "#0"},
				"east": {"uv": [11.25, 12.25, 15.75, 12.5], "texture": "#0"},
				"south": {"uv": [15.5, 9.5, 15.75, 12.5], "rotation": 90, "texture": "#0"},
				"west": {"uv": [11.25, 9.5, 15.75, 9.75], "texture": "#0"},
				"up": {"uv": [11.25, 9.5, 15.75, 12.5], "rotation": 90, "texture": "#0"}
			}
		},
		{
			"from": [13.5, 18, -2.5],
			"to": [19.5, 18.5, 6.5],
			"rotation": {"angle": -22.5, "axis": "z", "origin": [-10, 11, -4]},
			"faces": {
				"north": {"uv": [11.25, 12.5, 11.5, 9.5], "rotation": 90, "texture": "#0"},
				"east": {"uv": [15.75, 9.5, 11.25, 9.75], "texture": "#0"},
				"south": {"uv": [15.5, 12.5, 15.75, 9.5], "rotation": 90, "texture": "#0"},
				"west": {"uv": [15.75, 12.25, 11.25, 12.5], "texture": "#0"},
				"up": {"uv": [11.25, 12.5, 15.75, 9.5], "rotation": 90, "texture": "#0"}
			}
		},
		{
			"from": [13, 16.5, -3],
			"to": [20, 18, 7],
			"rotation": {"angle": -22.5, "axis": "z", "origin": [-10, 11, -4]},
			"faces": {
				"north": {"uv": [15, 1.5, 15.75, 5], "rotation": 90, "texture": "#0"},
				"east": {"uv": [15, 0, 15.75, 5], "rotation": 90, "texture": "#0"},
				"south": {"uv": [15, 0, 15.75, 3.5], "rotation": 90, "texture": "#0"},
				"west": {"uv": [15, 0, 15.75, 5], "rotation": 90, "texture": "#0"},
				"up": {"uv": [11, 9.25, 16, 12.75], "rotation": 90, "texture": "#0"},
				"down": {"uv": [11, 9.25, 16, 12.75], "rotation": 90, "texture": "#0"}
			}
		},
		{
			"from": [-2, 0, -12],
			"to": [7, 3.6, -4],
			"rotation": {"angle": 0, "axis": "y", "origin": [-10, -6, -16]},
			"faces": {
				"north": {"uv": [6, 8.25, 10.5, 10], "texture": "#0"},
				"west": {"uv": [10, 6.5, 6, 8.25], "texture": "#0"}
			}
		},
		{
			"from": [9, 0, -12],
			"to": [18, 3.6, -4],
			"rotation": {"angle": 0, "axis": "y", "origin": [1, -6, -16]},
			"faces": {
				"north": {"uv": [10.5, 8.25, 6, 10], "texture": "#0"},
				"east": {"uv": [6, 6.5, 10, 8.25], "texture": "#0"}
			}
		},
		{
			"from": [-2.5, 0, -12.5],
			"to": [-0.5, 4, -10.5],
			"rotation": {"angle": 0, "axis": "y", "origin": [-10.5, -6, -16.5]},
			"faces": {
				"north": {"uv": [9.75, 6.5, 10.75, 8.5], "texture": "#0"},
				"east": {"uv": [10.75, 6.5, 11.75, 8.5], "texture": "#0"},
				"south": {"uv": [9.75, 6.5, 10.75, 8.5], "texture": "#0"},
				"west": {"uv": [10.75, 6.5, 11.75, 8.5], "texture": "#0"}
			}
		},
		{
			"from": [16.5, 0, -12.5],
			"to": [18.5, 4, -10.5],
			"rotation": {"angle": 0, "axis": "y", "origin": [8.5, -6, -16.5]},
			"faces": {
				"north": {"uv": [9.75, 6.5, 10.75, 8.5], "texture": "#0"},
				"east": {"uv": [10.75, 6.5, 11.75, 8.5], "texture": "#0"},
				"south": {"uv": [9.75, 6.5, 10.75, 8.5], "texture": "#0"},
				"west": {"uv": [10.75, 6.5, 11.75, 8.5], "texture": "#0"}
			}
		},
		{
			"from": [18, 0, -4],
			"to": [18.5, 4, -2],
			"rotation": {"angle": 0, "axis": "y", "origin": [8.5, -6, -8]},
			"faces": {
				"north": {"uv": [10.5, 6.5, 10.75, 8.5], "texture": "#0"},
				"east": {"uv": [10.75, 6.5, 11.75, 8.5], "texture": "#0"}
			}
		},
		{
			"from": [18, 0, 6],
			"to": [18.5, 4, 8],
			"rotation": {"angle": 0, "axis": "y", "origin": [8.5, -6, 2]},
			"faces": {
				"east": {"uv": [9.75, 6.5, 10.75, 8.5], "texture": "#0"},
				"south": {"uv": [11.5, 6.5, 11.75, 8.5], "texture": "#0"}
			}
		},
		{
			"from": [-2.5, 0, 6],
			"to": [-2, 4, 8],
			"rotation": {"angle": 0, "axis": "y", "origin": [-10.5, -6, 2]},
			"faces": {
				"south": {"uv": [10.75, 6.5, 11, 8.5], "texture": "#0"},
				"west": {"uv": [9.75, 6.5, 10.75, 8.5], "texture": "#0"}
			}
		},
		{
			"from": [-2.5, 0, -4],
			"to": [-2, 4, -2],
			"rotation": {"angle": 0, "axis": "y", "origin": [-10.5, -6, -8]},
			"faces": {
				"north": {"uv": [10.75, 6.5, 11, 8.5], "texture": "#0"},
				"west": {"uv": [10.75, 6.5, 11.75, 8.5], "texture": "#0"}
			}
		},
		{
			"from": [7, 0, -12.5],
			"to": [9, 4, -12],
			"rotation": {"angle": 0, "axis": "y", "origin": [-1, -6, -16.5]},
			"faces": {
				"north": {"uv": [9.75, 6.5, 10.75, 8.5], "texture": "#0"},
				"east": {"uv": [11.5, 6.5, 11.75, 8.5], "texture": "#0"},
				"west": {"uv": [11.5, 6.5, 11.75, 8.5], "texture": "#0"}
			}
		},
		{
			"from": [16.5, 0, 14.5],
			"to": [18.5, 4, 16.5],
			"rotation": {"angle": 0, "axis": "y", "origin": [8.5, -6, 10.5]},
			"faces": {
				"north": {"uv": [10.75, 6.5, 11.75, 8.5], "texture": "#0"},
				"east": {"uv": [10.75, 6.5, 11.75, 8.5], "texture": "#0"},
				"south": {"uv": [9.75, 6.5, 10.75, 8.5], "texture": "#0"},
				"west": {"uv": [9.75, 6.5, 10.75, 8.5], "texture": "#0"}
			}
		},
		{
			"from": [6.5, 4, -13],
			"to": [9.5, 6, -12],
			"rotation": {"angle": 0, "axis": "y", "origin": [0, -4, -15.5]},
			"faces": {
				"north": {"uv": [9.75, 9, 11.25, 10], "texture": "#0"},
				"east": {"uv": [9.75, 9, 10.25, 10], "texture": "#0"},
				"west": {"uv": [9.75, 9, 10.25, 10], "texture": "#0"},
				"down": {"uv": [9.75, 8.5, 11.25, 9], "texture": "#0"}
			}
		},
		{
			"from": [-3, 4, -13],
			"to": [0, 6, -10],
			"rotation": {"angle": 0, "axis": "y", "origin": [-9.5, -4, -15.5]},
			"faces": {
				"north": {"uv": [11.25, 9, 9.75, 10], "texture": "#0"},
				"east": {"uv": [13.25, 8, 11.75, 9], "texture": "#0"},
				"south": {"uv": [15.75, 8, 14.25, 9], "texture": "#0"},
				"west": {"uv": [11.25, 9.5, 9.75, 8.5], "texture": "#0"},
				"down": {"uv": [11.25, 8.5, 9.75, 10], "texture": "#0"}
			}
		},
		{
			"from": [16, 4, -13],
			"to": [19, 6, -10],
			"rotation": {"angle": 0, "axis": "y", "origin": [25.5, -4, -15.5]},
			"faces": {
				"north": {"uv": [9.75, 9, 11.25, 10], "texture": "#0"},
				"east": {"uv": [9.75, 9.5, 11.25, 8.5], "texture": "#0"},
				"south": {"uv": [14.25, 8, 15.75, 9], "texture": "#0"},
				"west": {"uv": [11.75, 8, 13.25, 9], "texture": "#0"},
				"down": {"uv": [9.75, 8.5, 11.25, 10], "texture": "#0"}
			}
		},
		{
			"from": [16, 4, 14],
			"to": [19, 6, 17],
			"rotation": {"angle": 0, "axis": "y", "origin": [25.5, -4, 19.5]},
			"faces": {
				"north": {"uv": [15.75, 8, 14.25, 9], "texture": "#0"},
				"east": {"uv": [11.25, 9.5, 9.75, 8.5], "texture": "#0"},
				"south": {"uv": [11.25, 9, 9.75, 10], "texture": "#0"},
				"west": {"uv": [13.25, 8, 11.75, 9], "texture": "#0"},
				"down": {"uv": [9.75, 10, 11.25, 8.5], "texture": "#0"}
			}
		},
		{
			"from": [6.5, 4, 16],
			"to": [9.5, 6, 17],
			"rotation": {"angle": 0, "axis": "y", "origin": [0, -4, 19.5]},
			"faces": {
				"east": {"uv": [10.25, 9, 9.75, 10], "texture": "#0"},
				"south": {"uv": [11.25, 9, 9.75, 10], "texture": "#0"},
				"west": {"uv": [10.25, 9, 9.75, 10], "texture": "#0"},
				"down": {"uv": [9.75, 9, 11.25, 8.5], "texture": "#0"}
			}
		},
		{
			"from": [-3, 4, 14],
			"to": [0, 6, 17],
			"rotation": {"angle": 0, "axis": "y", "origin": [-9.5, -4, 19.5]},
			"faces": {
				"north": {"uv": [14.25, 8, 15.75, 9], "texture": "#0"},
				"east": {"uv": [11.75, 8, 13.25, 9], "texture": "#0"},
				"south": {"uv": [9.75, 9, 11.25, 10], "texture": "#0"},
				"west": {"uv": [9.75, 9.5, 11.25, 8.5], "texture": "#0"},
				"down": {"uv": [11.25, 10, 9.75, 8.5], "texture": "#0"}
			}
		},
		{
			"from": [16, 4, -4.5],
			"to": [19, 6, -2],
			"rotation": {"angle": 0, "axis": "y", "origin": [25.5, -4, -7]},
			"faces": {
				"north": {"uv": [9.75, 9, 11.25, 10], "texture": "#0"},
				"east": {"uv": [10, 9.5, 11.25, 8.5], "texture": "#0"},
				"down": {"uv": [9.75, 8.5, 11.25, 9.75], "texture": "#0"}
			}
		},
		{
			"from": [16, 4, 6],
			"to": [19, 6, 8.5],
			"rotation": {"angle": 0, "axis": "y", "origin": [25.5, -4, 3.5]},
			"faces": {
				"north": {"uv": [9.75, 9, 11.25, 10], "texture": "#0"},
				"east": {"uv": [9.75, 9.5, 11, 8.5], "texture": "#0"},
				"south": {"uv": [9.75, 9, 11.25, 10], "texture": "#0"},
				"down": {"uv": [9.75, 8.5, 11.25, 9.75], "texture": "#0"}
			}
		},
		{
			"from": [-3, 4, 6],
			"to": [0, 6, 8.5],
			"rotation": {"angle": 0, "axis": "y", "origin": [-9.5, -4, 3.5]},
			"faces": {
				"north": {"uv": [11.25, 9, 9.75, 10], "texture": "#0"},
				"south": {"uv": [11.25, 9, 9.75, 10], "texture": "#0"},
				"west": {"uv": [11, 9.5, 9.75, 8.5], "texture": "#0"},
				"down": {"uv": [11.25, 8.5, 9.75, 9.75], "texture": "#0"}
			}
		},
		{
			"from": [-3, 4, -4.5],
			"to": [0, 6, -2],
			"rotation": {"angle": 0, "axis": "y", "origin": [-9.5, -4, -7]},
			"faces": {
				"north": {"uv": [11.25, 9, 9.75, 10], "texture": "#0"},
				"west": {"uv": [11.25, 9.5, 10, 8.5], "texture": "#0"},
				"down": {"uv": [11.25, 8.5, 9.75, 9.75], "texture": "#0"}
			}
		},
		{
			"from": [-2.5, 0, 14.5],
			"to": [-0.5, 4, 16.5],
			"rotation": {"angle": 0, "axis": "y", "origin": [-10.5, -6, 10.5]},
			"faces": {
				"north": {"uv": [9.75, 6.5, 10.75, 8.5], "texture": "#0"},
				"east": {"uv": [9.75, 6.5, 10.75, 8.5], "texture": "#0"},
				"south": {"uv": [10.75, 6.5, 11.75, 8.5], "texture": "#0"},
				"west": {"uv": [9.75, 6.5, 10.75, 8.5], "texture": "#0"}
			}
		},
		{
			"from": [-2, 0, 8],
			"to": [4, 3.6, 16],
			"rotation": {"angle": 0, "axis": "y", "origin": [-10, -6, 2]},
			"faces": {
				"south": {"uv": [10, 6.5, 7, 8.25], "texture": "#0"},
				"west": {"uv": [6, 6.5, 10, 8.25], "texture": "#0"}
			}
		},
		{
			"from": [12, 0, 8],
			"to": [18, 3.6, 16],
			"rotation": {"angle": 0, "axis": "y", "origin": [4, -6, 2]},
			"faces": {
				"east": {"uv": [10, 6.5, 6, 8.25], "texture": "#0"},
				"south": {"uv": [7, 6.5, 10, 8.25], "texture": "#0"}
			}
		},
		{
			"from": [18.5, 0, -2],
			"to": [19.5, 6, 6],
			"rotation": {"angle": 0, "axis": "y", "origin": [-4, -6, -6]},
			"faces": {
				"north": {"uv": [2, 12, 5, 11.5], "rotation": 90, "texture": "#0"},
				"east": {"uv": [11.75, 9.5, 15.75, 6.5], "texture": "#0"},
				"south": {"uv": [2, 11.5, 5, 12], "rotation": 90, "texture": "#0"}
			}
		},
		{
			"from": [-3.5, 0, -2],
			"to": [-2.5, 6, 6],
			"rotation": {"angle": 0, "axis": "y", "origin": [20, -6, -6]},
			"faces": {
				"north": {"uv": [2, 11.5, 5, 12], "rotation": 90, "texture": "#0"},
				"south": {"uv": [2, 12, 5, 11.5], "rotation": 90, "texture": "#0"},
				"west": {"uv": [15.75, 9.5, 11.75, 6.5], "texture": "#0"}
			}
		},
		{
			"from": [-4, 1, -1],
			"to": [-3.5, 4, 5],
			"rotation": {"angle": 0, "axis": "y", "origin": [19.5, -6, -6]},
			"faces": {
				"north": {"uv": [15.75, 5, 16, 6.5], "texture": "#0"},
				"south": {"uv": [13.25, 5, 13, 6.5], "texture": "#0"},
				"west": {"uv": [16, 5, 13, 6.5], "texture": "#0"},
				"up": {"uv": [13, 5, 16, 5.25], "rotation": 90, "texture": "#0"}
			}
		},
		{
			"from": [-4, 16.5, -3],
			"to": [3, 18, 7],
			"rotation": {"angle": 22.5, "axis": "z", "origin": [26, 11, -4]},
			"faces": {
				"north": {"uv": [15, 0, 15.75, 3.5], "rotation": 90, "texture": "#0"},
				"east": {"uv": [15, 0, 15.75, 5], "rotation": 90, "texture": "#0"},
				"south": {"uv": [15, 0, 15.75, 3.5], "rotation": 90, "texture": "#0"},
				"west": {"uv": [15, 0, 15.75, 5], "rotation": 90, "texture": "#0"},
				"up": {"uv": [11, 9.25, 16, 12.75], "rotation": 90, "texture": "#0"},
				"down": {"uv": [11, 9.25, 16, 12.75], "rotation": 90, "texture": "#0"}
			}
		},
		{
			"from": [7, 4, 16],
			"to": [11, 5, 26],
			"rotation": {"angle": 0, "axis": "y", "origin": [-9, -5, 14]},
			"faces": {
				"east": {"uv": [13, 0, 13.5, 5], "rotation": 90, "texture": "#0"},
				"west": {"uv": [13, 0, 13.5, 5], "rotation": 90, "texture": "#0"},
				"up": {"uv": [13, 0, 15, 5], "texture": "#0"}
			}
		},
		{
			"from": [7, 0, 26],
			"to": [11, 4, 27],
			"rotation": {"angle": 0, "axis": "y", "origin": [-9, -5, 15]},
			"faces": {
				"east": {"uv": [13, 0, 13.5, 2], "texture": "#0"},
				"south": {"uv": [13, 5, 15, 3], "texture": "#0"},
				"west": {"uv": [13.5, 1.25, 13, 3.25], "texture": "#0"}
			}
		},
		{
			"from": [7.001, 2.99433, 15.63711],
			"to": [10.999, 3.99233, 17.05511],
			"rotation": {"angle": 45, "axis": "x", "origin": [-9, -8.00667, 22.03611]},
			"faces": {
				"east": {"uv": [13, 3.75, 13.69375, 4.46], "rotation": 90, "texture": "#0"},
				"west": {"uv": [13.7, 3.75, 13, 4.46], "rotation": 270, "texture": "#0"},
				"up": {"uv": [13, 4.25, 15, 4.96], "texture": "#0"}
			}
		},
		{
			"from": [11.002, 4.02033, 10.63811],
			"to": [12.998, 5.01633, 12.05411],
			"rotation": {"angle": 45, "axis": "x", "origin": [-5, -6.98167, 17.03611]},
			"faces": {
				"east": {"uv": [12, 1, 12.675, 1.75], "rotation": 90, "texture": "#0"},
				"west": {"uv": [12, 1, 12.68125, 1.75], "rotation": 270, "texture": "#0"},
				"up": {"uv": [12, 1.75, 13, 2.5], "texture": "#0"}
			}
		},
		{
			"from": [11.001, 2.01524, 15.6412],
			"to": [12.999, 3.01324, 17.0592],
			"rotation": {"angle": 45, "axis": "x", "origin": [-5, -8.98576, 22.0402]},
			"faces": {
				"east": {"uv": [12, 1, 12.70625, 1.71], "rotation": 90, "texture": "#0"},
				"up": {"uv": [12, 1, 13, 1.71], "texture": "#0"}
			}
		},
		{
			"from": [3.998, -0.002, 15.998],
			"to": [7.002, 4.002, 26.002],
			"rotation": {"angle": 0, "axis": "y", "origin": [-13, -6, 13]},
			"faces": {
				"east": {"uv": [0, 13.5, 5, 11.5], "texture": "#0"},
				"south": {"uv": [3.25, 13.5, 4.75, 11.5], "texture": "#0"},
				"west": {"uv": [0, 13.5, 5, 11.5], "texture": "#0"},
				"up": {"uv": [0, 13.5, 5, 15], "rotation": 90, "texture": "#0"}
			}
		},
		{
			"from": [5, 4, 16],
			"to": [7, 6, 22],
			"rotation": {"angle": 0, "axis": "y", "origin": [-13, -2, 13]},
			"faces": {
				"north": {"uv": [9.25, 3.25, 10.25, 4.25], "texture": "#0"},
				"east": {"uv": [12, 2.5, 13, 5.5], "rotation": 90, "texture": "#0"},
				"south": {"uv": [9.25, 3.25, 10.25, 4.25], "texture": "#0"},
				"west": {"uv": [12, 5.5, 13, 2.5], "rotation": 90, "texture": "#0"},
				"up": {"uv": [12, 2.5, 13, 5.5], "texture": "#0"},
				"down": {"uv": [9.25, 3.25, 10.25, 6.25], "texture": "#0"}
			}
		},
		{
			"from": [11, 4.025, 16],
			"to": [13, 6.025, 21],
			"rotation": {"angle": 0, "axis": "y", "origin": [-7, -1.975, 13]},
			"faces": {
				"east": {"uv": [13, 3, 12, 0.5], "rotation": 90, "texture": "#0"},
				"west": {"uv": [13, 0.5, 12, 3], "rotation": 90, "texture": "#0"},
				"up": {"uv": [12, 1, 13, 3.5], "texture": "#0"},
				"down": {"uv": [12, 1, 13, 3.5], "texture": "#0"}
			}
		},
		{
			"from": [12, 2, 17],
			"to": [15, 4, 19],
			"rotation": {"angle": 0, "axis": "y", "origin": [-6, -4, 14]},
			"faces": {
				"north": {"uv": [12, 3, 13, 4.5], "rotation": 90, "texture": "#0"},
				"south": {"uv": [12, 3, 13, 4.5], "rotation": 90, "texture": "#0"},
				"up": {"uv": [12, 3, 13, 4.5], "rotation": 90, "texture": "#0"}
			}
		},
		{
			"from": [11, 4.025, 21],
			"to": [13, 5.025, 22],
			"rotation": {"angle": 0, "axis": "y", "origin": [-7, -1.975, 14]},
			"faces": {
				"east": {"uv": [12, 2.75, 12.5, 3.25], "texture": "#0"},
				"south": {"uv": [12, 2.25, 13, 2.75], "texture": "#0"}
			}
		},
		{
			"from": [11, 0.025, 26],
			"to": [13, 3.025, 27],
			"rotation": {"angle": 0, "axis": "y", "origin": [-7, -3.975, 19]},
			"faces": {
				"east": {"uv": [12, 6.25, 12.5, 4.75], "texture": "#0"},
				"south": {"uv": [12, 2.5, 13, 4], "texture": "#0"}
			}
		},
		{
			"from": [11, 2.025, 20],
			"to": [13, 4.025, 26],
			"rotation": {"angle": 0, "axis": "y", "origin": [-7, -3.975, 17]},
			"faces": {
				"north": {"uv": [12, 3.5, 13, 4.5], "texture": "#0"},
				"east": {"uv": [7, 11.25, 10, 12.25], "texture": "#0"},
				"up": {"uv": [12, 2.75, 13, 5.75], "texture": "#0"}
			}
		},
		{
			"from": [12, 0, 16],
			"to": [14, 2, 26],
			"rotation": {"angle": 0, "axis": "y", "origin": [-6, -6, 17]},
			"faces": {
				"east": {"uv": [12, 1.5, 13, 6.5], "rotation": 90, "texture": "#0"},
				"south": {"uv": [12, 5.5, 13, 6.5], "texture": "#0"},
				"up": {"uv": [12, 1.5, 13, 6.5], "texture": "#0"}
			}
		},
		{
			"from": [14, 0, 24],
			"to": [15, 1, 26],
			"rotation": {"angle": 0, "axis": "y", "origin": [-5, -6, 17]},
			"faces": {
				"north": {"uv": [13, 0.5, 12.5, 0], "texture": "#0"},
				"east": {"uv": [12, 3.5, 13, 4], "texture": "#0"},
				"south": {"uv": [12.5, 0.5, 13, 0], "texture": "#0"}
			}
		},
		{
			"from": [14, 1, 17],
			"to": [16, 2, 19],
			"rotation": {"angle": 0, "axis": "y", "origin": [-5, -6, 10]},
			"faces": {
				"north": {"uv": [12, 3.5, 13, 4], "texture": "#0"},
				"east": {"uv": [12, 3.5, 13, 4], "texture": "#0"},
				"south": {"uv": [12, 3.5, 13, 4], "texture": "#0"}
			}
		},
		{
			"from": [15, 2, 17],
			"to": [16, 3, 19],
			"rotation": {"angle": 0, "axis": "y", "origin": [-5, -4, 10]},
			"faces": {
				"north": {"uv": [13, 2.25, 12.5, 2.75], "texture": "#0"},
				"east": {"uv": [12, 1.75, 13, 2.25], "texture": "#0"},
				"south": {"uv": [12.5, 2.25, 12, 2.75], "texture": "#0"}
			}
		},
		{
			"from": [6, 4, 22],
			"to": [7, 6, 23],
			"rotation": {"angle": 0, "axis": "y", "origin": [-14, -2, 15]},
			"faces": {
				"east": {"uv": [12, 1.5, 13, 2], "rotation": 90, "texture": "#0"},
				"up": {"uv": [12.5, 3.25, 13, 3.75], "texture": "#0"}
			}
		},
		{
			"from": [16.81866, 4.001, 10.08485],
			"to": [17.81666, 5.999, 11.50285],
			"rotation": {"angle": -45, "axis": "y", "origin": [-3.18234, -2, 3.48385]},
			"faces": {
				"east": {"uv": [12, 1.5, 13, 2.25], "rotation": 90, "texture": "#0"},
				"up": {"uv": [12.29375, 2.25, 13, 3], "texture": "#0"}
			}
		},
		{
			"from": [4, 4, 22],
			"to": [6, 6, 24],
			"rotation": {"angle": 0, "axis": "y", "origin": [-15, -2, 15]},
			"faces": {
				"north": {"uv": [12, 2.25, 13, 3.25], "rotation": 90, "texture": "#0"},
				"south": {"uv": [12, 1.25, 13, 2.25], "rotation": 90, "texture": "#0"},
				"up": {"uv": [12, 0.5, 13, 1.5], "rotation": 90, "texture": "#0"}
			}
		},
		{
			"from": [2, 1, 22],
			"to": [4, 5, 24],
			"rotation": {"angle": 0, "axis": "y", "origin": [-16, -4, 15]},
			"faces": {
				"north": {"uv": [12, 0.5, 13, 2.5], "texture": "#0"},
				"south": {"uv": [13, 0.5, 12, 2.5], "texture": "#0"},
				"west": {"uv": [12, 0.75, 13, 2.75], "texture": "#0"}
			}
		},
		{
			"from": [1.5, 0, 21.5],
			"to": [4, 1, 24.5],
			"rotation": {"angle": 0, "axis": "y", "origin": [-16, -4, 15]},
			"faces": {
				"north": {"uv": [10.25, 7.25, 9.75, 8.5], "rotation": 90, "texture": "#0"},
				"east": {"uv": [10, 1, 11.5, 1.5], "texture": "#0"},
				"south": {"uv": [11.25, 6.5, 11.75, 7.75], "rotation": 90, "texture": "#0"},
				"west": {"uv": [10, 8, 11.5, 8.5], "texture": "#0"},
				"up": {"uv": [10, 6.5, 11.5, 7.75], "rotation": 90, "texture": "#0"},
				"down": {"uv": [10, 1, 11.25, 2.5], "texture": "#0"}
			}
		},
		{
			"from": [14, 0, 16.5],
			"to": [16.5, 1, 19.5],
			"rotation": {"angle": 0, "axis": "y", "origin": [34, -4, 10]},
			"faces": {
				"north": {"uv": [10.25, 8.5, 9.75, 7.25], "rotation": 90, "texture": "#0"},
				"east": {"uv": [11.5, 8, 10, 8.5], "texture": "#0"},
				"south": {"uv": [11.25, 7.75, 11.75, 6.5], "rotation": 90, "texture": "#0"},
				"west": {"uv": [11.5, 1, 10, 1.5], "texture": "#0"},
				"up": {"uv": [10, 7.75, 11.5, 6.5], "rotation": 90, "texture": "#0"},
				"down": {"uv": [11.25, 1, 10, 2.5], "texture": "#0"}
			}
		},
		{
			"from": [2, 0, 18],
			"to": [4, 4, 20],
			"rotation": {"angle": 0, "axis": "y", "origin": [-16, -4, 11]},
			"faces": {
				"north": {"uv": [12, 3, 13, 5], "texture": "#0"},
				"south": {"uv": [12, 3, 13, 5], "texture": "#0"},
				"west": {"uv": [12, 3, 13, 5], "texture": "#0"}
			}
		},
		{
			"from": [3, 4, 16],
			"to": [5, 5, 20],
			"rotation": {"angle": 0, "axis": "y", "origin": [-15, 0, 11]},
			"faces": {
				"south": {"uv": [12, 0, 13, 0.5], "texture": "#0"},
				"west": {"uv": [12, 1, 12.5, 3], "rotation": 90, "texture": "#0"},
				"up": {"uv": [12, 2, 13, 0], "texture": "#0"}
			}
		},
		{
			"from": [3, 3, 16],
			"to": [4, 4, 18],
			"rotation": {"angle": 0, "axis": "y", "origin": [-15, -1, 11]},
			"faces": {
				"west": {"uv": [12.5, 2, 12, 3], "rotation": 90, "texture": "#0"},
				"down": {"uv": [13, 2, 12.5, 3], "texture": "#0"}
			}
		},
		{
			"from": [13.92993, -6.79799, 22.001],
			"to": [15.34793, -5.79999, 23.999],
			"rotation": {"angle": 45, "axis": "z", "origin": [-5.07107, -14.79899, 15]},
			"faces": {
				"north": {"uv": [12, 2, 12.7, 2.75], "rotation": 90, "texture": "#0"},
				"east": {"uv": [10.75, 0.5, 11.75, 1], "texture": "#0"},
				"south": {"uv": [12, 2, 12.7, 2.75], "rotation": 90, "texture": "#0"},
				"west": {"uv": [10.75, 0.5, 11.75, 1], "texture": "#0"},
				"up": {"uv": [12, 3, 13, 3.71], "rotation": 90, "texture": "#0"},
				"down": {"uv": [10.75, 0.5, 11.46, 1.5], "texture": "#0"}
			}
		},
		{
			"from": [1.65716, -10.80108, 24.002],
			"to": [3.07316, -9.80508, 25.998],
			"rotation": {"angle": -45, "axis": "z", "origin": [22.07516, -18.80308, 17]},
			"faces": {
				"north": {"uv": [12, 1, 12.675, 1.25], "rotation": 90, "texture": "#0"},
				"south": {"uv": [12, 1, 12.675, 1.25], "rotation": 90, "texture": "#0"},
				"up": {"uv": [12, 1, 13, 1.75], "rotation": 90, "texture": "#0"}
			}
		},
		{
			"from": [2.65616, -8.80208, 17.001],
			"to": [4.07416, -7.80408, 18.999],
			"rotation": {"angle": -45, "axis": "z", "origin": [23.07516, -16.80308, 10]},
			"faces": {
				"north": {"uv": [12, 1.75, 12.7, 2.5], "rotation": 90, "texture": "#0"},
				"south": {"uv": [12, 1.75, 12.7, 2.5], "rotation": 90, "texture": "#0"},
				"up": {"uv": [12, 2.5, 13, 3.25], "rotation": 90, "texture": "#0"}
			}
		},
		{
			"from": [13.92852, -7.79799, 18],
			"to": [15.34652, -6.79999, 19.998],
			"rotation": {"angle": 45, "axis": "z", "origin": [-5.07248, -15.79899, 10.999]},
			"faces": {
				"north": {"uv": [12, 2.25, 12.7, 3], "rotation": 90, "texture": "#0"},
				"south": {"uv": [12, 2.25, 12.7, 3], "rotation": 90, "texture": "#0"},
				"up": {"uv": [12, 3, 13, 3.75], "rotation": 90, "texture": "#0"}
			}
		},
		{
			"from": [3, 5, 22],
			"to": [4, 6, 24],
			"rotation": {"angle": 0, "axis": "y", "origin": [-16, -3, 15]},
			"faces": {
				"north": {"uv": [13, 1.75, 12.5, 2.25], "rotation": 90, "texture": "#0"},
				"south": {"uv": [12, 1.75, 12.5, 2.25], "rotation": 90, "texture": "#0"},
				"up": {"uv": [12, 2.75, 13, 3.25], "rotation": 90, "texture": "#0"}
			}
		},
		{
			"from": [9, 2.47823, -9.63405],
			"to": [16.5, 5.07823, -8.63405],
			"rotation": {"angle": -22.5, "axis": "x", "origin": [-10, -2.92177, -13.63405]},
			"faces": {
				"north": {"uv": [0, 14.7, 3.75, 16], "texture": "#0"}
			}
		},
		{
			"from": [-0.5, 2.47823, -9.63405],
			"to": [7, 5.07823, -8.63405],
			"rotation": {"angle": -22.5, "axis": "x", "origin": [-19.5, -2.92177, -13.63405]},
			"faces": {
				"north": {"uv": [0, 14.7, 3.75, 16], "texture": "#0"}
			}
		},
		{
			"from": [-2, 2.47823, 12.63405],
			"to": [5, 5.07823, 13.63405],
			"rotation": {"angle": 22.5, "axis": "x", "origin": [-10, -2.92177, 17.63405]},
			"faces": {
				"south": {"uv": [0, 14.7, 3.5, 16], "texture": "#0"}
			}
		},
		{
			"from": [9.5, 2.47823, 12.63405],
			"to": [16.5, 5.07823, 13.63405],
			"rotation": {"angle": 22.5, "axis": "x", "origin": [1.5, -2.92177, 17.63405]},
			"faces": {
				"south": {"uv": [0.25, 14.7, 3.75, 16], "texture": "#0"}
			}
		},
		{
			"from": [17.06991, 14.7241, 8],
			"to": [18.06991, 17.3241, 14.5],
			"rotation": {"angle": -22.5, "axis": "z", "origin": [-9.93009, 9.3241, -16]},
			"faces": {
				"east": {"uv": [6, 9.9, 9.25, 11.2], "texture": "#0"}
			}
		},
		{
			"from": [17.06991, 14.7241, -10.5],
			"to": [18.06991, 17.3241, -4],
			"rotation": {"angle": -22.5, "axis": "z", "origin": [-9.93009, 9.3241, -35]},
			"faces": {
				"east": {"uv": [6, 9.9, 9.25, 11.2], "texture": "#0"}
			}
		},
		{
			"from": [-2.06991, 14.7241, 8],
			"to": [-1.06991, 17.3241, 14.5],
			"rotation": {"angle": 22.5, "axis": "z", "origin": [25.93009, 9.3241, 2.5]},
			"faces": {
				"west": {"uv": [6, 10, 9.25, 11.25], "texture": "#0"}
			}
		},
		{
			"from": [-2.06991, 14.7241, -10.5],
			"to": [-1.06991, 17.3241, -4],
			"rotation": {"angle": 22.5, "axis": "z", "origin": [25.93009, 9.3241, -16]},
			"faces": {
				"west": {"uv": [6, 10, 9.25, 11.25], "texture": "#0"}
			}
		},
		{
			"from": [12.025, 2, 16],
			"to": [12.025, 4, 20],
			"rotation": {"angle": 0, "axis": "y", "origin": [4.025, 0, 18]},
			"faces": {
				"east": {"uv": [1.75, 12, 3.75, 13], "texture": "#0"}
			}
		},
		{
			"from": [-1.21606, 20.16822, 6],
			"to": [-6.21606, 19.91822, -2],
			"rotation": {"angle": 22.5, "axis": "z", "origin": [28.58533, 19.91822, 10]},
			"faces": {
				"north": {"uv": [0, 0, 2.5, 0.125], "texture": "#1"},
				"east": {"uv": [0, 0, 4, 0.125], "texture": "#1"},
				"south": {"uv": [0, 0, 2.5, 0.125], "texture": "#1"},
				"west": {"uv": [0, 0, 4, 0.125], "texture": "#1"},
				"up": {"uv": [16, 11, 0, 0], "rotation": 90, "texture": "#1"}
			}
		},
		{
			"from": [17.30897, 10.83782, 6],
			"to": [12.30897, 10.58782, -2],
			"rotation": {"angle": -22.5, "axis": "z", "origin": [8.41467, 2.91822, -5]},
			"faces": {
				"north": {"uv": [2.5, 0, 0, 0.125], "texture": "#1"},
				"east": {"uv": [4, 0, 0, 0.125], "texture": "#1"},
				"south": {"uv": [2.5, 0, 0, 0.125], "texture": "#1"},
				"west": {"uv": [4, 0, 0, 0.125], "texture": "#1"},
				"up": {"uv": [0, 0, 16, 11], "rotation": 90, "texture": "#1"}
			}
		},
		{
			"from": [7, 9.5, 1],
			"to": [9, 10, 3],
			"rotation": {"angle": 0, "axis": "y", "origin": [7, 8.9, 1]},
			"faces": {
				"north": {"uv": [5.25, 11.75, 6.25, 12], "rotation": 180, "texture": "#0"},
				"east": {"uv": [6.5, 12, 6.75, 13], "rotation": 90, "texture": "#0"},
				"south": {"uv": [5.75, 11.75, 6.75, 12], "texture": "#0"},
				"west": {"uv": [5.75, 13, 6.75, 13.25], "texture": "#0"},
				"up": {"uv": [5.5, 12, 6.5, 13], "texture": "#0"}
			}
		}
	],
	"display": {
		"fixed": {
			"rotation": [-90, 0, 0],
			"translation": [32, -24, -32],
			"scale": [4, 4, 4]
		}
	}
}