{
	"textures":{
		"0":"block/plant/fern_large_0",
		"particle":"block/plant/fern_large_0"
	},
	"elements":[
		{
			"from":[1,0,6],
			"to":[14,8,6],
			"rotation":{"angle":-22.5,"axis":"x","origin":[0,0,6]},
			"faces":{
				"north":{"uv":[11,12,4.5,16],"texture":"#0","tintindex":0},
				"south":{"uv":[4.5,12,11,16],"texture":"#0","tintindex":0}
			}
		},
		{
			"from":[1,7.39,2.94],
			"to":[14,17.39,2.94],
			"rotation":{"angle":-45,"axis":"x","origin":[0,7.39,2.94]},
			"faces":{
				"north":{"uv":[11,7,4.5,12],"texture":"#0","tintindex":0},
				"south":{"uv":[4.5,7,11,12],"texture":"#0","tintindex":0}
			}
		},
		{
			"from":[1,14.46,-12.13],
			"to":[14,14.46,-4.13],
			"rotation":{"angle":22.5,"axis":"x","origin":[0,14.46,-4.13]},
			"faces":{
				"up":{"uv":[4.5,3,11,7],"texture":"#0","tintindex":0},
				"down":{"uv":[11,3,4.5,7],"rotation":180,"texture":"#0","tintindex":0}
			}
		},
		{
			"from":[10,0,2],
			"to":[10,8,15],
			"rotation":{"angle":-22.5,"axis":"z","origin":[10,0,0]},
			"faces":{
				"east":{"uv":[11,12,4.5,16],"texture":"#0","tintindex":0},
				"west":{"uv":[4.5,12,11,16],"texture":"#0","tintindex":0}
			}
		},
		{
			"from":[-12.13,14.46,2],
			"to":[-4.13,14.46,15],
			"rotation":{"angle":-22.5,"axis":"z","origin":[-4.13,14.46,0]},
			"faces":{
				"up":{"uv":[4.5,3,11,7],"rotation":270,"texture":"#0","tintindex":0},
				"down":{"uv":[11,3,4.5,7],"rotation":270,"texture":"#0","tintindex":0}
			}
		},
		{
			"from":[20.13,14.46,2],
			"to":[28.13,14.46,15],
			"rotation":{"angle":22.5,"axis":"z","origin":[20.13,14.46,0]},
			"faces":{
				"up":{"uv":[4.5,3,11,7],"rotation":90,"texture":"#0","tintindex":0},
				"down":{"uv":[11,3,4.5,7],"rotation":90,"texture":"#0","tintindex":0}
			}
		},
		{
			"from":[13.06,7.39,2],
			"to":[13.06,17.39,15],
			"rotation":{"angle":-45,"axis":"z","origin":[13.06,7.39,0]},
			"faces":{
				"east":{"uv":[11,7,4.5,12],"texture":"#0","tintindex":0},
				"west":{"uv":[4.5,7,11,12],"texture":"#0","tintindex":0}
			}
		},
		{
			"from":[2.94,7.39,2],
			"to":[2.94,17.39,15],
			"rotation":{"angle":45,"axis":"z","origin":[2.94,7.39,0]},
			"faces":{
				"east":{"uv":[4.5,7,11,12],"texture":"#0","tintindex":0},
				"west":{"uv":[11,7,4.5,12],"texture":"#0","tintindex":0}
			}
		},
		{
			"from":[6,0,2],
			"to":[6,8,15],
			"rotation":{"angle":22.5,"axis":"z","origin":[6,0,0]},
			"faces":{
				"east":{"uv":[4.5,12,11,16],"texture":"#0","tintindex":0},
				"west":{"uv":[11,12,4.5,16],"texture":"#0","tintindex":0}
			}
		},
		{
			"from":[2,0,10],
			"to":[15,8,10],
			"rotation":{"angle":22.5,"axis":"x","origin":[0,0,10]},
			"faces":{
				"north":{"uv":[4.5,12,11,16],"texture":"#0","tintindex":0},
				"south":{"uv":[11,12,4.5,16],"texture":"#0","tintindex":0}
			}
		},
		{
			"from":[2,7.39,13.06],
			"to":[15,17.39,13.06],
			"rotation":{"angle":45,"axis":"x","origin":[0,7.39,13.06]},
			"faces":{
				"north":{"uv":[4.5,7,11,12],"texture":"#0","tintindex":0},
				"south":{"uv":[11,7,4.5,12],"texture":"#0","tintindex":0}
			}
		},
		{
			"from":[2,14.46,20.13],
			"to":[15,14.46,28.13],
			"rotation":{"angle":-22.5,"axis":"x","origin":[0,14.46,20.13]},
			"faces":{
				"up":{"uv":[4.5,3,11,7],"rotation":180,"texture":"#0","tintindex":0},
				"down":{"uv":[11,3,4.5,7],"texture":"#0","tintindex":0}
			}
		}
	]
}