{"textures":{"0":"modelengine:entity/chromafire_style_gold"},"elements":[{"from":[6.525,3.525,8.025],"to":[11.475,10.475,7.975],"faces":{"south":{"uv":[14.25,11.75,13.0,13.5],"tintindex":0,"rotation":0,"texture":"#0"},"north":{"uv":[13.0,11.75,14.25,13.5],"tintindex":0,"rotation":0,"texture":"#0"}}},{"from":[7.0,4.0,8.0],"to":[11.0,10.0,8.0],"faces":{"south":{"uv":[7.5,1.75,6.5,3.25],"tintindex":0,"rotation":0,"texture":"#0"},"north":{"uv":[6.5,1.75,7.5,3.25],"tintindex":0,"rotation":0,"texture":"#0"}}}],"display":{"gui":{"rotation":[30,225,0]}}}