{"textures":{"0":"modelengine:entity/chromafire_style_gold"},"elements":[{"from":[3.525,4.025,8.025],"to":[9.475,11.975,7.975],"faces":{"south":{"uv":[16.0,11.75,14.5,13.75],"tintindex":0,"rotation":0,"texture":"#0"},"north":{"uv":[14.5,11.75,16.0,13.75],"tintindex":0,"rotation":0,"texture":"#0"}}},{"from":[4.0,4.5,8.0],"to":[9.0,11.5,8.0],"faces":{"south":{"uv":[5.25,0.5,4.0,2.25],"tintindex":0,"rotation":0,"texture":"#0"},"north":{"uv":[4.0,0.5,5.25,2.25],"tintindex":0,"rotation":0,"texture":"#0"}}}],"display":{"gui":{"rotation":[30,225,0]}}}