{"textures":{"0":"modelengine:entity/chromafire_style_gold"},"elements":[{"from":[9.525,6.525,8.025],"to":[28.475,9.475,7.975],"faces":{"east":{"uv":[15.75,15.75,16.0,16.0],"tintindex":0,"rotation":0,"texture":"#0"},"south":{"uv":[12.75,11.75,8.0,12.5],"tintindex":0,"rotation":0,"texture":"#0"},"north":{"uv":[8.0,11.75,12.75,12.5],"tintindex":0,"rotation":0,"texture":"#0"},"west":{"uv":[15.75,15.75,16.0,16.0],"tintindex":0,"rotation":0,"texture":"#0"},"down":{"uv":[15.75,15.75,16.0,16.0],"tintindex":0,"rotation":0,"texture":"#0"}}},{"from":[10.0,7.0,8.0],"to":[28.0,9.0,8.0],"faces":{"south":{"uv":[4.5,3.75,0.0,4.25],"tintindex":0,"rotation":0,"texture":"#0"},"north":{"uv":[0.0,3.75,4.5,4.25],"tintindex":0,"rotation":0,"texture":"#0"}}}],"display":{"gui":{"rotation":[30,225,0]}}}