{"textures":{"0":"modelengine:entity/chromafire_style_gold"},"elements":[{"from":[6.525,7.025,8.025],"to":[10.475,18.975,7.975],"faces":{"south":{"uv":[15.0,8.0,16.0,11.0],"tintindex":0,"rotation":0,"texture":"#0"},"north":{"uv":[16.0,8.0,15.0,11.0],"tintindex":0,"rotation":0,"texture":"#0"}}},{"from":[7.0,7.5,8.0],"to":[10.0,18.5,8.0],"faces":{"south":{"uv":[2.0,4.25,2.75,7.0],"tintindex":0,"rotation":0,"texture":"#0"},"north":{"uv":[2.75,4.25,2.0,7.0],"tintindex":0,"rotation":0,"texture":"#0"}}}],"display":{"gui":{"rotation":[30,225,0]}}}