{"textures":{"0":"modelengine:entity/chromafire_style_gold"},"elements":[{"from":[6.525,2.525,8.025],"to":[9.475,9.475,7.975],"faces":{"south":{"uv":[13.75,8.0,13.0,9.75],"tintindex":0,"rotation":0,"texture":"#0"},"north":{"uv":[13.0,8.0,13.75,9.75],"tintindex":0,"rotation":0,"texture":"#0"}}},{"from":[7.0,3.0,8.0],"to":[9.0,9.0,8.0],"faces":{"south":{"uv":[5.25,6.75,5.75,8.25],"tintindex":0,"rotation":0,"texture":"#0"},"north":{"uv":[5.75,6.75,5.25,8.25],"tintindex":0,"rotation":0,"texture":"#0"}}}],"display":{"gui":{"rotation":[30,225,0]}}}