{"textures":{"0":"modelengine:entity/chromafire_style_gold"},"elements":[{"from":[7.0,-2.0,8.0],"to":[9.0,8.0,8.0],"faces":{"south":{"uv":[3.25,6.75,3.75,9.25],"tintindex":0,"rotation":0,"texture":"#0"},"north":{"uv":[3.75,6.75,3.25,9.25],"tintindex":0,"rotation":0,"texture":"#0"}}},{"from":[6.525,-2.475,8.025],"to":[9.475,8.475,7.975],"faces":{"south":{"uv":[11.75,8.0,11.0,10.75],"tintindex":0,"rotation":0,"texture":"#0"},"north":{"uv":[11.0,8.0,11.75,10.75],"tintindex":0,"rotation":0,"texture":"#0"}}}],"display":{"gui":{"rotation":[30,225,0]}}}