{
	"credit": "Made with Blockbench",
	"ambientocclusion": false,
	"textures": {
		"0": "block/amethyst_test",
		"particle": "block/amethyst_test"
	},
	"elements": [
		{
			"from": [6, -0.68925, 6.96508],
			"to": [10, 10.31075, 10.96508],
			"shade": false,
			"rotation": {"angle": 22.5, "axis": "x", "origin": [8, -1.68925, 8.96508]},
			"faces": {
				"north": {"uv": [4, 7.5, 6, 13], "texture": "#0"},
				"east": {"uv": [0, 7.5, 2, 13], "texture": "#0"},
				"south": {"uv": [4, 7.5, 6, 13], "texture": "#0"},
				"west": {"uv": [0, 7.5, 2, 13], "texture": "#0"},
				"down": {"uv": [0.5, 4.5, 2.5, 6.5], "texture": "#0"}
			}
		},
		{
			"from": [5.99, 6.4104, 11.32683],
			"to": [10.01, 9.2388, 14.15523],
			"shade": false,
			"rotation": {"angle": -22.5, "axis": "x", "origin": [6, 9.2388, 11.32683]},
			"faces": {
				"east": {"uv": [2, 7.5, 3.5, 9], "texture": "#0"},
				"south": {"uv": [2, 9, 4, 10.5], "texture": "#0"},
				"west": {"uv": [2, 7.5, 3.5, 9], "rotation": 90, "texture": "#0"},
				"up": {"uv": [2, 9, 4, 10.5], "rotation": 180, "texture": "#0"}
			}
		},
		{
			"from": [4, 0, 4],
			"to": [9, 14, 9],
			"shade": false,
			"rotation": {"angle": 0, "axis": "y", "origin": [1, 1, 1]},
			"faces": {
				"north": {"uv": [0, 0, 2.5, 7], "texture": "#0"},
				"east": {"uv": [7.5, 0, 5, 7], "texture": "#0"},
				"south": {"uv": [0, 0, 2.5, 7], "texture": "#0"},
				"west": {"uv": [7.5, 0, 5, 7], "texture": "#0"},
				"down": {"uv": [0, 4, 2.5, 6.5], "texture": "#0"}
			}
		},
		{
			"from": [4, 1, 7],
			"to": [7, 9, 10],
			"shade": false,
			"rotation": {"angle": 45, "axis": "z", "origin": [7, 1, 10]},
			"faces": {
				"north": {"uv": [7.5, 1, 9, 5], "texture": "#0"},
				"east": {"uv": [10, 1, 11.5, 5], "texture": "#0"},
				"south": {"uv": [7.5, 1, 9, 5], "texture": "#0"},
				"west": {"uv": [10, 1, 11.5, 5], "texture": "#0"},
				"down": {"uv": [7.5, 5, 9, 6.5], "texture": "#0"}
			}
		},
		{
			"from": [-0.07107, 3.82843, 6.99],
			"to": [2.05023, 5.94973, 10.01],
			"shade": false,
			"rotation": {"angle": 0, "axis": "y", "origin": [2.05023, 5.94973, 7]},
			"faces": {
				"north": {"uv": [9, 0.5, 10, 1.5], "rotation": 90, "texture": "#0"},
				"south": {"uv": [9, 0.5, 10, 1.5], "texture": "#0"},
				"west": {"uv": [10, 0, 11.5, 1], "texture": "#0"},
				"up": {"uv": [10, 0, 11.5, 1], "rotation": 270, "texture": "#0"}
			}
		},
		{
			"from": [5.67156, 11.5, 3.99],
			"to": [9.20706, 15.0355, 9.01],
			"shade": false,
			"rotation": {"angle": 45, "axis": "z", "origin": [8.49996, 11.5, 4]},
			"faces": {
				"north": {"uv": [2.5, 0, 4.2678, 1.7678], "texture": "#0"},
				"east": {"uv": [5, 2, 2.5, 3.7678], "texture": "#0"},
				"south": {"uv": [2.5, 0, 4.2678, 1.7678], "rotation": 90, "texture": "#0"},
				"up": {"uv": [5, 2, 2.5, 3.7678], "rotation": 90, "texture": "#0"}
			}
		},
		{
			"from": [7, 0, 4],
			"to": [10, 6, 7],
			"shade": false,
			"rotation": {"angle": -45, "axis": "x", "origin": [8, 0, 5]},
			"faces": {
				"north": {"uv": [10, 1, 11.5, 4], "texture": "#0"},
				"east": {"uv": [7.5, 1, 9, 4], "texture": "#0"},
				"south": {"uv": [10, 1, 11.5, 4], "texture": "#0"},
				"west": {"uv": [7.5, 1, 9, 4], "texture": "#0"},
				"down": {"uv": [7.5, 5, 9, 6.5], "texture": "#0"}
			}
		},
		{
			"from": [8.10912, -0.86562, 5],
			"to": [11.10912, 7.13438, 8],
			"shade": false,
			"rotation": {"angle": -22.5, "axis": "z", "origin": [10.23044, -0.15851, 8]},
			"faces": {
				"north": {"uv": [7.5, 1, 9, 5], "texture": "#0"},
				"east": {"uv": [10, 1, 11.5, 5], "texture": "#0"},
				"south": {"uv": [7.5, 1, 9, 5], "texture": "#0"},
				"west": {"uv": [10, 1, 11.5, 5], "texture": "#0"},
				"down": {"uv": [7.5, 5, 9, 6.5], "texture": "#0"}
			}
		},
		{
			"from": [13.18021, 3.66991, 4.99],
			"to": [15.30151, 5.79121, 8.01],
			"shade": false,
			"rotation": {"angle": 22.5, "axis": "z", "origin": [10.23044, -0.15851, 8]},
			"faces": {
				"north": {"uv": [9, 0.5, 10, 1.5], "texture": "#0"},
				"east": {"uv": [10, 0, 11.5, 1], "texture": "#0"},
				"south": {"uv": [9, 0.5, 10, 1.5], "rotation": 90, "texture": "#0"},
				"up": {"uv": [10, 0, 11.5, 1], "rotation": 90, "texture": "#0"}
			}
		},
		{
			"from": [6.99, 2.82843, 0.75736],
			"to": [10.01, 4.94973, 2.87866],
			"shade": false,
			"rotation": {"angle": 0, "axis": "y", "origin": [0, -2.23204, -1.07906]},
			"faces": {
				"north": {"uv": [10, 0, 11.5, 1], "texture": "#0"},
				"east": {"uv": [9, 0.5, 10, 1.5], "rotation": 90, "texture": "#0"},
				"west": {"uv": [9, 0.5, 10, 1.5], "texture": "#0"},
				"up": {"uv": [10, 0, 11.5, 1], "texture": "#0"}
			}
		}
	]
}