{
	"textures":{
		"particle":"#1"
	},
	"elements":[
		{
			"from":[2,12,14],
			"to":[15,14,15],
			"faces":{
				"north":{"uv":[9.5,10.5,16,11.5],"texture":"#0"},
				"east":{"uv":[1,2,2,4],"texture":"#1"},
				"south":{"uv":[2,2,15,4],"texture":"#1"}
			}
		},
		{
			"from":[1,12,2],
			"to":[2,14,15],
			"faces":{
				"east":{"uv":[9.5,10.5,16,11.5],"texture":"#0"},
				"south":{"uv":[1,2,2,4],"texture":"#1"},
				"west":{"uv":[2,2,15,4],"texture":"#1"}
			}
		},
		{
			"from":[14,12,1],
			"to":[15,14,14],
			"faces":{
				"north":{"uv":[1,2,2,4],"texture":"#1"},
				"east":{"uv":[2,2,15,4],"texture":"#1"},
				"west":{"uv":[9.5,10.5,16,11.5],"texture":"#0"}
			}
		},
		{
			"from":[1,12,1],
			"to":[14,14,2],
			"faces":{
				"north":{"uv":[2,2,15,4],"texture":"#1"},
				"south":{"uv":[9.5,10.5,16,11.5],"texture":"#0"},
				"west":{"uv":[1,2,2,4],"texture":"#1"}
			}
		},
		{
			"from":[12,0,1],
			"to":[15,2,4],
			"faces":{
				"north":{"uv":[1,14,4,16],"texture":"#1"},
				"east":{"uv":[12,14,15,16],"texture":"#1"},
				"south":{"uv":[12,14,15,16],"texture":"#1"},
				"west":{"uv":[1,14,4,16],"texture":"#1"},
				"down":{"uv":[14.5,8,16,9.5],"texture":"#0","cullface":"down"}
			}
		},
		{
			"from":[1,0,1],
			"to":[4,2,4],
			"faces":{
				"north":{"uv":[12,14,15,16],"texture":"#1"},
				"east":{"uv":[12,14,15,16],"texture":"#1"},
				"south":{"uv":[1,14,4,16],"texture":"#1"},
				"west":{"uv":[1,14,4,16],"texture":"#1"},
				"down":{"uv":[12.5,8,14,9.5],"texture":"#0","cullface":"down"}
			}
		},
		{
			"from":[1,0,12],
			"to":[4,2,15],
			"faces":{
				"north":{"uv":[12,14,15,16],"texture":"#1"},
				"east":{"uv":[1,14,4,16],"texture":"#1"},
				"south":{"uv":[1,14,4,16],"texture":"#1"},
				"west":{"uv":[12,14,15,16],"texture":"#1"},
				"down":{"uv":[8.5,8,10,9.5],"texture":"#0","cullface":"down"}
			}
		},
		{
			"from":[12,0,12],
			"to":[15,2,15],
			"faces":{
				"north":{"uv":[1,14,4,16],"texture":"#1"},
				"east":{"uv":[1,14,4,16],"texture":"#1"},
				"south":{"uv":[12,14,15,16],"texture":"#1"},
				"west":{"uv":[12,14,15,16],"texture":"#1"},
				"down":{"uv":[10.5,8,12,9.5],"texture":"#0","cullface":"down"}
			}
		},
		{
			"from":[0,3,0],
			"to":[14,12,2],
			"faces":{
				"north":{"uv":[2,4,16,13],"texture":"#1","cullface":"north"},
				"south":{"uv":[9,11.5,16,16],"texture":"#0"},
				"west":{"uv":[0,4,2,13],"texture":"#1","cullface":"west"},
				"up":{"uv":[0,8,7,9],"texture":"#0"},
				"down":{"uv":[8,7,15,8],"texture":"#0"}
			}
		},
		{
			"from":[1,2,1],
			"to":[15,4,15],
			"faces":{
				"north":{"uv":[1,12,15,14],"texture":"#1"},
				"east":{"uv":[1,12,15,14],"texture":"#1"},
				"south":{"uv":[1,12,15,14],"texture":"#1"},
				"west":{"uv":[1,12,15,14],"texture":"#1"},
				"up":{"uv":[8.5,0.5,15.5,7.5],"texture":"#0"},
				"down":{"uv":[8.5,0.5,15.5,7.5],"texture":"#0"}
			}
		},
		{
			"from":[0,14,0],
			"to":[14,16,2],
			"faces":{
				"north":{"uv":[2,0,16,2],"texture":"#1","cullface":"north"},
				"south":{"uv":[9,9.5,16,10.5],"texture":"#0"},
				"west":{"uv":[0,0,2,2],"texture":"#1","cullface":"west"},
				"up":{"uv":[0,0,7,1],"texture":"#0","cullface":"up"},
				"down":{"uv":[8,7,15,8],"texture":"#0"}
			}
		},
		{
			"from":[2,14,14],
			"to":[16,16,16],
			"faces":{
				"north":{"uv":[9,9.5,16,10.5],"texture":"#0"},
				"east":{"uv":[0,0,2,2],"texture":"#1","cullface":"east"},
				"south":{"uv":[2,0,16,2],"texture":"#1","cullface":"south"},
				"up":{"uv":[1,7,8,8],"texture":"#0","cullface":"up"},
				"down":{"uv":[8.5,0,16,1],"texture":"#0"}
			}
		},
		{
			"from":[0,14,2],
			"to":[2,16,16],
			"faces":{
				"east":{"uv":[9,9.5,16,10.5],"texture":"#0"},
				"south":{"uv":[0,0,2,2],"texture":"#1","cullface":"south"},
				"west":{"uv":[2,0,16,2],"texture":"#1","cullface":"west"},
				"up":{"uv":[0,1,1,8],"texture":"#0","cullface":"up"},
				"down":{"uv":[8,0,9,7],"texture":"#0"}
			}
		},
		{
			"from":[14,14,0],
			"to":[16,16,14],
			"faces":{
				"north":{"uv":[0,0,2,2],"texture":"#1","cullface":"north"},
				"east":{"uv":[2,0,16,2],"texture":"#1","cullface":"east"},
				"west":{"uv":[9,9.5,16,10.5],"texture":"#0"},
				"up":{"uv":[7,0,8,7],"texture":"#0","cullface":"up"},
				"down":{"uv":[15,1,16,8],"texture":"#0"}
			}
		},
		{
			"from":[14,3,0],
			"to":[16,12,14],
			"faces":{
				"north":{"uv":[0,4,2,13],"texture":"#1","cullface":"north"},
				"east":{"uv":[2,4,16,13],"texture":"#1","cullface":"east"},
				"west":{"uv":[9,11.5,16,16],"texture":"#0"},
				"up":{"uv":[7,8,8,15],"texture":"#0"},
				"down":{"uv":[15,1,16,8],"texture":"#0"}
			}
		},
		{
			"from":[0,3,2],
			"to":[2,12,16],
			"faces":{
				"east":{"uv":[9,11.5,16,16],"texture":"#0"},
				"south":{"uv":[0,4,2,13],"texture":"#1","cullface":"south"},
				"west":{"uv":[2,4,16,13],"texture":"#1","cullface":"west"},
				"up":{"uv":[0,9,1,16],"texture":"#0"},
				"down":{"uv":[8,0,9,7],"texture":"#0"}
			}
		},
		{
			"from":[2,3,14],
			"to":[16,12,16],
			"faces":{
				"north":{"uv":[9,11.5,16,16],"texture":"#0"},
				"east":{"uv":[0,4,2,13],"texture":"#1","cullface":"east"},
				"south":{"uv":[2,4,16,13],"texture":"#1","cullface":"south"},
				"up":{"uv":[8,16,1,15],"rotation":180,"texture":"#0"},
				"down":{"uv":[16,1,9,0],"rotation":180,"texture":"#0"}
			}
		}
	]
}