{
	"parent":"block/block",
	"textures":{
		"particle":"block/dragon_egg",
		"all":"block/dragon_egg"
	},
	"elements":[
		{
			"from":[5,14,5],
			"to":[11,16,11],
			"faces":{
				"north":{"uv":[5,14,11,16],"texture":"#all"},
				"east":{"uv":[5,14,11,16],"texture":"#all"},
				"south":{"uv":[5,14,11,16],"texture":"#all"},
				"west":{"uv":[5,14,11,16],"texture":"#all"},
				"up":{"uv":[5,5,11,11],"texture":"#all"}
			}
		},
		{
			"from":[3,10,3],
			"to":[13,14,13],
			"faces":{
				"north":{"uv":[3,10,13,14],"texture":"#all"},
				"east":{"uv":[3,10,13,14],"texture":"#all"},
				"south":{"uv":[3,10,13,14],"texture":"#all"},
				"west":{"uv":[3,10,13,14],"texture":"#all"},
				"up":{"uv":[3,3,13,13],"texture":"#all"}
			}
		},
		{
			"from":[1,3,1],
			"to":[15,10,15],
			"faces":{
				"north":{"uv":[1,3,15,10],"texture":"#all"},
				"east":{"uv":[1,3,15,10],"texture":"#all"},
				"south":{"uv":[1,3,15,10],"texture":"#all"},
				"west":{"uv":[1,3,15,10],"texture":"#all"},
				"up":{"uv":[1,1,15,15],"texture":"#all"},
				"down":{"uv":[1,1,15,15],"texture":"#all"}
			}
		},
		{
			"from":[3,0,3],
			"to":[13,3,13],
			"faces":{
				"north":{"uv":[3,0,13,3],"texture":"#all"},
				"east":{"uv":[3,0,13,3],"texture":"#all"},
				"south":{"uv":[3,0,13,3],"texture":"#all"},
				"west":{"uv":[3,0,13,3],"texture":"#all"},
				"down":{"uv":[3,3,13,13],"texture":"#all"}
			}
		}
	]
}