{
	"textures":{
		"0":"block/iron_door_right_bottom",
		"1":"block/iron_door_bottom_side",
		"2":"block/iron_door_right_bottom_back",
		"particle":"block/iron_door_right_bottom"
	},
	"elements":[
		{
			"from":[0,0,0],
			"to":[3,16,16],
			"faces":{
				"north":{"uv":[0,0,3,16],"texture":"#1","cullface":"north"},
				"east":{"uv":[0,0,16,16],"texture":"#2"},
				"south":{"uv":[9,0,6,16],"texture":"#1","cullface":"south"},
				"west":{"uv":[16,0,0,16],"texture":"#0","cullface":"west"},
				"up":{"uv":[13,16,10,0],"texture":"#1","cullface":"up"},
				"down":{"uv":[6,0,3,16],"texture":"#1","cullface":"down"}
			}
		}
	]
}