{
"parent":"minecraft:block/cube_top",
"textures":{
"0":"block/jukebox_parts",
"1":"block/jukebox_side",
"2":"block/jukebox_top",
"3":"block/jukebox_bottom",
"4":"block/jukebox_horn_front",
"5":"block/jukebox_horn_back",
"6":"block/iron_block",
"particle":"block/jukebox_side"
},
"elements":[
{
"from":[0,12,5],
"to":[2,16,11],
"faces":{
"east":{"uv":[5,0,11,4],"texture":"#1","cullface":"up"},
"west":{"uv":[5,0,11,4],"texture":"#1","cullface":"west"},
"up":{"uv":[14,5,16,11],"rotation":180,"texture":"#2","cullface":"up"}
}
},
{
"from":[14,12,5],
"to":[16,16,11],
"faces":{
"east":{"uv":[5,0,11,4],"texture":"#1","cullface":"east"},
"west":{"uv":[5,0,11,4],"texture":"#3","cullface":"up"},
"up":{"uv":[0,5,2,11],"rotation":180,"texture":"#2","cullface":"up"}
}
},
{
"from":[0,12,0],
"to":[16,16,5],
"faces":{
"north":{"uv":[0,0,16,4],"texture":"#1","cullface":"north"},
"east":{"uv":[11,0,16,4],"texture":"#1","cullface":"east"},
"south":{"uv":[0,0,16,4],"texture":"#3","cullface":"up"},
"west":{"uv":[0,0,5,4],"texture":"#1","cullface":"west"},
"up":{"uv":[0,11,16,16],"rotation":180,"texture":"#2","cullface":"up"}
}
},
{
"from":[0,12,11],
"to":[16,16,16],
"faces":{
"north":{"uv":[0,0,16,4],"texture":"#3","cullface":"up"},
"east":{"uv":[0,0,5,4],"texture":"#1","cullface":"east"},
"south":{"uv":[0,0,16,4],"texture":"#1","cullface":"south"},
"west":{"uv":[11,0,16,4],"texture":"#1","cullface":"west"},
"up":{"uv":[0,0,16,5],"rotation":180,"texture":"#2","cullface":"up"}
}
},
{
"from":[4,14,6],
"to":[12,16,10],
"faces":{
"north":{"uv":[0,0,8,2],"texture":"#0","cullface":"up"},
"east":{"uv":[8,1,12,3],"texture":"#0","cullface":"up"},
"south":{"uv":[0,0,8,2],"texture":"#0","cullface":"up"},
"west":{"uv":[8,1,12,3],"texture":"#0","cullface":"up"},
"up":{"uv":[0,0,8,4],"rotation":180,"texture":"#0","cullface":"up"},
"down":{"uv":[0,0,8,4],"rotation":180,"texture":"#0","cullface":"up"}
}
},
{
"from":[4,13,7],
"to":[12,17,9],
"faces":{
"north":{"uv":[0,0,8,4],"texture":"#0","cullface":"up"},
"east":{"uv":[9,0,11,4],"texture":"#0","cullface":"up"},
"south":{"uv":[0,0,8,4],"texture":"#0","cullface":"up"},
"west":{"uv":[9,0,11,4],"texture":"#0","cullface":"up"},
"up":{"uv":[0,0,8,2],"rotation":180,"texture":"#0","cullface":"up"}
}
},
{
"from":[13,14.5,5],
"to":[14,15.5,11],
"faces":{
"east":{"uv":[13,0,14,6],"rotation":90,"texture":"#4","cullface":"up"},
"west":{"uv":[13,0,14,6],"rotation":90,"texture":"#4","cullface":"up"},
"up":{"uv":[13,0,14,6],"rotation":180,"texture":"#4","cullface":"up"},
"down":{"uv":[13,0,14,6],"rotation":180,"texture":"#4","cullface":"up"}
}
},
{
"from":[2,14.5,7.5],
"to":[13,15.5,8.5],
"faces":{
"north":{"uv":[12,0,13,11],"rotation":90,"texture":"#4","cullface":"up"},
"south":{"uv":[12,0,13,11],"rotation":90,"texture":"#4","cullface":"up"},
"up":{"uv":[12,0,13,11],"rotation":270,"texture":"#4","cullface":"up"},
"down":{"uv":[12,0,13,11],"rotation":270,"texture":"#4","cullface":"up"}
}
},
{
"from":[2,16,5],
"to":[14,28,6],
"rotation":{"angle":22.5,"axis":"x","origin":[0,23,15]},
"faces":{
"north":{"uv":[0,0,12,12],"texture":"#4","cullface":"up"},
"east":{"uv":[0,0,1,12],"texture":"#4","cullface":"up"},
"south":{"uv":[0,0,12,12],"texture":"#5","cullface":"up"},
"west":{"uv":[0,0,1,12],"texture":"#4","cullface":"up"},
"up":{"uv":[0,0,12,1],"rotation":180,"texture":"#4","cullface":"up"},
"down":{"uv":[0,0,12,1],"rotation":180,"texture":"#4","cullface":"up"}
}
},
{
"from":[4,18,6],
"to":[12,26,7],
"rotation":{"angle":22.5,"axis":"x","origin":[0,23,15]},
"faces":{
"east":{"uv":[0,15,8,16],"rotation":90,"texture":"#4","cullface":"up"},
"south":{"uv":[2,2,10,10],"texture":"#5","cullface":"up"},
"west":{"uv":[0,15,8,16],"rotation":90,"texture":"#4","cullface":"up"},
"up":{"uv":[0,15,8,16],"rotation":180,"texture":"#4","cullface":"up"},
"down":{"uv":[0,15,8,16],"rotation":180,"texture":"#4","cullface":"up"}
}
},
{
"from":[5,19,7],
"to":[11,25,9],
"rotation":{"angle":22.5,"axis":"x","origin":[0,23,15]},
"faces":{
"east":{"uv":[0,15,6,13],"rotation":90,"texture":"#4","cullface":"up"},
"south":{"uv":[3,3,9,9],"texture":"#5","cullface":"up"},
"west":{"uv":[0,13,6,15],"rotation":90,"texture":"#4","cullface":"up"},
"up":{"uv":[0,13,6,15],"rotation":180,"texture":"#4","cullface":"up"},
"down":{"uv":[0,15,6,13],"rotation":180,"texture":"#4","cullface":"up"}
}
},
{
"from":[6,20,9],
"to":[10,24,12],
"rotation":{"angle":22.5,"axis":"x","origin":[0,23,15]},
"faces":{
"east":{"uv":[9,16,13,13],"rotation":90,"texture":"#4","cullface":"up"},
"south":{"uv":[4,4,8,8],"texture":"#5","cullface":"up"},
"west":{"uv":[9,13,13,16],"rotation":90,"texture":"#4","cullface":"up"},
"up":{"uv":[9,13,13,16],"rotation":180,"texture":"#4","cullface":"up"},
"down":{"uv":[9,16,13,13],"rotation":180,"texture":"#4","cullface":"up"}
}
},
{
"from":[7,21,12],
"to":[9,23,15],
"rotation":{"angle":22.5,"axis":"x","origin":[0,23,15]},
"faces":{
"east":{"uv":[14,16,16,13],"rotation":90,"texture":"#4","cullface":"up"},
"south":{"uv":[5,5,7,7],"texture":"#5","cullface":"up"},
"west":{"uv":[14,13,16,16],"rotation":90,"texture":"#4","cullface":"up"},
"up":{"uv":[14,13,16,16],"rotation":180,"texture":"#4","cullface":"up"},
"down":{"uv":[14,16,16,13],"rotation":180,"texture":"#4","cullface":"up"}
}
},
{
"from":[7.05,19,13],
"to":[8.95,23,15],
"faces":{
"north":{"uv":[14,6,16,10],"texture":"#4","cullface":"up"},
"east":{"uv":[14,6,16,10],"texture":"#4","cullface":"up"},
"south":{"uv":[14,6,16,10],"texture":"#4","cullface":"up"},
"west":{"uv":[14,6,16,10],"texture":"#4","cullface":"up"},
"down":{"uv":[14,3,16,5],"rotation":180,"texture":"#4","cullface":"up"}
}
},
{
"from":[6.5,20,12.5],
"to":[9.5,22,15.5],
"faces":{
"north":{"uv":[4,5,7,7],"texture":"#6","cullface":"up"},
"east":{"uv":[4,5,7,7],"texture":"#6","cullface":"up"},
"south":{"uv":[4,5,7,7],"texture":"#6","cullface":"up"},
"west":{"uv":[4,5,7,7],"texture":"#6","cullface":"up"},
"up":{"uv":[4,5,7,8],"rotation":180,"texture":"#6","cullface":"up"},
"down":{"uv":[4,5,7,8],"rotation":180,"texture":"#6","cullface":"up"}
}
},
{
"from":[7.5,19,8.5],
"to":[8.5,20,14.5],
"rotation":{"angle":-22.5,"axis":"x","origin":[0,20,13]},
"faces":{
"east":{"uv":[0,13,6,14],"texture":"#4","cullface":"up"},
"west":{"uv":[0,13,6,14],"texture":"#4","cullface":"up"},
"up":{"uv":[0,0,1,4],"rotation":180,"texture":"#4","cullface":"up"},
"down":{"uv":[0,0,1,4],"rotation":180,"texture":"#4","cullface":"up"}
}
},
{
"from":[7.5,19,7.5],
"to":[8.5,20,8.5],
"rotation":{"angle":-22.5,"axis":"x","origin":[0,20,13]},
"faces":{
"north":{"uv":[0,0,1,1],"texture":"#6","cullface":"up"},
"east":{"uv":[0,0,1,1],"texture":"#6","cullface":"up"},
"west":{"uv":[0,0,1,1],"texture":"#6","cullface":"up"},
"up":{"uv":[0,0,1,1],"rotation":180,"texture":"#6","cullface":"up"},
"down":{"uv":[0,0,1,1],"rotation":180,"texture":"#6","cullface":"up"}
}
},
{
"from":[9.5,15,13],
"to":[10.5,22,15],
"rotation":{"angle":22.5,"axis":"z","origin":[10.5,19,0]},
"faces":{
"north":{"uv":[8,4,9,10],"texture":"#6","cullface":"up"},
"east":{"uv":[7,4,9,10],"texture":"#6","cullface":"up"},
"south":{"uv":[7,4,8,10],"texture":"#6","cullface":"up"},
"west":{"uv":[7,4,9,10],"texture":"#6","cullface":"up"}
}
},
{
"from":[0,0,0],
"to":[16,12,16],
"faces":{
"north":{"uv":[0,4,16,16],"texture":"#1","cullface":"north"},
"east":{"uv":[0,4,16,16],"texture":"#1","cullface":"east"},
"south":{"uv":[0,4,16,16],"texture":"#1","cullface":"south"},
"west":{"uv":[0,4,16,16],"texture":"#1","cullface":"west"},
"up":{"uv":[0,0,16,16],"rotation":180,"texture":"#3","cullface":"up"},
"down":{"uv":[0,0,16,16],"rotation":180,"texture":"#3","cullface":"down"}
}
}
]
}