{
    "ambientocclusion": false,
    "textures": {
        "particle": "block/flower_pot_vanilla",
        "flowerpot": "block/flower_pot_vanilla",
        "dirt": "block/dirt",
        "bamboo": "block/bamboo_stalk",
        "leaf": "block/bamboo_singleleaf"
    },
    "elements": [
        {   "from": [ 5, 0, 5 ],
            "to": [ 6, 6, 11 ],
            "faces": {
                "down":  { "uv": [ 5, 5, 6, 11 ], "texture": "#flowerpot", "cullface": "down" },
                "up":    { "uv": [ 5, 5, 6, 11 ], "texture": "#flowerpot" },
                "north": { "uv": [ 10, 10, 11, 16 ], "texture": "#flowerpot" },
                "south": { "uv": [ 5, 10, 6, 16 ], "texture": "#flowerpot" },
                "west":  { "uv": [ 5, 10, 11, 16 ], "texture": "#flowerpot" },
                "east":  { "uv": [ 5, 10, 11, 16 ], "texture": "#flowerpot" }
            }
        },
        {   "from": [ 10, 0, 5 ],
            "to": [ 11, 6, 11 ],
            "faces": {
                "down":  { "uv": [ 10, 5, 11, 11 ], "texture": "#flowerpot", "cullface": "down" },
                "up":    { "uv": [ 10, 5, 11, 11 ], "texture": "#flowerpot" },
                "north": { "uv": [ 5, 10, 6, 16 ], "texture": "#flowerpot" },
                "south": { "uv": [ 10, 10, 11, 16 ], "texture": "#flowerpot" },
                "west":  { "uv": [ 5, 10, 11, 16 ], "texture": "#flowerpot" },
                "east":  { "uv": [ 5, 10, 11, 16 ], "texture": "#flowerpot" }
            }
        },
        {   "from": [ 6, 0, 5 ],
            "to": [ 10, 6, 6 ],
            "faces": {
                "down":  { "uv": [ 6, 10, 10, 11 ], "texture": "#flowerpot", "cullface": "down" },
                "up":    { "uv": [ 6, 5, 10, 6 ], "texture": "#flowerpot" },
                "north": { "uv": [ 6, 10, 10, 16 ], "texture": "#flowerpot" },
                "south": { "uv": [ 6, 10, 10, 16 ], "texture": "#flowerpot" }
            }
        },
        {   "from": [ 6, 0, 10 ],
            "to": [ 10, 6, 11 ],
            "faces": {
                "down":  { "uv": [ 6, 5, 10, 6 ], "texture": "#flowerpot", "cullface": "down" },
                "up":    { "uv": [ 6, 10, 10, 11 ], "texture": "#flowerpot" },
                "north": { "uv": [ 6, 10, 10, 16 ], "texture": "#flowerpot" },
                "south": { "uv": [ 6, 10, 10, 16 ], "texture": "#flowerpot" }
            }
        },
        {   "from": [ 6, 0, 6 ],
            "to": [ 10, 4, 10 ],
            "faces": {
                "down": { "uv": [ 6, 12, 10, 16 ], "texture": "#flowerpot", "cullface": "down" },
                "up":   { "uv": [ 6, 6, 10, 10 ], "texture": "#dirt" }
            }
        },
        {   "from": [ 7, 0, 7 ],
            "to": [ 9, 16, 9 ],
            "faces": {
                "up":    { "uv": [ 13, 0, 15, 2], "texture": "#bamboo", "cullface": "up" },
                "north": { "uv": [ 6, 0, 8, 16 ], "texture": "#bamboo" },
                "south": { "uv": [ 6, 0, 8, 16 ], "texture": "#bamboo" },
                "west":  { "uv": [  6, 0, 8, 16 ], "texture": "#bamboo" },
                "east":  { "uv": [  6, 0, 8, 16 ], "texture": "#bamboo" }
            }
        },
        {   "from": [ 0, 2, 8 ],
            "to": [ 16, 18, 8 ],
            "shade": false,
            "faces": {
                "north": { "uv": [ 0, 0, 16, 16 ], "texture": "#leaf" },
                "south": { "uv": [ 16, 0, 0, 16 ], "texture": "#leaf" }
            }
        }
    ]
}
