{
	"ambientocclusion":false,
	"textures":{
		"0":"block/rail",
		"particle":"item/rail"
	},
	"elements":[
		{
			"from":[3,0,-1.5],
			"to":[15,1,0.5],
			"rotation":{"angle":-22.5,"axis":"y","origin":[0,0,0]},
			"faces":{
				"north":{"uv":[0,6.5,6,7],"texture":"#0"},
				"east":{"uv":[0,6,0.5,7],"rotation":270,"texture":"#0"},
				"south":{"uv":[6,6,0,6.5],"texture":"#0"},
				"west":{"uv":[5.5,6,6,7],"rotation":90,"texture":"#0"},
				"up":{"uv":[0,6,6,7],"rotation":180,"texture":"#0"},
				"down":{"uv":[6,6,0,7],"texture":"#0"}
			}
		},
		{
			"from":[1,0,-1],
			"to":[15,1,1],
			"rotation":{"angle":-45,"axis":"y","origin":[0,0,0]},
			"faces":{
				"north":{"uv":[0,2.5,7,3],"texture":"#0"},
				"east":{"uv":[0,2,0.5,3],"rotation":270,"texture":"#0"},
				"south":{"uv":[7,2,0,2.5],"texture":"#0"},
				"west":{"uv":[6.5,2,7,3],"rotation":90,"texture":"#0"},
				"up":{"uv":[0,2,7,3],"rotation":180,"texture":"#0"},
				"down":{"uv":[7,2,0,3],"texture":"#0","cullface":"down"}
			}
		},
		{
			"from":[-1.5,0,3],
			"to":[0.5,1,15],
			"rotation":{"angle":22.5,"axis":"y","origin":[0,0,0]},
			"faces":{
				"north":{"uv":[5.5,5,6,6],"rotation":90,"texture":"#0"},
				"east":{"uv":[0,5.5,6,6],"texture":"#0"},
				"south":{"uv":[0,5,0.5,6],"rotation":270,"texture":"#0"},
				"west":{"uv":[6,5,0,5.5],"texture":"#0"},
				"up":{"uv":[0,5,6,6],"rotation":270,"texture":"#0"},
				"down":{"uv":[6,5,0,6],"rotation":270,"texture":"#0"}
			}
		},
		{
			"from":[-1.24219,1,2],
			"to":[1.24219,1.997,3],
			"rotation":{"angle":45,"axis":"y","origin":[0,0,0]},
			"faces":{
				"north":{"uv":[12.5,0,13,1],"rotation":90,"texture":"#0"},
				"south":{"uv":[12.5,0,13,1],"rotation":270,"texture":"#0"},
				"up":{"uv":[12.5,0,13,1],"rotation":270,"texture":"#0"},
				"down":{"uv":[12.5,0,13,1],"texture":"#0"}
			}
		},
		{
			"from":[0,1,2],
			"to":[1.24219,1.997,3],
			"faces":{
				"north":{"uv":[12.5,0,13,0.5],"texture":"#0"},
				"south":{"uv":[12.5,0,13,0.5],"texture":"#0"},
				"west":{"uv":[12.5,0,13,0.5],"texture":"#0","cullface":"east"},
				"up":{"uv":[12.5,0,13,0.5],"rotation":180,"texture":"#0"},
				"down":{"uv":[12.5,0,13,0.5],"rotation":180,"texture":"#0"}
			}
		},
		{
			"from":[2,1,0],
			"to":[3,1.997,1.24219],
			"faces":{
				"north":{"uv":[12.5,0.5,13,1],"texture":"#0","cullface":"south"},
				"east":{"uv":[12.5,0.5,13,1],"texture":"#0"},
				"west":{"uv":[12.5,0.5,13,1],"texture":"#0"},
				"up":{"uv":[12.5,0.5,13,1],"rotation":180,"texture":"#0"},
				"down":{"uv":[13,0.5,12.5,1],"rotation":180,"texture":"#0"}
			}
		},
		{
			"from":[3,1,0],
			"to":[4,1.5,1.65625],
			"faces":{
				"north":{"uv":[12,1,12.5,1.5],"texture":"#0","cullface":"south"},
				"east":{"uv":[12,1,12.5,1.5],"texture":"#0"},
				"up":{"uv":[12,1,12.5,1.5],"rotation":180,"texture":"#0"},
				"down":{"uv":[12.5,1,12,1.5],"rotation":180,"texture":"#0"}
			}
		},
		{
			"from":[-1.65625,1,3],
			"to":[1.65625,1.5,4],
			"rotation":{"angle":45,"axis":"y","origin":[0,0,0]},
			"faces":{
				"south":{"uv":[12,0,12.5,1.5],"rotation":90,"texture":"#0"},
				"up":{"uv":[12,0,12.5,1.5],"rotation":90,"texture":"#0"},
				"down":{"uv":[12,0,12.5,1.5],"rotation":90,"texture":"#0"}
			}
		},
		{
			"from":[0,1,3],
			"to":[1.65625,1.5,4],
			"faces":{
				"south":{"uv":[12,0,12.5,0.5],"texture":"#0"},
				"west":{"uv":[12,0,12.5,0.5],"texture":"#0","cullface":"east"},
				"up":{"uv":[12,0,12.5,0.5],"rotation":180,"texture":"#0"},
				"down":{"uv":[12.5,0,12,0.5],"rotation":180,"texture":"#0"}
			}
		},
		{
			"from":[0,1,12],
			"to":[2.7848,1.5,13],
			"faces":{
				"north":{"uv":[11.5,0,12,1],"rotation":90,"texture":"#0"},
				"west":{"uv":[11.5,0,12,0.5],"texture":"#0","cullface":"east"},
				"up":{"uv":[11.5,0,12,1],"rotation":270,"texture":"#0"},
				"down":{"uv":[11.5,0,12,1],"rotation":270,"texture":"#0"}
			}
		},
		{
			"from":[0,1,13],
			"to":[2.7848,1.997,14],
			"faces":{
				"north":{"uv":[11,0,11.5,1],"rotation":90,"texture":"#0"},
				"south":{"uv":[11,0,11.5,1],"rotation":270,"texture":"#0"},
				"west":{"uv":[11,0,11.5,0.5],"texture":"#0","cullface":"east"},
				"up":{"uv":[11,0,11.5,1],"rotation":270,"texture":"#0"},
				"down":{"uv":[11,0,11.5,1],"rotation":270,"texture":"#0"}
			}
		},
		{
			"from":[-2.78125,1,12],
			"to":[2.78835,1.5,13],
			"rotation":{"angle":22.5,"axis":"y","origin":[0,0,0]},
			"faces":{
				"north":{"uv":[11.5,0.5,12,3],"rotation":90,"texture":"#0"},
				"up":{"uv":[11.5,0.5,12,3],"rotation":270,"texture":"#0"},
				"down":{"uv":[11.5,0.5,12,3],"rotation":270,"texture":"#0"}
			}
		},
		{
			"from":[-2.78125,1,13],
			"to":[2.78835,1.997,14],
			"rotation":{"angle":22.5,"axis":"y","origin":[0,0,0]},
			"faces":{
				"north":{"uv":[11,0.5,11.5,3],"rotation":90,"texture":"#0"},
				"south":{"uv":[11,0.5,11.5,3],"rotation":270,"texture":"#0"},
				"up":{"uv":[11,0.5,11.5,3],"rotation":270,"texture":"#0"},
				"down":{"uv":[11,0.5,11.5,3],"rotation":270,"texture":"#0"}
			}
		},
		{
			"from":[12,1,-2.78835],
			"to":[13,1.5,2.78125],
			"rotation":{"angle":-45,"axis":"y","origin":[0,0,0]},
			"faces":{
				"west":{"uv":[11.5,2.5,12,5],"rotation":90,"texture":"#0"},
				"up":{"uv":[11.5,2.5,12,5],"rotation":180,"texture":"#0"},
				"down":{"uv":[11.5,2.5,12,5],"texture":"#0"}
			}
		},
		{
			"from":[13,1,-2.78835],
			"to":[14,1.997,2.78125],
			"rotation":{"angle":-45,"axis":"y","origin":[0,0,0]},
			"faces":{
				"east":{"uv":[11,2.5,11.5,5],"rotation":270,"texture":"#0"},
				"west":{"uv":[11,2.5,11.5,5],"rotation":90,"texture":"#0"},
				"up":{"uv":[11,2.5,11.5,5],"rotation":180,"texture":"#0"},
				"down":{"uv":[11,2.5,11.5,5],"texture":"#0"}
			}
		},
		{
			"from":[12,1,-2.78835],
			"to":[13,1.5,2.78125],
			"rotation":{"angle":-22.5,"axis":"y","origin":[0,0,0]},
			"faces":{
				"west":{"uv":[11.5,4.5,12,7],"rotation":90,"texture":"#0"},
				"up":{"uv":[11.5,4.5,12,7],"rotation":180,"texture":"#0"},
				"down":{"uv":[11.5,4.5,12,7],"texture":"#0"}
			}
		},
		{
			"from":[13,1,-2.78835],
			"to":[14,1.997,2.78125],
			"rotation":{"angle":-22.5,"axis":"y","origin":[0,0,0]},
			"faces":{
				"east":{"uv":[11,4.5,11.5,7],"rotation":270,"texture":"#0"},
				"west":{"uv":[11,4.5,11.5,7],"rotation":90,"texture":"#0"},
				"up":{"uv":[11,4.5,11.5,7],"rotation":180,"texture":"#0"},
				"down":{"uv":[11,4.5,11.5,7],"texture":"#0"}
			}
		},
		{
			"from":[12,1,-0.00355],
			"to":[13,1.5,2.78125],
			"faces":{
				"north":{"uv":[11.5,7,12,7.5],"texture":"#0","cullface":"south"},
				"west":{"uv":[11.5,6.5,12,7.5],"rotation":90,"texture":"#0"},
				"up":{"uv":[11.5,6.5,12,7.5],"rotation":180,"texture":"#0"},
				"down":{"uv":[11.5,6.5,12,7.5],"texture":"#0"}
			}
		},
		{
			"from":[13,1,-0.00355],
			"to":[14,1.997,2.78125],
			"faces":{
				"north":{"uv":[11,7,11.5,7.5],"texture":"#0","cullface":"south"},
				"east":{"uv":[11,6.5,11.5,7.5],"rotation":270,"texture":"#0"},
				"west":{"uv":[11,6.5,11.5,7.5],"rotation":90,"texture":"#0"},
				"up":{"uv":[11,6.5,11.5,7.5],"rotation":180,"texture":"#0"},
				"down":{"uv":[11,6.5,11.5,7.5],"texture":"#0"}
			}
		}
	]
}