{
	"credit": "Made By Chrisblox",
	"parent": "block/block",
	"textures": {
		"0": "block/plant/sugar_cane",
		"1": "block/plant/sugar_cane_leafs0",
		"particle": "block/plant/sugar_cane"
	},
	"elements": [
		{
			"from": [4, 0, 2],
			"to": [6, 16, 4],
			"rotation": {"angle": 22.5, "axis": "y", "origin": [5, 0, 3]},
			"faces": {
				"north": {"uv": [8, 0, 6, 16], "texture": "#0"},
				"east": {"uv": [6, 0, 8, 16], "texture": "#0"},
				"south": {"uv": [8, 0, 6, 16], "texture": "#0"},
				"west": {"uv": [6, 0, 8, 16], "texture": "#0"},
				"up": {"uv": [11, 2, 13, 4], "rotation": 270, "texture": "#0", "cullface": "up"},
				"down": {"uv": [13, 2, 11, 4], "rotation": 90, "texture": "#0", "cullface": "down"}
			}
		},
		{
			"from": [11, -1, 3],
			"to": [13, 15, 5],
			"rotation": {"angle": 45, "axis": "y", "origin": [12, 0, 4]},
			"faces": {
				"north": {"uv": [2, 0, 4, 16], "texture": "#0"},
				"east": {"uv": [4, 0, 2, 16], "texture": "#0"},
				"south": {"uv": [2, 0, 4, 16], "texture": "#0"},
				"west": {"uv": [4, 0, 2, 16], "texture": "#0"},
				"up": {"uv": [11, 2, 13, 4], "texture": "#0", "cullface": "up"},
				"down": {"uv": [13, 4, 11, 6], "texture": "#0", "cullface": "down"}
			}
		},
		{
			"from": [7, 0, 8],
			"to": [9, 16, 10],
			"faces": {
				"north": {"uv": [4, 0, 6, 16], "texture": "#0"},
				"east": {"uv": [6, 0, 4, 16], "texture": "#0"},
				"south": {"uv": [4, 0, 6, 16], "texture": "#0"},
				"west": {"uv": [6, 0, 4, 16], "texture": "#0"},
				"up": {"uv": [11, 4, 13, 6], "texture": "#0", "cullface": "up"},
				"down": {"uv": [15, 6, 13, 8], "texture": "#0", "cullface": "down"}
			}
		},
		{
			"from": [3, -4, 12],
			"to": [5, 12, 14],
			"rotation": {"angle": 22.5, "axis": "y", "origin": [4, 0, 13]},
			"faces": {
				"north": {"uv": [0, 0, 2, 16], "texture": "#0"},
				"east": {"uv": [2, 0, 0, 16], "texture": "#0"},
				"south": {"uv": [0, 0, 2, 16], "texture": "#0"},
				"west": {"uv": [2, 0, 0, 16], "texture": "#0"},
				"up": {"uv": [11, 0, 13, 2], "texture": "#0", "cullface": "up"},
				"down": {"uv": [13, 2, 11, 4], "texture": "#0", "cullface": "down"}
			}
		},
		{
			"from": [13, 0, 11],
			"to": [15, 16, 13],
			"faces": {
				"north": {"uv": [10, 0, 8, 16], "texture": "#0"},
				"east": {"uv": [8, 0, 10, 16], "texture": "#0"},
				"south": {"uv": [10, 0, 8, 16], "texture": "#0"},
				"west": {"uv": [8, 0, 10, 16], "texture": "#0"},
				"up": {"uv": [11, 6, 13, 8], "rotation": 270, "texture": "#0", "cullface": "up"},
				"down": {"uv": [13, 0, 11, 2], "rotation": 90, "texture": "#0", "cullface": "down"}
			}
		},
		{
			"from": [4, 11, 5.5],
			"to": [4, 31, 19.5],
			"rotation": {"angle": -22.5, "axis": "y", "origin": [4, 0, 13]},
			"faces": {
				"east": {"uv": [16, 0, 9, 10], "texture": "#1"},
				"west": {"uv": [9, 0, 16, 10], "texture": "#1"}
			}
		},
		{
			"from": [-3.5, 11, 13],
			"to": [10.5, 31, 13],
			"rotation": {"angle": -22.5, "axis": "y", "origin": [4, 0, 13]},
			"faces": {
				"north": {"uv": [16, 0, 9, 10], "texture": "#1"},
				"south": {"uv": [9, 0, 16, 10], "texture": "#1"}
			}
		},
		{
			"from": [3.5, 12, 12.5],
			"to": [4.5, 18, 13.5],
			"rotation": {"angle": 22.5, "axis": "y", "origin": [4, 0, 13]},
			"faces": {
				"north": {"uv": [14, 10, 15, 16], "texture": "#0"},
				"east": {"uv": [15, 10, 14, 16], "texture": "#0"},
				"south": {"uv": [14, 10, 15, 16], "texture": "#0"},
				"west": {"uv": [15, 10, 14, 16], "texture": "#0"},
				"up": {"uv": [15, 10, 14, 11], "texture": "#0", "cullface": "up"}
			}
		},
		{
			"from": [13.5, 16, 11.5],
			"to": [14.5, 21, 12.5],
			"faces": {
				"north": {"uv": [14, 10, 15, 15], "texture": "#0"},
				"east": {"uv": [15, 10, 14, 15], "texture": "#0"},
				"south": {"uv": [14, 10, 15, 15], "texture": "#0"},
				"west": {"uv": [15, 10, 14, 15], "texture": "#0"},
				"up": {"uv": [15, 10, 14, 11], "texture": "#0", "cullface": "up"}
			}
		},
		{
			"from": [6.5, 18, 12],
			"to": [20.5, 32, 12],
			"rotation": {"angle": 45, "axis": "y", "origin": [13.75, 0, 11.75]},
			"faces": {
				"north": {"uv": [7, 0, 0, 7], "texture": "#1"},
				"south": {"uv": [0, 0, 7, 7], "texture": "#1"}
			}
		},
		{
			"from": [14, 18, 4.5],
			"to": [14, 32, 18.5],
			"rotation": {"angle": 45, "axis": "y", "origin": [13.75, 0, 11.75]},
			"faces": {
				"east": {"uv": [7, 0, 0, 7], "texture": "#1"},
				"west": {"uv": [0, 0, 7, 7], "texture": "#1"}
			}
		}
	]
}