{
	"textures":{
		"0":"block/plant/grass_wide_1",
		"particle":"block/plant/grass_wide_1"
	},
	"elements":[
		{
			"from":[8,0,-3],
			"to":[8,16,19],
			"rotation":{"angle":-22.5,"axis":"y","origin":[8,0,8]},
			"shade":false,
			"faces":{
				"east":{"uv":[11,0,0,16],"texture":"#0","tintindex":0},
				"west":{"uv":[0,0,11,16],"texture":"#0","tintindex":0}
			}
		},
		{
			"from":[-3,0,8],
			"to":[19,16,8],
			"rotation":{"angle":-22.5,"axis":"y","origin":[8,0,8]},
			"shade":false,
			"faces":{
				"north":{"uv":[0,0,11,16],"texture":"#0","tintindex":0},
				"south":{"uv":[11,0,0,16],"texture":"#0","tintindex":0}
			}
		}
	]
}