{"textures":{"0":"modelengine:entity/blowshroom"},"elements":[{"from":[3.0,6.0,3.0],"to":[13.0,12.0,13.0],"faces":{"east":{"uv":[7.5,0.0,10.0,1.5],"tintindex":0,"rotation":0,"texture":"#0"},"south":{"uv":[7.5,0.0,10.0,1.5],"tintindex":0,"rotation":0,"texture":"#0"},"north":{"uv":[7.5,0.0,10.0,1.5],"tintindex":0,"rotation":0,"texture":"#0"},"west":{"uv":[7.5,0.0,10.0,1.5],"tintindex":0,"rotation":0,"texture":"#0"},"down":{"uv":[11.75,11.75,14.25,14.25],"tintindex":0,"rotation":0,"texture":"#0"}}},{"from":[-1.0,24.0,-1.0],"to":[17.0,29.0,17.0],"faces":{"east":{"uv":[10.75,6.0,15.25,7.25],"tintindex":0,"rotation":0,"texture":"#0"},"south":{"uv":[10.75,6.0,15.25,7.25],"tintindex":0,"rotation":0,"texture":"#0"},"north":{"uv":[10.75,6.0,15.25,7.25],"tintindex":0,"rotation":0,"texture":"#0"},"west":{"uv":[10.75,6.0,15.25,7.25],"tintindex":0,"rotation":0,"texture":"#0"},"up":{"uv":[10.75,0.75,15.25,5.25],"tintindex":0,"rotation":0,"texture":"#0"}}},{"from":[-4.0,12.0,-4.0],"to":[20.0,24.0,20.0],"faces":{"east":{"uv":[10.0,7.25,16.0,10.25],"tintindex":0,"rotation":0,"texture":"#0"},"south":{"uv":[10.0,7.25,16.0,10.25],"tintindex":0,"rotation":0,"texture":"#0"},"north":{"uv":[10.0,7.25,16.0,10.25],"tintindex":0,"rotation":0,"texture":"#0"},"west":{"uv":[10.0,7.25,16.0,10.25],"tintindex":0,"rotation":0,"texture":"#0"},"up":{"uv":[10.0,0.0,16.0,6.0],"tintindex":0,"rotation":0,"texture":"#0"},"down":{"uv":[10.0,10.0,16.0,16.0],"tintindex":0,"rotation":0,"texture":"#0"}}}],"display":{"gui":{"rotation":[30,225,0]}}}