{
"variants":{
"":[
{"model":"block_plant/brown_mushroom"},
{"model":"block_plant/brown_mushroom","y": 90},
{"model":"block_plant/brown_mushroom","y": 180},
{"model":"block_plant/brown_mushroom","y": 270},
{"model":"block_plant/brown_mushroom_1"},
{"model":"block_plant/brown_mushroom_1","y": 90},
{"model":"block_plant/brown_mushroom_1","y": 180},
{"model":"block_plant/brown_mushroom_1","y": 270},
{"model":"block_plant/brown_mushroom_2"},
{"model":"block_plant/brown_mushroom_2","y": 90},
{"model":"block_plant/brown_mushroom_2","y": 180},
{"model":"block_plant/brown_mushroom_2","y": 270},
{"model":"block_plant/brown_mushroom_b_0"},
{"model":"block_plant/brown_mushroom_b_0","y": 90},
{"model":"block_plant/brown_mushroom_s_0"},
{"model":"block_plant/brown_mushroom_s_0","y": 90},
{"model":"block_plant/brown_mushroom_s_0","y": 180},
{"model":"block_plant/brown_mushroom_s_0","y": 270},
{"model":"block_plant/brown_mushroom_s_1"},
{"model":"block_plant/brown_mushroom_s_1","y": 90},
{"model":"block_plant/brown_mushroom_s_1","y": 180},
{"model":"block_plant/brown_mushroom_s_1","y": 270}
]
}
}