{
"variants":{
	"age=0":[
		{"model":"block_plant/wheat_0_stage0"},
		{"model":"block_plant/wheat_0_stage0_1"},
		{"model":"block_plant/wheat_1_stage0"},
		{"model":"block_plant/wheat_1_stage0_1"},
		{"model":"block_plant/wheat_2_stage0"},
		{"model":"block_plant/wheat_2_stage0_1"}
	],
	"age=1":[
		{"model":"block_plant/wheat_0_stage1"},
		{"model":"block_plant/wheat_0_stage1_1"},
		{"model":"block_plant/wheat_1_stage1"},
		{"model":"block_plant/wheat_1_stage1_1"},
		{"model":"block_plant/wheat_2_stage1"},
		{"model":"block_plant/wheat_2_stage1_1"}
	],
	"age=2":[
		{"model":"block_plant/wheat_0_stage2"},
		{"model":"block_plant/wheat_0_stage2_1"},
		{"model":"block_plant/wheat_1_stage2"},
		{"model":"block_plant/wheat_1_stage2_1"},
		{"model":"block_plant/wheat_2_stage2"},
		{"model":"block_plant/wheat_2_stage2_1"}
	],
	"age=3":[
		{"model":"block_plant/wheat_0_stage3"},
		{"model":"block_plant/wheat_0_stage3_1"},
		{"model":"block_plant/wheat_1_stage3"},
		{"model":"block_plant/wheat_1_stage3_1"},
		{"model":"block_plant/wheat_2_stage3"},
		{"model":"block_plant/wheat_2_stage3_1"}
	],
	"age=4":[
		{"model":"block_plant/wheat_0_stage4"},
		{"model":"block_plant/wheat_0_stage4_1"},
		{"model":"block_plant/wheat_1_stage4"},
		{"model":"block_plant/wheat_1_stage4_1"},
		{"model":"block_plant/wheat_2_stage4"},
		{"model":"block_plant/wheat_2_stage4_1"}
	],
	"age=5":[
		{"model":"block_plant/wheat_0_stage5"},
		{"model":"block_plant/wheat_0_stage5_1"},
		{"model":"block_plant/wheat_1_stage5"},
		{"model":"block_plant/wheat_1_stage5_1"},
		{"model":"block_plant/wheat_2_stage5"},
		{"model":"block_plant/wheat_2_stage5_1"}
	],
	"age=6":[
		{"model":"block_plant/wheat_0_stage6"},
		{"model":"block_plant/wheat_0_stage6_1"},
		{"model":"block_plant/wheat_1_stage6"},
		{"model":"block_plant/wheat_1_stage6_1"},
		{"model":"block_plant/wheat_2_stage6"},
		{"model":"block_plant/wheat_2_stage6_1"}
	],
	"age=7":[
		{"model":"block_plant/wheat_0_stage7"},
		{"model":"block_plant/wheat_0_stage7_1"},
		{"model":"block_plant/wheat_1_stage7"},
		{"model":"block_plant/wheat_1_stage7_1"},
		{"model":"block_plant/wheat_2_stage7"},
		{"model":"block_plant/wheat_2_stage7_1"}
	]
	}
}