{"textures":{"0":"modelengine:entity/chromafire_meteor_gold"},"elements":[{"from":[6.3246665,3.1583333,7.283997],"to":[6.3413334,12.841667,10.300664],"faces":{"east":{"uv":[14.1875,0.6875,16.0,0.125],"tintindex":0,"rotation":270,"texture":"#0"},"south":{"uv":[15.9375,15.9375,16.0,16.0],"tintindex":0,"rotation":270,"texture":"#0"},"north":{"uv":[15.9375,15.9375,16.0,16.0],"tintindex":0,"rotation":90,"texture":"#0"},"west":{"uv":[14.1875,0.125,16.0,0.6875],"tintindex":0,"rotation":270,"texture":"#0"},"up":{"uv":[15.9375,15.9375,16.0,16.0],"tintindex":0,"rotation":270,"texture":"#0"},"down":{"uv":[15.9375,15.9375,16.0,16.0],"tintindex":0,"rotation":270,"texture":"#0"}}},{"from":[8.0,-3.346427,6.1399612],"to":[8.0,8.986906,7.8066278],"faces":{"east":{"uv":[9.3125,5.25,7.0,5.5625],"tintindex":0,"rotation":270,"texture":"#0"},"west":{"uv":[9.3125,5.5625,7.0,5.25],"tintindex":0,"rotation":270,"texture":"#0"}},"rotation":{"origin":[8.0,8.986906,7.8066278],"angle":-22.5,"axis":"x"}},{"from":[3.0333333,9.700334,7.158997],"to":[7.975,9.633666,10.425664],"faces":{"east":{"uv":[15.9375,16.0,16.0,15.9375],"tintindex":0,"rotation":180,"texture":"#0"},"south":{"uv":[15.9375,16.0,16.0,15.9375],"tintindex":0,"rotation":180,"texture":"#0"},"north":{"uv":[15.9375,16.0,16.0,15.9375],"tintindex":0,"rotation":180,"texture":"#0"},"west":{"uv":[15.9375,16.0,16.0,15.9375],"tintindex":0,"rotation":180,"texture":"#0"},"up":{"uv":[15.0625,15.0625,16.0,14.4375],"tintindex":0,"rotation":180,"texture":"#0"},"down":{"uv":[15.0625,14.4375,16.0,15.0625],"tintindex":0,"rotation":180,"texture":"#0"}}},{"from":[2.1583333,7.991667,8.325],"to":[13.841667,8.008333,13.341667],"faces":{"east":{"uv":[15.9375,15.9375,16.0,16.0],"tintindex":0,"rotation":0,"texture":"#0"},"south":{"uv":[15.9375,15.9375,16.0,16.0],"tintindex":0,"rotation":0,"texture":"#0"},"north":{"uv":[15.9375,15.9375,16.0,16.0],"tintindex":0,"rotation":0,"texture":"#0"},"west":{"uv":[15.9375,15.9375,16.0,16.0],"tintindex":0,"rotation":0,"texture":"#0"},"up":{"uv":[13.8125,0.9375,16.0,1.875],"tintindex":0,"rotation":0,"texture":"#0"},"down":{"uv":[13.8125,1.875,16.0,0.9375],"tintindex":0,"rotation":0,"texture":"#0"}}},{"from":[13.650997,9.7,8.777864],"to":[15.584331,9.633333,21.377865],"faces":{"up":{"uv":[16.0,13.5,13.625,13.125],"tintindex":0,"rotation":270,"texture":"#0"},"down":{"uv":[13.625,13.5,16.0,13.125],"tintindex":0,"rotation":270,"texture":"#0"}},"rotation":{"origin":[13.78433,8.0,12.244532],"angle":45.0,"axis":"y"}},{"from":[0.65485764,8.008333,12.470268],"to":[2.6381912,7.991667,25.120268],"faces":{"up":{"uv":[16.0,13.125,13.625,13.5],"tintindex":0,"rotation":270,"texture":"#0"},"down":{"uv":[13.625,13.125,16.0,13.5],"tintindex":0,"rotation":270,"texture":"#0"}},"rotation":{"origin":[2.4798574,9.666667,15.961935],"angle":-22.5,"axis":"y"}},{"from":[9.700334,3.0333333,7.158997],"to":[9.633666,7.975,10.425664],"faces":{"east":{"uv":[16.0,14.375,15.0625,13.75],"tintindex":0,"rotation":270,"texture":"#0"},"south":{"uv":[16.0,16.0,15.9375,15.9375],"tintindex":0,"rotation":270,"texture":"#0"},"north":{"uv":[16.0,16.0,15.9375,15.9375],"tintindex":0,"rotation":90,"texture":"#0"},"west":{"uv":[16.0,13.75,15.0625,14.375],"tintindex":0,"rotation":270,"texture":"#0"},"up":{"uv":[16.0,16.0,15.9375,15.9375],"tintindex":0,"rotation":270,"texture":"#0"},"down":{"uv":[16.0,16.0,15.9375,15.9375],"tintindex":0,"rotation":270,"texture":"#0"}}},{"from":[0.41566944,6.366667,8.777864],"to":[2.3490028,6.3,21.377865],"faces":{"up":{"uv":[16.0,13.125,13.625,13.5],"tintindex":0,"rotation":270,"texture":"#0"},"down":{"uv":[13.625,13.125,16.0,13.5],"tintindex":0,"rotation":270,"texture":"#0"}},"rotation":{"origin":[2.2156696,8.0,12.244532],"angle":-45.0,"axis":"y"}},{"from":[13.650997,6.366667,8.777864],"to":[15.584331,6.3,21.377865],"faces":{"up":{"uv":[16.0,13.5,13.625,13.125],"tintindex":0,"rotation":270,"texture":"#0"},"down":{"uv":[13.625,13.5,16.0,13.125],"tintindex":0,"rotation":270,"texture":"#0"}},"rotation":{"origin":[13.78433,8.0,12.244532],"angle":45.0,"axis":"y"}},{"from":[8.008333,7.013094,6.1399612],"to":[8.008333,19.346428,7.8066278],"faces":{"east":{"uv":[9.3125,5.5625,7.0,5.25],"tintindex":0,"rotation":90,"texture":"#0"},"west":{"uv":[9.3125,5.25,7.0,5.5625],"tintindex":0,"rotation":90,"texture":"#0"},"up":{"uv":[15.9375,15.9375,16.0,16.0],"tintindex":0,"rotation":0,"texture":"#0"},"down":{"uv":[15.9375,15.9375,16.0,16.0],"tintindex":0,"rotation":0,"texture":"#0"}},"rotation":{"origin":[8.0,7.013094,7.8066278],"angle":22.5,"axis":"x"}},{"from":[8.041667,1.3438835,5.1706905],"to":[7.975,13.943884,7.104024],"faces":{"east":{"uv":[16.0,13.125,13.625,13.5],"tintindex":0,"rotation":90,"texture":"#0"},"west":{"uv":[16.0,13.5,13.625,13.125],"tintindex":0,"rotation":90,"texture":"#0"}},"rotation":{"origin":[9.675,2.1438832,21.304024],"angle":22.5,"axis":"x"}},{"from":[8.0,12.5,12.5],"to":[8.0,14.166667,24.833334],"faces":{"east":{"uv":[9.3125,5.5625,7.0,5.25],"tintindex":0,"rotation":0,"texture":"#0"},"west":{"uv":[7.0,5.5625,9.3125,5.25],"tintindex":0,"rotation":0,"texture":"#0"}},"rotation":{"origin":[8.0,13.333334,13.333334],"angle":-22.5,"axis":"x"}},{"from":[8.0,1.833333,12.5],"to":[8.0,3.5,24.833334],"faces":{"east":{"uv":[9.3125,5.25,7.0,5.5625],"tintindex":0,"rotation":0,"texture":"#0"},"west":{"uv":[7.0,5.25,9.3125,5.5625],"tintindex":0,"rotation":0,"texture":"#0"}},"rotation":{"origin":[8.0,2.6666665,13.333334],"angle":22.5,"axis":"x"}},{"from":[6.366667,13.650997,8.777864],"to":[6.3,15.584331,21.377865],"faces":{"east":{"uv":[16.0,13.125,13.625,13.5],"tintindex":0,"rotation":0,"texture":"#0"},"west":{"uv":[13.625,13.125,16.0,13.5],"tintindex":0,"rotation":0,"texture":"#0"}},"rotation":{"origin":[8.0,13.78433,12.244532],"angle":-45.0,"axis":"x"}},{"from":[13.361809,8.008333,12.470268],"to":[15.345142,7.991667,25.120268],"faces":{"up":{"uv":[16.0,13.5,13.625,13.125],"tintindex":0,"rotation":270,"texture":"#0"},"down":{"uv":[13.625,13.5,16.0,13.125],"tintindex":0,"rotation":270,"texture":"#0"}},"rotation":{"origin":[13.520143,9.666667,15.961935],"angle":22.5,"axis":"y"}},{"from":[6.366333,8.025,7.158997],"to":[6.2996664,12.966667,10.425664],"faces":{"east":{"uv":[15.0625,15.0625,16.0,14.4375],"tintindex":0,"rotation":270,"texture":"#0"},"south":{"uv":[15.9375,15.9375,16.0,16.0],"tintindex":0,"rotation":270,"texture":"#0"},"north":{"uv":[15.9375,15.9375,16.0,16.0],"tintindex":0,"rotation":90,"texture":"#0"},"west":{"uv":[15.0625,14.4375,16.0,15.0625],"tintindex":0,"rotation":270,"texture":"#0"},"up":{"uv":[15.9375,15.9375,16.0,16.0],"tintindex":0,"rotation":270,"texture":"#0"},"down":{"uv":[15.9375,15.9375,16.0,16.0],"tintindex":0,"rotation":270,"texture":"#0"}}},{"from":[8.033334,0.67985773,12.495269],"to":[7.9666667,2.6131907,25.095268],"faces":{"east":{"uv":[16.0,13.5,13.625,13.125],"tintindex":0,"rotation":0,"texture":"#0"},"west":{"uv":[13.625,13.5,16.0,13.125],"tintindex":0,"rotation":0,"texture":"#0"}},"rotation":{"origin":[6.333333,2.4798574,15.961935],"angle":22.5,"axis":"x"}},{"from":[12.5,8.0,12.5],"to":[14.166667,8.0,24.833334],"faces":{"up":{"uv":[7.0,5.5625,9.3125,5.25],"tintindex":0,"rotation":90,"texture":"#0"},"down":{"uv":[9.3125,5.5625,7.0,5.25],"tintindex":0,"rotation":90,"texture":"#0"}},"rotation":{"origin":[13.333334,8.0,13.333334],"angle":22.5,"axis":"y"}},{"from":[8.033334,13.386809,12.495269],"to":[7.9666667,15.320143,25.095268],"faces":{"east":{"uv":[16.0,13.125,13.625,13.5],"tintindex":0,"rotation":0,"texture":"#0"},"west":{"uv":[13.625,13.125,16.0,13.5],"tintindex":0,"rotation":0,"texture":"#0"}},"rotation":{"origin":[6.333333,13.520143,15.961935],"angle":-22.5,"axis":"x"}},{"from":[3.1583333,6.325333,7.283997],"to":[12.841667,6.342,10.300664],"faces":{"east":{"uv":[15.9375,15.9375,16.0,16.0],"tintindex":0,"rotation":0,"texture":"#0"},"south":{"uv":[15.9375,15.9375,16.0,16.0],"tintindex":0,"rotation":0,"texture":"#0"},"north":{"uv":[15.9375,15.9375,16.0,16.0],"tintindex":0,"rotation":0,"texture":"#0"},"west":{"uv":[15.9375,15.9375,16.0,16.0],"tintindex":0,"rotation":0,"texture":"#0"},"up":{"uv":[14.1875,0.125,16.0,0.6875],"tintindex":0,"rotation":0,"texture":"#0"},"down":{"uv":[14.1875,0.6875,16.0,0.125],"tintindex":0,"rotation":0,"texture":"#0"}}},{"from":[-3.67976,8.0,6.1399612],"to":[8.653573,8.0,7.8066278],"faces":{"up":{"uv":[9.3125,5.5625,7.0,5.25],"tintindex":0,"rotation":0,"texture":"#0"},"down":{"uv":[9.3125,5.25,7.0,5.5625],"tintindex":0,"rotation":0,"texture":"#0"}},"rotation":{"origin":[8.653573,8.0,7.8066278],"angle":22.5,"axis":"y"}},{"from":[6.333333,13.78433,8.911198],"to":[6.333333,15.450997,21.244532],"faces":{"east":{"uv":[9.3125,5.5625,7.0,5.25],"tintindex":0,"rotation":0,"texture":"#0"},"west":{"uv":[7.0,5.5625,9.3125,5.25],"tintindex":0,"rotation":0,"texture":"#0"}},"rotation":{"origin":[8.0,13.78433,12.244532],"angle":-45.0,"axis":"x"}},{"from":[0.41566944,9.7,8.777864],"to":[2.3490028,9.633333,21.377865],"faces":{"up":{"uv":[16.0,13.125,13.625,13.5],"tintindex":0,"rotation":270,"texture":"#0"},"down":{"uv":[13.625,13.125,16.0,13.5],"tintindex":0,"rotation":270,"texture":"#0"}},"rotation":{"origin":[2.2156696,8.0,12.244532],"angle":-45.0,"axis":"y"}},{"from":[8.025,9.700334,7.158997],"to":[12.966667,9.633666,10.425664],"faces":{"east":{"uv":[16.0,16.0,15.9375,15.9375],"tintindex":0,"rotation":180,"texture":"#0"},"south":{"uv":[16.0,16.0,15.9375,15.9375],"tintindex":0,"rotation":180,"texture":"#0"},"north":{"uv":[16.0,16.0,15.9375,15.9375],"tintindex":0,"rotation":180,"texture":"#0"},"west":{"uv":[16.0,16.0,15.9375,15.9375],"tintindex":0,"rotation":180,"texture":"#0"},"up":{"uv":[16.0,14.375,15.0625,13.75],"tintindex":0,"rotation":180,"texture":"#0"},"down":{"uv":[16.0,13.75,15.0625,14.375],"tintindex":0,"rotation":180,"texture":"#0"}}},{"from":[9.7,13.650997,8.777864],"to":[9.633333,15.584331,21.377865],"faces":{"east":{"uv":[16.0,13.125,13.625,13.5],"tintindex":0,"rotation":0,"texture":"#0"},"west":{"uv":[13.625,13.125,16.0,13.5],"tintindex":0,"rotation":0,"texture":"#0"},"up":{"uv":[13.875,13.875,13.9375,13.9375],"tintindex":0,"rotation":0,"texture":"#0"},"down":{"uv":[13.875,13.875,13.9375,13.9375],"tintindex":0,"rotation":0,"texture":"#0"}},"rotation":{"origin":[8.0,13.78433,12.244532],"angle":-45.0,"axis":"x"}},{"from":[9.666667,13.78433,8.911198],"to":[9.666667,15.450997,21.244532],"faces":{"east":{"uv":[9.3125,5.5625,7.0,5.25],"tintindex":0,"rotation":0,"texture":"#0"},"west":{"uv":[7.0,5.5625,9.3125,5.25],"tintindex":0,"rotation":0,"texture":"#0"}},"rotation":{"origin":[8.0,13.78433,12.244532],"angle":-45.0,"axis":"x"}},{"from":[7.3464274,8.008333,6.1399612],"to":[19.67976,8.008333,7.8066278],"faces":{"up":{"uv":[9.3125,5.25,7.0,5.5625],"tintindex":0,"rotation":180,"texture":"#0"},"down":{"uv":[9.3125,5.5625,7.0,5.25],"tintindex":0,"rotation":180,"texture":"#0"}},"rotation":{"origin":[7.3464274,8.0,7.8066278],"angle":-22.5,"axis":"y"}},{"from":[8.041667,2.0561166,5.1706905],"to":[7.975,14.6561165,7.104024],"faces":{"east":{"uv":[13.625,13.125,16.0,13.5],"tintindex":0,"rotation":90,"texture":"#0"},"west":{"uv":[13.625,13.5,16.0,13.125],"tintindex":0,"rotation":90,"texture":"#0"}},"rotation":{"origin":[9.675,13.856117,21.304024],"angle":-22.5,"axis":"x"}},{"from":[9.658,3.1583333,7.283997],"to":[9.674666,12.841667,10.300664],"faces":{"east":{"uv":[14.1875,0.6875,16.0,0.125],"tintindex":0,"rotation":270,"texture":"#0"},"south":{"uv":[15.9375,15.9375,16.0,16.0],"tintindex":0,"rotation":270,"texture":"#0"},"north":{"uv":[15.9375,15.9375,16.0,16.0],"tintindex":0,"rotation":90,"texture":"#0"},"west":{"uv":[14.1875,0.125,16.0,0.6875],"tintindex":0,"rotation":270,"texture":"#0"},"up":{"uv":[15.9375,15.9375,16.0,16.0],"tintindex":0,"rotation":270,"texture":"#0"},"down":{"uv":[15.9375,15.9375,16.0,16.0],"tintindex":0,"rotation":270,"texture":"#0"}}},{"from":[13.78433,9.666667,8.911198],"to":[15.450997,9.666667,21.244532],"faces":{"up":{"uv":[7.0,5.5625,9.3125,5.25],"tintindex":0,"rotation":90,"texture":"#0"},"down":{"uv":[9.3125,5.5625,7.0,5.25],"tintindex":0,"rotation":90,"texture":"#0"}},"rotation":{"origin":[13.78433,8.000334,12.244532],"angle":45.0,"axis":"y"}},{"from":[9.700334,8.025,7.158997],"to":[9.633666,12.966667,10.425664],"faces":{"east":{"uv":[15.0625,15.0625,16.0,14.4375],"tintindex":0,"rotation":270,"texture":"#0"},"south":{"uv":[15.9375,16.0,16.0,15.9375],"tintindex":0,"rotation":270,"texture":"#0"},"north":{"uv":[15.9375,16.0,16.0,15.9375],"tintindex":0,"rotation":90,"texture":"#0"},"west":{"uv":[15.0625,14.4375,16.0,15.0625],"tintindex":0,"rotation":270,"texture":"#0"},"up":{"uv":[15.9375,16.0,16.0,15.9375],"tintindex":0,"rotation":270,"texture":"#0"},"down":{"uv":[15.9375,16.0,16.0,15.9375],"tintindex":0,"rotation":270,"texture":"#0"}}},{"from":[0.54900265,6.333333,8.911198],"to":[2.2156696,6.333333,21.244532],"faces":{"up":{"uv":[7.0,5.25,9.3125,5.5625],"tintindex":0,"rotation":90,"texture":"#0"},"down":{"uv":[9.3125,5.25,7.0,5.5625],"tintindex":0,"rotation":90,"texture":"#0"}},"rotation":{"origin":[2.2156696,8.000334,12.244532],"angle":-45.0,"axis":"y"}},{"from":[7.991667,2.1583333,8.325],"to":[8.008333,13.841667,13.341667],"faces":{"east":{"uv":[16.0,1.875,13.8125,0.9375],"tintindex":0,"rotation":270,"texture":"#0"},"south":{"uv":[15.9375,15.9375,16.0,16.0],"tintindex":0,"rotation":270,"texture":"#0"},"north":{"uv":[15.9375,15.9375,16.0,16.0],"tintindex":0,"rotation":90,"texture":"#0"},"west":{"uv":[16.0,0.9375,13.8125,1.875],"tintindex":0,"rotation":270,"texture":"#0"},"up":{"uv":[15.9375,15.9375,16.0,16.0],"tintindex":0,"rotation":270,"texture":"#0"},"down":{"uv":[15.9375,15.9375,16.0,16.0],"tintindex":0,"rotation":270,"texture":"#0"}}},{"from":[6.333333,0.54900265,8.911198],"to":[6.333333,2.2156696,21.244532],"faces":{"east":{"uv":[9.3125,5.25,7.0,5.5625],"tintindex":0,"rotation":0,"texture":"#0"},"west":{"uv":[7.0,5.25,9.3125,5.5625],"tintindex":0,"rotation":0,"texture":"#0"}},"rotation":{"origin":[8.0,2.2156696,12.244532],"angle":45.0,"axis":"x"}},{"from":[3.1583333,9.658667,7.283997],"to":[12.841667,9.675333,10.300664],"faces":{"east":{"uv":[15.9375,15.9375,16.0,16.0],"tintindex":0,"rotation":0,"texture":"#0"},"south":{"uv":[15.9375,15.9375,16.0,16.0],"tintindex":0,"rotation":0,"texture":"#0"},"north":{"uv":[15.9375,15.9375,16.0,16.0],"tintindex":0,"rotation":0,"texture":"#0"},"west":{"uv":[15.9375,15.9375,16.0,16.0],"tintindex":0,"rotation":0,"texture":"#0"},"up":{"uv":[14.1875,0.125,16.0,0.6875],"tintindex":0,"rotation":0,"texture":"#0"},"down":{"uv":[14.1875,0.6875,16.0,0.125],"tintindex":0,"rotation":0,"texture":"#0"}}},{"from":[1.418994,8.041667,2.976778],"to":[14.018994,7.975,4.910111],"faces":{"up":{"uv":[13.625,13.5,16.0,13.125],"tintindex":0,"rotation":180,"texture":"#0"},"down":{"uv":[13.625,13.125,16.0,13.5],"tintindex":0,"rotation":180,"texture":"#0"}},"rotation":{"origin":[18.885662,6.3416667,19.443445],"angle":22.5,"axis":"y"}},{"from":[6.366667,0.41566944,8.777864],"to":[6.3,2.3490028,21.377865],"faces":{"east":{"uv":[16.0,13.5,13.625,13.125],"tintindex":0,"rotation":0,"texture":"#0"},"west":{"uv":[13.625,13.5,16.0,13.125],"tintindex":0,"rotation":0,"texture":"#0"}},"rotation":{"origin":[8.0,2.2156696,12.244532],"angle":45.0,"axis":"x"}},{"from":[2.0333333,8.033334,8.2],"to":[13.966667,7.9666667,13.466667],"faces":{"east":{"uv":[15.9375,15.9375,16.0,16.0],"tintindex":0,"rotation":0,"texture":"#0"},"south":{"uv":[15.9375,15.9375,16.0,16.0],"tintindex":0,"rotation":0,"texture":"#0"},"north":{"uv":[15.9375,15.9375,16.0,16.0],"tintindex":0,"rotation":0,"texture":"#0"},"west":{"uv":[15.9375,15.9375,16.0,16.0],"tintindex":0,"rotation":0,"texture":"#0"},"up":{"uv":[13.75,11.625,16.0,12.625],"tintindex":0,"rotation":0,"texture":"#0"},"down":{"uv":[13.75,12.625,16.0,11.625],"tintindex":0,"rotation":0,"texture":"#0"}}},{"from":[6.366333,3.0333333,7.158997],"to":[6.2996664,7.975,10.425664],"faces":{"east":{"uv":[16.0,14.375,15.0625,13.75],"tintindex":0,"rotation":270,"texture":"#0"},"south":{"uv":[16.0,15.9375,15.9375,16.0],"tintindex":0,"rotation":270,"texture":"#0"},"north":{"uv":[16.0,15.9375,15.9375,16.0],"tintindex":0,"rotation":90,"texture":"#0"},"west":{"uv":[16.0,13.75,15.0625,14.375],"tintindex":0,"rotation":270,"texture":"#0"},"up":{"uv":[16.0,15.9375,15.9375,16.0],"tintindex":0,"rotation":270,"texture":"#0"},"down":{"uv":[16.0,15.9375,15.9375,16.0],"tintindex":0,"rotation":270,"texture":"#0"}}},{"from":[9.7,0.41566944,8.777864],"to":[9.633333,2.3490028,21.377865],"faces":{"east":{"uv":[16.0,13.5,13.625,13.125],"tintindex":0,"rotation":0,"texture":"#0"},"west":{"uv":[13.625,13.5,16.0,13.125],"tintindex":0,"rotation":0,"texture":"#0"}},"rotation":{"origin":[8.0,2.2156696,12.244532],"angle":45.0,"axis":"x"}},{"from":[0.54900265,9.666667,8.911198],"to":[2.2156696,9.666667,21.244532],"faces":{"up":{"uv":[7.0,5.25,9.3125,5.5625],"tintindex":0,"rotation":90,"texture":"#0"},"down":{"uv":[9.3125,5.25,7.0,5.5625],"tintindex":0,"rotation":90,"texture":"#0"}},"rotation":{"origin":[2.2156696,8.000334,12.244532],"angle":-45.0,"axis":"y"}},{"from":[8.025,6.366333,7.158997],"to":[12.966667,6.2996664,10.425664],"faces":{"east":{"uv":[16.0,15.9375,15.9375,16.0],"tintindex":0,"rotation":180,"texture":"#0"},"south":{"uv":[16.0,15.9375,15.9375,16.0],"tintindex":0,"rotation":180,"texture":"#0"},"north":{"uv":[16.0,15.9375,15.9375,16.0],"tintindex":0,"rotation":180,"texture":"#0"},"west":{"uv":[16.0,15.9375,15.9375,16.0],"tintindex":0,"rotation":180,"texture":"#0"},"up":{"uv":[16.0,14.375,15.0625,13.75],"tintindex":0,"rotation":180,"texture":"#0"},"down":{"uv":[16.0,13.75,15.0625,14.375],"tintindex":0,"rotation":180,"texture":"#0"}}},{"from":[13.78433,6.333333,8.911198],"to":[15.450997,6.333333,21.244532],"faces":{"up":{"uv":[7.0,5.5625,9.3125,5.25],"tintindex":0,"rotation":90,"texture":"#0"},"down":{"uv":[9.3125,5.5625,7.0,5.25],"tintindex":0,"rotation":90,"texture":"#0"}},"rotation":{"origin":[13.78433,8.000334,12.244532],"angle":45.0,"axis":"y"}},{"from":[3.0333333,6.366333,7.158997],"to":[7.975,6.2996664,10.425664],"faces":{"east":{"uv":[15.9375,15.9375,16.0,16.0],"tintindex":0,"rotation":180,"texture":"#0"},"south":{"uv":[15.9375,15.9375,16.0,16.0],"tintindex":0,"rotation":180,"texture":"#0"},"north":{"uv":[15.9375,15.9375,16.0,16.0],"tintindex":0,"rotation":180,"texture":"#0"},"west":{"uv":[15.9375,15.9375,16.0,16.0],"tintindex":0,"rotation":180,"texture":"#0"},"up":{"uv":[15.0625,15.0625,16.0,14.4375],"tintindex":0,"rotation":180,"texture":"#0"},"down":{"uv":[15.0625,14.4375,16.0,15.0625],"tintindex":0,"rotation":180,"texture":"#0"}}},{"from":[8.033334,2.0333333,8.2],"to":[7.9666667,13.966667,13.466667],"faces":{"east":{"uv":[13.75,12.625,16.0,11.625],"tintindex":0,"rotation":270,"texture":"#0"},"south":{"uv":[15.9375,15.9375,16.0,16.0],"tintindex":0,"rotation":270,"texture":"#0"},"north":{"uv":[15.9375,15.9375,16.0,16.0],"tintindex":0,"rotation":90,"texture":"#0"},"west":{"uv":[13.75,11.625,16.0,12.625],"tintindex":0,"rotation":270,"texture":"#0"},"up":{"uv":[15.9375,15.9375,16.0,16.0],"tintindex":0,"rotation":270,"texture":"#0"},"down":{"uv":[15.9375,15.9375,16.0,16.0],"tintindex":0,"rotation":270,"texture":"#0"}}},{"from":[9.666667,0.54900265,8.911198],"to":[9.666667,2.2156696,21.244532],"faces":{"east":{"uv":[9.3125,5.25,7.0,5.5625],"tintindex":0,"rotation":0,"texture":"#0"},"west":{"uv":[7.0,5.25,9.3125,5.5625],"tintindex":0,"rotation":0,"texture":"#0"}},"rotation":{"origin":[8.0,2.2156696,12.244532],"angle":45.0,"axis":"x"}},{"from":[1.833333,8.0,12.5],"to":[3.5,8.0,24.833334],"faces":{"up":{"uv":[7.0,5.25,9.3125,5.5625],"tintindex":0,"rotation":90,"texture":"#0"},"down":{"uv":[9.3125,5.25,7.0,5.5625],"tintindex":0,"rotation":90,"texture":"#0"}},"rotation":{"origin":[2.6666665,8.0,13.333334],"angle":-22.5,"axis":"y"}},{"from":[1.9810057,8.041667,2.976778],"to":[14.581006,7.975,4.910111],"faces":{"up":{"uv":[16.0,13.5,13.625,13.125],"tintindex":0,"rotation":180,"texture":"#0"},"down":{"uv":[16.0,13.125,13.625,13.5],"tintindex":0,"rotation":180,"texture":"#0"}},"rotation":{"origin":[-2.8856611,6.3416667,19.443445],"angle":-22.5,"axis":"y"}}],"display":{"gui":{"rotation":[30,225,0]}}}