{
	"textures":{
		"particle":"#0"
	},
	"elements":[
		{
			"from":[7,12,10],
			"to":[9,15,16],
			"faces":{
				"east":{"uv":[10,0,16,3],"texture":"#0"},
				"south":{"uv":[9,0,11,3],"texture":"#0","cullface":"south"},
				"west":{"uv":[4,0,10,3],"texture":"#0"},
				"up":{"uv":[10,10,16,12],"rotation":270,"texture":"#0"},
				"down":{"uv":[4,10,10,12],"rotation":270,"texture":"#0"}
			}
		},
		{
			"from":[7,6,10],
			"to":[9,9,16],
			"faces":{
				"east":{"uv":[10,3,16,6],"texture":"#0"},
				"south":{"uv":[9,3,11,6],"texture":"#0","cullface":"south"},
				"west":{"uv":[4,3,10,6],"texture":"#0"},
				"up":{"uv":[10,12,16,14],"rotation":270,"texture":"#0"},
				"down":{"uv":[4,12,10,14],"rotation":270,"texture":"#0"}
			}
		}
	]
}