{
"variants":{
"facing=east,half=bottom,shape=straight":[
{"model":"block_random/stone_brick_mossy_stairs_0"},
{"model":"block_random/stone_brick_mossy_stairs_1"},
{"model":"block_random/stone_brick_mossy_stairs_2"},
{"model":"block_random/stone_brick_mossy_stairs_3"},
{"model":"block_random/stone_brick_mossy_stairs_4"},
{"model":"block_random/stone_brick_mossy_stairs_5"},
{"model":"block_random/stone_brick_mossy_stairs_6"},
{"model":"block_random/stone_brick_mossy_stairs_7"}
],
"facing=west,half=bottom,shape=straight":[
{"model":"block_random/stone_brick_mossy_stairs_0","y":180,"uvlock":true},
{"model":"block_random/stone_brick_mossy_stairs_1","y":180,"uvlock":true},
{"model":"block_random/stone_brick_mossy_stairs_2","y":180,"uvlock":true},
{"model":"block_random/stone_brick_mossy_stairs_3","y":180,"uvlock":true},
{"model":"block_random/stone_brick_mossy_stairs_4","y":180,"uvlock":true},
{"model":"block_random/stone_brick_mossy_stairs_5","y":180,"uvlock":true},
{"model":"block_random/stone_brick_mossy_stairs_6","y":180,"uvlock":true},
{"model":"block_random/stone_brick_mossy_stairs_7","y":180,"uvlock":true}
],
"facing=south,half=bottom,shape=straight":[
{"model":"block_random/stone_brick_mossy_stairs_0","y":90,"uvlock":true},
{"model":"block_random/stone_brick_mossy_stairs_1","y":90,"uvlock":true},
{"model":"block_random/stone_brick_mossy_stairs_2","y":90,"uvlock":true},
{"model":"block_random/stone_brick_mossy_stairs_3","y":90,"uvlock":true},
{"model":"block_random/stone_brick_mossy_stairs_4","y":90,"uvlock":true},
{"model":"block_random/stone_brick_mossy_stairs_5","y":90,"uvlock":true},
{"model":"block_random/stone_brick_mossy_stairs_6","y":90,"uvlock":true},
{"model":"block_random/stone_brick_mossy_stairs_7","y":90,"uvlock":true}
],
"facing=north,half=bottom,shape=straight":[
{"model":"block_random/stone_brick_mossy_stairs_0","y":270,"uvlock":true},
{"model":"block_random/stone_brick_mossy_stairs_1","y":270,"uvlock":true},
{"model":"block_random/stone_brick_mossy_stairs_2","y":270,"uvlock":true},
{"model":"block_random/stone_brick_mossy_stairs_3","y":270,"uvlock":true},
{"model":"block_random/stone_brick_mossy_stairs_4","y":270,"uvlock":true},
{"model":"block_random/stone_brick_mossy_stairs_5","y":270,"uvlock":true},
{"model":"block_random/stone_brick_mossy_stairs_6","y":270,"uvlock":true},
{"model":"block_random/stone_brick_mossy_stairs_7","y":270,"uvlock":true}
],
"facing=east,half=bottom,shape=outer_right":[
{"model":"block_random/stone_brick_mossy_stairs_outer_0"},
{"model":"block_random/stone_brick_mossy_stairs_outer_1"},
{"model":"block_random/stone_brick_mossy_stairs_outer_2"},
{"model":"block_random/stone_brick_mossy_stairs_outer_3"},
{"model":"block_random/stone_brick_mossy_stairs_outer_4"},
{"model":"block_random/stone_brick_mossy_stairs_outer_5"},
{"model":"block_random/stone_brick_mossy_stairs_outer_6"},
{"model":"block_random/stone_brick_mossy_stairs_outer_7"}
],
"facing=west,half=bottom,shape=outer_right":[
{"model":"block_random/stone_brick_mossy_stairs_outer_0","y":180,"uvlock":true},
{"model":"block_random/stone_brick_mossy_stairs_outer_1","y":180,"uvlock":true},
{"model":"block_random/stone_brick_mossy_stairs_outer_2","y":180,"uvlock":true},
{"model":"block_random/stone_brick_mossy_stairs_outer_3","y":180,"uvlock":true},
{"model":"block_random/stone_brick_mossy_stairs_outer_4","y":180,"uvlock":true},
{"model":"block_random/stone_brick_mossy_stairs_outer_5","y":180,"uvlock":true},
{"model":"block_random/stone_brick_mossy_stairs_outer_6","y":180,"uvlock":true},
{"model":"block_random/stone_brick_mossy_stairs_outer_7","y":180,"uvlock":true}
],
"facing=south,half=bottom,shape=outer_right":[
{"model":"block_random/stone_brick_mossy_stairs_outer_0","y":90,"uvlock":true},
{"model":"block_random/stone_brick_mossy_stairs_outer_1","y":90,"uvlock":true},
{"model":"block_random/stone_brick_mossy_stairs_outer_2","y":90,"uvlock":true},
{"model":"block_random/stone_brick_mossy_stairs_outer_3","y":90,"uvlock":true},
{"model":"block_random/stone_brick_mossy_stairs_outer_4","y":90,"uvlock":true},
{"model":"block_random/stone_brick_mossy_stairs_outer_5","y":90,"uvlock":true},
{"model":"block_random/stone_brick_mossy_stairs_outer_6","y":90,"uvlock":true},
{"model":"block_random/stone_brick_mossy_stairs_outer_7","y":90,"uvlock":true}
],
"facing=north,half=bottom,shape=outer_right":[
{"model":"block_random/stone_brick_mossy_stairs_outer_0","y":270,"uvlock":true},
{"model":"block_random/stone_brick_mossy_stairs_outer_1","y":270,"uvlock":true},
{"model":"block_random/stone_brick_mossy_stairs_outer_2","y":270,"uvlock":true},
{"model":"block_random/stone_brick_mossy_stairs_outer_3","y":270,"uvlock":true},
{"model":"block_random/stone_brick_mossy_stairs_outer_4","y":270,"uvlock":true},
{"model":"block_random/stone_brick_mossy_stairs_outer_5","y":270,"uvlock":true},
{"model":"block_random/stone_brick_mossy_stairs_outer_6","y":270,"uvlock":true},
{"model":"block_random/stone_brick_mossy_stairs_outer_7","y":270,"uvlock":true}
],
"facing=east,half=bottom,shape=outer_left":[
{"model":"block_random/stone_brick_mossy_stairs_outer_0","y":270,"uvlock":true},
{"model":"block_random/stone_brick_mossy_stairs_outer_1","y":270,"uvlock":true},
{"model":"block_random/stone_brick_mossy_stairs_outer_2","y":270,"uvlock":true},
{"model":"block_random/stone_brick_mossy_stairs_outer_3","y":270,"uvlock":true},
{"model":"block_random/stone_brick_mossy_stairs_outer_4","y":270,"uvlock":true},
{"model":"block_random/stone_brick_mossy_stairs_outer_5","y":270,"uvlock":true},
{"model":"block_random/stone_brick_mossy_stairs_outer_6","y":270,"uvlock":true},
{"model":"block_random/stone_brick_mossy_stairs_outer_7","y":270,"uvlock":true}
],
"facing=west,half=bottom,shape=outer_left":[
{"model":"block_random/stone_brick_mossy_stairs_outer_0","y":90,"uvlock":true},
{"model":"block_random/stone_brick_mossy_stairs_outer_1","y":90,"uvlock":true},
{"model":"block_random/stone_brick_mossy_stairs_outer_2","y":90,"uvlock":true},
{"model":"block_random/stone_brick_mossy_stairs_outer_3","y":90,"uvlock":true},
{"model":"block_random/stone_brick_mossy_stairs_outer_4","y":90,"uvlock":true},
{"model":"block_random/stone_brick_mossy_stairs_outer_5","y":90,"uvlock":true},
{"model":"block_random/stone_brick_mossy_stairs_outer_6","y":90,"uvlock":true},
{"model":"block_random/stone_brick_mossy_stairs_outer_7","y":90,"uvlock":true}
],
"facing=south,half=bottom,shape=outer_left":[
{"model":"block_random/stone_brick_mossy_stairs_outer_0"},
{"model":"block_random/stone_brick_mossy_stairs_outer_1"},
{"model":"block_random/stone_brick_mossy_stairs_outer_2"},
{"model":"block_random/stone_brick_mossy_stairs_outer_3"},
{"model":"block_random/stone_brick_mossy_stairs_outer_4"},
{"model":"block_random/stone_brick_mossy_stairs_outer_5"},
{"model":"block_random/stone_brick_mossy_stairs_outer_6"},
{"model":"block_random/stone_brick_mossy_stairs_outer_7"}
],
"facing=north,half=bottom,shape=outer_left":[
{"model":"block_random/stone_brick_mossy_stairs_outer_0","y":180,"uvlock":true},
{"model":"block_random/stone_brick_mossy_stairs_outer_1","y":180,"uvlock":true},
{"model":"block_random/stone_brick_mossy_stairs_outer_2","y":180,"uvlock":true},
{"model":"block_random/stone_brick_mossy_stairs_outer_3","y":180,"uvlock":true},
{"model":"block_random/stone_brick_mossy_stairs_outer_4","y":180,"uvlock":true},
{"model":"block_random/stone_brick_mossy_stairs_outer_5","y":180,"uvlock":true},
{"model":"block_random/stone_brick_mossy_stairs_outer_6","y":180,"uvlock":true},
{"model":"block_random/stone_brick_mossy_stairs_outer_7","y":180,"uvlock":true}
],
"facing=east,half=bottom,shape=inner_right":[
{"model":"block_random/stone_brick_mossy_stairs_inner_0"},
{"model":"block_random/stone_brick_mossy_stairs_inner_1"},
{"model":"block_random/stone_brick_mossy_stairs_inner_2"},
{"model":"block_random/stone_brick_mossy_stairs_inner_3"},
{"model":"block_random/stone_brick_mossy_stairs_inner_4"},
{"model":"block_random/stone_brick_mossy_stairs_inner_5"},
{"model":"block_random/stone_brick_mossy_stairs_inner_6"},
{"model":"block_random/stone_brick_mossy_stairs_inner_7"}
],
"facing=west,half=bottom,shape=inner_right":[
{"model":"block_random/stone_brick_mossy_stairs_inner_0","y":180,"uvlock":true},
{"model":"block_random/stone_brick_mossy_stairs_inner_1","y":180,"uvlock":true},
{"model":"block_random/stone_brick_mossy_stairs_inner_2","y":180,"uvlock":true},
{"model":"block_random/stone_brick_mossy_stairs_inner_3","y":180,"uvlock":true},
{"model":"block_random/stone_brick_mossy_stairs_inner_4","y":180,"uvlock":true},
{"model":"block_random/stone_brick_mossy_stairs_inner_5","y":180,"uvlock":true},
{"model":"block_random/stone_brick_mossy_stairs_inner_6","y":180,"uvlock":true},
{"model":"block_random/stone_brick_mossy_stairs_inner_7","y":180,"uvlock":true}
],
"facing=south,half=bottom,shape=inner_right":[
{"model":"block_random/stone_brick_mossy_stairs_inner_0","y":90,"uvlock":true},
{"model":"block_random/stone_brick_mossy_stairs_inner_1","y":90,"uvlock":true},
{"model":"block_random/stone_brick_mossy_stairs_inner_2","y":90,"uvlock":true},
{"model":"block_random/stone_brick_mossy_stairs_inner_3","y":90,"uvlock":true},
{"model":"block_random/stone_brick_mossy_stairs_inner_4","y":90,"uvlock":true},
{"model":"block_random/stone_brick_mossy_stairs_inner_5","y":90,"uvlock":true},
{"model":"block_random/stone_brick_mossy_stairs_inner_6","y":90,"uvlock":true},
{"model":"block_random/stone_brick_mossy_stairs_inner_7","y":90,"uvlock":true}
],
"facing=north,half=bottom,shape=inner_right":[
{"model":"block_random/stone_brick_mossy_stairs_inner_0","y":270,"uvlock":true},
{"model":"block_random/stone_brick_mossy_stairs_inner_1","y":270,"uvlock":true},
{"model":"block_random/stone_brick_mossy_stairs_inner_2","y":270,"uvlock":true},
{"model":"block_random/stone_brick_mossy_stairs_inner_3","y":270,"uvlock":true},
{"model":"block_random/stone_brick_mossy_stairs_inner_4","y":270,"uvlock":true},
{"model":"block_random/stone_brick_mossy_stairs_inner_5","y":270,"uvlock":true},
{"model":"block_random/stone_brick_mossy_stairs_inner_6","y":270,"uvlock":true},
{"model":"block_random/stone_brick_mossy_stairs_inner_7","y":270,"uvlock":true}
],
"facing=east,half=bottom,shape=inner_left":[
{"model":"block_random/stone_brick_mossy_stairs_inner_0","y":270,"uvlock":true},
{"model":"block_random/stone_brick_mossy_stairs_inner_1","y":270,"uvlock":true},
{"model":"block_random/stone_brick_mossy_stairs_inner_2","y":270,"uvlock":true},
{"model":"block_random/stone_brick_mossy_stairs_inner_3","y":270,"uvlock":true},
{"model":"block_random/stone_brick_mossy_stairs_inner_4","y":270,"uvlock":true},
{"model":"block_random/stone_brick_mossy_stairs_inner_5","y":270,"uvlock":true},
{"model":"block_random/stone_brick_mossy_stairs_inner_6","y":270,"uvlock":true},
{"model":"block_random/stone_brick_mossy_stairs_inner_7","y":270,"uvlock":true}
],
"facing=west,half=bottom,shape=inner_left":[
{"model":"block_random/stone_brick_mossy_stairs_inner_0","y":90,"uvlock":true},
{"model":"block_random/stone_brick_mossy_stairs_inner_1","y":90,"uvlock":true},
{"model":"block_random/stone_brick_mossy_stairs_inner_2","y":90,"uvlock":true},
{"model":"block_random/stone_brick_mossy_stairs_inner_3","y":90,"uvlock":true},
{"model":"block_random/stone_brick_mossy_stairs_inner_4","y":90,"uvlock":true},
{"model":"block_random/stone_brick_mossy_stairs_inner_5","y":90,"uvlock":true},
{"model":"block_random/stone_brick_mossy_stairs_inner_6","y":90,"uvlock":true},
{"model":"block_random/stone_brick_mossy_stairs_inner_7","y":90,"uvlock":true}
],
"facing=south,half=bottom,shape=inner_left":[
{"model":"block_random/stone_brick_mossy_stairs_inner_0"},
{"model":"block_random/stone_brick_mossy_stairs_inner_1"},
{"model":"block_random/stone_brick_mossy_stairs_inner_2"},
{"model":"block_random/stone_brick_mossy_stairs_inner_3"},
{"model":"block_random/stone_brick_mossy_stairs_inner_4"},
{"model":"block_random/stone_brick_mossy_stairs_inner_5"},
{"model":"block_random/stone_brick_mossy_stairs_inner_6"},
{"model":"block_random/stone_brick_mossy_stairs_inner_7"}
],
"facing=north,half=bottom,shape=inner_left":[
{"model":"block_random/stone_brick_mossy_stairs_inner_0","y":180,"uvlock":true},
{"model":"block_random/stone_brick_mossy_stairs_inner_1","y":180,"uvlock":true},
{"model":"block_random/stone_brick_mossy_stairs_inner_2","y":180,"uvlock":true},
{"model":"block_random/stone_brick_mossy_stairs_inner_3","y":180,"uvlock":true},
{"model":"block_random/stone_brick_mossy_stairs_inner_4","y":180,"uvlock":true},
{"model":"block_random/stone_brick_mossy_stairs_inner_5","y":180,"uvlock":true},
{"model":"block_random/stone_brick_mossy_stairs_inner_6","y":180,"uvlock":true},
{"model":"block_random/stone_brick_mossy_stairs_inner_7","y":180,"uvlock":true}
],
"facing=east,half=top,shape=straight":[
{"model":"block_random/stone_brick_mossy_stairs_0","x":180,"uvlock":true},
{"model":"block_random/stone_brick_mossy_stairs_1","x":180,"uvlock":true},
{"model":"block_random/stone_brick_mossy_stairs_2","x":180,"uvlock":true},
{"model":"block_random/stone_brick_mossy_stairs_3","x":180,"uvlock":true},
{"model":"block_random/stone_brick_mossy_stairs_4","x":180,"uvlock":true},
{"model":"block_random/stone_brick_mossy_stairs_5","x":180,"uvlock":true},
{"model":"block_random/stone_brick_mossy_stairs_6","x":180,"uvlock":true},
{"model":"block_random/stone_brick_mossy_stairs_7","x":180,"uvlock":true}
],
"facing=west,half=top,shape=straight":[
{"model":"block_random/stone_brick_mossy_stairs_0","y":180,"uvlock":true,"x":180},
{"model":"block_random/stone_brick_mossy_stairs_1","y":180,"uvlock":true,"x":180},
{"model":"block_random/stone_brick_mossy_stairs_2","y":180,"uvlock":true,"x":180},
{"model":"block_random/stone_brick_mossy_stairs_3","y":180,"uvlock":true,"x":180},
{"model":"block_random/stone_brick_mossy_stairs_4","y":180,"uvlock":true,"x":180},
{"model":"block_random/stone_brick_mossy_stairs_5","y":180,"uvlock":true,"x":180},
{"model":"block_random/stone_brick_mossy_stairs_6","y":180,"uvlock":true,"x":180},
{"model":"block_random/stone_brick_mossy_stairs_7","y":180,"uvlock":true,"x":180}
],
"facing=south,half=top,shape=straight":[
{"model":"block_random/stone_brick_mossy_stairs_0","y":90,"uvlock":true,"x":180},
{"model":"block_random/stone_brick_mossy_stairs_1","y":90,"uvlock":true,"x":180},
{"model":"block_random/stone_brick_mossy_stairs_2","y":90,"uvlock":true,"x":180},
{"model":"block_random/stone_brick_mossy_stairs_3","y":90,"uvlock":true,"x":180},
{"model":"block_random/stone_brick_mossy_stairs_4","y":90,"uvlock":true,"x":180},
{"model":"block_random/stone_brick_mossy_stairs_5","y":90,"uvlock":true,"x":180},
{"model":"block_random/stone_brick_mossy_stairs_6","y":90,"uvlock":true,"x":180},
{"model":"block_random/stone_brick_mossy_stairs_7","y":90,"uvlock":true,"x":180}
],
"facing=north,half=top,shape=straight":[
{"model":"block_random/stone_brick_mossy_stairs_0","y":270,"uvlock":true,"x":180},
{"model":"block_random/stone_brick_mossy_stairs_1","y":270,"uvlock":true,"x":180},
{"model":"block_random/stone_brick_mossy_stairs_2","y":270,"uvlock":true,"x":180},
{"model":"block_random/stone_brick_mossy_stairs_3","y":270,"uvlock":true,"x":180},
{"model":"block_random/stone_brick_mossy_stairs_4","y":270,"uvlock":true,"x":180},
{"model":"block_random/stone_brick_mossy_stairs_5","y":270,"uvlock":true,"x":180},
{"model":"block_random/stone_brick_mossy_stairs_6","y":270,"uvlock":true,"x":180},
{"model":"block_random/stone_brick_mossy_stairs_7","y":270,"uvlock":true,"x":180}
],
"facing=east,half=top,shape=outer_right":[
{"model":"block_random/stone_brick_mossy_stairs_outer_0","y":90,"uvlock":true,"x":180},
{"model":"block_random/stone_brick_mossy_stairs_outer_1","y":90,"uvlock":true,"x":180},
{"model":"block_random/stone_brick_mossy_stairs_outer_2","y":90,"uvlock":true,"x":180},
{"model":"block_random/stone_brick_mossy_stairs_outer_3","y":90,"uvlock":true,"x":180},
{"model":"block_random/stone_brick_mossy_stairs_outer_4","y":90,"uvlock":true,"x":180},
{"model":"block_random/stone_brick_mossy_stairs_outer_5","y":90,"uvlock":true,"x":180},
{"model":"block_random/stone_brick_mossy_stairs_outer_6","y":90,"uvlock":true,"x":180},
{"model":"block_random/stone_brick_mossy_stairs_outer_7","y":90,"uvlock":true,"x":180}
],
"facing=west,half=top,shape=outer_right":[
{"model":"block_random/stone_brick_mossy_stairs_outer_0","y":270,"uvlock":true,"x":180},
{"model":"block_random/stone_brick_mossy_stairs_outer_1","y":270,"uvlock":true,"x":180},
{"model":"block_random/stone_brick_mossy_stairs_outer_2","y":270,"uvlock":true,"x":180},
{"model":"block_random/stone_brick_mossy_stairs_outer_3","y":270,"uvlock":true,"x":180},
{"model":"block_random/stone_brick_mossy_stairs_outer_4","y":270,"uvlock":true,"x":180},
{"model":"block_random/stone_brick_mossy_stairs_outer_5","y":270,"uvlock":true,"x":180},
{"model":"block_random/stone_brick_mossy_stairs_outer_6","y":270,"uvlock":true,"x":180},
{"model":"block_random/stone_brick_mossy_stairs_outer_7","y":270,"uvlock":true,"x":180}
],
"facing=south,half=top,shape=outer_right":[
{"model":"block_random/stone_brick_mossy_stairs_outer_0","y":180,"uvlock":true,"x":180},
{"model":"block_random/stone_brick_mossy_stairs_outer_1","y":180,"uvlock":true,"x":180},
{"model":"block_random/stone_brick_mossy_stairs_outer_2","y":180,"uvlock":true,"x":180},
{"model":"block_random/stone_brick_mossy_stairs_outer_3","y":180,"uvlock":true,"x":180},
{"model":"block_random/stone_brick_mossy_stairs_outer_4","y":180,"uvlock":true,"x":180},
{"model":"block_random/stone_brick_mossy_stairs_outer_5","y":180,"uvlock":true,"x":180},
{"model":"block_random/stone_brick_mossy_stairs_outer_6","y":180,"uvlock":true,"x":180},
{"model":"block_random/stone_brick_mossy_stairs_outer_7","y":180,"uvlock":true,"x":180}
],
"facing=north,half=top,shape=outer_right":[
{"model":"block_random/stone_brick_mossy_stairs_outer_0","x":180,"uvlock":true},
{"model":"block_random/stone_brick_mossy_stairs_outer_1","x":180,"uvlock":true},
{"model":"block_random/stone_brick_mossy_stairs_outer_2","x":180,"uvlock":true},
{"model":"block_random/stone_brick_mossy_stairs_outer_3","x":180,"uvlock":true},
{"model":"block_random/stone_brick_mossy_stairs_outer_4","x":180,"uvlock":true},
{"model":"block_random/stone_brick_mossy_stairs_outer_5","x":180,"uvlock":true},
{"model":"block_random/stone_brick_mossy_stairs_outer_6","x":180,"uvlock":true},
{"model":"block_random/stone_brick_mossy_stairs_outer_7","x":180,"uvlock":true}
],
"facing=east,half=top,shape=outer_left":[
{"model":"block_random/stone_brick_mossy_stairs_outer_0","x":180,"uvlock":true},
{"model":"block_random/stone_brick_mossy_stairs_outer_1","x":180,"uvlock":true},
{"model":"block_random/stone_brick_mossy_stairs_outer_2","x":180,"uvlock":true},
{"model":"block_random/stone_brick_mossy_stairs_outer_3","x":180,"uvlock":true},
{"model":"block_random/stone_brick_mossy_stairs_outer_4","x":180,"uvlock":true},
{"model":"block_random/stone_brick_mossy_stairs_outer_5","x":180,"uvlock":true},
{"model":"block_random/stone_brick_mossy_stairs_outer_6","x":180,"uvlock":true},
{"model":"block_random/stone_brick_mossy_stairs_outer_7","x":180,"uvlock":true}
],
"facing=west,half=top,shape=outer_left":[
{"model":"block_random/stone_brick_mossy_stairs_outer_0","y":180,"uvlock":true,"x":180},
{"model":"block_random/stone_brick_mossy_stairs_outer_1","y":180,"uvlock":true,"x":180},
{"model":"block_random/stone_brick_mossy_stairs_outer_2","y":180,"uvlock":true,"x":180},
{"model":"block_random/stone_brick_mossy_stairs_outer_3","y":180,"uvlock":true,"x":180},
{"model":"block_random/stone_brick_mossy_stairs_outer_4","y":180,"uvlock":true,"x":180},
{"model":"block_random/stone_brick_mossy_stairs_outer_5","y":180,"uvlock":true,"x":180},
{"model":"block_random/stone_brick_mossy_stairs_outer_6","y":180,"uvlock":true,"x":180},
{"model":"block_random/stone_brick_mossy_stairs_outer_7","y":180,"uvlock":true,"x":180}
],
"facing=south,half=top,shape=outer_left":[
{"model":"block_random/stone_brick_mossy_stairs_outer_0","y":90,"uvlock":true,"x":180},
{"model":"block_random/stone_brick_mossy_stairs_outer_1","y":90,"uvlock":true,"x":180},
{"model":"block_random/stone_brick_mossy_stairs_outer_2","y":90,"uvlock":true,"x":180},
{"model":"block_random/stone_brick_mossy_stairs_outer_3","y":90,"uvlock":true,"x":180},
{"model":"block_random/stone_brick_mossy_stairs_outer_4","y":90,"uvlock":true,"x":180},
{"model":"block_random/stone_brick_mossy_stairs_outer_5","y":90,"uvlock":true,"x":180},
{"model":"block_random/stone_brick_mossy_stairs_outer_6","y":90,"uvlock":true,"x":180},
{"model":"block_random/stone_brick_mossy_stairs_outer_7","y":90,"uvlock":true,"x":180}
],
"facing=north,half=top,shape=outer_left":[
{"model":"block_random/stone_brick_mossy_stairs_outer_0","y":270,"uvlock":true,"x":180},
{"model":"block_random/stone_brick_mossy_stairs_outer_1","y":270,"uvlock":true,"x":180},
{"model":"block_random/stone_brick_mossy_stairs_outer_2","y":270,"uvlock":true,"x":180},
{"model":"block_random/stone_brick_mossy_stairs_outer_3","y":270,"uvlock":true,"x":180},
{"model":"block_random/stone_brick_mossy_stairs_outer_4","y":270,"uvlock":true,"x":180},
{"model":"block_random/stone_brick_mossy_stairs_outer_5","y":270,"uvlock":true,"x":180},
{"model":"block_random/stone_brick_mossy_stairs_outer_6","y":270,"uvlock":true,"x":180},
{"model":"block_random/stone_brick_mossy_stairs_outer_7","y":270,"uvlock":true,"x":180}
],
"facing=east,half=top,shape=inner_right":[
{"model":"block_random/stone_brick_mossy_stairs_inner_0","y":90,"uvlock":true,"x":180},
{"model":"block_random/stone_brick_mossy_stairs_inner_1","y":90,"uvlock":true,"x":180},
{"model":"block_random/stone_brick_mossy_stairs_inner_2","y":90,"uvlock":true,"x":180},
{"model":"block_random/stone_brick_mossy_stairs_inner_3","y":90,"uvlock":true,"x":180},
{"model":"block_random/stone_brick_mossy_stairs_inner_4","y":90,"uvlock":true,"x":180},
{"model":"block_random/stone_brick_mossy_stairs_inner_5","y":90,"uvlock":true,"x":180},
{"model":"block_random/stone_brick_mossy_stairs_inner_6","y":90,"uvlock":true,"x":180},
{"model":"block_random/stone_brick_mossy_stairs_inner_7","y":90,"uvlock":true,"x":180}
],
"facing=west,half=top,shape=inner_right":[
{"model":"block_random/stone_brick_mossy_stairs_inner_0","y":270,"uvlock":true,"x":180},
{"model":"block_random/stone_brick_mossy_stairs_inner_1","y":270,"uvlock":true,"x":180},
{"model":"block_random/stone_brick_mossy_stairs_inner_2","y":270,"uvlock":true,"x":180},
{"model":"block_random/stone_brick_mossy_stairs_inner_3","y":270,"uvlock":true,"x":180},
{"model":"block_random/stone_brick_mossy_stairs_inner_4","y":270,"uvlock":true,"x":180},
{"model":"block_random/stone_brick_mossy_stairs_inner_5","y":270,"uvlock":true,"x":180},
{"model":"block_random/stone_brick_mossy_stairs_inner_6","y":270,"uvlock":true,"x":180},
{"model":"block_random/stone_brick_mossy_stairs_inner_7","y":270,"uvlock":true,"x":180}
],
"facing=south,half=top,shape=inner_right":[
{"model":"block_random/stone_brick_mossy_stairs_inner_0","y":180,"uvlock":true,"x":180},
{"model":"block_random/stone_brick_mossy_stairs_inner_1","y":180,"uvlock":true,"x":180},
{"model":"block_random/stone_brick_mossy_stairs_inner_2","y":180,"uvlock":true,"x":180},
{"model":"block_random/stone_brick_mossy_stairs_inner_3","y":180,"uvlock":true,"x":180},
{"model":"block_random/stone_brick_mossy_stairs_inner_4","y":180,"uvlock":true,"x":180},
{"model":"block_random/stone_brick_mossy_stairs_inner_5","y":180,"uvlock":true,"x":180},
{"model":"block_random/stone_brick_mossy_stairs_inner_6","y":180,"uvlock":true,"x":180},
{"model":"block_random/stone_brick_mossy_stairs_inner_7","y":180,"uvlock":true,"x":180}
],
"facing=north,half=top,shape=inner_right":[
{"model":"block_random/stone_brick_mossy_stairs_inner_0","x":180,"uvlock":true},
{"model":"block_random/stone_brick_mossy_stairs_inner_1","x":180,"uvlock":true},
{"model":"block_random/stone_brick_mossy_stairs_inner_2","x":180,"uvlock":true},
{"model":"block_random/stone_brick_mossy_stairs_inner_3","x":180,"uvlock":true},
{"model":"block_random/stone_brick_mossy_stairs_inner_4","x":180,"uvlock":true},
{"model":"block_random/stone_brick_mossy_stairs_inner_5","x":180,"uvlock":true},
{"model":"block_random/stone_brick_mossy_stairs_inner_6","x":180,"uvlock":true},
{"model":"block_random/stone_brick_mossy_stairs_inner_7","x":180,"uvlock":true}
],
"facing=east,half=top,shape=inner_left":[
{"model":"block_random/stone_brick_mossy_stairs_inner_0","x":180,"uvlock":true},
{"model":"block_random/stone_brick_mossy_stairs_inner_1","x":180,"uvlock":true},
{"model":"block_random/stone_brick_mossy_stairs_inner_2","x":180,"uvlock":true},
{"model":"block_random/stone_brick_mossy_stairs_inner_3","x":180,"uvlock":true},
{"model":"block_random/stone_brick_mossy_stairs_inner_4","x":180,"uvlock":true},
{"model":"block_random/stone_brick_mossy_stairs_inner_5","x":180,"uvlock":true},
{"model":"block_random/stone_brick_mossy_stairs_inner_6","x":180,"uvlock":true},
{"model":"block_random/stone_brick_mossy_stairs_inner_7","x":180,"uvlock":true}
],
"facing=west,half=top,shape=inner_left":[
{"model":"block_random/stone_brick_mossy_stairs_inner_0","y":180,"uvlock":true,"x":180},
{"model":"block_random/stone_brick_mossy_stairs_inner_1","y":180,"uvlock":true,"x":180},
{"model":"block_random/stone_brick_mossy_stairs_inner_2","y":180,"uvlock":true,"x":180},
{"model":"block_random/stone_brick_mossy_stairs_inner_3","y":180,"uvlock":true,"x":180},
{"model":"block_random/stone_brick_mossy_stairs_inner_4","y":180,"uvlock":true,"x":180},
{"model":"block_random/stone_brick_mossy_stairs_inner_5","y":180,"uvlock":true,"x":180},
{"model":"block_random/stone_brick_mossy_stairs_inner_6","y":180,"uvlock":true,"x":180},
{"model":"block_random/stone_brick_mossy_stairs_inner_7","y":180,"uvlock":true,"x":180}
],
"facing=south,half=top,shape=inner_left":[
{"model":"block_random/stone_brick_mossy_stairs_inner_0","y":90,"uvlock":true,"x":180},
{"model":"block_random/stone_brick_mossy_stairs_inner_1","y":90,"uvlock":true,"x":180},
{"model":"block_random/stone_brick_mossy_stairs_inner_2","y":90,"uvlock":true,"x":180},
{"model":"block_random/stone_brick_mossy_stairs_inner_3","y":90,"uvlock":true,"x":180},
{"model":"block_random/stone_brick_mossy_stairs_inner_4","y":90,"uvlock":true,"x":180},
{"model":"block_random/stone_brick_mossy_stairs_inner_5","y":90,"uvlock":true,"x":180},
{"model":"block_random/stone_brick_mossy_stairs_inner_6","y":90,"uvlock":true,"x":180},
{"model":"block_random/stone_brick_mossy_stairs_inner_7","y":90,"uvlock":true,"x":180}
],
"facing=north,half=top,shape=inner_left":[
{"model":"block_random/stone_brick_mossy_stairs_inner_0","y":270,"uvlock":true,"x":180},
{"model":"block_random/stone_brick_mossy_stairs_inner_1","y":270,"uvlock":true,"x":180},
{"model":"block_random/stone_brick_mossy_stairs_inner_2","y":270,"uvlock":true,"x":180},
{"model":"block_random/stone_brick_mossy_stairs_inner_3","y":270,"uvlock":true,"x":180},
{"model":"block_random/stone_brick_mossy_stairs_inner_4","y":270,"uvlock":true,"x":180},
{"model":"block_random/stone_brick_mossy_stairs_inner_5","y":270,"uvlock":true,"x":180},
{"model":"block_random/stone_brick_mossy_stairs_inner_6","y":270,"uvlock":true,"x":180},
{"model":"block_random/stone_brick_mossy_stairs_inner_7","y":270,"uvlock":true,"x":180}
]
}
}