{
    "providers": [
        {
            "type": "bitmap",
            "file": "happyhud:font/assets/crowd_control/empty.png",
            "height": 18,
            "ascent": -188500,
            "chars": [
                "\ue000"
            ]
        },
        {
            "type": "bitmap",
            "file": "happyhud:font/assets/crowd_control/sleep.png",
            "height": 18,
            "ascent": -188500,
            "chars": [
                "\ue001"
            ]
        },
        {
            "type": "bitmap",
            "file": "happyhud:font/assets/crowd_control/empty.png",
            "height": 18,
            "ascent": -189500,
            "chars": [
                "\ue002"
            ]
        },
        {
            "type": "bitmap",
            "file": "happyhud:font/assets/crowd_control/cancel_attack.png",
            "height": 18,
            "ascent": -189500,
            "chars": [
                "\ue003"
            ]
        },
        {
            "type": "bitmap",
            "file": "happyhud:font/assets/crowd_control/sleep.png",
            "height": 18,
            "ascent": -189500,
            "chars": [
                "\ue004"
            ]
        },
        {
            "type": "bitmap",
            "file": "happyhud:font/assets/crowd_control/empty.png",
            "height": 18,
            "ascent": -190500,
            "chars": [
                "\ue005"
            ]
        },
        {
            "type": "bitmap",
            "file": "happyhud:font/assets/crowd_control/cancel_attack.png",
            "height": 18,
            "ascent": -190500,
            "chars": [
                "\ue006"
            ]
        },
        {
            "type": "bitmap",
            "file": "happyhud:font/assets/crowd_control/sleep.png",
            "height": 18,
            "ascent": -190500,
            "chars": [
                "\ue007"
            ]
        },
        {
            "type": "bitmap",
            "file": "happyhud:font/assets/crowd_control/silence.png",
            "height": 18,
            "ascent": -190500,
            "chars": [
                "\ue008"
            ]
        },
        {
            "type": "bitmap",
            "file": "happyhud:font/assets/crowd_control/root.png",
            "height": 18,
            "ascent": -191500,
            "chars": [
                "\ue009"
            ]
        },
        {
            "type": "bitmap",
            "file": "happyhud:font/assets/crowd_control/empty.png",
            "height": 18,
            "ascent": -191500,
            "chars": [
                "\ue00a"
            ]
        },
        {
            "type": "bitmap",
            "file": "happyhud:font/assets/crowd_control/cancel_attack.png",
            "height": 18,
            "ascent": -191500,
            "chars": [
                "\ue00b"
            ]
        },
        {
            "type": "bitmap",
            "file": "happyhud:font/assets/crowd_control/sleep.png",
            "height": 18,
            "ascent": -191500,
            "chars": [
                "\ue00c"
            ]
        },
        {
            "type": "bitmap",
            "file": "happyhud:font/assets/crowd_control/silence.png",
            "height": 18,
            "ascent": -191500,
            "chars": [
                "\ue00d"
            ]
        }
    ]
}