{
	"credit": "Made with Blockbench",
	"ambientocclusion": false,
	"textures": {
		"particle": "block/lever_switch",
		"lever": "block/lever_switch"
	},
	"elements": [
		{
			"from": [5, 0, 4],
			"to": [11, 2, 14],
			"faces": {
				"north": {"uv": [7, 2, 1, 0], "texture": "#lever"},
				"east": {"uv": [6, 1, 8, 11], "rotation": 90, "texture": "#lever"},
				"south": {"uv": [1, 10, 7, 12], "texture": "#lever"},
				"west": {"uv": [2, 11, 0, 1], "rotation": 90, "texture": "#lever"},
				"up": {"uv": [1, 1, 7, 11], "texture": "#lever"},
				"down": {"uv": [1, 1, 7, 11], "texture": "#lever"}
			}
		},
		{
			"from": [9.5, 2, 11],
			"to": [10.5, 5, 13],
			"faces": {
				"north": {"uv": [12, 3, 11, 6], "texture": "#lever"},
				"east": {"uv": [13, 3, 11, 6], "texture": "#lever"},
				"south": {"uv": [13, 3, 12, 6], "texture": "#lever"},
				"west": {"uv": [11, 3, 13, 6], "texture": "#lever"},
				"up": {"uv": [11, 3, 13, 4], "rotation": 90, "texture": "#lever"}
			}
		},
		{
			"from": [9, 3, 5],
			"to": [10, 4, 7],
			"faces": {
				"north": {"uv": [11, 0, 12, 1], "texture": "#lever"},
				"east": {"uv": [13, 0, 11, 1], "texture": "#lever"},
				"south": {"uv": [12, 0, 13, 1], "texture": "#lever"},
				"west": {"uv": [11, 0, 13, 1], "texture": "#lever"},
				"up": {"uv": [11, 0, 13, 1], "rotation": 90, "texture": "#lever"}
			}
		},
		{
			"from": [8.5, 3, 9],
			"to": [9.5, 5, 13],
			"rotation": {"angle": 45, "axis": "x", "origin": [8, 4, 12]},
			"faces": {
				"east": {"uv": [10, 9, 8, 5], "rotation": 270, "texture": "#lever"},
				"south": {"uv": [8, 9, 10, 8], "rotation": 90, "texture": "#lever"},
				"west": {"uv": [8, 9, 10, 5], "rotation": 90, "texture": "#lever"},
				"up": {"uv": [8, 9, 9, 5], "rotation": 180, "texture": "#lever"},
				"down": {"uv": [9, 9, 10, 5], "texture": "#lever"}
			}
		},
		{
			"from": [6.5, 3, 8],
			"to": [9.5, 5, 9],
			"rotation": {"angle": 45, "axis": "x", "origin": [8, 4, 12]},
			"faces": {
				"north": {"uv": [8, 2, 10, 5], "rotation": 90, "texture": "#lever"},
				"east": {"uv": [10, 2, 8, 3], "rotation": 270, "texture": "#lever"},
				"south": {"uv": [8, 2, 10, 5], "rotation": 90, "texture": "#lever"},
				"west": {"uv": [8, 2, 10, 3], "rotation": 90, "texture": "#lever"},
				"up": {"uv": [8, 2, 9, 5], "rotation": 90, "texture": "#lever"},
				"down": {"uv": [9, 2, 10, 5], "rotation": 90, "texture": "#lever"}
			}
		},
		{
			"from": [7, 3, 1],
			"to": [9, 5, 8],
			"rotation": {"angle": 45, "axis": "x", "origin": [8, 4, 12]},
			"faces": {
				"north": {"uv": [14, 13, 16, 15], "texture": "#lever"},
				"east": {"uv": [9, 13, 16, 15], "texture": "#lever"},
				"west": {"uv": [16, 13, 9, 15], "texture": "#lever"},
				"up": {"uv": [16, 13, 9, 15], "rotation": 90, "texture": "#lever"},
				"down": {"uv": [9, 13, 16, 15], "rotation": 90, "texture": "#lever"}
			}
		},
		{
			"from": [6, 2, 5],
			"to": [10, 3, 7],
			"faces": {
				"north": {"uv": [11, 7, 12, 3], "rotation": 90, "texture": "#lever"},
				"east": {"uv": [13, 3, 11, 4], "texture": "#lever"},
				"south": {"uv": [12, 3, 13, 7], "rotation": 90, "texture": "#lever"},
				"west": {"uv": [11, 6, 13, 7], "texture": "#lever"},
				"up": {"uv": [11, 3, 13, 7], "rotation": 90, "texture": "#lever"}
			}
		},
		{
			"from": [5, 3.5, 11.5],
			"to": [11, 4.5, 12.5],
			"rotation": {"angle": 45, "axis": "x", "origin": [8, 4, 12]},
			"faces": {
				"north": {"uv": [1, 13, 4, 14], "texture": "#lever"},
				"east": {"uv": [3, 13, 4, 14], "rotation": 270, "texture": "#lever"},
				"south": {"uv": [1, 13, 4, 14], "rotation": 180, "texture": "#lever"},
				"west": {"uv": [1, 13, 2, 14], "rotation": 90, "texture": "#lever"},
				"up": {"uv": [1, 13, 4, 14], "rotation": 180, "texture": "#lever"},
				"down": {"uv": [1, 13, 4, 14], "texture": "#lever"}
			}
		},
		{
			"from": [6.5, 3, 9],
			"to": [7.5, 5, 13],
			"rotation": {"angle": 45, "axis": "x", "origin": [8, 4, 12]},
			"faces": {
				"east": {"uv": [10, 4, 8, 0], "rotation": 270, "texture": "#lever"},
				"south": {"uv": [8, 3, 10, 4], "rotation": 90, "texture": "#lever"},
				"west": {"uv": [8, 4, 10, 0], "rotation": 90, "texture": "#lever"},
				"up": {"uv": [8, 4, 9, 0], "rotation": 180, "texture": "#lever"},
				"down": {"uv": [9, 4, 10, 0], "texture": "#lever"}
			}
		},
		{
			"from": [5.5, 2, 11],
			"to": [6.5, 5, 13],
			"faces": {
				"north": {"uv": [12, 5, 11, 8], "texture": "#lever"},
				"east": {"uv": [13, 5, 11, 8], "texture": "#lever"},
				"south": {"uv": [13, 5, 12, 8], "texture": "#lever"},
				"west": {"uv": [11, 5, 13, 8], "texture": "#lever"},
				"up": {"uv": [11, 5, 13, 6], "rotation": 90, "texture": "#lever"}
			}
		},
		{
			"from": [6, 3, 5],
			"to": [7, 4, 7],
			"faces": {
				"north": {"uv": [11, 4, 12, 5], "texture": "#lever"},
				"east": {"uv": [13, 4, 11, 5], "texture": "#lever"},
				"south": {"uv": [12, 4, 13, 5], "texture": "#lever"},
				"west": {"uv": [11, 4, 13, 5], "texture": "#lever"},
				"up": {"uv": [11, 4, 13, 5], "rotation": 90, "texture": "#lever"}
			}
		}
	]
}