{"textures":{"0":"modelengine:entity/grave_golem"},"elements":[{"from":[5.2506857,1.8833084,11.0],"to":[8.250686,13.883308,14.0],"faces":{"east":{"uv":[7.875,10.0,8.25,11.5],"tintindex":0,"rotation":0,"texture":"#0"},"south":{"uv":[7.875,10.0,8.25,11.5],"tintindex":0,"rotation":0,"texture":"#0"},"north":{"uv":[7.875,10.0,8.25,11.5],"tintindex":0,"rotation":0,"texture":"#0"},"west":{"uv":[7.875,10.0,8.25,11.5],"tintindex":0,"rotation":0,"texture":"#0"},"up":{"uv":[5.25,2.875,5.625,3.25],"tintindex":0,"rotation":0,"texture":"#0"},"down":{"uv":[5.25,2.875,5.625,3.25],"tintindex":0,"rotation":0,"texture":"#0"}},"rotation":{"origin":[9.0,8.0,10.0],"angle":22.5,"axis":"z"}},{"from":[1.2449145,8.269544,11.0],"to":[1.2449145,12.269544,13.0],"faces":{"west":{"uv":[5.75,7.75,6.0,8.25],"tintindex":0,"rotation":0,"texture":"#0"}},"rotation":{"origin":[9.0,8.0,10.0],"angle":22.5,"axis":"z"}},{"from":[3.0,2.0,4.0],"to":[11.0,10.0,12.0],"faces":{"east":{"uv":[11.0,2.5,12.0,3.5],"tintindex":0,"rotation":0,"texture":"#0"},"south":{"uv":[10.5,2.5,11.5,3.5],"tintindex":0,"rotation":0,"texture":"#0"},"north":{"uv":[9.75,2.5,10.75,3.5],"tintindex":0,"rotation":0,"texture":"#0"},"west":{"uv":[11.0,2.5,12.0,3.5],"tintindex":0,"rotation":0,"texture":"#0"},"up":{"uv":[14.25,4.375,15.25,5.375],"tintindex":0,"rotation":0,"texture":"#0"},"down":{"uv":[11.0,3.5,12.0,2.5],"tintindex":0,"rotation":0,"texture":"#0"}}},{"from":[3.99,7.3642735,2.0263803],"to":[12.01,13.384274,11.046381],"faces":{"east":{"uv":[5.25,3.25,4.125,4.0],"tintindex":0,"rotation":0,"texture":"#0"},"south":{"uv":[6.25,4.375,7.25,5.125],"tintindex":0,"rotation":0,"texture":"#0"},"north":{"uv":[5.25,4.375,6.25,5.125],"tintindex":0,"rotation":0,"texture":"#0"},"west":{"uv":[4.125,3.25,5.25,4.0],"tintindex":0,"rotation":0,"texture":"#0"},"up":{"uv":[5.25,4.375,6.25,3.25],"tintindex":0,"rotation":0,"texture":"#0"},"down":{"uv":[6.25,3.25,7.25,4.375],"tintindex":0,"rotation":0,"texture":"#0"}},"rotation":{"origin":[9.0,8.0,10.0],"angle":-22.5,"axis":"x"}},{"from":[2.4784641,0.2999998,4.142652],"to":[9.278464,2.1,11.942652],"faces":{"down":{"uv":[4.25,6.0,4.375,5.875],"tintindex":0,"rotation":90,"texture":"#0"}}},{"from":[8.899495,15.020815,8.5],"to":[10.899495,17.020815,11.5],"faces":{"east":{"uv":[1.875,4.75,2.25,5.0],"tintindex":0,"rotation":0,"texture":"#0"},"south":{"uv":[1.875,2.875,2.125,3.125],"tintindex":0,"rotation":0,"texture":"#0"},"north":{"uv":[1.75,4.625,2.0,4.875],"tintindex":0,"rotation":0,"texture":"#0"},"west":{"uv":[1.875,4.75,2.25,5.0],"tintindex":0,"rotation":0,"texture":"#0"},"up":{"uv":[1.875,3.0,2.125,3.375],"tintindex":0,"rotation":0,"texture":"#0"},"down":{"uv":[1.75,4.625,2.0,5.0],"tintindex":0,"rotation":0,"texture":"#0"}},"rotation":{"origin":[8.0,4.0,8.0],"angle":45.0,"axis":"z"}},{"from":[1.0,2.0,4.0],"to":[3.0,9.0,12.0],"faces":{"south":{"uv":[2.625,4.0,2.875,3.125],"tintindex":0,"rotation":0,"texture":"#0"},"north":{"uv":[2.875,3.125,2.625,4.0],"tintindex":0,"rotation":0,"texture":"#0"},"west":{"uv":[3.125,3.125,4.125,4.0],"tintindex":0,"rotation":0,"texture":"#0"},"up":{"uv":[4.5,4.0,4.75,5.0],"tintindex":0,"rotation":0,"texture":"#0"},"down":{"uv":[4.5,4.0,4.75,5.0],"tintindex":0,"rotation":0,"texture":"#0"}}},{"from":[2.3784642,0.0,4.042652],"to":[9.378465,2.0,12.042652],"faces":{"east":{"uv":[6.25,4.125,7.25,4.375],"tintindex":0,"rotation":0,"texture":"#0"},"south":{"uv":[7.25,4.875,6.25,5.125],"tintindex":0,"rotation":0,"texture":"#0"},"north":{"uv":[6.25,4.875,7.25,5.125],"tintindex":0,"rotation":0,"texture":"#0"},"west":{"uv":[5.25,4.125,6.25,4.375],"tintindex":0,"rotation":0,"texture":"#0"},"down":{"uv":[5.25,5.125,6.25,4.375],"tintindex":0,"rotation":90,"texture":"#0"}}},{"from":[5.99,5.3642735,2.0263803],"to":[10.01,7.384274,6.046381],"faces":{"east":{"uv":[4.375,6.5,3.875,6.75],"tintindex":0,"rotation":0,"texture":"#0"},"north":{"uv":[3.375,6.5,3.875,6.75],"tintindex":0,"rotation":0,"texture":"#0"},"west":{"uv":[3.875,6.5,4.375,6.75],"tintindex":0,"rotation":0,"texture":"#0"},"down":{"uv":[3.25,6.0,3.75,6.5],"tintindex":0,"rotation":0,"texture":"#0"}},"rotation":{"origin":[9.0,8.0,10.0],"angle":-22.5,"axis":"x"}},{"from":[4.0,7.374274,2.0363803],"to":[12.0,13.374273,11.036381],"faces":{"north":{"uv":[5.625,5.0,5.75,5.125],"tintindex":0,"rotation":0,"texture":"#0"}},"rotation":{"origin":[9.0,8.0,10.0],"angle":-22.5,"axis":"x"}},{"from":[1.2449145,4.269543,13.0],"to":[5.2449145,12.269544,13.0],"faces":{"south":{"uv":[6.5,7.25,6.0,8.25],"tintindex":0,"rotation":0,"texture":"#0"},"north":{"uv":[6.0,7.25,6.5,8.25],"tintindex":0,"rotation":0,"texture":"#0"}},"rotation":{"origin":[9.0,8.0,10.0],"angle":22.5,"axis":"z"}},{"from":[9.378465,0.0,6.042652],"to":[12.378464,4.0,10.042652],"faces":{"east":{"uv":[3.25,6.0,3.75,6.5],"tintindex":0,"rotation":0,"texture":"#0"},"south":{"uv":[5.25,4.125,5.625,4.625],"tintindex":0,"rotation":0,"texture":"#0"},"north":{"uv":[5.25,4.125,5.625,4.625],"tintindex":0,"rotation":0,"texture":"#0"},"up":{"uv":[3.25,5.875,3.75,6.25],"tintindex":0,"rotation":90,"texture":"#0"},"down":{"uv":[3.75,6.75,3.25,6.375],"tintindex":0,"rotation":90,"texture":"#0"}}},{"from":[7.3137083,8.606602,9.0],"to":[9.313708,14.606602,11.0],"faces":{"east":{"uv":[1.875,2.875,2.125,3.875],"tintindex":0,"rotation":0,"texture":"#0"},"south":{"uv":[1.875,2.875,2.125,3.875],"tintindex":0,"rotation":0,"texture":"#0"},"north":{"uv":[1.875,2.875,2.125,3.875],"tintindex":0,"rotation":0,"texture":"#0"},"west":{"uv":[1.875,2.875,2.125,3.875],"tintindex":0,"rotation":0,"texture":"#0"},"up":{"uv":[1.875,2.875,2.125,3.125],"tintindex":0,"rotation":0,"texture":"#0"}},"rotation":{"origin":[6.0,4.0,8.0],"angle":45.0,"axis":"z"}}],"display":{"gui":{"rotation":[30,225,0]}}}