{
"textures":{
"2":"block/iron_door_top_side",
"3":"block/iron_door_bottom_side",
"particle":"block/iron_trapdoor",
"texture":"block/iron_trapdoor"
},
"elements":[
{
"from":[0,13,13],
"to":[16,16,16],
"faces":{
"north":{"uv":[6,0,3,16],"rotation":270,"texture":"#2"},
"east":{"uv":[3,16,0,13],"rotation":270,"texture":"#3","cullface":"east"},
"south":{"uv":[16,0,13,16],"rotation":90,"texture":"#2","cullface":"south"},
"west":{"uv":[3,16,0,13],"rotation":90,"texture":"#3","cullface":"west"},
"up":{"uv":[0,13,16,16],"texture":"#texture","cullface":"up"},
"down":{"uv":[16,16,0,13],"texture":"#texture"}
}
},
{
"from":[0,13,0],
"to":[16,16,3],
"faces":{
"north":{"uv":[6,0,3,16],"rotation":90,"texture":"#2","cullface":"north"},
"east":{"uv":[3,3,0,0],"rotation":270,"texture":"#2","cullface":"east"},
"south":{"uv":[16,0,13,16],"rotation":90,"texture":"#2"},
"west":{"uv":[3,3,0,0],"rotation":90,"texture":"#2","cullface":"west"},
"up":{"uv":[0,0,16,3],"texture":"#texture","cullface":"up"},
"down":{"uv":[16,3,0,0],"texture":"#texture"}
}
},
{
"from":[0,13,3],
"to":[3,16,13],
"faces":{
"east":{"uv":[3,3,0,13],"rotation":90,"texture":"#texture"},
"west":{"uv":[13,13,16,3],"rotation":90,"texture":"#texture","cullface":"west"},
"up":{"uv":[0,3,3,13],"texture":"#texture","cullface":"up"},
"down":{"uv":[16,13,13,3],"texture":"#texture"}
}
},
{
"from":[13,13,3],
"to":[16,16,13],
"faces":{
"east":{"uv":[16,3,13,13],"rotation":90,"texture":"#texture","cullface":"east"},
"west":{"uv":[0,13,3,3],"rotation":90,"texture":"#texture"},
"up":{"uv":[13,3,16,13],"texture":"#texture","cullface":"up"},
"down":{"uv":[3,13,0,3],"texture":"#texture"}
}
},
{
"from":[5,14,3],
"to":[7,15,13],
"faces":{
"east":{"uv":[6,13,7,3],"rotation":90,"texture":"#texture"},
"west":{"uv":[5,13,6,3],"rotation":90,"texture":"#texture"},
"up":{"uv":[5,3,7,13],"texture":"#texture"},
"down":{"uv":[11,13,9,3],"texture":"#texture"}
}
},
{
"from":[3,14,7],
"to":[13,15,9],
"faces":{
"north":{"uv":[3,7,13,8],"texture":"#texture"},
"south":{"uv":[3,8,13,9],"texture":"#texture"},
"up":{"uv":[3,7,13,9],"texture":"#texture"},
"down":{"uv":[13,9,3,7],"texture":"#texture"}
}
},
{
"from":[9,14,3],
"to":[11,15,13],
"faces":{
"east":{"uv":[10,13,11,3],"rotation":90,"texture":"#texture"},
"west":{"uv":[9,13,10,3],"rotation":90,"texture":"#texture"},
"up":{"uv":[9,3,11,13],"texture":"#texture"},
"down":{"uv":[7,13,5,3],"texture":"#texture"}
}
}
]
}