{
    "providers": [
        {
            "type": "space",
            "advances": {
                "\ue001": 1,
                "\ue002": 2,
                "\ue003": 3,
                "\ue004": 4,
                "\ue005": 5,
                "\ue006": 6,
                "\ue007": 7,
                "\ue008": 8,
                "\ue009": 9,
                "\ue00a": 10,
                "\ue00b": 11,
                "\ue00c": 12,
                "\ue00d": 13,
                "\ue00e": 14,
                "\ue00f": 15,
                "\ue010": 16,
                "\ue011": 17,
                "\ue012": 18,
                "\ue013": 19,
                "\ue014": 20,
                "\ue015": 21,
                "\ue016": 22,
                "\ue017": 23,
                "\ue018": 24,
                "\ue019": 25,
                "\ue01a": 26,
                "\ue01b": 27,
                "\ue01c": 28,
                "\ue01d": 29,
                "\ue01e": 30,
                "\ue01f": 31,
                "\ue020": 32,
                "\ue021": 33,
                "\ue022": 34,
                "\ue023": 35,
                "\ue024": 36,
                "\ue025": 37,
                "\ue026": 38,
                "\ue027": 39,
                "\ue028": 40,
                "\ue029": 41,
                "\ue02a": 42,
                "\ue02b": 43,
                "\ue02c": 44,
                "\ue02d": 45,
                "\ue02e": 46,
                "\ue02f": 47,
                "\ue030": 48,
                "\ue031": 49,
                "\ue032": 50,
                "\ue033": 51,
                "\ue034": 52,
                "\ue035": 53,
                "\ue036": 54,
                "\ue037": 55,
                "\ue038": 56,
                "\ue039": 57,
                "\ue03a": 58,
                "\ue03b": 59,
                "\ue03c": 60,
                "\ue03d": 61,
                "\ue03e": 62,
                "\ue03f": 63,
                "\ue040": 64,
                "\ue041": 65,
                "\ue042": 66,
                "\ue043": 67,
                "\ue044": 68,
                "\ue045": 69,
                "\ue046": 70,
                "\ue047": 71,
                "\ue048": 72,
                "\ue049": 73,
                "\ue04a": 74,
                "\ue04b": 75,
                "\ue04c": 76,
                "\ue04d": 77,
                "\ue04e": 78,
                "\ue04f": 79,
                "\ue050": 80,
                "\ue051": 81,
                "\ue052": 82,
                "\ue053": 83,
                "\ue054": 84,
                "\ue055": 85,
                "\ue056": 86,
                "\ue057": 87,
                "\ue058": 88,
                "\ue059": 89,
                "\ue05a": 90,
                "\ue05b": 91,
                "\ue05c": 92,
                "\ue05d": 93,
                "\ue05e": 94,
                "\ue05f": 95,
                "\ue060": 96,
                "\ue061": 97,
                "\ue062": 98,
                "\ue063": 99,
                "\ue064": 100,
                "\ue065": 101,
                "\ue066": 102,
                "\ue067": 103,
                "\ue068": 104,
                "\ue069": 105,
                "\ue06a": 106,
                "\ue06b": 107,
                "\ue06c": 108,
                "\ue06d": 109,
                "\ue06e": 110,
                "\ue06f": 111,
                "\ue070": 112,
                "\ue071": 113,
                "\ue072": 114,
                "\ue073": 115,
                "\ue074": 116,
                "\ue075": 117,
                "\ue076": 118,
                "\ue077": 119,
                "\ue078": 120,
                "\ue079": 121,
                "\ue07a": 122,
                "\ue07b": 123,
                "\ue07c": 124,
                "\ue07d": 125,
                "\ue07e": 126,
                "\ue07f": 127,
                "\ue080": 128,
                "\ue081": 129,
                "\ue082": 130,
                "\ue083": 131,
                "\ue084": 132,
                "\ue085": 133,
                "\ue086": 134,
                "\ue087": 135,
                "\ue088": 136,
                "\ue089": 137,
                "\ue08a": 138,
                "\ue08b": 139,
                "\ue08c": 140,
                "\ue08d": 141,
                "\ue08e": 142,
                "\ue08f": 143,
                "\ue090": 144,
                "\ue091": 145,
                "\ue092": 146,
                "\ue093": 147,
                "\ue094": 148,
                "\ue095": 149,
                "\ue096": 150,
                "\ue097": 151,
                "\ue098": 152,
                "\ue099": 153,
                "\ue09a": 154,
                "\ue09b": 155,
                "\ue09c": 156,
                "\ue09d": 157,
                "\ue09e": 158,
                "\ue09f": 159,
                "\ue0a0": 160,
                "\ue0a1": 161,
                "\ue0a2": 162,
                "\ue0a3": 163,
                "\ue0a4": 164,
                "\ue0a5": 165,
                "\ue0a6": 166,
                "\ue0a7": 167,
                "\ue0a8": 168,
                "\ue0a9": 169,
                "\ue0aa": 170,
                "\ue0ab": 171,
                "\ue0ac": 172,
                "\ue0ad": 173,
                "\ue0ae": 174,
                "\ue0af": 175,
                "\ue0b0": 176,
                "\ue0b1": 177,
                "\ue0b2": 178,
                "\ue0b3": 179,
                "\ue0b4": 180,
                "\ue0b5": 181,
                "\ue0b6": 182,
                "\ue0b7": 183,
                "\ue0b8": 184,
                "\ue0b9": 185,
                "\ue0ba": 186,
                "\ue0bb": 187,
                "\ue0bc": 188,
                "\ue0bd": 189,
                "\ue0be": 190,
                "\ue0bf": 191,
                "\ue0c0": 192,
                "\ue0c1": 193,
                "\ue0c2": 194,
                "\ue0c3": 195,
                "\ue0c4": 196,
                "\ue0c5": 197,
                "\ue0c6": 198,
                "\ue0c7": 199,
                "\ue0c8": 200,
                "\ue0c9": 201,
                "\ue0ca": 202,
                "\ue0cb": 203,
                "\ue0cc": 204,
                "\ue0cd": 205,
                "\ue0ce": 206,
                "\ue0cf": 207,
                "\ue0d0": 208,
                "\ue0d1": 209,
                "\ue0d2": 210,
                "\ue0d3": 211,
                "\ue0d4": 212,
                "\ue0d5": 213,
                "\ue0d6": 214,
                "\ue0d7": 215,
                "\ue0d8": 216,
                "\ue0d9": 217,
                "\ue0da": 218,
                "\ue0db": 219,
                "\ue0dc": 220,
                "\ue0dd": 221,
                "\ue0de": 222,
                "\ue0df": 223,
                "\ue0e0": 224,
                "\ue0e1": 225,
                "\ue0e2": 226,
                "\ue0e3": 227,
                "\ue0e4": 228,
                "\ue0e5": 229,
                "\ue0e6": 230,
                "\ue0e7": 231,
                "\ue0e8": 232,
                "\ue0e9": 233,
                "\ue0ea": 234,
                "\ue0eb": 235,
                "\ue0ec": 236,
                "\ue0ed": 237,
                "\ue0ee": 238,
                "\ue0ef": 239,
                "\ue0f0": 240,
                "\ue0f1": 241,
                "\ue0f2": 242,
                "\ue0f3": 243,
                "\ue0f4": 244,
                "\ue0f5": 245,
                "\ue0f6": 246,
                "\ue0f7": 247,
                "\ue0f8": 248,
                "\ue0f9": 249,
                "\ue0fa": 250,
                "\ue0fb": 251,
                "\ue0fc": 252,
                "\ue0fd": 253,
                "\ue0fe": 254,
                "\ue0ff": 255,
                "\ue100": 256,
                "\ue101": 257,
                "\ue102": 258,
                "\ue103": 259,
                "\ue104": 260,
                "\ue105": 261,
                "\ue106": 262,
                "\ue107": 263,
                "\ue108": 264,
                "\ue109": 265,
                "\ue10a": 266,
                "\ue10b": 267,
                "\ue10c": 268,
                "\ue10d": 269,
                "\ue10e": 270,
                "\ue10f": 271,
                "\ue110": 272,
                "\ue111": 273,
                "\ue112": 274,
                "\ue113": 275,
                "\ue114": 276,
                "\ue115": 277,
                "\ue116": 278,
                "\ue117": 279,
                "\ue118": 280,
                "\ue119": 281,
                "\ue11a": 282,
                "\ue11b": 283,
                "\ue11c": 284,
                "\ue11d": 285,
                "\ue11e": 286,
                "\ue11f": 287,
                "\ue120": 288,
                "\ue121": 289,
                "\ue122": 290,
                "\ue123": 291,
                "\ue124": 292,
                "\ue125": 293,
                "\ue126": 294,
                "\ue127": 295,
                "\ue128": 296,
                "\ue129": 297,
                "\ue12a": 298,
                "\ue12b": 299,
                "\ue12c": 300,
                "\ue12d": 301,
                "\ue12e": 302,
                "\ue12f": 303,
                "\ue130": 304,
                "\ue131": 305,
                "\ue132": 306,
                "\ue133": 307,
                "\ue134": 308,
                "\ue135": 309,
                "\ue136": 310,
                "\ue137": 311,
                "\ue138": 312,
                "\ue139": 313,
                "\ue13a": 314,
                "\ue13b": 315,
                "\ue13c": 316,
                "\ue13d": 317,
                "\ue13e": 318,
                "\ue13f": 319,
                "\ue140": 320,
                "\ue141": 321,
                "\ue142": 322,
                "\ue143": 323,
                "\ue144": 324,
                "\ue145": 325,
                "\ue146": 326,
                "\ue147": 327,
                "\ue148": 328,
                "\ue149": 329,
                "\ue14a": 330,
                "\ue14b": 331,
                "\ue14c": 332,
                "\ue14d": 333,
                "\ue14e": 334,
                "\ue14f": 335,
                "\ue150": 336,
                "\ue151": 337,
                "\ue152": 338,
                "\ue153": 339,
                "\ue154": 340,
                "\ue155": 341,
                "\ue156": 342,
                "\ue157": 343,
                "\ue158": 344,
                "\ue159": 345,
                "\ue15a": 346,
                "\ue15b": 347,
                "\ue15c": 348,
                "\ue15d": 349,
                "\ue15e": 350,
                "\ue15f": 351,
                "\ue160": 352,
                "\ue161": 353,
                "\ue162": 354,
                "\ue163": 355,
                "\ue164": 356,
                "\ue165": 357,
                "\ue166": 358,
                "\ue167": 359,
                "\ue168": 360,
                "\ue169": 361,
                "\ue16a": 362,
                "\ue16b": 363,
                "\ue16c": 364,
                "\ue16d": 365,
                "\ue16e": 366,
                "\ue16f": 367,
                "\ue170": 368,
                "\ue171": 369,
                "\ue172": 370,
                "\ue173": 371,
                "\ue174": 372,
                "\ue175": 373,
                "\ue176": 374,
                "\ue177": 375,
                "\ue178": 376,
                "\ue179": 377,
                "\ue17a": 378,
                "\ue17b": 379,
                "\ue17c": 380,
                "\ue17d": 381,
                "\ue17e": 382,
                "\ue17f": 383,
                "\ue180": 384,
                "\ue181": 385,
                "\ue182": 386,
                "\ue183": 387,
                "\ue184": 388,
                "\ue185": 389,
                "\ue186": 390,
                "\ue187": 391,
                "\ue188": 392,
                "\ue189": 393,
                "\ue18a": 394,
                "\ue18b": 395,
                "\ue18c": 396,
                "\ue18d": 397,
                "\ue18e": 398,
                "\ue18f": 399,
                "\ue190": 400,
                "\ue191": 401,
                "\ue192": 402,
                "\ue193": 403,
                "\ue194": 404,
                "\ue195": 405,
                "\ue196": 406,
                "\ue197": 407,
                "\ue198": 408,
                "\ue199": 409,
                "\ue19a": 410,
                "\ue19b": 411,
                "\ue19c": 412,
                "\ue19d": 413,
                "\ue19e": 414,
                "\ue19f": 415,
                "\ue1a0": 416,
                "\ue1a1": 417,
                "\ue1a2": 418,
                "\ue1a3": 419,
                "\ue1a4": 420,
                "\ue1a5": 421,
                "\ue1a6": 422,
                "\ue1a7": 423,
                "\ue1a8": 424,
                "\ue1a9": 425,
                "\ue1aa": 426,
                "\ue1ab": 427,
                "\ue1ac": 428,
                "\ue1ad": 429,
                "\ue1ae": 430,
                "\ue1af": 431,
                "\ue1b0": 432,
                "\ue1b1": 433,
                "\ue1b2": 434,
                "\ue1b3": 435,
                "\ue1b4": 436,
                "\ue1b5": 437,
                "\ue1b6": 438,
                "\ue1b7": 439,
                "\ue1b8": 440,
                "\ue1b9": 441,
                "\ue1ba": 442,
                "\ue1bb": 443,
                "\ue1bc": 444,
                "\ue1bd": 445,
                "\ue1be": 446,
                "\ue1bf": 447,
                "\ue1c0": 448,
                "\ue1c1": 449,
                "\ue1c2": 450,
                "\ue1c3": 451,
                "\ue1c4": 452,
                "\ue1c5": 453,
                "\ue1c6": 454,
                "\ue1c7": 455,
                "\ue1c8": 456,
                "\ue1c9": 457,
                "\ue1ca": 458,
                "\ue1cb": 459,
                "\ue1cc": 460,
                "\ue1cd": 461,
                "\ue1ce": 462,
                "\ue1cf": 463,
                "\ue1d0": 464,
                "\ue1d1": 465,
                "\ue1d2": 466,
                "\ue1d3": 467,
                "\ue1d4": 468,
                "\ue1d5": 469,
                "\ue1d6": 470,
                "\ue1d7": 471,
                "\ue1d8": 472,
                "\ue1d9": 473,
                "\ue1da": 474,
                "\ue1db": 475,
                "\ue1dc": 476,
                "\ue1dd": 477,
                "\ue1de": 478,
                "\ue1df": 479,
                "\ue1e0": 480,
                "\ue1e1": 481,
                "\ue1e2": 482,
                "\ue1e3": 483,
                "\ue1e4": 484,
                "\ue1e5": 485,
                "\ue1e6": 486,
                "\ue1e7": 487,
                "\ue1e8": 488,
                "\ue1e9": 489,
                "\ue1ea": 490,
                "\ue1eb": 491,
                "\ue1ec": 492,
                "\ue1ed": 493,
                "\ue1ee": 494,
                "\ue1ef": 495,
                "\ue1f0": 496,
                "\ue1f1": 497,
                "\ue1f2": 498,
                "\ue1f3": 499,
                "\ue1f4": 500,
                "\ue1f5": 501,
                "\ue1f6": 502,
                "\ue1f7": 503,
                "\ue1f8": 504,
                "\ue1f9": 505,
                "\ue1fa": 506,
                "\ue1fb": 507,
                "\ue1fc": 508,
                "\ue1fd": 509,
                "\ue1fe": 510,
                "\ue1ff": 511,
                "\ue200": 512,
                "\ue201": 513,
                "\ue202": 514,
                "\ue203": 515,
                "\ue204": 516,
                "\ue205": 517,
                "\ue206": 518,
                "\ue207": 519,
                "\ue208": 520,
                "\ue209": 521,
                "\ue20a": 522,
                "\ue20b": 523,
                "\ue20c": 524,
                "\ue20d": 525,
                "\ue20e": 526,
                "\ue20f": 527,
                "\ue210": 528,
                "\ue211": 529,
                "\ue212": 530,
                "\ue213": 531,
                "\ue214": 532,
                "\ue215": 533,
                "\ue216": 534,
                "\ue217": 535,
                "\ue218": 536,
                "\ue219": 537,
                "\ue21a": 538,
                "\ue21b": 539,
                "\ue21c": 540,
                "\ue21d": 541,
                "\ue21e": 542,
                "\ue21f": 543,
                "\ue220": 544,
                "\ue221": 545,
                "\ue222": 546,
                "\ue223": 547,
                "\ue224": 548,
                "\ue225": 549,
                "\ue226": 550,
                "\ue227": 551,
                "\ue228": 552,
                "\ue229": 553,
                "\ue22a": 554,
                "\ue22b": 555,
                "\ue22c": 556,
                "\ue22d": 557,
                "\ue22e": 558,
                "\ue22f": 559,
                "\ue230": 560,
                "\ue231": 561,
                "\ue232": 562,
                "\ue233": 563,
                "\ue234": 564,
                "\ue235": 565,
                "\ue236": 566,
                "\ue237": 567,
                "\ue238": 568,
                "\ue239": 569,
                "\ue23a": 570,
                "\ue23b": 571,
                "\ue23c": 572,
                "\ue23d": 573,
                "\ue23e": 574,
                "\ue23f": 575,
                "\ue240": 576,
                "\ue241": 577,
                "\ue242": 578,
                "\ue243": 579,
                "\ue244": 580,
                "\ue245": 581,
                "\ue246": 582,
                "\ue247": 583,
                "\ue248": 584,
                "\ue249": 585,
                "\ue24a": 586,
                "\ue24b": 587,
                "\ue24c": 588,
                "\ue24d": 589,
                "\ue24e": 590,
                "\ue24f": 591,
                "\ue250": 592,
                "\ue251": 593,
                "\ue252": 594,
                "\ue253": 595,
                "\ue254": 596,
                "\ue255": 597,
                "\ue256": 598,
                "\ue257": 599,
                "\ue258": 600,
                "\ue259": 601,
                "\ue25a": 602,
                "\ue25b": 603,
                "\ue25c": 604,
                "\ue25d": 605,
                "\ue25e": 606,
                "\ue25f": 607,
                "\ue260": 608,
                "\ue261": 609,
                "\ue262": 610,
                "\ue263": 611,
                "\ue264": 612,
                "\ue265": 613,
                "\ue266": 614,
                "\ue267": 615,
                "\ue268": 616,
                "\ue269": 617,
                "\ue26a": 618,
                "\ue26b": 619,
                "\ue26c": 620,
                "\ue26d": 621,
                "\ue26e": 622,
                "\ue26f": 623,
                "\ue270": 624,
                "\ue271": 625,
                "\ue272": 626,
                "\ue273": 627,
                "\ue274": 628,
                "\ue275": 629,
                "\ue276": 630,
                "\ue277": 631,
                "\ue278": 632,
                "\ue279": 633,
                "\ue27a": 634,
                "\ue27b": 635,
                "\ue27c": 636,
                "\ue27d": 637,
                "\ue27e": 638,
                "\ue27f": 639,
                "\ue280": 640,
                "\ue281": 641,
                "\ue282": 642,
                "\ue283": 643,
                "\ue284": 644,
                "\ue285": 645,
                "\ue286": 646,
                "\ue287": 647,
                "\ue288": 648,
                "\ue289": 649,
                "\ue28a": 650,
                "\ue28b": 651,
                "\ue28c": 652,
                "\ue28d": 653,
                "\ue28e": 654,
                "\ue28f": 655,
                "\ue290": 656,
                "\ue291": 657,
                "\ue292": 658,
                "\ue293": 659,
                "\ue294": 660,
                "\ue295": 661,
                "\ue296": 662,
                "\ue297": 663,
                "\ue298": 664,
                "\ue299": 665,
                "\ue29a": 666,
                "\ue29b": 667,
                "\ue29c": 668,
                "\ue29d": 669,
                "\ue29e": 670,
                "\ue29f": 671,
                "\ue2a0": 672,
                "\ue2a1": 673,
                "\ue2a2": 674,
                "\ue2a3": 675,
                "\ue2a4": 676,
                "\ue2a5": 677,
                "\ue2a6": 678,
                "\ue2a7": 679,
                "\ue2a8": 680,
                "\ue2a9": 681,
                "\ue2aa": 682,
                "\ue2ab": 683,
                "\ue2ac": 684,
                "\ue2ad": 685,
                "\ue2ae": 686,
                "\ue2af": 687,
                "\ue2b0": 688,
                "\ue2b1": 689,
                "\ue2b2": 690,
                "\ue2b3": 691,
                "\ue2b4": 692,
                "\ue2b5": 693,
                "\ue2b6": 694,
                "\ue2b7": 695,
                "\ue2b8": 696,
                "\ue2b9": 697,
                "\ue2ba": 698,
                "\ue2bb": 699,
                "\ue2bc": 700,
                "\ue2bd": 701,
                "\ue2be": 702,
                "\ue2bf": 703,
                "\ue2c0": 704,
                "\ue2c1": 705,
                "\ue2c2": 706,
                "\ue2c3": 707,
                "\ue2c4": 708,
                "\ue2c5": 709,
                "\ue2c6": 710,
                "\ue2c7": 711,
                "\ue2c8": 712,
                "\ue2c9": 713,
                "\ue2ca": 714,
                "\ue2cb": 715,
                "\ue2cc": 716,
                "\ue2cd": 717,
                "\ue2ce": 718,
                "\ue2cf": 719,
                "\ue2d0": 720,
                "\ue2d1": 721,
                "\ue2d2": 722,
                "\ue2d3": 723,
                "\ue2d4": 724,
                "\ue2d5": 725,
                "\ue2d6": 726,
                "\ue2d7": 727,
                "\ue2d8": 728,
                "\ue2d9": 729,
                "\ue2da": 730,
                "\ue2db": 731,
                "\ue2dc": 732,
                "\ue2dd": 733,
                "\ue2de": 734,
                "\ue2df": 735,
                "\ue2e0": 736,
                "\ue2e1": 737,
                "\ue2e2": 738,
                "\ue2e3": 739,
                "\ue2e4": 740,
                "\ue2e5": 741,
                "\ue2e6": 742,
                "\ue2e7": 743,
                "\ue2e8": 744,
                "\ue2e9": 745,
                "\ue2ea": 746,
                "\ue2eb": 747,
                "\ue2ec": 748,
                "\ue2ed": 749,
                "\ue2ee": 750,
                "\ue2ef": 751,
                "\ue2f0": 752,
                "\ue2f1": 753,
                "\ue2f2": 754,
                "\ue2f3": 755,
                "\ue2f4": 756,
                "\ue2f5": 757,
                "\ue2f6": 758,
                "\ue2f7": 759,
                "\ue2f8": 760,
                "\ue2f9": 761,
                "\ue2fa": 762,
                "\ue2fb": 763,
                "\ue2fc": 764,
                "\ue2fd": 765,
                "\ue2fe": 766,
                "\ue2ff": 767,
                "\ue300": 768,
                "\ue301": 769,
                "\ue302": 770,
                "\ue303": 771,
                "\ue304": 772,
                "\ue305": 773,
                "\ue306": 774,
                "\ue307": 775,
                "\ue308": 776,
                "\ue309": 777,
                "\ue30a": 778,
                "\ue30b": 779,
                "\ue30c": 780,
                "\ue30d": 781,
                "\ue30e": 782,
                "\ue30f": 783,
                "\ue310": 784,
                "\ue311": 785,
                "\ue312": 786,
                "\ue313": 787,
                "\ue314": 788,
                "\ue315": 789,
                "\ue316": 790,
                "\ue317": 791,
                "\ue318": 792,
                "\ue319": 793,
                "\ue31a": 794,
                "\ue31b": 795,
                "\ue31c": 796,
                "\ue31d": 797,
                "\ue31e": 798,
                "\ue31f": 799,
                "\ue320": 800,
                "\ue321": 801,
                "\ue322": 802,
                "\ue323": 803,
                "\ue324": 804,
                "\ue325": 805,
                "\ue326": 806,
                "\ue327": 807,
                "\ue328": 808,
                "\ue329": 809,
                "\ue32a": 810,
                "\ue32b": 811,
                "\ue32c": 812,
                "\ue32d": 813,
                "\ue32e": 814,
                "\ue32f": 815,
                "\ue330": 816,
                "\ue331": 817,
                "\ue332": 818,
                "\ue333": 819,
                "\ue334": 820,
                "\ue335": 821,
                "\ue336": 822,
                "\ue337": 823,
                "\ue338": 824,
                "\ue339": 825,
                "\ue33a": 826,
                "\ue33b": 827,
                "\ue33c": 828,
                "\ue33d": 829,
                "\ue33e": 830,
                "\ue33f": 831,
                "\ue340": 832,
                "\ue341": 833,
                "\ue342": 834,
                "\ue343": 835,
                "\ue344": 836,
                "\ue345": 837,
                "\ue346": 838,
                "\ue347": 839,
                "\ue348": 840,
                "\ue349": 841,
                "\ue34a": 842,
                "\ue34b": 843,
                "\ue34c": 844,
                "\ue34d": 845,
                "\ue34e": 846,
                "\ue34f": 847,
                "\ue350": 848,
                "\ue351": 849,
                "\ue352": 850,
                "\ue353": 851,
                "\ue354": 852,
                "\ue355": 853,
                "\ue356": 854,
                "\ue357": 855,
                "\ue358": 856,
                "\ue359": 857,
                "\ue35a": 858,
                "\ue35b": 859,
                "\ue35c": 860,
                "\ue35d": 861,
                "\ue35e": 862,
                "\ue35f": 863,
                "\ue360": 864,
                "\ue361": 865,
                "\ue362": 866,
                "\ue363": 867,
                "\ue364": 868,
                "\ue365": 869,
                "\ue366": 870,
                "\ue367": 871,
                "\ue368": 872,
                "\ue369": 873,
                "\ue36a": 874,
                "\ue36b": 875,
                "\ue36c": 876,
                "\ue36d": 877,
                "\ue36e": 878,
                "\ue36f": 879,
                "\ue370": 880,
                "\ue371": 881,
                "\ue372": 882,
                "\ue373": 883,
                "\ue374": 884,
                "\ue375": 885,
                "\ue376": 886,
                "\ue377": 887,
                "\ue378": 888,
                "\ue379": 889,
                "\ue37a": 890,
                "\ue37b": 891,
                "\ue37c": 892,
                "\ue37d": 893,
                "\ue37e": 894,
                "\ue37f": 895,
                "\ue380": 896,
                "\ue381": 897,
                "\ue382": 898,
                "\ue383": 899,
                "\ue384": 900,
                "\ue385": 901,
                "\ue386": 902,
                "\ue387": 903,
                "\ue388": 904,
                "\ue389": 905,
                "\ue38a": 906,
                "\ue38b": 907,
                "\ue38c": 908,
                "\ue38d": 909,
                "\ue38e": 910,
                "\ue38f": 911,
                "\ue390": 912,
                "\ue391": 913,
                "\ue392": 914,
                "\ue393": 915,
                "\ue394": 916,
                "\ue395": 917,
                "\ue396": 918,
                "\ue397": 919,
                "\ue398": 920,
                "\ue399": 921,
                "\ue39a": 922,
                "\ue39b": 923,
                "\ue39c": 924,
                "\ue39d": 925,
                "\ue39e": 926,
                "\ue39f": 927,
                "\ue3a0": 928,
                "\ue3a1": 929,
                "\ue3a2": 930,
                "\ue3a3": 931,
                "\ue3a4": 932,
                "\ue3a5": 933,
                "\ue3a6": 934,
                "\ue3a7": 935,
                "\ue3a8": 936,
                "\ue3a9": 937,
                "\ue3aa": 938,
                "\ue3ab": 939,
                "\ue3ac": 940,
                "\ue3ad": 941,
                "\ue3ae": 942,
                "\ue3af": 943,
                "\ue3b0": 944,
                "\ue3b1": 945,
                "\ue3b2": 946,
                "\ue3b3": 947,
                "\ue3b4": 948,
                "\ue3b5": 949,
                "\ue3b6": 950,
                "\ue3b7": 951,
                "\ue3b8": 952,
                "\ue3b9": 953,
                "\ue3ba": 954,
                "\ue3bb": 955,
                "\ue3bc": 956,
                "\ue3bd": 957,
                "\ue3be": 958,
                "\ue3bf": 959,
                "\ue3c0": 960,
                "\ue3c1": 961,
                "\ue3c2": 962,
                "\ue3c3": 963,
                "\ue3c4": 964,
                "\ue3c5": 965,
                "\ue3c6": 966,
                "\ue3c7": 967,
                "\ue3c8": 968,
                "\ue3c9": 969,
                "\ue3ca": 970,
                "\ue3cb": 971,
                "\ue3cc": 972,
                "\ue3cd": 973,
                "\ue3ce": 974,
                "\ue3cf": 975,
                "\ue3d0": 976,
                "\ue3d1": 977,
                "\ue3d2": 978,
                "\ue3d3": 979,
                "\ue3d4": 980,
                "\ue3d5": 981,
                "\ue3d6": 982,
                "\ue3d7": 983,
                "\ue3d8": 984,
                "\ue3d9": 985,
                "\ue3da": 986,
                "\ue3db": 987,
                "\ue3dc": 988,
                "\ue3dd": 989,
                "\ue3de": 990,
                "\ue3df": 991,
                "\ue3e0": 992,
                "\ue3e1": 993,
                "\ue3e2": 994,
                "\ue3e3": 995,
                "\ue3e4": 996,
                "\ue3e5": 997,
                "\ue3e6": 998,
                "\ue3e7": 999,
                "\ue3e8": 1000,
                "\ue3e9": 1001,
                "\ue3ea": 1002,
                "\ue3eb": 1003,
                "\ue3ec": 1004,
                "\ue3ed": 1005,
                "\ue3ee": 1006,
                "\ue3ef": 1007,
                "\ue3f0": 1008,
                "\ue3f1": 1009,
                "\ue3f2": 1010,
                "\ue3f3": 1011,
                "\ue3f4": 1012,
                "\ue3f5": 1013,
                "\ue3f6": 1014,
                "\ue3f7": 1015,
                "\ue3f8": 1016,
                "\ue3f9": 1017,
                "\ue3fa": 1018,
                "\ue3fb": 1019,
                "\ue3fc": 1020,
                "\ue3fd": 1021,
                "\ue3fe": 1022,
                "\ue3ff": 1023,
                "\ue400": 1024,
                "\ue401": 1025,
                "\ue402": 1026,
                "\ue403": 1027,
                "\ue404": 1028,
                "\ue405": 1029,
                "\ue406": 1030,
                "\ue407": 1031,
                "\ue408": 1032,
                "\ue409": 1033,
                "\ue40a": 1034,
                "\ue40b": 1035,
                "\ue40c": 1036,
                "\ue40d": 1037,
                "\ue40e": 1038,
                "\ue40f": 1039,
                "\ue410": 1040,
                "\ue411": 1041,
                "\ue412": 1042,
                "\ue413": 1043,
                "\ue414": 1044,
                "\ue415": 1045,
                "\ue416": 1046,
                "\ue417": 1047,
                "\ue418": 1048,
                "\ue419": 1049,
                "\ue41a": 1050,
                "\ue41b": 1051,
                "\ue41c": 1052,
                "\ue41d": 1053,
                "\ue41e": 1054,
                "\ue41f": 1055,
                "\ue420": 1056,
                "\ue421": 1057,
                "\ue422": 1058,
                "\ue423": 1059,
                "\ue424": 1060,
                "\ue425": 1061,
                "\ue426": 1062,
                "\ue427": 1063,
                "\ue428": 1064,
                "\ue429": 1065,
                "\ue42a": 1066,
                "\ue42b": 1067,
                "\ue42c": 1068,
                "\ue42d": 1069,
                "\ue42e": 1070,
                "\ue42f": 1071,
                "\ue430": 1072,
                "\ue431": 1073,
                "\ue432": 1074,
                "\ue433": 1075,
                "\ue434": 1076,
                "\ue435": 1077,
                "\ue436": 1078,
                "\ue437": 1079,
                "\ue438": 1080,
                "\ue439": 1081,
                "\ue43a": 1082,
                "\ue43b": 1083,
                "\ue43c": 1084,
                "\ue43d": 1085,
                "\ue43e": 1086,
                "\ue43f": 1087,
                "\ue440": 1088,
                "\ue441": 1089,
                "\ue442": 1090,
                "\ue443": 1091,
                "\ue444": 1092,
                "\ue445": 1093,
                "\ue446": 1094,
                "\ue447": 1095,
                "\ue448": 1096,
                "\ue449": 1097,
                "\ue44a": 1098,
                "\ue44b": 1099,
                "\ue44c": 1100,
                "\ue44d": 1101,
                "\ue44e": 1102,
                "\ue44f": 1103,
                "\ue450": 1104,
                "\ue451": 1105,
                "\ue452": 1106,
                "\ue453": 1107,
                "\ue454": 1108,
                "\ue455": 1109,
                "\ue456": 1110,
                "\ue457": 1111,
                "\ue458": 1112,
                "\ue459": 1113,
                "\ue45a": 1114,
                "\ue45b": 1115,
                "\ue45c": 1116,
                "\ue45d": 1117,
                "\ue45e": 1118,
                "\ue45f": 1119,
                "\ue460": 1120,
                "\ue461": 1121,
                "\ue462": 1122,
                "\ue463": 1123,
                "\ue464": 1124,
                "\ue465": 1125,
                "\ue466": 1126,
                "\ue467": 1127,
                "\ue468": 1128,
                "\ue469": 1129,
                "\ue46a": 1130,
                "\ue46b": 1131,
                "\ue46c": 1132,
                "\ue46d": 1133,
                "\ue46e": 1134,
                "\ue46f": 1135,
                "\ue470": 1136,
                "\ue471": 1137,
                "\ue472": 1138,
                "\ue473": 1139,
                "\ue474": 1140,
                "\ue475": 1141,
                "\ue476": 1142,
                "\ue477": 1143,
                "\ue478": 1144,
                "\ue479": 1145,
                "\ue47a": 1146,
                "\ue47b": 1147,
                "\ue47c": 1148,
                "\ue47d": 1149,
                "\ue47e": 1150,
                "\ue47f": 1151,
                "\ue480": 1152,
                "\ue481": 1153,
                "\ue482": 1154,
                "\ue483": 1155,
                "\ue484": 1156,
                "\ue485": 1157,
                "\ue486": 1158,
                "\ue487": 1159,
                "\ue488": 1160,
                "\ue489": 1161,
                "\ue48a": 1162,
                "\ue48b": 1163,
                "\ue48c": 1164,
                "\ue48d": 1165,
                "\ue48e": 1166,
                "\ue48f": 1167,
                "\ue490": 1168,
                "\ue491": 1169,
                "\ue492": 1170,
                "\ue493": 1171,
                "\ue494": 1172,
                "\ue495": 1173,
                "\ue496": 1174,
                "\ue497": 1175,
                "\ue498": 1176,
                "\ue499": 1177,
                "\ue49a": 1178,
                "\ue49b": 1179,
                "\ue49c": 1180,
                "\ue49d": 1181,
                "\ue49e": 1182,
                "\ue49f": 1183,
                "\ue4a0": 1184,
                "\ue4a1": 1185,
                "\ue4a2": 1186,
                "\ue4a3": 1187,
                "\ue4a4": 1188,
                "\ue4a5": 1189,
                "\ue4a6": 1190,
                "\ue4a7": 1191,
                "\ue4a8": 1192,
                "\ue4a9": 1193,
                "\ue4aa": 1194,
                "\ue4ab": 1195,
                "\ue4ac": 1196,
                "\ue4ad": 1197,
                "\ue4ae": 1198,
                "\ue4af": 1199,
                "\ue4b0": 1200,
                "\ue4b1": 1201,
                "\ue4b2": 1202,
                "\ue4b3": 1203,
                "\ue4b4": 1204,
                "\ue4b5": 1205,
                "\ue4b6": 1206,
                "\ue4b7": 1207,
                "\ue4b8": 1208,
                "\ue4b9": 1209,
                "\ue4ba": 1210,
                "\ue4bb": 1211,
                "\ue4bc": 1212,
                "\ue4bd": 1213,
                "\ue4be": 1214,
                "\ue4bf": 1215,
                "\ue4c0": 1216,
                "\ue4c1": 1217,
                "\ue4c2": 1218,
                "\ue4c3": 1219,
                "\ue4c4": 1220,
                "\ue4c5": 1221,
                "\ue4c6": 1222,
                "\ue4c7": 1223,
                "\ue4c8": 1224,
                "\ue4c9": 1225,
                "\ue4ca": 1226,
                "\ue4cb": 1227,
                "\ue4cc": 1228,
                "\ue4cd": 1229,
                "\ue4ce": 1230,
                "\ue4cf": 1231,
                "\ue4d0": 1232,
                "\ue4d1": 1233,
                "\ue4d2": 1234,
                "\ue4d3": 1235,
                "\ue4d4": 1236,
                "\ue4d5": 1237,
                "\ue4d6": 1238,
                "\ue4d7": 1239,
                "\ue4d8": 1240,
                "\ue4d9": 1241,
                "\ue4da": 1242,
                "\ue4db": 1243,
                "\ue4dc": 1244,
                "\ue4dd": 1245,
                "\ue4de": 1246,
                "\ue4df": 1247,
                "\ue4e0": 1248,
                "\ue4e1": 1249,
                "\ue4e2": 1250,
                "\ue4e3": 1251,
                "\ue4e4": 1252,
                "\ue4e5": 1253,
                "\ue4e6": 1254,
                "\ue4e7": 1255,
                "\ue4e8": 1256,
                "\ue4e9": 1257,
                "\ue4ea": 1258,
                "\ue4eb": 1259,
                "\ue4ec": 1260,
                "\ue4ed": 1261,
                "\ue4ee": 1262,
                "\ue4ef": 1263,
                "\ue4f0": 1264,
                "\ue4f1": 1265,
                "\ue4f2": 1266,
                "\ue4f3": 1267,
                "\ue4f4": 1268,
                "\ue4f5": 1269,
                "\ue4f6": 1270,
                "\ue4f7": 1271,
                "\ue4f8": 1272,
                "\ue4f9": 1273,
                "\ue4fa": 1274,
                "\ue4fb": 1275,
                "\ue4fc": 1276,
                "\ue4fd": 1277,
                "\ue4fe": 1278,
                "\ue4ff": 1279,
                "\ue500": 1280,
                "\uf001": -1,
                "\uf002": -2,
                "\uf003": -3,
                "\uf004": -4,
                "\uf005": -5,
                "\uf006": -6,
                "\uf007": -7,
                "\uf008": -8,
                "\uf009": -9,
                "\uf00a": -10,
                "\uf00b": -11,
                "\uf00c": -12,
                "\uf00d": -13,
                "\uf00e": -14,
                "\uf00f": -15,
                "\uf010": -16,
                "\uf011": -17,
                "\uf012": -18,
                "\uf013": -19,
                "\uf014": -20,
                "\uf015": -21,
                "\uf016": -22,
                "\uf017": -23,
                "\uf018": -24,
                "\uf019": -25,
                "\uf01a": -26,
                "\uf01b": -27,
                "\uf01c": -28,
                "\uf01d": -29,
                "\uf01e": -30,
                "\uf01f": -31,
                "\uf020": -32,
                "\uf021": -33,
                "\uf022": -34,
                "\uf023": -35,
                "\uf024": -36,
                "\uf025": -37,
                "\uf026": -38,
                "\uf027": -39,
                "\uf028": -40,
                "\uf029": -41,
                "\uf02a": -42,
                "\uf02b": -43,
                "\uf02c": -44,
                "\uf02d": -45,
                "\uf02e": -46,
                "\uf02f": -47,
                "\uf030": -48,
                "\uf031": -49,
                "\uf032": -50,
                "\uf033": -51,
                "\uf034": -52,
                "\uf035": -53,
                "\uf036": -54,
                "\uf037": -55,
                "\uf038": -56,
                "\uf039": -57,
                "\uf03a": -58,
                "\uf03b": -59,
                "\uf03c": -60,
                "\uf03d": -61,
                "\uf03e": -62,
                "\uf03f": -63,
                "\uf040": -64,
                "\uf041": -65,
                "\uf042": -66,
                "\uf043": -67,
                "\uf044": -68,
                "\uf045": -69,
                "\uf046": -70,
                "\uf047": -71,
                "\uf048": -72,
                "\uf049": -73,
                "\uf04a": -74,
                "\uf04b": -75,
                "\uf04c": -76,
                "\uf04d": -77,
                "\uf04e": -78,
                "\uf04f": -79,
                "\uf050": -80,
                "\uf051": -81,
                "\uf052": -82,
                "\uf053": -83,
                "\uf054": -84,
                "\uf055": -85,
                "\uf056": -86,
                "\uf057": -87,
                "\uf058": -88,
                "\uf059": -89,
                "\uf05a": -90,
                "\uf05b": -91,
                "\uf05c": -92,
                "\uf05d": -93,
                "\uf05e": -94,
                "\uf05f": -95,
                "\uf060": -96,
                "\uf061": -97,
                "\uf062": -98,
                "\uf063": -99,
                "\uf064": -100,
                "\uf065": -101,
                "\uf066": -102,
                "\uf067": -103,
                "\uf068": -104,
                "\uf069": -105,
                "\uf06a": -106,
                "\uf06b": -107,
                "\uf06c": -108,
                "\uf06d": -109,
                "\uf06e": -110,
                "\uf06f": -111,
                "\uf070": -112,
                "\uf071": -113,
                "\uf072": -114,
                "\uf073": -115,
                "\uf074": -116,
                "\uf075": -117,
                "\uf076": -118,
                "\uf077": -119,
                "\uf078": -120,
                "\uf079": -121,
                "\uf07a": -122,
                "\uf07b": -123,
                "\uf07c": -124,
                "\uf07d": -125,
                "\uf07e": -126,
                "\uf07f": -127,
                "\uf080": -128,
                "\uf081": -129,
                "\uf082": -130,
                "\uf083": -131,
                "\uf084": -132,
                "\uf085": -133,
                "\uf086": -134,
                "\uf087": -135,
                "\uf088": -136,
                "\uf089": -137,
                "\uf08a": -138,
                "\uf08b": -139,
                "\uf08c": -140,
                "\uf08d": -141,
                "\uf08e": -142,
                "\uf08f": -143,
                "\uf090": -144,
                "\uf091": -145,
                "\uf092": -146,
                "\uf093": -147,
                "\uf094": -148,
                "\uf095": -149,
                "\uf096": -150,
                "\uf097": -151,
                "\uf098": -152,
                "\uf099": -153,
                "\uf09a": -154,
                "\uf09b": -155,
                "\uf09c": -156,
                "\uf09d": -157,
                "\uf09e": -158,
                "\uf09f": -159,
                "\uf0a0": -160,
                "\uf0a1": -161,
                "\uf0a2": -162,
                "\uf0a3": -163,
                "\uf0a4": -164,
                "\uf0a5": -165,
                "\uf0a6": -166,
                "\uf0a7": -167,
                "\uf0a8": -168,
                "\uf0a9": -169,
                "\uf0aa": -170,
                "\uf0ab": -171,
                "\uf0ac": -172,
                "\uf0ad": -173,
                "\uf0ae": -174,
                "\uf0af": -175,
                "\uf0b0": -176,
                "\uf0b1": -177,
                "\uf0b2": -178,
                "\uf0b3": -179,
                "\uf0b4": -180,
                "\uf0b5": -181,
                "\uf0b6": -182,
                "\uf0b7": -183,
                "\uf0b8": -184,
                "\uf0b9": -185,
                "\uf0ba": -186,
                "\uf0bb": -187,
                "\uf0bc": -188,
                "\uf0bd": -189,
                "\uf0be": -190,
                "\uf0bf": -191,
                "\uf0c0": -192,
                "\uf0c1": -193,
                "\uf0c2": -194,
                "\uf0c3": -195,
                "\uf0c4": -196,
                "\uf0c5": -197,
                "\uf0c6": -198,
                "\uf0c7": -199,
                "\uf0c8": -200,
                "\uf0c9": -201,
                "\uf0ca": -202,
                "\uf0cb": -203,
                "\uf0cc": -204,
                "\uf0cd": -205,
                "\uf0ce": -206,
                "\uf0cf": -207,
                "\uf0d0": -208,
                "\uf0d1": -209,
                "\uf0d2": -210,
                "\uf0d3": -211,
                "\uf0d4": -212,
                "\uf0d5": -213,
                "\uf0d6": -214,
                "\uf0d7": -215,
                "\uf0d8": -216,
                "\uf0d9": -217,
                "\uf0da": -218,
                "\uf0db": -219,
                "\uf0dc": -220,
                "\uf0dd": -221,
                "\uf0de": -222,
                "\uf0df": -223,
                "\uf0e0": -224,
                "\uf0e1": -225,
                "\uf0e2": -226,
                "\uf0e3": -227,
                "\uf0e4": -228,
                "\uf0e5": -229,
                "\uf0e6": -230,
                "\uf0e7": -231,
                "\uf0e8": -232,
                "\uf0e9": -233,
                "\uf0ea": -234,
                "\uf0eb": -235,
                "\uf0ec": -236,
                "\uf0ed": -237,
                "\uf0ee": -238,
                "\uf0ef": -239,
                "\uf0f0": -240,
                "\uf0f1": -241,
                "\uf0f2": -242,
                "\uf0f3": -243,
                "\uf0f4": -244,
                "\uf0f5": -245,
                "\uf0f6": -246,
                "\uf0f7": -247,
                "\uf0f8": -248,
                "\uf0f9": -249,
                "\uf0fa": -250,
                "\uf0fb": -251,
                "\uf0fc": -252,
                "\uf0fd": -253,
                "\uf0fe": -254,
                "\uf0ff": -255,
                "\uf100": -256,
                "\uf101": -257,
                "\uf102": -258,
                "\uf103": -259,
                "\uf104": -260,
                "\uf105": -261,
                "\uf106": -262,
                "\uf107": -263,
                "\uf108": -264,
                "\uf109": -265,
                "\uf10a": -266,
                "\uf10b": -267,
                "\uf10c": -268,
                "\uf10d": -269,
                "\uf10e": -270,
                "\uf10f": -271,
                "\uf110": -272,
                "\uf111": -273,
                "\uf112": -274,
                "\uf113": -275,
                "\uf114": -276,
                "\uf115": -277,
                "\uf116": -278,
                "\uf117": -279,
                "\uf118": -280,
                "\uf119": -281,
                "\uf11a": -282,
                "\uf11b": -283,
                "\uf11c": -284,
                "\uf11d": -285,
                "\uf11e": -286,
                "\uf11f": -287,
                "\uf120": -288,
                "\uf121": -289,
                "\uf122": -290,
                "\uf123": -291,
                "\uf124": -292,
                "\uf125": -293,
                "\uf126": -294,
                "\uf127": -295,
                "\uf128": -296,
                "\uf129": -297,
                "\uf12a": -298,
                "\uf12b": -299,
                "\uf12c": -300,
                "\uf12d": -301,
                "\uf12e": -302,
                "\uf12f": -303,
                "\uf130": -304,
                "\uf131": -305,
                "\uf132": -306,
                "\uf133": -307,
                "\uf134": -308,
                "\uf135": -309,
                "\uf136": -310,
                "\uf137": -311,
                "\uf138": -312,
                "\uf139": -313,
                "\uf13a": -314,
                "\uf13b": -315,
                "\uf13c": -316,
                "\uf13d": -317,
                "\uf13e": -318,
                "\uf13f": -319,
                "\uf140": -320,
                "\uf141": -321,
                "\uf142": -322,
                "\uf143": -323,
                "\uf144": -324,
                "\uf145": -325,
                "\uf146": -326,
                "\uf147": -327,
                "\uf148": -328,
                "\uf149": -329,
                "\uf14a": -330,
                "\uf14b": -331,
                "\uf14c": -332,
                "\uf14d": -333,
                "\uf14e": -334,
                "\uf14f": -335,
                "\uf150": -336,
                "\uf151": -337,
                "\uf152": -338,
                "\uf153": -339,
                "\uf154": -340,
                "\uf155": -341,
                "\uf156": -342,
                "\uf157": -343,
                "\uf158": -344,
                "\uf159": -345,
                "\uf15a": -346,
                "\uf15b": -347,
                "\uf15c": -348,
                "\uf15d": -349,
                "\uf15e": -350,
                "\uf15f": -351,
                "\uf160": -352,
                "\uf161": -353,
                "\uf162": -354,
                "\uf163": -355,
                "\uf164": -356,
                "\uf165": -357,
                "\uf166": -358,
                "\uf167": -359,
                "\uf168": -360,
                "\uf169": -361,
                "\uf16a": -362,
                "\uf16b": -363,
                "\uf16c": -364,
                "\uf16d": -365,
                "\uf16e": -366,
                "\uf16f": -367,
                "\uf170": -368,
                "\uf171": -369,
                "\uf172": -370,
                "\uf173": -371,
                "\uf174": -372,
                "\uf175": -373,
                "\uf176": -374,
                "\uf177": -375,
                "\uf178": -376,
                "\uf179": -377,
                "\uf17a": -378,
                "\uf17b": -379,
                "\uf17c": -380,
                "\uf17d": -381,
                "\uf17e": -382,
                "\uf17f": -383,
                "\uf180": -384,
                "\uf181": -385,
                "\uf182": -386,
                "\uf183": -387,
                "\uf184": -388,
                "\uf185": -389,
                "\uf186": -390,
                "\uf187": -391,
                "\uf188": -392,
                "\uf189": -393,
                "\uf18a": -394,
                "\uf18b": -395,
                "\uf18c": -396,
                "\uf18d": -397,
                "\uf18e": -398,
                "\uf18f": -399,
                "\uf190": -400,
                "\uf191": -401,
                "\uf192": -402,
                "\uf193": -403,
                "\uf194": -404,
                "\uf195": -405,
                "\uf196": -406,
                "\uf197": -407,
                "\uf198": -408,
                "\uf199": -409,
                "\uf19a": -410,
                "\uf19b": -411,
                "\uf19c": -412,
                "\uf19d": -413,
                "\uf19e": -414,
                "\uf19f": -415,
                "\uf1a0": -416,
                "\uf1a1": -417,
                "\uf1a2": -418,
                "\uf1a3": -419,
                "\uf1a4": -420,
                "\uf1a5": -421,
                "\uf1a6": -422,
                "\uf1a7": -423,
                "\uf1a8": -424,
                "\uf1a9": -425,
                "\uf1aa": -426,
                "\uf1ab": -427,
                "\uf1ac": -428,
                "\uf1ad": -429,
                "\uf1ae": -430,
                "\uf1af": -431,
                "\uf1b0": -432,
                "\uf1b1": -433,
                "\uf1b2": -434,
                "\uf1b3": -435,
                "\uf1b4": -436,
                "\uf1b5": -437,
                "\uf1b6": -438,
                "\uf1b7": -439,
                "\uf1b8": -440,
                "\uf1b9": -441,
                "\uf1ba": -442,
                "\uf1bb": -443,
                "\uf1bc": -444,
                "\uf1bd": -445,
                "\uf1be": -446,
                "\uf1bf": -447,
                "\uf1c0": -448,
                "\uf1c1": -449,
                "\uf1c2": -450,
                "\uf1c3": -451,
                "\uf1c4": -452,
                "\uf1c5": -453,
                "\uf1c6": -454,
                "\uf1c7": -455,
                "\uf1c8": -456,
                "\uf1c9": -457,
                "\uf1ca": -458,
                "\uf1cb": -459,
                "\uf1cc": -460,
                "\uf1cd": -461,
                "\uf1ce": -462,
                "\uf1cf": -463,
                "\uf1d0": -464,
                "\uf1d1": -465,
                "\uf1d2": -466,
                "\uf1d3": -467,
                "\uf1d4": -468,
                "\uf1d5": -469,
                "\uf1d6": -470,
                "\uf1d7": -471,
                "\uf1d8": -472,
                "\uf1d9": -473,
                "\uf1da": -474,
                "\uf1db": -475,
                "\uf1dc": -476,
                "\uf1dd": -477,
                "\uf1de": -478,
                "\uf1df": -479,
                "\uf1e0": -480,
                "\uf1e1": -481,
                "\uf1e2": -482,
                "\uf1e3": -483,
                "\uf1e4": -484,
                "\uf1e5": -485,
                "\uf1e6": -486,
                "\uf1e7": -487,
                "\uf1e8": -488,
                "\uf1e9": -489,
                "\uf1ea": -490,
                "\uf1eb": -491,
                "\uf1ec": -492,
                "\uf1ed": -493,
                "\uf1ee": -494,
                "\uf1ef": -495,
                "\uf1f0": -496,
                "\uf1f1": -497,
                "\uf1f2": -498,
                "\uf1f3": -499,
                "\uf1f4": -500,
                "\uf1f5": -501,
                "\uf1f6": -502,
                "\uf1f7": -503,
                "\uf1f8": -504,
                "\uf1f9": -505,
                "\uf1fa": -506,
                "\uf1fb": -507,
                "\uf1fc": -508,
                "\uf1fd": -509,
                "\uf1fe": -510,
                "\uf1ff": -511,
                "\uf200": -512,
                "\uf201": -513,
                "\uf202": -514,
                "\uf203": -515,
                "\uf204": -516,
                "\uf205": -517,
                "\uf206": -518,
                "\uf207": -519,
                "\uf208": -520,
                "\uf209": -521,
                "\uf20a": -522,
                "\uf20b": -523,
                "\uf20c": -524,
                "\uf20d": -525,
                "\uf20e": -526,
                "\uf20f": -527,
                "\uf210": -528,
                "\uf211": -529,
                "\uf212": -530,
                "\uf213": -531,
                "\uf214": -532,
                "\uf215": -533,
                "\uf216": -534,
                "\uf217": -535,
                "\uf218": -536,
                "\uf219": -537,
                "\uf21a": -538,
                "\uf21b": -539,
                "\uf21c": -540,
                "\uf21d": -541,
                "\uf21e": -542,
                "\uf21f": -543,
                "\uf220": -544,
                "\uf221": -545,
                "\uf222": -546,
                "\uf223": -547,
                "\uf224": -548,
                "\uf225": -549,
                "\uf226": -550,
                "\uf227": -551,
                "\uf228": -552,
                "\uf229": -553,
                "\uf22a": -554,
                "\uf22b": -555,
                "\uf22c": -556,
                "\uf22d": -557,
                "\uf22e": -558,
                "\uf22f": -559,
                "\uf230": -560,
                "\uf231": -561,
                "\uf232": -562,
                "\uf233": -563,
                "\uf234": -564,
                "\uf235": -565,
                "\uf236": -566,
                "\uf237": -567,
                "\uf238": -568,
                "\uf239": -569,
                "\uf23a": -570,
                "\uf23b": -571,
                "\uf23c": -572,
                "\uf23d": -573,
                "\uf23e": -574,
                "\uf23f": -575,
                "\uf240": -576,
                "\uf241": -577,
                "\uf242": -578,
                "\uf243": -579,
                "\uf244": -580,
                "\uf245": -581,
                "\uf246": -582,
                "\uf247": -583,
                "\uf248": -584,
                "\uf249": -585,
                "\uf24a": -586,
                "\uf24b": -587,
                "\uf24c": -588,
                "\uf24d": -589,
                "\uf24e": -590,
                "\uf24f": -591,
                "\uf250": -592,
                "\uf251": -593,
                "\uf252": -594,
                "\uf253": -595,
                "\uf254": -596,
                "\uf255": -597,
                "\uf256": -598,
                "\uf257": -599,
                "\uf258": -600,
                "\uf259": -601,
                "\uf25a": -602,
                "\uf25b": -603,
                "\uf25c": -604,
                "\uf25d": -605,
                "\uf25e": -606,
                "\uf25f": -607,
                "\uf260": -608,
                "\uf261": -609,
                "\uf262": -610,
                "\uf263": -611,
                "\uf264": -612,
                "\uf265": -613,
                "\uf266": -614,
                "\uf267": -615,
                "\uf268": -616,
                "\uf269": -617,
                "\uf26a": -618,
                "\uf26b": -619,
                "\uf26c": -620,
                "\uf26d": -621,
                "\uf26e": -622,
                "\uf26f": -623,
                "\uf270": -624,
                "\uf271": -625,
                "\uf272": -626,
                "\uf273": -627,
                "\uf274": -628,
                "\uf275": -629,
                "\uf276": -630,
                "\uf277": -631,
                "\uf278": -632,
                "\uf279": -633,
                "\uf27a": -634,
                "\uf27b": -635,
                "\uf27c": -636,
                "\uf27d": -637,
                "\uf27e": -638,
                "\uf27f": -639,
                "\uf280": -640,
                "\uf281": -641,
                "\uf282": -642,
                "\uf283": -643,
                "\uf284": -644,
                "\uf285": -645,
                "\uf286": -646,
                "\uf287": -647,
                "\uf288": -648,
                "\uf289": -649,
                "\uf28a": -650,
                "\uf28b": -651,
                "\uf28c": -652,
                "\uf28d": -653,
                "\uf28e": -654,
                "\uf28f": -655,
                "\uf290": -656,
                "\uf291": -657,
                "\uf292": -658,
                "\uf293": -659,
                "\uf294": -660,
                "\uf295": -661,
                "\uf296": -662,
                "\uf297": -663,
                "\uf298": -664,
                "\uf299": -665,
                "\uf29a": -666,
                "\uf29b": -667,
                "\uf29c": -668,
                "\uf29d": -669,
                "\uf29e": -670,
                "\uf29f": -671,
                "\uf2a0": -672,
                "\uf2a1": -673,
                "\uf2a2": -674,
                "\uf2a3": -675,
                "\uf2a4": -676,
                "\uf2a5": -677,
                "\uf2a6": -678,
                "\uf2a7": -679,
                "\uf2a8": -680,
                "\uf2a9": -681,
                "\uf2aa": -682,
                "\uf2ab": -683,
                "\uf2ac": -684,
                "\uf2ad": -685,
                "\uf2ae": -686,
                "\uf2af": -687,
                "\uf2b0": -688,
                "\uf2b1": -689,
                "\uf2b2": -690,
                "\uf2b3": -691,
                "\uf2b4": -692,
                "\uf2b5": -693,
                "\uf2b6": -694,
                "\uf2b7": -695,
                "\uf2b8": -696,
                "\uf2b9": -697,
                "\uf2ba": -698,
                "\uf2bb": -699,
                "\uf2bc": -700,
                "\uf2bd": -701,
                "\uf2be": -702,
                "\uf2bf": -703,
                "\uf2c0": -704,
                "\uf2c1": -705,
                "\uf2c2": -706,
                "\uf2c3": -707,
                "\uf2c4": -708,
                "\uf2c5": -709,
                "\uf2c6": -710,
                "\uf2c7": -711,
                "\uf2c8": -712,
                "\uf2c9": -713,
                "\uf2ca": -714,
                "\uf2cb": -715,
                "\uf2cc": -716,
                "\uf2cd": -717,
                "\uf2ce": -718,
                "\uf2cf": -719,
                "\uf2d0": -720,
                "\uf2d1": -721,
                "\uf2d2": -722,
                "\uf2d3": -723,
                "\uf2d4": -724,
                "\uf2d5": -725,
                "\uf2d6": -726,
                "\uf2d7": -727,
                "\uf2d8": -728,
                "\uf2d9": -729,
                "\uf2da": -730,
                "\uf2db": -731,
                "\uf2dc": -732,
                "\uf2dd": -733,
                "\uf2de": -734,
                "\uf2df": -735,
                "\uf2e0": -736,
                "\uf2e1": -737,
                "\uf2e2": -738,
                "\uf2e3": -739,
                "\uf2e4": -740,
                "\uf2e5": -741,
                "\uf2e6": -742,
                "\uf2e7": -743,
                "\uf2e8": -744,
                "\uf2e9": -745,
                "\uf2ea": -746,
                "\uf2eb": -747,
                "\uf2ec": -748,
                "\uf2ed": -749,
                "\uf2ee": -750,
                "\uf2ef": -751,
                "\uf2f0": -752,
                "\uf2f1": -753,
                "\uf2f2": -754,
                "\uf2f3": -755,
                "\uf2f4": -756,
                "\uf2f5": -757,
                "\uf2f6": -758,
                "\uf2f7": -759,
                "\uf2f8": -760,
                "\uf2f9": -761,
                "\uf2fa": -762,
                "\uf2fb": -763,
                "\uf2fc": -764,
                "\uf2fd": -765,
                "\uf2fe": -766,
                "\uf2ff": -767,
                "\uf300": -768,
                "\uf301": -769,
                "\uf302": -770,
                "\uf303": -771,
                "\uf304": -772,
                "\uf305": -773,
                "\uf306": -774,
                "\uf307": -775,
                "\uf308": -776,
                "\uf309": -777,
                "\uf30a": -778,
                "\uf30b": -779,
                "\uf30c": -780,
                "\uf30d": -781,
                "\uf30e": -782,
                "\uf30f": -783,
                "\uf310": -784,
                "\uf311": -785,
                "\uf312": -786,
                "\uf313": -787,
                "\uf314": -788,
                "\uf315": -789,
                "\uf316": -790,
                "\uf317": -791,
                "\uf318": -792,
                "\uf319": -793,
                "\uf31a": -794,
                "\uf31b": -795,
                "\uf31c": -796,
                "\uf31d": -797,
                "\uf31e": -798,
                "\uf31f": -799,
                "\uf320": -800,
                "\uf321": -801,
                "\uf322": -802,
                "\uf323": -803,
                "\uf324": -804,
                "\uf325": -805,
                "\uf326": -806,
                "\uf327": -807,
                "\uf328": -808,
                "\uf329": -809,
                "\uf32a": -810,
                "\uf32b": -811,
                "\uf32c": -812,
                "\uf32d": -813,
                "\uf32e": -814,
                "\uf32f": -815,
                "\uf330": -816,
                "\uf331": -817,
                "\uf332": -818,
                "\uf333": -819,
                "\uf334": -820,
                "\uf335": -821,
                "\uf336": -822,
                "\uf337": -823,
                "\uf338": -824,
                "\uf339": -825,
                "\uf33a": -826,
                "\uf33b": -827,
                "\uf33c": -828,
                "\uf33d": -829,
                "\uf33e": -830,
                "\uf33f": -831,
                "\uf340": -832,
                "\uf341": -833,
                "\uf342": -834,
                "\uf343": -835,
                "\uf344": -836,
                "\uf345": -837,
                "\uf346": -838,
                "\uf347": -839,
                "\uf348": -840,
                "\uf349": -841,
                "\uf34a": -842,
                "\uf34b": -843,
                "\uf34c": -844,
                "\uf34d": -845,
                "\uf34e": -846,
                "\uf34f": -847,
                "\uf350": -848,
                "\uf351": -849,
                "\uf352": -850,
                "\uf353": -851,
                "\uf354": -852,
                "\uf355": -853,
                "\uf356": -854,
                "\uf357": -855,
                "\uf358": -856,
                "\uf359": -857,
                "\uf35a": -858,
                "\uf35b": -859,
                "\uf35c": -860,
                "\uf35d": -861,
                "\uf35e": -862,
                "\uf35f": -863,
                "\uf360": -864,
                "\uf361": -865,
                "\uf362": -866,
                "\uf363": -867,
                "\uf364": -868,
                "\uf365": -869,
                "\uf366": -870,
                "\uf367": -871,
                "\uf368": -872,
                "\uf369": -873,
                "\uf36a": -874,
                "\uf36b": -875,
                "\uf36c": -876,
                "\uf36d": -877,
                "\uf36e": -878,
                "\uf36f": -879,
                "\uf370": -880,
                "\uf371": -881,
                "\uf372": -882,
                "\uf373": -883,
                "\uf374": -884,
                "\uf375": -885,
                "\uf376": -886,
                "\uf377": -887,
                "\uf378": -888,
                "\uf379": -889,
                "\uf37a": -890,
                "\uf37b": -891,
                "\uf37c": -892,
                "\uf37d": -893,
                "\uf37e": -894,
                "\uf37f": -895,
                "\uf380": -896,
                "\uf381": -897,
                "\uf382": -898,
                "\uf383": -899,
                "\uf384": -900,
                "\uf385": -901,
                "\uf386": -902,
                "\uf387": -903,
                "\uf388": -904,
                "\uf389": -905,
                "\uf38a": -906,
                "\uf38b": -907,
                "\uf38c": -908,
                "\uf38d": -909,
                "\uf38e": -910,
                "\uf38f": -911,
                "\uf390": -912,
                "\uf391": -913,
                "\uf392": -914,
                "\uf393": -915,
                "\uf394": -916,
                "\uf395": -917,
                "\uf396": -918,
                "\uf397": -919,
                "\uf398": -920,
                "\uf399": -921,
                "\uf39a": -922,
                "\uf39b": -923,
                "\uf39c": -924,
                "\uf39d": -925,
                "\uf39e": -926,
                "\uf39f": -927,
                "\uf3a0": -928,
                "\uf3a1": -929,
                "\uf3a2": -930,
                "\uf3a3": -931,
                "\uf3a4": -932,
                "\uf3a5": -933,
                "\uf3a6": -934,
                "\uf3a7": -935,
                "\uf3a8": -936,
                "\uf3a9": -937,
                "\uf3aa": -938,
                "\uf3ab": -939,
                "\uf3ac": -940,
                "\uf3ad": -941,
                "\uf3ae": -942,
                "\uf3af": -943,
                "\uf3b0": -944,
                "\uf3b1": -945,
                "\uf3b2": -946,
                "\uf3b3": -947,
                "\uf3b4": -948,
                "\uf3b5": -949,
                "\uf3b6": -950,
                "\uf3b7": -951,
                "\uf3b8": -952,
                "\uf3b9": -953,
                "\uf3ba": -954,
                "\uf3bb": -955,
                "\uf3bc": -956,
                "\uf3bd": -957,
                "\uf3be": -958,
                "\uf3bf": -959,
                "\uf3c0": -960,
                "\uf3c1": -961,
                "\uf3c2": -962,
                "\uf3c3": -963,
                "\uf3c4": -964,
                "\uf3c5": -965,
                "\uf3c6": -966,
                "\uf3c7": -967,
                "\uf3c8": -968,
                "\uf3c9": -969,
                "\uf3ca": -970,
                "\uf3cb": -971,
                "\uf3cc": -972,
                "\uf3cd": -973,
                "\uf3ce": -974,
                "\uf3cf": -975,
                "\uf3d0": -976,
                "\uf3d1": -977,
                "\uf3d2": -978,
                "\uf3d3": -979,
                "\uf3d4": -980,
                "\uf3d5": -981,
                "\uf3d6": -982,
                "\uf3d7": -983,
                "\uf3d8": -984,
                "\uf3d9": -985,
                "\uf3da": -986,
                "\uf3db": -987,
                "\uf3dc": -988,
                "\uf3dd": -989,
                "\uf3de": -990,
                "\uf3df": -991,
                "\uf3e0": -992,
                "\uf3e1": -993,
                "\uf3e2": -994,
                "\uf3e3": -995,
                "\uf3e4": -996,
                "\uf3e5": -997,
                "\uf3e6": -998,
                "\uf3e7": -999,
                "\uf3e8": -1000,
                "\uf3e9": -1001,
                "\uf3ea": -1002,
                "\uf3eb": -1003,
                "\uf3ec": -1004,
                "\uf3ed": -1005,
                "\uf3ee": -1006,
                "\uf3ef": -1007,
                "\uf3f0": -1008,
                "\uf3f1": -1009,
                "\uf3f2": -1010,
                "\uf3f3": -1011,
                "\uf3f4": -1012,
                "\uf3f5": -1013,
                "\uf3f6": -1014,
                "\uf3f7": -1015,
                "\uf3f8": -1016,
                "\uf3f9": -1017,
                "\uf3fa": -1018,
                "\uf3fb": -1019,
                "\uf3fc": -1020,
                "\uf3fd": -1021,
                "\uf3fe": -1022,
                "\uf3ff": -1023,
                "\uf400": -1024,
                "\uf401": -1025,
                "\uf402": -1026,
                "\uf403": -1027,
                "\uf404": -1028,
                "\uf405": -1029,
                "\uf406": -1030,
                "\uf407": -1031,
                "\uf408": -1032,
                "\uf409": -1033,
                "\uf40a": -1034,
                "\uf40b": -1035,
                "\uf40c": -1036,
                "\uf40d": -1037,
                "\uf40e": -1038,
                "\uf40f": -1039,
                "\uf410": -1040,
                "\uf411": -1041,
                "\uf412": -1042,
                "\uf413": -1043,
                "\uf414": -1044,
                "\uf415": -1045,
                "\uf416": -1046,
                "\uf417": -1047,
                "\uf418": -1048,
                "\uf419": -1049,
                "\uf41a": -1050,
                "\uf41b": -1051,
                "\uf41c": -1052,
                "\uf41d": -1053,
                "\uf41e": -1054,
                "\uf41f": -1055,
                "\uf420": -1056,
                "\uf421": -1057,
                "\uf422": -1058,
                "\uf423": -1059,
                "\uf424": -1060,
                "\uf425": -1061,
                "\uf426": -1062,
                "\uf427": -1063,
                "\uf428": -1064,
                "\uf429": -1065,
                "\uf42a": -1066,
                "\uf42b": -1067,
                "\uf42c": -1068,
                "\uf42d": -1069,
                "\uf42e": -1070,
                "\uf42f": -1071,
                "\uf430": -1072,
                "\uf431": -1073,
                "\uf432": -1074,
                "\uf433": -1075,
                "\uf434": -1076,
                "\uf435": -1077,
                "\uf436": -1078,
                "\uf437": -1079,
                "\uf438": -1080,
                "\uf439": -1081,
                "\uf43a": -1082,
                "\uf43b": -1083,
                "\uf43c": -1084,
                "\uf43d": -1085,
                "\uf43e": -1086,
                "\uf43f": -1087,
                "\uf440": -1088,
                "\uf441": -1089,
                "\uf442": -1090,
                "\uf443": -1091,
                "\uf444": -1092,
                "\uf445": -1093,
                "\uf446": -1094,
                "\uf447": -1095,
                "\uf448": -1096,
                "\uf449": -1097,
                "\uf44a": -1098,
                "\uf44b": -1099,
                "\uf44c": -1100,
                "\uf44d": -1101,
                "\uf44e": -1102,
                "\uf44f": -1103,
                "\uf450": -1104,
                "\uf451": -1105,
                "\uf452": -1106,
                "\uf453": -1107,
                "\uf454": -1108,
                "\uf455": -1109,
                "\uf456": -1110,
                "\uf457": -1111,
                "\uf458": -1112,
                "\uf459": -1113,
                "\uf45a": -1114,
                "\uf45b": -1115,
                "\uf45c": -1116,
                "\uf45d": -1117,
                "\uf45e": -1118,
                "\uf45f": -1119,
                "\uf460": -1120,
                "\uf461": -1121,
                "\uf462": -1122,
                "\uf463": -1123,
                "\uf464": -1124,
                "\uf465": -1125,
                "\uf466": -1126,
                "\uf467": -1127,
                "\uf468": -1128,
                "\uf469": -1129,
                "\uf46a": -1130,
                "\uf46b": -1131,
                "\uf46c": -1132,
                "\uf46d": -1133,
                "\uf46e": -1134,
                "\uf46f": -1135,
                "\uf470": -1136,
                "\uf471": -1137,
                "\uf472": -1138,
                "\uf473": -1139,
                "\uf474": -1140,
                "\uf475": -1141,
                "\uf476": -1142,
                "\uf477": -1143,
                "\uf478": -1144,
                "\uf479": -1145,
                "\uf47a": -1146,
                "\uf47b": -1147,
                "\uf47c": -1148,
                "\uf47d": -1149,
                "\uf47e": -1150,
                "\uf47f": -1151,
                "\uf480": -1152,
                "\uf481": -1153,
                "\uf482": -1154,
                "\uf483": -1155,
                "\uf484": -1156,
                "\uf485": -1157,
                "\uf486": -1158,
                "\uf487": -1159,
                "\uf488": -1160,
                "\uf489": -1161,
                "\uf48a": -1162,
                "\uf48b": -1163,
                "\uf48c": -1164,
                "\uf48d": -1165,
                "\uf48e": -1166,
                "\uf48f": -1167,
                "\uf490": -1168,
                "\uf491": -1169,
                "\uf492": -1170,
                "\uf493": -1171,
                "\uf494": -1172,
                "\uf495": -1173,
                "\uf496": -1174,
                "\uf497": -1175,
                "\uf498": -1176,
                "\uf499": -1177,
                "\uf49a": -1178,
                "\uf49b": -1179,
                "\uf49c": -1180,
                "\uf49d": -1181,
                "\uf49e": -1182,
                "\uf49f": -1183,
                "\uf4a0": -1184,
                "\uf4a1": -1185,
                "\uf4a2": -1186,
                "\uf4a3": -1187,
                "\uf4a4": -1188,
                "\uf4a5": -1189,
                "\uf4a6": -1190,
                "\uf4a7": -1191,
                "\uf4a8": -1192,
                "\uf4a9": -1193,
                "\uf4aa": -1194,
                "\uf4ab": -1195,
                "\uf4ac": -1196,
                "\uf4ad": -1197,
                "\uf4ae": -1198,
                "\uf4af": -1199,
                "\uf4b0": -1200,
                "\uf4b1": -1201,
                "\uf4b2": -1202,
                "\uf4b3": -1203,
                "\uf4b4": -1204,
                "\uf4b5": -1205,
                "\uf4b6": -1206,
                "\uf4b7": -1207,
                "\uf4b8": -1208,
                "\uf4b9": -1209,
                "\uf4ba": -1210,
                "\uf4bb": -1211,
                "\uf4bc": -1212,
                "\uf4bd": -1213,
                "\uf4be": -1214,
                "\uf4bf": -1215,
                "\uf4c0": -1216,
                "\uf4c1": -1217,
                "\uf4c2": -1218,
                "\uf4c3": -1219,
                "\uf4c4": -1220,
                "\uf4c5": -1221,
                "\uf4c6": -1222,
                "\uf4c7": -1223,
                "\uf4c8": -1224,
                "\uf4c9": -1225,
                "\uf4ca": -1226,
                "\uf4cb": -1227,
                "\uf4cc": -1228,
                "\uf4cd": -1229,
                "\uf4ce": -1230,
                "\uf4cf": -1231,
                "\uf4d0": -1232,
                "\uf4d1": -1233,
                "\uf4d2": -1234,
                "\uf4d3": -1235,
                "\uf4d4": -1236,
                "\uf4d5": -1237,
                "\uf4d6": -1238,
                "\uf4d7": -1239,
                "\uf4d8": -1240,
                "\uf4d9": -1241,
                "\uf4da": -1242,
                "\uf4db": -1243,
                "\uf4dc": -1244,
                "\uf4dd": -1245,
                "\uf4de": -1246,
                "\uf4df": -1247,
                "\uf4e0": -1248,
                "\uf4e1": -1249,
                "\uf4e2": -1250,
                "\uf4e3": -1251,
                "\uf4e4": -1252,
                "\uf4e5": -1253,
                "\uf4e6": -1254,
                "\uf4e7": -1255,
                "\uf4e8": -1256,
                "\uf4e9": -1257,
                "\uf4ea": -1258,
                "\uf4eb": -1259,
                "\uf4ec": -1260,
                "\uf4ed": -1261,
                "\uf4ee": -1262,
                "\uf4ef": -1263,
                "\uf4f0": -1264,
                "\uf4f1": -1265,
                "\uf4f2": -1266,
                "\uf4f3": -1267,
                "\uf4f4": -1268,
                "\uf4f5": -1269,
                "\uf4f6": -1270,
                "\uf4f7": -1271,
                "\uf4f8": -1272,
                "\uf4f9": -1273,
                "\uf4fa": -1274,
                "\uf4fb": -1275,
                "\uf4fc": -1276,
                "\uf4fd": -1277,
                "\uf4fe": -1278,
                "\uf4ff": -1279,
                "\uf500": -1280
            }
        }
    ]
}