{
"variants": {
	"moisture=0": [
		{"model":"block_random/farmland_0"},
		{"model":"block_random/farmland_1"},
		{"model":"block_random/farmland_2"},
		{"model":"block_random/farmland_3"}
	],
	"moisture=1": [
		{"model":"block_random/farmland_0"},
		{"model":"block_random/farmland_1"},
		{"model":"block_random/farmland_2"},
		{"model":"block_random/farmland_3"}
	],
	"moisture=2": [
		{"model":"block_random/farmland_0"},
		{"model":"block_random/farmland_1"},
		{"model":"block_random/farmland_2"},
		{"model":"block_random/farmland_3"}
	],
	"moisture=3": [
		{"model":"block_random/farmland_0"},
		{"model":"block_random/farmland_1"},
		{"model":"block_random/farmland_2"},
		{"model":"block_random/farmland_3"}
	],
	"moisture=4": [
		{"model":"block_random/farmland_0"},
		{"model":"block_random/farmland_1"},
		{"model":"block_random/farmland_2"},
		{"model":"block_random/farmland_3"}
	],
	"moisture=5": [
		{"model":"block_random/farmland_0"},
		{"model":"block_random/farmland_1"},
		{"model":"block_random/farmland_2"},
		{"model":"block_random/farmland_3"}
	],
	"moisture=6": [
		{"model":"block_random/farmland_0"},
		{"model":"block_random/farmland_1"},
		{"model":"block_random/farmland_2"},
		{"model":"block_random/farmland_3"}
	],
	"moisture=7": [
		{"model":"block_random/farmland_wet_0"},
		{"model":"block_random/farmland_wet_1"},
		{"model":"block_random/farmland_wet_2"},
		{"model":"block_random/farmland_wet_3"}
	]
  }
}