{
"variants":{
"facing=east":[
	{"model":"block/ladder_0","y":90,"weight":16},
	{"model":"block/ladder_1","y":90,"weight":1},
	{"model":"block/ladder_2","y":90,"weight":16}
],
"facing=north":[
	{"model":"block/ladder_0","weight":16},
	{"model":"block/ladder_1","weight":1},
	{"model":"block/ladder_2","weight":16}
],
"facing=south":[
	{"model":"block/ladder_0","y":180,"weight":16},
	{"model":"block/ladder_1","y":180,"weight":1},
	{"model":"block/ladder_2","y":180,"weight":16}
],
"facing=west":[
	{"model":"block/ladder_0","y":270,"weight":16},
	{"model":"block/ladder_1","y":270,"weight":1},
	{"model":"block/ladder_2","y":270,"weight":16}
]
}
}