{
	"multipart":[
		{"apply":{"model":"minecraft:block/vine"},"when":{
			"north":"true"
			}
		},
		{"apply":{"model":"minecraft:block/vine","uvlock":true,"y":90},"when":{
			"east":"true"
			}
		},
		{
		"apply":{"model":"minecraft:block/vine","uvlock":true,"y":180},"when":{
			"south":"true"
			}
		},
		{
		"apply":{"model":"minecraft:block/vine","uvlock":true,"y":270},"when":{
			"west":"true"
			}
		},
		{
		"apply":{"model":"minecraft:block/vine","uvlock":true,"x":270},"when":{
			"up":"true"
			}
		}
	]
}