{"textures":{"0":"modelengine:entity/chromafire_bullet_gold"},"elements":[{"from":[6.5,6.5,5.5],"to":[9.5,9.5,10.5],"faces":{"east":{"uv":[4.0,8.0,9.0,11.0],"tintindex":0,"rotation":0,"texture":"#0"},"south":{"uv":[12.0,0.0,15.0,3.0],"tintindex":0,"rotation":0,"texture":"#0"},"north":{"uv":[0.0,12.0,3.0,15.0],"tintindex":0,"rotation":0,"texture":"#0"},"west":{"uv":[8.0,4.0,13.0,7.0],"tintindex":0,"rotation":0,"texture":"#0"},"up":{"uv":[12.0,12.0,9.0,7.0],"tintindex":0,"rotation":0,"texture":"#0"},"down":{"uv":[7.0,11.0,4.0,16.0],"tintindex":0,"rotation":0,"texture":"#0"}}},{"from":[10.0,10.0,11.0],"to":[6.0,6.0,5.0],"faces":{"east":{"uv":[15.0,14.0,10.0,15.0],"tintindex":0,"rotation":0,"texture":"#0"},"south":{"uv":[14.0,14.0,15.0,15.0],"tintindex":0,"rotation":0,"texture":"#0"},"north":{"uv":[10.0,14.0,11.0,15.0],"tintindex":0,"rotation":0,"texture":"#0"},"west":{"uv":[10.0,14.0,15.0,15.0],"tintindex":0,"rotation":0,"texture":"#0"},"up":{"uv":[10.0,14.0,15.0,15.0],"tintindex":0,"rotation":90,"texture":"#0"},"down":{"uv":[15.0,14.0,10.0,15.0],"tintindex":0,"rotation":90,"texture":"#0"}}}],"display":{"gui":{"rotation":[30,225,0]}}}