{"textures":{"0":"modelengine:entity/chromafire_bullet_gold"},"elements":[{"from":[10.5,10.5,10.5],"to":[5.5,5.5,5.5],"faces":{"east":{"uv":[15.0,14.0,10.0,15.0],"tintindex":0,"rotation":0,"texture":"#0"},"south":{"uv":[14.0,14.0,15.0,15.0],"tintindex":0,"rotation":0,"texture":"#0"},"north":{"uv":[10.0,14.0,11.0,15.0],"tintindex":0,"rotation":0,"texture":"#0"},"west":{"uv":[10.0,14.0,15.0,15.0],"tintindex":0,"rotation":0,"texture":"#0"},"up":{"uv":[10.0,14.0,15.0,15.0],"tintindex":0,"rotation":90,"texture":"#0"},"down":{"uv":[15.0,14.0,10.0,15.0],"tintindex":0,"rotation":90,"texture":"#0"}}},{"from":[6.0,6.0,6.0],"to":[10.0,10.0,10.0],"faces":{"east":{"uv":[0.0,4.0,4.0,8.0],"tintindex":0,"rotation":0,"texture":"#0"},"south":{"uv":[4.0,0.0,8.0,4.0],"tintindex":0,"rotation":0,"texture":"#0"},"north":{"uv":[0.0,0.0,4.0,4.0],"tintindex":0,"rotation":0,"texture":"#0"},"west":{"uv":[4.0,4.0,8.0,8.0],"tintindex":0,"rotation":0,"texture":"#0"},"up":{"uv":[4.0,12.0,0.0,8.0],"tintindex":0,"rotation":0,"texture":"#0"},"down":{"uv":[12.0,0.0,8.0,4.0],"tintindex":0,"rotation":0,"texture":"#0"}}}],"display":{"gui":{"rotation":[30,225,0]}}}