{"providers":[{"type":"bitmap","file":"happyhud:font/assets/party_assets/party_health_bar.png","height":8,"ascent":-100500,"chars":[""]},{"type":"bitmap","file":"happyhud:font/assets/party_assets/party_health_bar_full/horizontal/50/1.png","height":6,"ascent":-101500,"chars":[""]},{"type":"bitmap","file":"happyhud:font/assets/party_assets/party_health_bar_full/horizontal/50/2.png","height":6,"ascent":-101500,"chars":[""]},{"type":"bitmap","file":"happyhud:font/assets/party_assets/party_health_bar_full/horizontal/50/3.png","height":6,"ascent":-101500,"chars":[""]},{"type":"bitmap","file":"happyhud:font/assets/party_assets/party_health_bar_full/horizontal/50/4.png","height":6,"ascent":-101500,"chars":[""]},{"type":"bitmap","file":"happyhud:font/assets/party_assets/party_health_bar_full/horizontal/50/5.png","height":6,"ascent":-101500,"chars":[""]},{"type":"bitmap","file":"happyhud:font/assets/party_assets/party_health_bar_full/horizontal/50/6.png","height":6,"ascent":-101500,"chars":[""]},{"type":"bitmap","file":"happyhud:font/assets/party_assets/party_health_bar_full/horizontal/50/7.png","height":6,"ascent":-101500,"chars":[""]},{"type":"bitmap","file":"happyhud:font/assets/party_assets/party_health_bar_full/horizontal/50/8.png","height":6,"ascent":-101500,"chars":[""]},{"type":"bitmap","file":"happyhud:font/assets/party_assets/party_health_bar_full/horizontal/50/9.png","height":6,"ascent":-101500,"chars":[""]},{"type":"bitmap","file":"happyhud:font/assets/party_assets/party_health_bar_full/horizontal/50/10.png","height":6,"ascent":-101500,"chars":[""]},{"type":"bitmap","file":"happyhud:font/assets/party_assets/party_health_bar_full/horizontal/50/11.png","height":6,"ascent":-101500,"chars":[""]},{"type":"bitmap","file":"happyhud:font/assets/party_assets/party_health_bar_full/horizontal/50/12.png","height":6,"ascent":-101500,"chars":[""]},{"type":"bitmap","file":"happyhud:font/assets/party_assets/party_health_bar_full/horizontal/50/13.png","height":6,"ascent":-101500,"chars":[""]},{"type":"bitmap","file":"happyhud:font/assets/party_assets/party_health_bar_full/horizontal/50/14.png","height":6,"ascent":-101500,"chars":[""]},{"type":"bitmap","file":"happyhud:font/assets/party_assets/party_health_bar_full/horizontal/50/15.png","height":6,"ascent":-101500,"chars":[""]},{"type":"bitmap","file":"happyhud:font/assets/party_assets/party_health_bar_full/horizontal/50/16.png","height":6,"ascent":-101500,"chars":[""]},{"type":"bitmap","file":"happyhud:font/assets/party_assets/party_health_bar_full/horizontal/50/17.png","height":6,"ascent":-101500,"chars":[""]},{"type":"bitmap","file":"happyhud:font/assets/party_assets/party_health_bar_full/horizontal/50/18.png","height":6,"ascent":-101500,"chars":[""]},{"type":"bitmap","file":"happyhud:font/assets/party_assets/party_health_bar_full/horizontal/50/19.png","height":6,"ascent":-101500,"chars":[""]},{"type":"bitmap","file":"happyhud:font/assets/party_assets/party_health_bar_full/horizontal/50/20.png","height":6,"ascent":-101500,"chars":[""]},{"type":"bitmap","file":"happyhud:font/assets/party_assets/party_health_bar_full/horizontal/50/21.png","height":6,"ascent":-101500,"chars":[""]},{"type":"bitmap","file":"happyhud:font/assets/party_assets/party_health_bar_full/horizontal/50/22.png","height":6,"ascent":-101500,"chars":[""]},{"type":"bitmap","file":"happyhud:font/assets/party_assets/party_health_bar_full/horizontal/50/23.png","height":6,"ascent":-101500,"chars":[""]},{"type":"bitmap","file":"happyhud:font/assets/party_assets/party_health_bar_full/horizontal/50/24.png","height":6,"ascent":-101500,"chars":[""]},{"type":"bitmap","file":"happyhud:font/assets/party_assets/party_health_bar_full/horizontal/50/25.png","height":6,"ascent":-101500,"chars":[""]},{"type":"bitmap","file":"happyhud:font/assets/party_assets/party_health_bar_full/horizontal/50/26.png","height":6,"ascent":-101500,"chars":[""]},{"type":"bitmap","file":"happyhud:font/assets/party_assets/party_health_bar_full/horizontal/50/27.png","height":6,"ascent":-101500,"chars":[""]},{"type":"bitmap","file":"happyhud:font/assets/party_assets/party_health_bar_full/horizontal/50/28.png","height":6,"ascent":-101500,"chars":[""]},{"type":"bitmap","file":"happyhud:font/assets/party_assets/party_health_bar_full/horizontal/50/29.png","height":6,"ascent":-101500,"chars":[""]},{"type":"bitmap","file":"happyhud:font/assets/party_assets/party_health_bar_full/horizontal/50/30.png","height":6,"ascent":-101500,"chars":[""]},{"type":"bitmap","file":"happyhud:font/assets/party_assets/party_health_bar_full/horizontal/50/31.png","height":6,"ascent":-101500,"chars":[""]},{"type":"bitmap","file":"happyhud:font/assets/party_assets/party_health_bar_full/horizontal/50/32.png","height":6,"ascent":-101500,"chars":[""]},{"type":"bitmap","file":"happyhud:font/assets/party_assets/party_health_bar_full/horizontal/50/33.png","height":6,"ascent":-101500,"chars":[""]},{"type":"bitmap","file":"happyhud:font/assets/party_assets/party_health_bar_full/horizontal/50/34.png","height":6,"ascent":-101500,"chars":[""]},{"type":"bitmap","file":"happyhud:font/assets/party_assets/party_health_bar_full/horizontal/50/35.png","height":6,"ascent":-101500,"chars":[""]},{"type":"bitmap","file":"happyhud:font/assets/party_assets/party_health_bar_full/horizontal/50/36.png","height":6,"ascent":-101500,"chars":[""]},{"type":"bitmap","file":"happyhud:font/assets/party_assets/party_health_bar_full/horizontal/50/37.png","height":6,"ascent":-101500,"chars":[""]},{"type":"bitmap","file":"happyhud:font/assets/party_assets/party_health_bar_full/horizontal/50/38.png","height":6,"ascent":-101500,"chars":[""]},{"type":"bitmap","file":"happyhud:font/assets/party_assets/party_health_bar_full/horizontal/50/39.png","height":6,"ascent":-101500,"chars":[""]},{"type":"bitmap","file":"happyhud:font/assets/party_assets/party_health_bar_full/horizontal/50/40.png","height":6,"ascent":-101500,"chars":[""]},{"type":"bitmap","file":"happyhud:font/assets/party_assets/party_health_bar_full/horizontal/50/41.png","height":6,"ascent":-101500,"chars":[""]},{"type":"bitmap","file":"happyhud:font/assets/party_assets/party_health_bar_full/horizontal/50/42.png","height":6,"ascent":-101500,"chars":[""]},{"type":"bitmap","file":"happyhud:font/assets/party_assets/party_health_bar_full/horizontal/50/43.png","height":6,"ascent":-101500,"chars":[""]},{"type":"bitmap","file":"happyhud:font/assets/party_assets/party_health_bar_full/horizontal/50/44.png","height":6,"ascent":-101500,"chars":[""]},{"type":"bitmap","file":"happyhud:font/assets/party_assets/party_health_bar_full/horizontal/50/45.png","height":6,"ascent":-101500,"chars":[""]},{"type":"bitmap","file":"happyhud:font/assets/party_assets/party_health_bar_full/horizontal/50/46.png","height":6,"ascent":-101500,"chars":[""]},{"type":"bitmap","file":"happyhud:font/assets/party_assets/party_health_bar_full/horizontal/50/47.png","height":6,"ascent":-101500,"chars":[""]},{"type":"bitmap","file":"happyhud:font/assets/party_assets/party_health_bar_full/horizontal/50/48.png","height":6,"ascent":-101500,"chars":[""]},{"type":"bitmap","file":"happyhud:font/assets/party_assets/party_health_bar_full/horizontal/50/49.png","height":6,"ascent":-101500,"chars":[""]},{"type":"bitmap","file":"happyhud:font/assets/party_assets/party_health_bar_full/horizontal/50/50.png","height":6,"ascent":-101500,"chars":[""]},{"type":"bitmap","file":"happyhud:font/assets/party_assets/party_vigilance_warden.png","height":10,"ascent":-102500,"chars":[""]},{"type":"bitmap","file":"happyhud:font/assets/party_assets/party_daring_diver.png","height":12,"ascent":-102500,"chars":[""]},{"type":"bitmap","file":"happyhud:font/assets/party_assets/party_health_bar.png","height":8,"ascent":-103500,"chars":[""]},{"type":"bitmap","file":"happyhud:font/assets/party_assets/party_vigilance_warden.png","height":10,"ascent":-104500,"chars":[""]},{"type":"bitmap","file":"happyhud:font/assets/party_assets/party_daring_diver.png","height":12,"ascent":-104500,"chars":[""]},{"type":"bitmap","file":"happyhud:font/assets/party_assets/party_health_bar.png","height":8,"ascent":-105500,"chars":[""]},{"type":"bitmap","file":"happyhud:font/assets/party_assets/party_vigilance_warden.png","height":10,"ascent":-106500,"chars":[""]},{"type":"bitmap","file":"happyhud:font/assets/party_assets/party_daring_diver.png","height":12,"ascent":-106500,"chars":[""]},{"type":"bitmap","file":"happyhud:font/assets/party_assets/party_health_bar.png","height":8,"ascent":-107500,"chars":[""]},{"type":"bitmap","file":"happyhud:font/assets/party_assets/party_health_bar_full/horizontal/50/1.png","height":6,"ascent":-108500,"chars":[""]},{"type":"bitmap","file":"happyhud:font/assets/party_assets/party_health_bar_full/horizontal/50/2.png","height":6,"ascent":-108500,"chars":[""]},{"type":"bitmap","file":"happyhud:font/assets/party_assets/party_health_bar_full/horizontal/50/3.png","height":6,"ascent":-108500,"chars":[""]},{"type":"bitmap","file":"happyhud:font/assets/party_assets/party_health_bar_full/horizontal/50/4.png","height":6,"ascent":-108500,"chars":[""]},{"type":"bitmap","file":"happyhud:font/assets/party_assets/party_health_bar_full/horizontal/50/5.png","height":6,"ascent":-108500,"chars":[""]},{"type":"bitmap","file":"happyhud:font/assets/party_assets/party_health_bar_full/horizontal/50/6.png","height":6,"ascent":-108500,"chars":[""]},{"type":"bitmap","file":"happyhud:font/assets/party_assets/party_health_bar_full/horizontal/50/7.png","height":6,"ascent":-108500,"chars":[""]},{"type":"bitmap","file":"happyhud:font/assets/party_assets/party_health_bar_full/horizontal/50/8.png","height":6,"ascent":-108500,"chars":[""]},{"type":"bitmap","file":"happyhud:font/assets/party_assets/party_health_bar_full/horizontal/50/9.png","height":6,"ascent":-108500,"chars":[""]},{"type":"bitmap","file":"happyhud:font/assets/party_assets/party_health_bar_full/horizontal/50/10.png","height":6,"ascent":-108500,"chars":[""]},{"type":"bitmap","file":"happyhud:font/assets/party_assets/party_health_bar_full/horizontal/50/11.png","height":6,"ascent":-108500,"chars":[""]},{"type":"bitmap","file":"happyhud:font/assets/party_assets/party_health_bar_full/horizontal/50/12.png","height":6,"ascent":-108500,"chars":[""]},{"type":"bitmap","file":"happyhud:font/assets/party_assets/party_health_bar_full/horizontal/50/13.png","height":6,"ascent":-108500,"chars":[""]},{"type":"bitmap","file":"happyhud:font/assets/party_assets/party_health_bar_full/horizontal/50/14.png","height":6,"ascent":-108500,"chars":[""]},{"type":"bitmap","file":"happyhud:font/assets/party_assets/party_health_bar_full/horizontal/50/15.png","height":6,"ascent":-108500,"chars":[""]},{"type":"bitmap","file":"happyhud:font/assets/party_assets/party_health_bar_full/horizontal/50/16.png","height":6,"ascent":-108500,"chars":[""]},{"type":"bitmap","file":"happyhud:font/assets/party_assets/party_health_bar_full/horizontal/50/17.png","height":6,"ascent":-108500,"chars":[""]},{"type":"bitmap","file":"happyhud:font/assets/party_assets/party_health_bar_full/horizontal/50/18.png","height":6,"ascent":-108500,"chars":[""]},{"type":"bitmap","file":"happyhud:font/assets/party_assets/party_health_bar_full/horizontal/50/19.png","height":6,"ascent":-108500,"chars":[""]},{"type":"bitmap","file":"happyhud:font/assets/party_assets/party_health_bar_full/horizontal/50/20.png","height":6,"ascent":-108500,"chars":[""]},{"type":"bitmap","file":"happyhud:font/assets/party_assets/party_health_bar_full/horizontal/50/21.png","height":6,"ascent":-108500,"chars":[""]},{"type":"bitmap","file":"happyhud:font/assets/party_assets/party_health_bar_full/horizontal/50/22.png","height":6,"ascent":-108500,"chars":[""]},{"type":"bitmap","file":"happyhud:font/assets/party_assets/party_health_bar_full/horizontal/50/23.png","height":6,"ascent":-108500,"chars":[""]},{"type":"bitmap","file":"happyhud:font/assets/party_assets/party_health_bar_full/horizontal/50/24.png","height":6,"ascent":-108500,"chars":[""]},{"type":"bitmap","file":"happyhud:font/assets/party_assets/party_health_bar_full/horizontal/50/25.png","height":6,"ascent":-108500,"chars":[""]},{"type":"bitmap","file":"happyhud:font/assets/party_assets/party_health_bar_full/horizontal/50/26.png","height":6,"ascent":-108500,"chars":[""]},{"type":"bitmap","file":"happyhud:font/assets/party_assets/party_health_bar_full/horizontal/50/27.png","height":6,"ascent":-108500,"chars":[""]},{"type":"bitmap","file":"happyhud:font/assets/party_assets/party_health_bar_full/horizontal/50/28.png","height":6,"ascent":-108500,"chars":[""]},{"type":"bitmap","file":"happyhud:font/assets/party_assets/party_health_bar_full/horizontal/50/29.png","height":6,"ascent":-108500,"chars":[""]},{"type":"bitmap","file":"happyhud:font/assets/party_assets/party_health_bar_full/horizontal/50/30.png","height":6,"ascent":-108500,"chars":[""]},{"type":"bitmap","file":"happyhud:font/assets/party_assets/party_health_bar_full/horizontal/50/31.png","height":6,"ascent":-108500,"chars":[""]},{"type":"bitmap","file":"happyhud:font/assets/party_assets/party_health_bar_full/horizontal/50/32.png","height":6,"ascent":-108500,"chars":[""]},{"type":"bitmap","file":"happyhud:font/assets/party_assets/party_health_bar_full/horizontal/50/33.png","height":6,"ascent":-108500,"chars":[""]},{"type":"bitmap","file":"happyhud:font/assets/party_assets/party_health_bar_full/horizontal/50/34.png","height":6,"ascent":-108500,"chars":[""]},{"type":"bitmap","file":"happyhud:font/assets/party_assets/party_health_bar_full/horizontal/50/35.png","height":6,"ascent":-108500,"chars":[""]},{"type":"bitmap","file":"happyhud:font/assets/party_assets/party_health_bar_full/horizontal/50/36.png","height":6,"ascent":-108500,"chars":[""]},{"type":"bitmap","file":"happyhud:font/assets/party_assets/party_health_bar_full/horizontal/50/37.png","height":6,"ascent":-108500,"chars":[""]},{"type":"bitmap","file":"happyhud:font/assets/party_assets/party_health_bar_full/horizontal/50/38.png","height":6,"ascent":-108500,"chars":[""]},{"type":"bitmap","file":"happyhud:font/assets/party_assets/party_health_bar_full/horizontal/50/39.png","height":6,"ascent":-108500,"chars":[""]},{"type":"bitmap","file":"happyhud:font/assets/party_assets/party_health_bar_full/horizontal/50/40.png","height":6,"ascent":-108500,"chars":[""]},{"type":"bitmap","file":"happyhud:font/assets/party_assets/party_health_bar_full/horizontal/50/41.png","height":6,"ascent":-108500,"chars":[""]},{"type":"bitmap","file":"happyhud:font/assets/party_assets/party_health_bar_full/horizontal/50/42.png","height":6,"ascent":-108500,"chars":[""]},{"type":"bitmap","file":"happyhud:font/assets/party_assets/party_health_bar_full/horizontal/50/43.png","height":6,"ascent":-108500,"chars":[""]},{"type":"bitmap","file":"happyhud:font/assets/party_assets/party_health_bar_full/horizontal/50/44.png","height":6,"ascent":-108500,"chars":[""]},{"type":"bitmap","file":"happyhud:font/assets/party_assets/party_health_bar_full/horizontal/50/45.png","height":6,"ascent":-108500,"chars":[""]},{"type":"bitmap","file":"happyhud:font/assets/party_assets/party_health_bar_full/horizontal/50/46.png","height":6,"ascent":-108500,"chars":[""]},{"type":"bitmap","file":"happyhud:font/assets/party_assets/party_health_bar_full/horizontal/50/47.png","height":6,"ascent":-108500,"chars":[""]},{"type":"bitmap","file":"happyhud:font/assets/party_assets/party_health_bar_full/horizontal/50/48.png","height":6,"ascent":-108500,"chars":[""]},{"type":"bitmap","file":"happyhud:font/assets/party_assets/party_health_bar_full/horizontal/50/49.png","height":6,"ascent":-108500,"chars":[""]},{"type":"bitmap","file":"happyhud:font/assets/party_assets/party_health_bar_full/horizontal/50/50.png","height":6,"ascent":-108500,"chars":[""]},{"type":"bitmap","file":"happyhud:font/assets/party_assets/party_vigilance_warden.png","height":10,"ascent":-109500,"chars":[""]},{"type":"bitmap","file":"happyhud:font/assets/party_assets/party_daring_diver.png","height":12,"ascent":-109500,"chars":[""]},{"type":"bitmap","file":"happyhud:font/assets/party_assets/party_vigilance_warden.png","height":10,"ascent":-110500,"chars":[""]},{"type":"bitmap","file":"happyhud:font/assets/party_assets/party_daring_diver.png","height":12,"ascent":-110500,"chars":[""]},{"type":"bitmap","file":"happyhud:font/assets/party_assets/party_health_bar.png","height":8,"ascent":-111500,"chars":[""]},{"type":"bitmap","file":"happyhud:font/assets/party_assets/party_health_bar_full/horizontal/50/1.png","height":6,"ascent":-112500,"chars":[""]},{"type":"bitmap","file":"happyhud:font/assets/party_assets/party_health_bar_full/horizontal/50/2.png","height":6,"ascent":-112500,"chars":[""]},{"type":"bitmap","file":"happyhud:font/assets/party_assets/party_health_bar_full/horizontal/50/3.png","height":6,"ascent":-112500,"chars":[""]},{"type":"bitmap","file":"happyhud:font/assets/party_assets/party_health_bar_full/horizontal/50/4.png","height":6,"ascent":-112500,"chars":[""]},{"type":"bitmap","file":"happyhud:font/assets/party_assets/party_health_bar_full/horizontal/50/5.png","height":6,"ascent":-112500,"chars":[""]},{"type":"bitmap","file":"happyhud:font/assets/party_assets/party_health_bar_full/horizontal/50/6.png","height":6,"ascent":-112500,"chars":[""]},{"type":"bitmap","file":"happyhud:font/assets/party_assets/party_health_bar_full/horizontal/50/7.png","height":6,"ascent":-112500,"chars":[""]},{"type":"bitmap","file":"happyhud:font/assets/party_assets/party_health_bar_full/horizontal/50/8.png","height":6,"ascent":-112500,"chars":[""]},{"type":"bitmap","file":"happyhud:font/assets/party_assets/party_health_bar_full/horizontal/50/9.png","height":6,"ascent":-112500,"chars":[""]},{"type":"bitmap","file":"happyhud:font/assets/party_assets/party_health_bar_full/horizontal/50/10.png","height":6,"ascent":-112500,"chars":[""]},{"type":"bitmap","file":"happyhud:font/assets/party_assets/party_health_bar_full/horizontal/50/11.png","height":6,"ascent":-112500,"chars":[""]},{"type":"bitmap","file":"happyhud:font/assets/party_assets/party_health_bar_full/horizontal/50/12.png","height":6,"ascent":-112500,"chars":[""]},{"type":"bitmap","file":"happyhud:font/assets/party_assets/party_health_bar_full/horizontal/50/13.png","height":6,"ascent":-112500,"chars":[""]},{"type":"bitmap","file":"happyhud:font/assets/party_assets/party_health_bar_full/horizontal/50/14.png","height":6,"ascent":-112500,"chars":[""]},{"type":"bitmap","file":"happyhud:font/assets/party_assets/party_health_bar_full/horizontal/50/15.png","height":6,"ascent":-112500,"chars":[""]},{"type":"bitmap","file":"happyhud:font/assets/party_assets/party_health_bar_full/horizontal/50/16.png","height":6,"ascent":-112500,"chars":[""]},{"type":"bitmap","file":"happyhud:font/assets/party_assets/party_health_bar_full/horizontal/50/17.png","height":6,"ascent":-112500,"chars":[""]},{"type":"bitmap","file":"happyhud:font/assets/party_assets/party_health_bar_full/horizontal/50/18.png","height":6,"ascent":-112500,"chars":[""]},{"type":"bitmap","file":"happyhud:font/assets/party_assets/party_health_bar_full/horizontal/50/19.png","height":6,"ascent":-112500,"chars":[""]},{"type":"bitmap","file":"happyhud:font/assets/party_assets/party_health_bar_full/horizontal/50/20.png","height":6,"ascent":-112500,"chars":[""]},{"type":"bitmap","file":"happyhud:font/assets/party_assets/party_health_bar_full/horizontal/50/21.png","height":6,"ascent":-112500,"chars":[""]},{"type":"bitmap","file":"happyhud:font/assets/party_assets/party_health_bar_full/horizontal/50/22.png","height":6,"ascent":-112500,"chars":[""]},{"type":"bitmap","file":"happyhud:font/assets/party_assets/party_health_bar_full/horizontal/50/23.png","height":6,"ascent":-112500,"chars":[""]},{"type":"bitmap","file":"happyhud:font/assets/party_assets/party_health_bar_full/horizontal/50/24.png","height":6,"ascent":-112500,"chars":[""]},{"type":"bitmap","file":"happyhud:font/assets/party_assets/party_health_bar_full/horizontal/50/25.png","height":6,"ascent":-112500,"chars":[""]},{"type":"bitmap","file":"happyhud:font/assets/party_assets/party_health_bar_full/horizontal/50/26.png","height":6,"ascent":-112500,"chars":[""]},{"type":"bitmap","file":"happyhud:font/assets/party_assets/party_health_bar_full/horizontal/50/27.png","height":6,"ascent":-112500,"chars":[""]},{"type":"bitmap","file":"happyhud:font/assets/party_assets/party_health_bar_full/horizontal/50/28.png","height":6,"ascent":-112500,"chars":[""]},{"type":"bitmap","file":"happyhud:font/assets/party_assets/party_health_bar_full/horizontal/50/29.png","height":6,"ascent":-112500,"chars":[""]},{"type":"bitmap","file":"happyhud:font/assets/party_assets/party_health_bar_full/horizontal/50/30.png","height":6,"ascent":-112500,"chars":[""]},{"type":"bitmap","file":"happyhud:font/assets/party_assets/party_health_bar_full/horizontal/50/31.png","height":6,"ascent":-112500,"chars":[""]},{"type":"bitmap","file":"happyhud:font/assets/party_assets/party_health_bar_full/horizontal/50/32.png","height":6,"ascent":-112500,"chars":[""]},{"type":"bitmap","file":"happyhud:font/assets/party_assets/party_health_bar_full/horizontal/50/33.png","height":6,"ascent":-112500,"chars":[""]},{"type":"bitmap","file":"happyhud:font/assets/party_assets/party_health_bar_full/horizontal/50/34.png","height":6,"ascent":-112500,"chars":[""]},{"type":"bitmap","file":"happyhud:font/assets/party_assets/party_health_bar_full/horizontal/50/35.png","height":6,"ascent":-112500,"chars":[""]},{"type":"bitmap","file":"happyhud:font/assets/party_assets/party_health_bar_full/horizontal/50/36.png","height":6,"ascent":-112500,"chars":[""]},{"type":"bitmap","file":"happyhud:font/assets/party_assets/party_health_bar_full/horizontal/50/37.png","height":6,"ascent":-112500,"chars":[""]},{"type":"bitmap","file":"happyhud:font/assets/party_assets/party_health_bar_full/horizontal/50/38.png","height":6,"ascent":-112500,"chars":[""]},{"type":"bitmap","file":"happyhud:font/assets/party_assets/party_health_bar_full/horizontal/50/39.png","height":6,"ascent":-112500,"chars":[""]},{"type":"bitmap","file":"happyhud:font/assets/party_assets/party_health_bar_full/horizontal/50/40.png","height":6,"ascent":-112500,"chars":[""]},{"type":"bitmap","file":"happyhud:font/assets/party_assets/party_health_bar_full/horizontal/50/41.png","height":6,"ascent":-112500,"chars":[""]},{"type":"bitmap","file":"happyhud:font/assets/party_assets/party_health_bar_full/horizontal/50/42.png","height":6,"ascent":-112500,"chars":[""]},{"type":"bitmap","file":"happyhud:font/assets/party_assets/party_health_bar_full/horizontal/50/43.png","height":6,"ascent":-112500,"chars":[""]},{"type":"bitmap","file":"happyhud:font/assets/party_assets/party_health_bar_full/horizontal/50/44.png","height":6,"ascent":-112500,"chars":[""]},{"type":"bitmap","file":"happyhud:font/assets/party_assets/party_health_bar_full/horizontal/50/45.png","height":6,"ascent":-112500,"chars":[""]},{"type":"bitmap","file":"happyhud:font/assets/party_assets/party_health_bar_full/horizontal/50/46.png","height":6,"ascent":-112500,"chars":[""]},{"type":"bitmap","file":"happyhud:font/assets/party_assets/party_health_bar_full/horizontal/50/47.png","height":6,"ascent":-112500,"chars":[""]},{"type":"bitmap","file":"happyhud:font/assets/party_assets/party_health_bar_full/horizontal/50/48.png","height":6,"ascent":-112500,"chars":[""]},{"type":"bitmap","file":"happyhud:font/assets/party_assets/party_health_bar_full/horizontal/50/49.png","height":6,"ascent":-112500,"chars":[""]},{"type":"bitmap","file":"happyhud:font/assets/party_assets/party_health_bar_full/horizontal/50/50.png","height":6,"ascent":-112500,"chars":[""]},{"type":"bitmap","file":"happyhud:font/assets/party_assets/party_vigilance_warden.png","height":10,"ascent":-113500,"chars":[""]},{"type":"bitmap","file":"happyhud:font/assets/party_assets/party_daring_diver.png","height":12,"ascent":-113500,"chars":[""]}]}