{
	"credit": "Made with Blockbench",
	"texture_size": [128, 128],
	"textures": {
		"0": "item/decorations/crates_and_barrels"
	},
	"elements": [
		{
			"from": [2, 0, 2],
			"to": [14, 15, 14],
			"rotation": {"angle": 0, "axis": "y", "origin": [8, 0, 8]},
			"faces": {
				"north": {"uv": [1.5, 0.5, 3, 2.375], "texture": "#0"},
				"east": {"uv": [1.5, 0.5, 3, 2.375], "texture": "#0"},
				"south": {"uv": [0, 0.5, 1.5, 2.375], "texture": "#0"},
				"west": {"uv": [0, 0.5, 1.5, 2.375], "texture": "#0"},
				"up": {"uv": [1.5, 0.875, 3, 2.375], "texture": "#0"},
				"down": {"uv": [1.5, 2.375, 3, 3.875], "texture": "#0"}
			}
		},
		{
			"from": [1.8, 2, 1.8],
			"to": [14.2, 5, 14.2],
			"rotation": {"angle": 0, "axis": "y", "origin": [8, 0, 8]},
			"faces": {
				"north": {"uv": [0, 0, 1.55, 0.375], "texture": "#0"},
				"east": {"uv": [0, 0, 1.55, 0.375], "texture": "#0"},
				"south": {"uv": [0, 0, 1.55, 0.375], "texture": "#0"},
				"west": {"uv": [0, 0, 1.55, 0.375], "texture": "#0"}
			}
		},
		{
			"from": [1.8, 11, 1.8],
			"to": [14.2, 14, 14.2],
			"rotation": {"angle": 0, "axis": "y", "origin": [8, 0, 8]},
			"faces": {
				"north": {"uv": [0, 0, 1.55, 0.375], "texture": "#0"},
				"east": {"uv": [0, 0, 1.55, 0.375], "texture": "#0"},
				"south": {"uv": [0, 0, 1.55, 0.375], "texture": "#0"},
				"west": {"uv": [0, 0, 1.55, 0.375], "texture": "#0"}
			}
		},
		{
			"from": [2, 15, 2],
			"to": [14, 16, 5],
			"rotation": {"angle": 0, "axis": "y", "origin": [8, 0, 8]},
			"faces": {
				"north": {"uv": [1.5, 0.375, 3, 0.5], "texture": "#0"},
				"east": {"uv": [0.875, 0.375, 1.25, 0.5], "texture": "#0"},
				"south": {"uv": [0, 3.5, 1.5, 3.625], "texture": "#0"},
				"west": {"uv": [0, 0.375, 0.375, 0.5], "texture": "#0"},
				"up": {"uv": [1.5, 2.375, 0, 2.75], "texture": "#0"}
			}
		},
		{
			"from": [2, 15, 11],
			"to": [14, 16, 14],
			"rotation": {"angle": 0, "axis": "y", "origin": [8, 0, 8]},
			"faces": {
				"north": {"uv": [0.25, 2.625, 1.25, 2.75], "texture": "#0"},
				"east": {"uv": [1.5, 0.375, 1.875, 0.5], "texture": "#0"},
				"south": {"uv": [0, 0.375, 1.5, 0.5], "texture": "#0"},
				"west": {"uv": [2, 0.375, 2.375, 0.5], "texture": "#0"},
				"up": {"uv": [1.5, 2.75, 0, 2.375], "texture": "#0"}
			}
		},
		{
			"from": [2, 15, 5],
			"to": [5, 16, 11],
			"rotation": {"angle": 0, "axis": "y", "origin": [8, 0, 8]},
			"faces": {
				"north": {"uv": [0, 0, 0.375, 0.125], "texture": "#0"},
				"east": {"uv": [0.5, 3.5, 1.25, 3.625], "texture": "#0"},
				"south": {"uv": [0, 0, 0.375, 0.125], "texture": "#0"},
				"west": {"uv": [2.125, 0.375, 2.875, 0.5], "texture": "#0"},
				"up": {"uv": [1.5, 2.75, 1.125, 3.5], "texture": "#0"}
			}
		},
		{
			"from": [11, 15, 5],
			"to": [14, 16, 11],
			"rotation": {"angle": 0, "axis": "y", "origin": [8, 0, 8]},
			"faces": {
				"north": {"uv": [0, 0, 0.375, 0.125], "texture": "#0"},
				"east": {"uv": [1.875, 0.375, 2.625, 0.5], "texture": "#0"},
				"south": {"uv": [0, 0, 0.375, 0.125], "texture": "#0"},
				"west": {"uv": [0.375, 3.5, 1.125, 3.625], "texture": "#0"},
				"up": {"uv": [1.125, 2.75, 1.5, 3.5], "texture": "#0"}
			}
		},
		{
			"from": [7, 14.5, 8],
			"to": [9, 15.5, 10],
			"rotation": {"angle": 0, "axis": "y", "origin": [8, 0, 8]},
			"faces": {
				"north": {"uv": [0.375, 2.75, 0.625, 2.875], "texture": "#0"},
				"east": {"uv": [0.375, 2.75, 0.625, 2.875], "texture": "#0"},
				"south": {"uv": [0.375, 2.75, 0.625, 2.875], "texture": "#0"},
				"west": {"uv": [0.375, 2.75, 0.625, 2.875], "texture": "#0"},
				"up": {"uv": [0.375, 2.75, 0.625, 3], "texture": "#0"}
			}
		}
	],
	"display": {
		"thirdperson_righthand": {
			"rotation": [54, 0, 0],
			"translation": [0, 1.5, 0.5],
			"scale": [0.2, 0.2, 0.2]
		},
		"firstperson_righthand": {
			"rotation": [0, 50, 0],
			"translation": [1.5, 0.5, -1.5],
			"scale": [0.5, 0.5, 0.5]
		},
		"ground": {
			"translation": [0, 2, 0],
			"scale": [0.4, 0.4, 0.4]
		},
		"gui": {
			"rotation": [30, -130, 0],
			"scale": [0.6, 0.6, 0.6]
		},
		"fixed": {
			"rotation": [-90, 0, 0],
			"translation": [0, 0, -16],
			"scale": [2, 2, 2]
		}
	}
}