{
	"credit": "Made with Blockbench",
	"textures": {
		"0": "item/decorations/coinpile",
		"particle": "item/decorations/coinpile"
	},
	"elements": [
		{
			"from": [6, -2.1, 6],
			"to": [13, 0.9, 11],
			"rotation": {"angle": 45, "axis": "z", "origin": [4, 0, 0]},
			"faces": {
				"north": {"uv": [9, 5, 16, 8], "texture": "#0"},
				"east": {"uv": [9, 8, 14, 11], "texture": "#0"},
				"south": {"uv": [9, 5, 16, 8], "texture": "#0"},
				"west": {"uv": [9, 8, 14, 11], "texture": "#0"},
				"up": {"uv": [9, 0, 16, 5], "rotation": 180, "texture": "#0"},
				"down": {"uv": [9, 0, 16, 5], "texture": "#0"}
			}
		},
		{
			"from": [10, 0, 5],
			"to": [15, 3, 12],
			"rotation": {"angle": 0, "axis": "y", "origin": [4, 0, 0]},
			"faces": {
				"north": {"uv": [9, 8, 14, 11], "texture": "#0"},
				"east": {"uv": [9, 5, 16, 8], "texture": "#0"},
				"south": {"uv": [9, 8, 14, 11], "texture": "#0"},
				"west": {"uv": [9, 5, 16, 8], "texture": "#0"},
				"up": {"uv": [9, 0, 16, 5], "rotation": 90, "texture": "#0"},
				"down": {"uv": [9, 0, 16, 5], "rotation": 90, "texture": "#0"}
			}
		},
		{
			"from": [0.3, 0, 3.25],
			"to": [3.3, 3, 6.25],
			"rotation": {"angle": 22.5, "axis": "y", "origin": [1.6, 0, -5]},
			"faces": {
				"north": {"uv": [3, 0, 6, 3], "texture": "#0"},
				"east": {"uv": [3, 0, 6, 3], "texture": "#0"},
				"south": {"uv": [3, 0, 6, 3], "texture": "#0"},
				"west": {"uv": [3, 0, 6, 3], "texture": "#0"},
				"up": {"uv": [3, 12, 6, 15], "texture": "#0"}
			}
		},
		{
			"from": [11.4, 0, -6.25],
			"to": [14.4, 1, -3.25],
			"rotation": {"angle": -45, "axis": "y", "origin": [1.6, 0, -5.25]},
			"faces": {
				"north": {"uv": [0, 0, 3, 1], "texture": "#0"},
				"east": {"uv": [0, 0, 3, 1], "texture": "#0"},
				"south": {"uv": [0, 0, 3, 1], "texture": "#0"},
				"west": {"uv": [0, 0, 3, 1], "texture": "#0"},
				"up": {"uv": [0, 12, 3, 15], "texture": "#0"}
			}
		},
		{
			"from": [11.3, 0, 3.35],
			"to": [14.3, 2, 6.35],
			"rotation": {"angle": -45, "axis": "y", "origin": [1.6, 0, -5.25]},
			"faces": {
				"north": {"uv": [0, 0, 3, 2], "texture": "#0"},
				"east": {"uv": [0, 0, 3, 2], "texture": "#0"},
				"south": {"uv": [0, 0, 3, 2], "texture": "#0"},
				"west": {"uv": [0, 0, 3, 2], "texture": "#0"},
				"up": {"uv": [0, 12, 3, 15], "texture": "#0"}
			}
		},
		{
			"from": [4, 0, 11.65],
			"to": [7, 1, 14.65],
			"rotation": {"angle": 0, "axis": "y", "origin": [5, 0, 0]},
			"faces": {
				"north": {"uv": [0, 0, 3, 1], "texture": "#0"},
				"east": {"uv": [0, 0, 3, 1], "texture": "#0"},
				"south": {"uv": [0, 0, 3, 1], "texture": "#0"},
				"west": {"uv": [0, 0, 3, 1], "texture": "#0"},
				"up": {"uv": [0, 12, 3, 15], "texture": "#0"}
			}
		},
		{
			"from": [1, 4.05, 3.1],
			"to": [4, 7.05, 4.1],
			"rotation": {"angle": 45, "axis": "x", "origin": [5, 0, 0]},
			"faces": {
				"north": {"uv": [0, 12, 3, 15], "texture": "#0"},
				"east": {"uv": [0, 0, 3, 1], "rotation": 90, "texture": "#0"},
				"south": {"uv": [0, 12, 3, 15], "rotation": 270, "texture": "#0"},
				"west": {"uv": [0, 13, 3, 14], "rotation": 270, "texture": "#0"},
				"up": {"uv": [0, 12, 3, 13], "rotation": 180, "texture": "#0"},
				"down": {"uv": [0, 0, 3, 1], "rotation": 180, "texture": "#0"}
			}
		}
	],
	"display": {
		"fixed": {
			"rotation": [-90, 0, 0],
			"translation": [0, 0, -16],
			"scale": [2, 2, 2]
		}
	}
}