{
	"credit": "Made with Blockbench",
	"textures": {
		"0": "item/decorations/coinpile",
		"particle": "item/decorations/coinpile"
	},
	"elements": [
		{
			"from": [2, -0.1, 7],
			"to": [9, 2.9, 12],
			"rotation": {"angle": 22.5, "axis": "z", "origin": [2, 0, 0]},
			"faces": {
				"north": {"uv": [9, 5, 16, 8], "texture": "#0"},
				"east": {"uv": [9, 8, 14, 11], "texture": "#0"},
				"south": {"uv": [9, 5, 16, 8], "texture": "#0"},
				"west": {"uv": [9, 8, 14, 11], "texture": "#0"},
				"up": {"uv": [9, 0, 16, 5], "rotation": 180, "texture": "#0"},
				"down": {"uv": [9, 0, 16, 5], "texture": "#0"}
			}
		},
		{
			"from": [8, 0, 5],
			"to": [13, 3, 12],
			"rotation": {"angle": 0, "axis": "y", "origin": [2, 0, 0]},
			"faces": {
				"north": {"uv": [9, 8, 14, 11], "texture": "#0"},
				"east": {"uv": [9, 5, 16, 8], "texture": "#0"},
				"south": {"uv": [9, 8, 14, 11], "texture": "#0"},
				"west": {"uv": [9, 5, 16, 8], "texture": "#0"},
				"up": {"uv": [9, 0, 16, 5], "rotation": 90, "texture": "#0"},
				"down": {"uv": [9, 0, 16, 5], "rotation": 90, "texture": "#0"}
			}
		}
	],
	"display": {
		"fixed": {
			"rotation": [-90, 0, 0],
			"translation": [0, 0, -16],
			"scale": [2, 2, 2]
		}
	}
}