{
	"credit": "Made with Blockbench",
	"textures": {
		"0": "item/decorations/coinpile",
		"particle": "item/decorations/coinpile"
	},
	"elements": [
		{
			"from": [7, 0, 5.75],
			"to": [10, 3, 8.75],
			"faces": {
				"north": {"uv": [9, 0, 6, 3], "texture": "#0"},
				"east": {"uv": [6, 0, 9, 3], "texture": "#0"},
				"south": {"uv": [9, 0, 6, 3], "texture": "#0"},
				"west": {"uv": [6, 0, 9, 3], "texture": "#0"},
				"up": {"uv": [6, 12, 9, 15], "texture": "#0"}
			}
		},
		{
			"from": [5, 0, 12.35],
			"to": [8, 2, 15.35],
			"rotation": {"angle": 22.5, "axis": "y", "origin": [0, 0, 0]},
			"faces": {
				"north": {"uv": [9, 2, 6, 4], "texture": "#0"},
				"east": {"uv": [6, 2, 9, 4], "texture": "#0"},
				"south": {"uv": [9, 2, 6, 4], "texture": "#0"},
				"west": {"uv": [6, 2, 9, 4], "texture": "#0"},
				"up": {"uv": [6, 12, 9, 15], "texture": "#0"}
			}
		},
		{
			"from": [8, 1.8, 3.25],
			"to": [11, 4.8, 4.25],
			"rotation": {"angle": 22.5, "axis": "x", "origin": [0, 0, -0.25]},
			"faces": {
				"north": {"uv": [6, 12, 9, 15], "texture": "#0"},
				"east": {"uv": [6, 13, 9, 14], "rotation": 270, "texture": "#0"},
				"south": {"uv": [6, 12, 9, 15], "rotation": 270, "texture": "#0"},
				"west": {"uv": [9, 13, 6, 14], "rotation": 90, "texture": "#0"},
				"up": {"uv": [6, 13, 9, 14], "rotation": 180, "texture": "#0"},
				"down": {"uv": [9, 13, 6, 14], "rotation": 180, "texture": "#0"}
			}
		},
		{
			"from": [2, 5.1, 9.15],
			"to": [5, 6.1, 12.15],
			"rotation": {"angle": 22.5, "axis": "x", "origin": [0, 0, -0.25]},
			"faces": {
				"north": {"uv": [9, 13, 6, 14], "texture": "#0"},
				"east": {"uv": [6, 13, 9, 14], "texture": "#0"},
				"south": {"uv": [6, 14, 9, 15], "texture": "#0"},
				"west": {"uv": [9, 14, 6, 15], "texture": "#0"},
				"up": {"uv": [6, 12, 9, 15], "texture": "#0"},
				"down": {"uv": [6, 12, 9, 15], "rotation": 90, "texture": "#0"}
			}
		},
		{
			"from": [6, 0, -2.25],
			"to": [9, 1, 0.75],
			"rotation": {"angle": -45, "axis": "y", "origin": [0, 0, -0.25]},
			"faces": {
				"north": {"uv": [3, 12, 6, 13], "texture": "#0"},
				"east": {"uv": [3, 0, 6, 1], "texture": "#0"},
				"south": {"uv": [3, 0, 6, 1], "texture": "#0"},
				"west": {"uv": [6, 12, 3, 13], "texture": "#0"},
				"up": {"uv": [3, 12, 6, 15], "rotation": 270, "texture": "#0"}
			}
		},
		{
			"from": [9.6, 0, 5.95],
			"to": [12.6, 1, 8.95],
			"rotation": {"angle": -22.5, "axis": "y", "origin": [0, 0, -0.25]},
			"faces": {
				"north": {"uv": [3, 0, 6, 1], "texture": "#0"},
				"east": {"uv": [6, 14, 3, 15], "texture": "#0"},
				"south": {"uv": [6, 0, 3, 1], "texture": "#0"},
				"west": {"uv": [3, 0, 6, 1], "texture": "#0"},
				"up": {"uv": [3, 12, 6, 15], "rotation": 180, "texture": "#0"}
			}
		},
		{
			"from": [-0.9, 0, 8.45],
			"to": [2.1, 1, 11.45],
			"rotation": {"angle": 22.5, "axis": "y", "origin": [0, 0, -0.25]},
			"faces": {
				"north": {"uv": [9, 14, 6, 15], "texture": "#0"},
				"east": {"uv": [6, 0, 9, 1], "texture": "#0"},
				"south": {"uv": [9, 0, 6, 1], "texture": "#0"},
				"west": {"uv": [6, 0, 9, 1], "texture": "#0"},
				"up": {"uv": [6, 12, 9, 15], "rotation": 180, "texture": "#0"}
			}
		}
	],
	"display": {
		"fixed": {
			"rotation": [-90, 0, 0],
			"translation": [0, 0, -16],
			"scale": [2, 2, 2]
		}
	}
}