{
	"credit": "Made with Blockbench",
	"texture_size": [64, 64],
	"textures": {
		"0": "item/decorations/copper_pipes",
		"particle": "item/decorations/copper_pipes"
	},
	"elements": [
		{
			"from": [3, 0, 3],
			"to": [13, 16, 13],
			"rotation": {"angle": 0, "axis": "y", "origin": [3, 0, 3]},
			"faces": {
				"north": {"uv": [0, 0, 2.5, 4], "texture": "#0"},
				"east": {"uv": [0, 0, 2.5, 4], "texture": "#0"},
				"south": {"uv": [0, 0, 2.5, 4], "texture": "#0"},
				"west": {"uv": [0, 0, 2.5, 4], "texture": "#0"},
				"up": {"uv": [0.25, 4.25, 2.75, 6.75], "texture": "#0"},
				"down": {"uv": [0.25, 4.25, 2.75, 6.75], "texture": "#0"}
			}
		}
	],
	"display": {
		"fixed": {
			"translation": [0, 0, -16],
			"scale": [2, 2, 2]
		}
	}
}