{
	"credit": "Made with Blockbench",
	"texture_size": [32, 32],
	"textures": {
		"0": "item/decorations/incense_burner",
		"particle": "item/decorations/incense_burner"
	},
	"elements": [
		{
			"from": [0, 2, 0],
			"to": [16, 12, 16],
			"faces": {
				"north": {"uv": [0, 8, 8, 13], "texture": "#0", "tintindex": 0},
				"east": {"uv": [0, 8, 8, 13], "texture": "#0", "tintindex": 0},
				"south": {"uv": [0, 8, 8, 13], "texture": "#0", "tintindex": 0},
				"west": {"uv": [0, 8, 8, 13], "texture": "#0", "tintindex": 0},
				"up": {"uv": [0, 0, 8, 8], "texture": "#0", "tintindex": 0},
				"down": {"uv": [8, 6, 16, 14], "texture": "#0", "tintindex": 0}
			}
		},
		{
			"from": [0, 0, 0],
			"to": [2, 2, 2],
			"faces": {
				"north": {"uv": [1, 13, 0, 14], "texture": "#0", "tintindex": 0},
				"east": {"uv": [1, 13, 0.5, 14], "texture": "#0", "tintindex": 0},
				"south": {"uv": [0.5, 13, 1, 14], "texture": "#0", "tintindex": 0},
				"west": {"uv": [0, 13, 1, 14], "texture": "#0", "tintindex": 0},
				"down": {"uv": [0, 13, 1, 14], "texture": "#0", "tintindex": 0}
			}
		},
		{
			"from": [14, 0, 0],
			"to": [16, 2, 2],
			"faces": {
				"north": {"uv": [0, 13, 1, 14], "texture": "#0", "tintindex": 0},
				"east": {"uv": [1, 13, 0, 14], "texture": "#0", "tintindex": 0},
				"south": {"uv": [0.5, 13, 1, 14], "texture": "#0", "tintindex": 0},
				"west": {"uv": [0.5, 13, 1, 14], "texture": "#0", "tintindex": 0},
				"down": {"uv": [0, 13, 1, 14], "texture": "#0", "tintindex": 0}
			}
		},
		{
			"from": [0, 0, 14],
			"to": [2, 2, 16],
			"faces": {
				"north": {"uv": [1, 13, 0.5, 14], "texture": "#0", "tintindex": 0},
				"east": {"uv": [0.5, 13, 1, 14], "texture": "#0", "tintindex": 0},
				"south": {"uv": [0, 13, 1, 14], "texture": "#0", "tintindex": 0},
				"west": {"uv": [1, 13, 0, 14], "texture": "#0", "tintindex": 0},
				"down": {"uv": [0, 13, 1, 14], "texture": "#0", "tintindex": 0}
			}
		},
		{
			"from": [14, 0, 14],
			"to": [16, 2, 16],
			"faces": {
				"north": {"uv": [1, 13, 0.5, 14], "texture": "#0", "tintindex": 0},
				"east": {"uv": [0, 13, 1, 14], "texture": "#0", "tintindex": 0},
				"south": {"uv": [1, 13, 0, 14], "texture": "#0", "tintindex": 0},
				"west": {"uv": [1, 13, 0.5, 14], "texture": "#0", "tintindex": 0},
				"down": {"uv": [0, 13, 1, 14], "texture": "#0", "tintindex": 0}
			}
		},
		{
			"from": [7, 14, 7],
			"to": [9, 16, 9],
			"faces": {
				"north": {"uv": [1, 15, 0, 16], "texture": "#0", "tintindex": 0},
				"east": {"uv": [0, 15, 1, 16], "texture": "#0", "tintindex": 0},
				"south": {"uv": [0, 15, 1, 16], "texture": "#0", "tintindex": 0},
				"west": {"uv": [1, 15, 0, 16], "texture": "#0", "tintindex": 0},
				"up": {"uv": [0, 14, 1, 15], "texture": "#0", "tintindex": 0}
			}
		},
		{
			"from": [2, 12, 2],
			"to": [14, 14, 14],
			"faces": {
				"north": {"uv": [1, 12, 7, 13], "texture": "#0", "tintindex": 0},
				"east": {"uv": [1, 12, 7, 13], "texture": "#0", "tintindex": 0},
				"south": {"uv": [1, 12, 7, 13], "texture": "#0", "tintindex": 0},
				"west": {"uv": [1, 12, 7, 13], "texture": "#0", "tintindex": 0},
				"up": {"uv": [8, 0, 14, 6], "texture": "#0", "tintindex": 0},
				"down": {"uv": [8, 0, 14, 6], "texture": "#0", "tintindex": 0}
			}
		}
	]
}