{
	"parent": "decorations/jar_a_1",
	"texture_size": [32, 32],
	"textures": {
		"0": "item/decorations/jar_small_c",
		"particle": "item/decorations/jar_small_c"
	},
	"elements": [
		{
			"from": [0, 2, 2],
			"to": [16, 11, 14],
			"faces": {
				"north": {"uv": [0, 0, 8, 4.5], "texture": "#0", "tintindex": 0},
				"east": {"uv": [8, 0, 14, 4.5], "texture": "#0", "tintindex": 0},
				"south": {"uv": [0, 0, 8, 4.5], "texture": "#0", "tintindex": 0},
				"west": {"uv": [8, 0, 14, 4.5], "texture": "#0", "tintindex": 0},
				"up": {"uv": [0, 4.5, 8, 10.5], "texture": "#0", "tintindex": 0},
				"down": {"uv": [0, 3.5, 1, 4.5], "texture": "#0", "tintindex": 0}
			}
		},
		{
			"from": [2, 0, 3],
			"to": [14, 2, 13],
			"faces": {
				"north": {"uv": [0, 11, 6, 12], "texture": "#0", "tintindex": 0},
				"east": {"uv": [0, 11, 5, 12], "texture": "#0", "tintindex": 0},
				"south": {"uv": [0, 11, 6, 12], "texture": "#0", "tintindex": 0},
				"west": {"uv": [0, 11, 5, 12], "texture": "#0", "tintindex": 0},
				"down": {"uv": [5, 5, 6, 6], "texture": "#0", "tintindex": 0}
			}
		},
		{
			"from": [3, 11, 4],
			"to": [13, 12, 12],
			"faces": {
				"north": {"uv": [1.5, 3.5, 6.5, 4], "texture": "#0", "tintindex": 0},
				"east": {"uv": [1.5, 3.5, 5.5, 4], "texture": "#0", "tintindex": 0},
				"south": {"uv": [1.5, 3.5, 6.5, 4], "texture": "#0", "tintindex": 0},
				"west": {"uv": [1.5, 3.5, 5.5, 4], "texture": "#0", "tintindex": 0}
			}
		},
		{
			"from": [2, 12, 3],
			"to": [14, 14, 13],
			"faces": {
				"north": {"uv": [8, 9.5, 14, 10.5], "texture": "#0", "tintindex": 0},
				"east": {"uv": [8, 9.5, 13, 10.5], "texture": "#0", "tintindex": 0},
				"south": {"uv": [8, 9.5, 14, 10.5], "texture": "#0", "tintindex": 0},
				"west": {"uv": [8, 9.5, 13, 10.5], "texture": "#0", "tintindex": 0},
				"up": {"uv": [8, 4.5, 14, 9.5], "texture": "#0", "tintindex": 0},
				"down": {"uv": [8, 4.5, 14, 9.5], "texture": "#0", "tintindex": 0}
			}
		}
	]
}