{
	"credit": "Made with Blockbench",
	"texture_size": [8, 8],
	"textures": {
		"0": "item/particle/rune_purple",
		"1": "item/decorations/lightning_jump_pad",
		"particle": "item/particle/rune_purple"
	},
	"elements": [
		{
			"from": [-11.8, 0, -14],
			"to": [27.2, 3, -12],
			"rotation": {"angle": 0, "axis": "y", "origin": [0, -3, 0]},
			"color": 0,
			"faces": {
				"north": {"uv": [0, 0, 16, 3], "texture": "#missing"},
				"east": {"uv": [0, 0, 2, 3], "texture": "#missing"},
				"south": {"uv": [0, 0, 16, 3], "texture": "#missing"},
				"west": {"uv": [0, 0, 2, 3], "texture": "#missing"},
				"up": {"uv": [0, 0, 16, 2], "texture": "#missing"},
				"down": {"uv": [0, 0, 16, 2], "texture": "#missing"}
			}
		},
		{
			"from": [-11.8, 0, 28],
			"to": [27.2, 3, 30],
			"rotation": {"angle": 0, "axis": "y", "origin": [0, -3, 0]},
			"color": 0,
			"faces": {
				"north": {"uv": [0, 0, 16, 3], "texture": "#missing"},
				"east": {"uv": [0, 0, 2, 3], "texture": "#missing"},
				"south": {"uv": [0, 0, 16, 3], "texture": "#missing"},
				"west": {"uv": [0, 0, 2, 3], "texture": "#missing"},
				"up": {"uv": [0, 0, 16, 2], "texture": "#missing"},
				"down": {"uv": [0, 0, 16, 2], "texture": "#missing"}
			}
		},
		{
			"from": [-14, 0, -11.8],
			"to": [-12, 3, 27.2],
			"rotation": {"angle": 0, "axis": "y", "origin": [0, -3, 0]},
			"color": 0,
			"faces": {
				"north": {"uv": [0, 0, 2, 3], "texture": "#missing"},
				"east": {"uv": [0, 0, 16, 3], "texture": "#missing"},
				"south": {"uv": [0, 0, 2, 3], "texture": "#missing"},
				"west": {"uv": [0, 0, 16, 3], "texture": "#missing"},
				"up": {"uv": [0, 0, 2, 16], "texture": "#missing"},
				"down": {"uv": [0, 0, 2, 16], "texture": "#missing"}
			}
		},
		{
			"from": [28, 0, -11.8],
			"to": [30, 3, 27.2],
			"rotation": {"angle": 0, "axis": "y", "origin": [0, -3, 0]},
			"color": 0,
			"faces": {
				"north": {"uv": [0, 0, 2, 3], "texture": "#missing"},
				"east": {"uv": [0, 0, 16, 3], "texture": "#missing"},
				"south": {"uv": [0, 0, 2, 3], "texture": "#missing"},
				"west": {"uv": [0, 0, 16, 3], "texture": "#missing"},
				"up": {"uv": [0, 0, 2, 16], "texture": "#missing"},
				"down": {"uv": [0, 0, 2, 16], "texture": "#missing"}
			}
		},
		{
			"from": [-12, 1, -12],
			"to": [-8, 4, 28],
			"rotation": {"angle": 0, "axis": "y", "origin": [0, -3, 0]},
			"color": 0,
			"faces": {
				"north": {"uv": [0, 0, 4, 3], "texture": "#missing"},
				"east": {"uv": [0, 0, 16, 3], "texture": "#missing"},
				"south": {"uv": [0, 0, 4, 3], "texture": "#missing"},
				"west": {"uv": [0, 0, 16, 3], "texture": "#missing"},
				"up": {"uv": [0, 0, 4, 16], "texture": "#missing"},
				"down": {"uv": [0, 0, 4, 16], "texture": "#missing"}
			}
		},
		{
			"from": [24, 1, -12],
			"to": [28, 4, 28],
			"rotation": {"angle": 0, "axis": "y", "origin": [0, -3, 0]},
			"color": 0,
			"faces": {
				"north": {"uv": [0, 0, 4, 3], "texture": "#missing"},
				"east": {"uv": [0, 0, 16, 3], "texture": "#missing"},
				"south": {"uv": [0, 0, 4, 3], "texture": "#missing"},
				"west": {"uv": [0, 0, 16, 3], "texture": "#missing"},
				"up": {"uv": [0, 0, 4, 16], "texture": "#missing"},
				"down": {"uv": [0, 0, 4, 16], "texture": "#missing"}
			}
		},
		{
			"from": [-8, 1, 24],
			"to": [24, 4, 28],
			"rotation": {"angle": 0, "axis": "y", "origin": [0, -3, 0]},
			"color": 0,
			"faces": {
				"north": {"uv": [0, 0, 16, 3], "texture": "#missing"},
				"east": {"uv": [0, 0, 4, 3], "texture": "#missing"},
				"south": {"uv": [0, 0, 16, 3], "texture": "#missing"},
				"west": {"uv": [0, 0, 4, 3], "texture": "#missing"},
				"up": {"uv": [0, 0, 16, 4], "texture": "#missing"},
				"down": {"uv": [0, 0, 16, 4], "texture": "#missing"}
			}
		},
		{
			"from": [-8, 1, -12],
			"to": [24, 4, -8],
			"rotation": {"angle": 0, "axis": "y", "origin": [0, -3, 0]},
			"color": 0,
			"faces": {
				"north": {"uv": [0, 0, 16, 3], "texture": "#missing"},
				"east": {"uv": [0, 0, 4, 3], "texture": "#missing"},
				"south": {"uv": [0, 0, 16, 3], "texture": "#missing"},
				"west": {"uv": [0, 0, 4, 3], "texture": "#missing"},
				"up": {"uv": [0, 0, 16, 4], "texture": "#missing"},
				"down": {"uv": [0, 0, 16, 4], "texture": "#missing"}
			}
		},
		{
			"from": [23.13072, 1, -7.31255],
			"to": [31.13072, 6, 0.68745],
			"rotation": {"angle": -45, "axis": "y", "origin": [-7.23223, -3, 6.1504]},
			"color": 0,
			"faces": {
				"north": {"uv": [6, 0, 14, 5], "texture": "#missing"},
				"east": {"uv": [6, 0, 14, 5], "texture": "#missing"},
				"south": {"uv": [6, 0, 14, 5], "texture": "#missing"},
				"west": {"uv": [6, 0, 14, 5], "texture": "#missing"},
				"up": {"uv": [6, 0, 14, 8], "rotation": 180, "texture": "#missing"},
				"down": {"uv": [6, 0, 14, 8], "rotation": 180, "texture": "#missing"}
			}
		},
		{
			"from": [23.13072, 6.1, -7.31255],
			"to": [31.13072, 6.1, 0.68745],
			"rotation": {"angle": -45, "axis": "y", "origin": [-7.23223, -3, 6.1504]},
			"faces": {
				"north": {"uv": [6, 0, 14, 0], "texture": "#0"},
				"east": {"uv": [6, 0, 14, 0], "texture": "#0"},
				"south": {"uv": [6, 0, 14, 0], "texture": "#0"},
				"west": {"uv": [6, 0, 14, 0], "texture": "#0"},
				"up": {"uv": [4, 4, 12, 12], "rotation": 270, "texture": "#0"}
			}
		},
		{
			"from": [-14.7, 6.1, 8.95091],
			"to": [-6.7, 6.1, 16.95091],
			"rotation": {"angle": -45, "axis": "y", "origin": [15.76777, -3, 6.1504]},
			"faces": {
				"north": {"uv": [6, 0, 14, 0], "texture": "#0"},
				"east": {"uv": [6, 0, 14, 0], "texture": "#0"},
				"south": {"uv": [6, 0, 14, 0], "texture": "#0"},
				"west": {"uv": [6, 0, 14, 0], "texture": "#0"},
				"up": {"uv": [4, 4, 12, 12], "rotation": 90, "texture": "#0"}
			}
		},
		{
			"from": [10.47279, 0, 18.514],
			"to": [14.47279, 5, 22.514],
			"rotation": {"angle": 45, "axis": "y", "origin": [29.27279, -1, 5.514]},
			"color": 0,
			"faces": {
				"north": {"uv": [4, 0, 8, 5], "texture": "#missing"},
				"east": {"uv": [4, 0, 8, 5], "texture": "#missing"},
				"south": {"uv": [4, 0, 8, 5], "texture": "#missing"},
				"west": {"uv": [4, 0, 8, 5], "texture": "#missing"},
				"up": {"uv": [0, 4, 4, 8], "rotation": 90, "texture": "#missing"},
				"down": {"uv": [0, 4, 4, 8], "rotation": 270, "texture": "#missing"}
			}
		},
		{
			"from": [-8, 1, -8],
			"to": [24, 1, 24],
			"faces": {
				"up": {"uv": [0, 16, 16, 0], "texture": "#1"}
			}
		},
		{
			"from": [10.47279, 0, -6.514],
			"to": [14.47279, 5, -2.514],
			"rotation": {"angle": -45, "axis": "y", "origin": [29.27279, -1, 10.486]},
			"color": 0,
			"faces": {
				"north": {"uv": [8, 0, 4, 5], "texture": "#missing"},
				"east": {"uv": [8, 0, 4, 5], "texture": "#missing"},
				"south": {"uv": [8, 0, 4, 5], "texture": "#missing"},
				"west": {"uv": [8, 0, 4, 5], "texture": "#missing"},
				"up": {"uv": [4, 4, 0, 8], "rotation": 90, "texture": "#missing"},
				"down": {"uv": [4, 4, 0, 8], "rotation": 270, "texture": "#missing"}
			}
		},
		{
			"from": [23.13072, 1, 15.31255],
			"to": [31.13072, 6, 23.31255],
			"rotation": {"angle": 45, "axis": "y", "origin": [-7.23223, -3, 9.8496]},
			"color": 0,
			"faces": {
				"north": {"uv": [14, 0, 6, 5], "texture": "#missing"},
				"east": {"uv": [14, 0, 6, 5], "texture": "#missing"},
				"south": {"uv": [14, 0, 6, 5], "texture": "#missing"},
				"west": {"uv": [14, 0, 6, 5], "texture": "#missing"},
				"up": {"uv": [6, 8, 14, 0], "rotation": 180, "texture": "#missing"},
				"down": {"uv": [6, 8, 14, 0], "rotation": 180, "texture": "#missing"}
			}
		},
		{
			"from": [23.13072, 6.1, 15.31255],
			"to": [31.13072, 6.1, 23.31255],
			"rotation": {"angle": 45, "axis": "y", "origin": [-7.23223, -3, 9.8496]},
			"faces": {
				"up": {"uv": [4, 4, 12, 12], "rotation": 270, "texture": "#0"}
			}
		},
		{
			"from": [10.47279, 0, -6.514],
			"to": [14.47279, 5, -2.514],
			"rotation": {"angle": -45, "axis": "y", "origin": [29.27279, -1, 10.486]},
			"color": 0,
			"faces": {
				"north": {"uv": [8, 0, 4, 5], "texture": "#missing"},
				"east": {"uv": [8, 0, 4, 5], "texture": "#missing"},
				"south": {"uv": [8, 0, 4, 5], "texture": "#missing"},
				"west": {"uv": [8, 0, 4, 5], "texture": "#missing"},
				"up": {"uv": [4, 4, 0, 8], "rotation": 90, "texture": "#missing"},
				"down": {"uv": [4, 4, 0, 8], "rotation": 270, "texture": "#missing"}
			}
		},
		{
			"from": [23.13072, 1, 15.31255],
			"to": [31.13072, 6, 23.31255],
			"rotation": {"angle": 45, "axis": "y", "origin": [-7.23223, -3, 9.8496]},
			"color": 0,
			"faces": {
				"north": {"uv": [14, 0, 6, 5], "texture": "#missing"},
				"east": {"uv": [14, 0, 6, 5], "texture": "#missing"},
				"south": {"uv": [14, 0, 6, 5], "texture": "#missing"},
				"west": {"uv": [14, 0, 6, 5], "texture": "#missing"},
				"up": {"uv": [6, 8, 14, 0], "rotation": 180, "texture": "#missing"},
				"down": {"uv": [6, 8, 14, 0], "rotation": 180, "texture": "#missing"}
			}
		},
		{
			"from": [10.47279, 0, 18.514],
			"to": [14.47279, 5, 22.514],
			"rotation": {"angle": 45, "axis": "y", "origin": [29.27279, -1, 5.514]},
			"color": 0,
			"faces": {
				"north": {"uv": [4, 0, 8, 5], "texture": "#missing"},
				"east": {"uv": [4, 0, 8, 5], "texture": "#missing"},
				"south": {"uv": [4, 0, 8, 5], "texture": "#missing"},
				"west": {"uv": [4, 0, 8, 5], "texture": "#missing"},
				"up": {"uv": [0, 4, 4, 8], "rotation": 90, "texture": "#missing"},
				"down": {"uv": [0, 4, 4, 8], "rotation": 270, "texture": "#missing"}
			}
		},
		{
			"from": [23.13072, 1, -7.31255],
			"to": [31.13072, 6, 0.68745],
			"rotation": {"angle": -45, "axis": "y", "origin": [-7.23223, -3, 6.1504]},
			"color": 0,
			"faces": {
				"north": {"uv": [6, 0, 14, 5], "texture": "#missing"},
				"east": {"uv": [6, 0, 14, 5], "texture": "#missing"},
				"south": {"uv": [6, 0, 14, 5], "texture": "#missing"},
				"west": {"uv": [6, 0, 14, 5], "texture": "#missing"},
				"up": {"uv": [6, 0, 14, 8], "rotation": 180, "texture": "#missing"},
				"down": {"uv": [6, 0, 14, 8], "rotation": 180, "texture": "#missing"}
			}
		},
		{
			"from": [1.52721, 0, 18.514],
			"to": [5.52721, 5, 22.514],
			"rotation": {"angle": -45, "axis": "y", "origin": [-13.27279, -1, 5.514]},
			"color": 0,
			"faces": {
				"north": {"uv": [8, 0, 4, 5], "texture": "#missing"},
				"east": {"uv": [8, 0, 4, 5], "texture": "#missing"},
				"south": {"uv": [8, 0, 4, 5], "texture": "#missing"},
				"west": {"uv": [8, 0, 4, 5], "texture": "#missing"},
				"up": {"uv": [0, 8, 4, 4], "rotation": 90, "texture": "#missing"},
				"down": {"uv": [0, 8, 4, 4], "rotation": 270, "texture": "#missing"}
			}
		},
		{
			"from": [-15.13072, 1, -7.31255],
			"to": [-7.13072, 6, 0.68745],
			"rotation": {"angle": 45, "axis": "y", "origin": [23.23223, -3, 6.1504]},
			"color": 0,
			"faces": {
				"north": {"uv": [14, 0, 6, 5], "texture": "#missing"},
				"east": {"uv": [14, 0, 6, 5], "texture": "#missing"},
				"south": {"uv": [14, 0, 6, 5], "texture": "#missing"},
				"west": {"uv": [14, 0, 6, 5], "texture": "#missing"},
				"up": {"uv": [14, 0, 6, 8], "rotation": 180, "texture": "#missing"},
				"down": {"uv": [14, 0, 6, 8], "rotation": 180, "texture": "#missing"}
			}
		},
		{
			"from": [-15.13072, 6.1, -7.31255],
			"to": [-7.13072, 6.1, 0.68745],
			"rotation": {"angle": 45, "axis": "y", "origin": [23.23223, -3, 6.1504]},
			"faces": {
				"up": {"uv": [4, 4, 12, 12], "rotation": 90, "texture": "#0"}
			}
		},
		{
			"from": [-15.13072, 1, 15.31255],
			"to": [-7.13072, 6, 23.31255],
			"rotation": {"angle": -45, "axis": "y", "origin": [23.23223, -3, 9.8496]},
			"color": 0,
			"faces": {
				"north": {"uv": [6, 0, 14, 5], "texture": "#missing"},
				"east": {"uv": [6, 0, 14, 5], "texture": "#missing"},
				"south": {"uv": [6, 0, 14, 5], "texture": "#missing"},
				"west": {"uv": [6, 0, 14, 5], "texture": "#missing"},
				"up": {"uv": [14, 8, 6, 0], "rotation": 180, "texture": "#missing"},
				"down": {"uv": [14, 8, 6, 0], "rotation": 180, "texture": "#missing"}
			}
		},
		{
			"from": [1.52721, 0, -6.514],
			"to": [5.52721, 5, -2.514],
			"rotation": {"angle": 45, "axis": "y", "origin": [-13.27279, -1, 10.486]},
			"color": 0,
			"faces": {
				"north": {"uv": [4, 0, 8, 5], "texture": "#missing"},
				"east": {"uv": [4, 0, 8, 5], "texture": "#missing"},
				"south": {"uv": [4, 0, 8, 5], "texture": "#missing"},
				"west": {"uv": [4, 0, 8, 5], "texture": "#missing"},
				"up": {"uv": [4, 8, 0, 4], "rotation": 90, "texture": "#missing"},
				"down": {"uv": [4, 8, 0, 4], "rotation": 270, "texture": "#missing"}
			}
		}
	],
	"display": {
		"fixed": {
			"rotation": [-90, 0, 0],
			"translation": [0, 0, -16],
			"scale": [2, 2, 2]
		}
	}
}