{
	"credit": "Made with Blockbench",
	"texture_size": [32, 32],
	"textures": {
		"0": "item/decorations/palisade"
	},
	"elements": [
		{
			"from": [10.8, -7, 5.7],
			"to": [15.8, 23, 10.7],
			"rotation": {"angle": 0, "axis": "y", "origin": [13.3, 0, 8.7]},
			"faces": {
				"north": {"uv": [0, 1, 2.5, 16], "texture": "#0"},
				"east": {"uv": [0, 1, 2.5, 16], "texture": "#0"},
				"south": {"uv": [0, 1, 2.5, 16], "texture": "#0"},
				"west": {"uv": [0, 1, 2.5, 16], "texture": "#0"}
			}
		},
		{
			"from": [10.6, 9.8, 5.5],
			"to": [16, 12.2, 10.9],
			"rotation": {"angle": 0, "axis": "y", "origin": [13.3, 0, 8.7]},
			"faces": {
				"north": {"uv": [4, 4.5, 6.5, 5.5], "texture": "#0"},
				"east": {"uv": [4, 4.5, 6.5, 5.5], "texture": "#0"},
				"south": {"uv": [4, 4.5, 6.5, 5.5], "texture": "#0"},
				"west": {"uv": [4, 4.5, 6.5, 5.5], "texture": "#0"}
			}
		},
		{
			"from": [10.6, -0.2, 5.5],
			"to": [16, 2.2, 10.9],
			"rotation": {"angle": 0, "axis": "y", "origin": [13.3, 0, 8.7]},
			"faces": {
				"north": {"uv": [4, 3.5, 6.5, 4.5], "texture": "#0"},
				"east": {"uv": [4, 3.5, 6.5, 4.5], "texture": "#0"},
				"south": {"uv": [4, 3.5, 6.5, 4.5], "texture": "#0"},
				"west": {"uv": [4, 3.5, 6.5, 4.5], "texture": "#0"}
			}
		},
		{
			"from": [10.6, 13.6, 5.5],
			"to": [16, 23, 10.9],
			"rotation": {"angle": 0, "axis": "y", "origin": [13.3, -2, 8.7]},
			"faces": {
				"north": {"uv": [4, 8, 6.5, 12.5], "texture": "#0"},
				"east": {"uv": [4, 8, 6.5, 12.5], "texture": "#0"},
				"south": {"uv": [4, 8, 6.5, 12.5], "texture": "#0"},
				"west": {"uv": [4, 8, 6.5, 12.5], "texture": "#0"},
				"up": {"uv": [4, 5.5, 6.5, 8], "rotation": 90, "texture": "#0"}
			}
		},
		{
			"from": [12.8, 23, 5.5],
			"to": [12.8, 30, 11.5],
			"rotation": {"angle": -45, "axis": "y", "origin": [13.3, -2, 8.7]},
			"faces": {
				"east": {"uv": [6.5, 0, 9.5, 3.5], "texture": "#0"},
				"west": {"uv": [6.5, 0, 9.5, 3.5], "texture": "#0"}
			}
		},
		{
			"from": [9.9, 23, 8.4],
			"to": [15.9, 30, 8.4],
			"rotation": {"angle": -45, "axis": "y", "origin": [13.3, -2, 8.7]},
			"faces": {
				"north": {"uv": [6.5, 0, 9.5, 3.5], "texture": "#0"},
				"south": {"uv": [6.5, 0, 9.5, 3.5], "texture": "#0"}
			}
		},
		{
			"from": [-0.3, 19, 1.7],
			"to": [-0.3, 26, 6.7],
			"rotation": {"angle": 45, "axis": "y", "origin": [5.4, -2, 2.7]},
			"faces": {
				"east": {"uv": [4, 0, 6.5, 3.5], "texture": "#0"},
				"west": {"uv": [4, 0, 6.5, 3.5], "texture": "#0"}
			}
		},
		{
			"from": [-2.8, 19, 4.2],
			"to": [2.2, 26, 4.2],
			"rotation": {"angle": 45, "axis": "y", "origin": [5.4, -2, 2.7]},
			"faces": {
				"north": {"uv": [4, 0, 6.5, 3.5], "texture": "#0"},
				"south": {"uv": [4, 0, 6.5, 3.5], "texture": "#0"}
			}
		},
		{
			"from": [0.4, -7, 5.7],
			"to": [4.4, 19, 9.7],
			"rotation": {"angle": 0, "axis": "y", "origin": [3.4, 0, 2.7]},
			"faces": {
				"north": {"uv": [0, 2, 2, 15], "texture": "#0"},
				"east": {"uv": [0, 2, 2, 15], "texture": "#0"},
				"south": {"uv": [0, 2, 2, 15], "texture": "#0"},
				"west": {"uv": [0, 2, 2, 15], "texture": "#0"},
				"up": {"uv": [0, 0, 2, 2], "texture": "#0"},
				"down": {"uv": [0, 0, 2, 2], "texture": "#0"}
			}
		},
		{
			"from": [0.2, 3.8, 5.5],
			"to": [4.6, 6.2, 9.9],
			"rotation": {"angle": 0, "axis": "y", "origin": [3.4, 0, 2.7]},
			"faces": {
				"north": {"uv": [4, 3.5, 6, 4.5], "texture": "#0"},
				"east": {"uv": [4, 3.5, 6, 4.5], "texture": "#0"},
				"south": {"uv": [6, 3.5, 8, 4.5], "texture": "#0"},
				"west": {"uv": [4, 4.5, 6, 5.5], "texture": "#0"}
			}
		},
		{
			"from": [0.2, 10.8, 5.5],
			"to": [4.6, 19.2, 9.9],
			"rotation": {"angle": 0, "axis": "y", "origin": [3.4, -2, 2.7]},
			"faces": {
				"north": {"uv": [6.5, 8, 8.5, 12], "texture": "#0"},
				"east": {"uv": [7, 7.5, 9, 11.5], "texture": "#0"},
				"south": {"uv": [4, 9, 6, 13], "texture": "#0"},
				"west": {"uv": [5, 8.5, 7, 12.5], "texture": "#0"},
				"up": {"uv": [4, 5.5, 6, 7.5], "texture": "#0"}
			}
		},
		{
			"from": [7.2, 3.8, 6.5],
			"to": [11.6, 6.2, 10.9],
			"rotation": {"angle": -22.5, "axis": "y", "origin": [10.4, 0, 3.7]},
			"faces": {
				"north": {"uv": [4, 3.5, 6, 4.5], "texture": "#0"},
				"east": {"uv": [4, 3.5, 6, 4.5], "texture": "#0"},
				"south": {"uv": [6, 3.5, 8, 4.5], "texture": "#0"},
				"west": {"uv": [4, 4.5, 6, 5.5], "texture": "#0"}
			}
		},
		{
			"from": [7.4, -7, 6.7],
			"to": [11.4, 21, 10.7],
			"rotation": {"angle": -22.5, "axis": "y", "origin": [10.4, 0, 3.7]},
			"faces": {
				"north": {"uv": [0, 2, 2, 16], "texture": "#0"},
				"east": {"uv": [0, 2, 2, 16], "texture": "#0"},
				"south": {"uv": [0, 2, 2, 16], "texture": "#0"},
				"west": {"uv": [0, 2, 2, 16], "texture": "#0"},
				"up": {"uv": [0, 0, 2, 2], "texture": "#0"},
				"down": {"uv": [0, 0, 2, 2], "texture": "#0"}
			}
		},
		{
			"from": [7.2, 12.8, 6.5],
			"to": [11.6, 21.2, 10.9],
			"rotation": {"angle": -22.5, "axis": "y", "origin": [10.4, 0, 3.7]},
			"faces": {
				"north": {"uv": [6.5, 8, 8.5, 12], "texture": "#0"},
				"east": {"uv": [7, 7.5, 9, 11.5], "texture": "#0"},
				"south": {"uv": [4, 9, 6, 13], "texture": "#0"},
				"west": {"uv": [5, 8.5, 7, 12.5], "texture": "#0"},
				"up": {"uv": [4, 5.5, 6, 7.5], "texture": "#0"}
			}
		},
		{
			"from": [6.3, 21, 3.1],
			"to": [6.3, 28, 8.1],
			"rotation": {"angle": 22.5, "axis": "y", "origin": [12.4, 0, 3.7]},
			"faces": {
				"east": {"uv": [4, 0, 6.5, 3.5], "texture": "#0"},
				"west": {"uv": [4, 0, 6.5, 3.5], "texture": "#0"}
			}
		},
		{
			"from": [3.8, 21, 5.6],
			"to": [8.8, 28, 5.6],
			"rotation": {"angle": 22.5, "axis": "y", "origin": [12.4, 0, 3.7]},
			"faces": {
				"north": {"uv": [4, 0, 6.5, 3.5], "texture": "#0"},
				"south": {"uv": [4, 0, 6.5, 3.5], "texture": "#0"}
			}
		}
	],
	"display": {
		"fixed": {
			"rotation": [-90, 0, 0],
			"translation": [0, 0, -30],
			"scale": [2, 2, 2]
		}
	}
}