{
	"credit": "Made with Blockbench",
	"texture_size": [32, 32],
	"textures": {
		"0": "item/decorations/ground_cover_rocks_cobblestone",
		"particle": "item/decorations/ground_cover_rocks_cobblestone"
	},
	"elements": [
		{
			"from": [5, 0, 7],
			"to": [12, 2, 12],
			"faces": {
				"north": {"uv": [7.5, 7, 11, 8], "texture": "#0"},
				"east": {"uv": [3.5, 1.5, 6, 2.5], "texture": "#0"},
				"south": {"uv": [11, 7, 7.5, 8], "texture": "#0"},
				"west": {"uv": [3.5, 1.5, 6, 2.5], "texture": "#0"},
				"up": {"uv": [7.5, 4, 11, 6.5], "texture": "#0"}
			}
		}
	],
	"display": {
		"thirdperson_righthand": {
			"rotation": [26, 45, 0],
			"translation": [0, 2.25, 0.75],
			"scale": [0.3, 0.3, 0.3]
		},
		"thirdperson_lefthand": {
			"rotation": [26, -39, 0],
			"translation": [0, 2.25, 0.75],
			"scale": [0.3, 0.3, 0.3]
		},
		"firstperson_righthand": {
			"rotation": [0, -103, 0],
			"translation": [5, 8.25, -1.25]
		},
		"firstperson_lefthand": {
			"rotation": [0, -159, 0],
			"translation": [5, 8.25, -1.25]
		},
		"ground": {
			"translation": [0, 1.75, 0],
			"scale": [0.3, 0.3, 0.3]
		},
		"gui": {
			"rotation": [30, 45, 0],
			"translation": [0, 4.5, 0],
			"scale": [0.7, 0.7, 0.7]
		},
		"head": {
			"rotation": [0, 86, 0],
			"translation": [0, 14, 0]
		},
		"fixed": {
			"rotation": [-90, 0, 0],
			"translation": [0, 0, -14],
			"scale": [2, 2, 2]
		}
	}
}