{
	"credit": "Made with Blockbench",
	"texture_size": [32, 32],
	"textures": {
		"0": "item/decorations/ground_cover_rocks_cobblestone",
		"particle": "item/decorations/ground_cover_rocks_cobblestone"
	},
	"elements": [
		{
			"from": [2, 0, 4],
			"to": [13, 8, 12],
			"faces": {
				"north": {"uv": [10.5, 7, 16, 11], "texture": "#0"},
				"east": {"uv": [7, 4.5, 11, 8.5], "texture": "#0"},
				"south": {"uv": [10.5, 7, 16, 11], "texture": "#0"},
				"west": {"uv": [7, 4.5, 11, 8.5], "texture": "#0"},
				"up": {"uv": [10.5, 3, 16, 7], "texture": "#0"}
			}
		},
		{
			"from": [0, 0, 3],
			"to": [6, 3, 9],
			"rotation": {"angle": -22.5, "axis": "y", "origin": [8, 8, 8]},
			"faces": {
				"north": {"uv": [4.5, 3, 7.5, 4.5], "texture": "#0"},
				"east": {"uv": [7.5, 3, 10.5, 4.5], "texture": "#0"},
				"south": {"uv": [4.5, 3, 7.5, 4.5], "texture": "#0"},
				"west": {"uv": [7.5, 3, 10.5, 4.5], "texture": "#0"},
				"up": {"uv": [10.5, 0, 13.5, 3], "texture": "#0"}
			}
		},
		{
			"from": [9, 1, 12],
			"to": [15, 7, 18],
			"rotation": {"angle": 22.5, "axis": "x", "origin": [8, 8, 8]},
			"faces": {
				"north": {"uv": [4.5, 3, 7.5, 6], "texture": "#0"},
				"east": {"uv": [10.5, 0, 13.5, 3], "texture": "#0"},
				"south": {"uv": [4.5, 3, 7.5, 6], "texture": "#0"},
				"west": {"uv": [10.5, 0, 13.5, 3], "texture": "#0"},
				"up": {"uv": [7.5, 0, 10.5, 3], "texture": "#0"}
			}
		}
	],
	"display": {
		"thirdperson_righthand": {
			"rotation": [26, 45, 0],
			"translation": [0, 1.25, 0.75],
			"scale": [0.3, 0.3, 0.3]
		},
		"thirdperson_lefthand": {
			"rotation": [26, -48, 0],
			"translation": [0, 1.25, 0.75],
			"scale": [0.3, 0.3, 0.3]
		},
		"firstperson_righthand": {
			"rotation": [0, -125, 0],
			"translation": [5, 3.25, -1.25]
		},
		"firstperson_lefthand": {
			"rotation": [0, -72, 0],
			"translation": [5, 3.25, -1.25]
		},
		"ground": {
			"translation": [0, 1.75, 0],
			"scale": [0.3, 0.3, 0.3]
		},
		"gui": {
			"rotation": [30, 45, 0],
			"translation": [0, 2.75, 0],
			"scale": [0.7, 0.7, 0.7]
		},
		"head": {
			"rotation": [0, 64, 0],
			"translation": [0, 14, 0]
		},
		"fixed": {
			"rotation": [-90, 0, 0],
			"translation": [0, 0, -14],
			"scale": [2, 2, 2]
		}
	}
}