{
	"credit": "Made with Blockbench",
	"textures": {
		"0": "block/custom/rope",
		"particle": "block/custom/rope"
	},
	"elements": [
		{
			"from": [6.5, 0, 6.5],
			"to": [9.5, 16, 9.5],
			"faces": {
				"north": {"uv": [0, 0, 1.5, 16], "texture": "#0"},
				"east": {"uv": [4.5, 0, 6, 16], "texture": "#0"},
				"south": {"uv": [3, 0, 4.5, 16], "texture": "#0"},
				"west": {"uv": [1.5, 0, 3, 16], "texture": "#0"}
			}
		},
		{
			"from": [6.25, 0, 6.25],
			"to": [9.75, 16, 9.75],
			"faces": {
				"north": {"uv": [6, 0, 7.5, 16], "texture": "#0"},
				"east": {"uv": [10.5, 0, 12, 16], "texture": "#0"},
				"south": {"uv": [9, 0, 10.5, 16], "texture": "#0"},
				"west": {"uv": [7.5, 0, 9, 16], "texture": "#0"}
			}
		}
	]
}