{
	"credit": "Made with Blockbench",
	"texture_size": [128, 128],
	"textures": {
		"0": "item/decorations/crates_and_barrels"
	},
	"elements": [
		{
			"from": [6, -8, 25],
			"to": [10, 8, 27],
			"rotation": {"angle": -22.5, "axis": "x", "origin": [8, 0, 8]},
			"faces": {
				"north": {"uv": [11.5, 1, 12, 3], "texture": "#0"},
				"east": {"uv": [11.5, 1, 11.25, 3], "texture": "#0"},
				"south": {"uv": [11.5, 1, 12, 3], "texture": "#0"},
				"west": {"uv": [11.25, 1, 11.5, 3], "texture": "#0"},
				"up": {"uv": [12.5, 3.375, 12.75, 3.875], "rotation": 90, "texture": "#0"},
				"down": {"uv": [12.5, 3.375, 12.75, 3.875], "rotation": 90, "texture": "#0"}
			}
		},
		{
			"from": [6, -8, -11],
			"to": [10, 8, -9],
			"rotation": {"angle": 22.5, "axis": "x", "origin": [8, 0, 8]},
			"faces": {
				"north": {"uv": [11.5, 1, 12, 3], "texture": "#0"},
				"east": {"uv": [11.25, 1, 11.5, 3], "texture": "#0"},
				"south": {"uv": [11.5, 1, 12, 3], "texture": "#0"},
				"west": {"uv": [11.5, 1, 11.25, 3], "texture": "#0"},
				"up": {"uv": [12.125, 3.375, 12.375, 3.875], "rotation": 90, "texture": "#0"},
				"down": {"uv": [12.125, 3.375, 12.375, 3.875], "rotation": 90, "texture": "#0"}
			}
		},
		{
			"from": [-8, 14, -8],
			"to": [24, 16, 24],
			"rotation": {"angle": 45, "axis": "y", "origin": [8, 0, 8]},
			"faces": {
				"north": {"uv": [16, 4, 12, 4.25], "texture": "#0"},
				"east": {"uv": [12, 4.375, 16, 4.125], "texture": "#0"},
				"south": {"uv": [12, 4, 16, 4.25], "texture": "#0"},
				"west": {"uv": [12, 4.375, 16, 4.125], "texture": "#0"},
				"up": {"uv": [12, 0, 16, 4], "texture": "#0"},
				"down": {"uv": [12, 0, 16, 4], "texture": "#0"}
			}
		},
		{
			"from": [-2, 9, -4.3],
			"to": [18, 11, -4.3],
			"rotation": {"angle": 45, "axis": "y", "origin": [8, 0, 8]},
			"faces": {
				"north": {"uv": [12, 4.375, 14.5, 4.125], "texture": "#0"},
				"south": {"uv": [13.5, 4.375, 16, 4.125], "texture": "#0"}
			}
		},
		{
			"from": [-2, 9, 20.3],
			"to": [18, 11, 20.3],
			"rotation": {"angle": 45, "axis": "y", "origin": [8, 0, 8]},
			"faces": {
				"north": {"uv": [12, 4.375, 14.5, 4.125], "texture": "#0"},
				"south": {"uv": [13.5, 4.375, 16, 4.125], "texture": "#0"}
			}
		},
		{
			"from": [-4.3, 9, -2],
			"to": [-4.3, 11, 18],
			"rotation": {"angle": 45, "axis": "y", "origin": [8, 0, 8]},
			"faces": {
				"east": {"uv": [12, 4.125, 14.5, 4.375], "texture": "#0"},
				"west": {"uv": [13.5, 4.375, 16, 4.125], "texture": "#0"}
			}
		},
		{
			"from": [20.3, 9, -2],
			"to": [20.3, 11, 18],
			"rotation": {"angle": 45, "axis": "y", "origin": [8, 0, 8]},
			"faces": {
				"east": {"uv": [12.75, 4.375, 15.25, 4.125], "texture": "#0"},
				"west": {"uv": [12.75, 4.375, 15.25, 4.125], "texture": "#0"}
			}
		},
		{
			"from": [25, -8, 6],
			"to": [27, 8, 10],
			"rotation": {"angle": 22.5, "axis": "z", "origin": [8, 0, 8]},
			"faces": {
				"north": {"uv": [11.5, 1, 11.25, 3], "texture": "#0"},
				"east": {"uv": [11.5, 1, 12, 3], "texture": "#0"},
				"south": {"uv": [11.25, 1, 11.5, 3], "texture": "#0"},
				"west": {"uv": [11.5, 1, 12, 3], "texture": "#0"},
				"up": {"uv": [12.125, 3.375, 12.375, 3.875], "texture": "#0"},
				"down": {"uv": [12.125, 3.375, 12.375, 3.875], "texture": "#0"}
			}
		},
		{
			"from": [-11, -8, 6],
			"to": [-9, 8, 10],
			"rotation": {"angle": -22.5, "axis": "z", "origin": [8, 0, 8]},
			"faces": {
				"north": {"uv": [11.25, 1, 11.5, 3], "texture": "#0"},
				"east": {"uv": [11.5, 1, 12, 3], "texture": "#0"},
				"south": {"uv": [11.5, 1, 11.25, 3], "texture": "#0"},
				"west": {"uv": [11.5, 1, 12, 3], "texture": "#0"},
				"up": {"uv": [12.5, 3.375, 12.75, 3.875], "texture": "#0"},
				"down": {"uv": [12.5, 3.375, 12.75, 3.875], "texture": "#0"}
			}
		}
	],
	"display": {
		"thirdperson_righthand": {
			"rotation": [60, 0, 0],
			"translation": [0, 1, 0],
			"scale": [0.2, 0.2, 0.2]
		},
		"firstperson_righthand": {
			"translation": [7.25, -2.5, -4.25],
			"scale": [0.4, 0.4, 0.4]
		},
		"ground": {
			"scale": [0.4, 0.4, 0.4]
		},
		"gui": {
			"rotation": [30, 2, 0],
			"scale": [0.35, 0.35, 0.35]
		},
		"fixed": {
			"rotation": [-90, 45, 0],
			"translation": [-16, 16, -16],
			"scale": [2, 2, 2]
		}
	}
}