{
"variants":{
"type=bottom":[
{"model":"block_random/dirt_path_slab_0"},
{"model":"block_random/dirt_path_slab_0","y":90},
{"model":"block_random/dirt_path_slab_0","y":180},
{"model":"block_random/dirt_path_slab_0","y":270},
{"model":"block_random/dirt_path_slab_1"},
{"model":"block_random/dirt_path_slab_1","y":90},
{"model":"block_random/dirt_path_slab_1","y":180},
{"model":"block_random/dirt_path_slab_1","y":270},
{"model":"block_random/dirt_path_slab_2"},
{"model":"block_random/dirt_path_slab_2","y":90},
{"model":"block_random/dirt_path_slab_2","y":180},
{"model":"block_random/dirt_path_slab_2","y":270},
{"model":"block_random/dirt_path_slab_3"},
{"model":"block_random/dirt_path_slab_3","y":90},
{"model":"block_random/dirt_path_slab_3","y":180},
{"model":"block_random/dirt_path_slab_3","y":270},
{"model":"block_random/dirt_path_slab_4"},
{"model":"block_random/dirt_path_slab_4","y":90},
{"model":"block_random/dirt_path_slab_4","y":180},
{"model":"block_random/dirt_path_slab_4","y":270},
{"model":"block_random/dirt_path_slab_5"},
{"model":"block_random/dirt_path_slab_5","y":90},
{"model":"block_random/dirt_path_slab_5","y":180},
{"model":"block_random/dirt_path_slab_5","y":270},
{"model":"block_random/dirt_path_slab_6"},
{"model":"block_random/dirt_path_slab_6","y":90},
{"model":"block_random/dirt_path_slab_6","y":180},
{"model":"block_random/dirt_path_slab_6","y":270},
{"model":"block_random/dirt_path_slab_7"},
{"model":"block_random/dirt_path_slab_7","y":90},
{"model":"block_random/dirt_path_slab_7","y":180},
{"model":"block_random/dirt_path_slab_7","y":270}
],
"type=double":{
"model":"minecraft:block/petrified_oak_slab_double"
},
"type=top":{
"model":"minecraft:block/petrified_oak_slab_top"
}
}
}