{"textures":{"0":"modelengine:entity/crates_and_barrels"},"elements":[{"from":[1.0,8.0,-1.0],"to":[15.0,10.0,9.0],"faces":{"east":{"uv":[4.25,1.625,4.5,0.375],"tintindex":0,"rotation":90,"texture":"#0"},"south":{"uv":[4.25,2.25,4.5,0.5],"tintindex":0,"rotation":90,"texture":"#0"},"north":{"uv":[4.25,0.375,4.5,2.125],"tintindex":0,"rotation":90,"texture":"#0"},"west":{"uv":[4.25,1.625,4.5,0.375],"tintindex":0,"rotation":90,"texture":"#0"},"up":{"uv":[9.375,0.0,10.625,1.75],"tintindex":0,"rotation":90,"texture":"#0"},"down":{"uv":[9.375,1.75,10.625,0.0],"tintindex":0,"rotation":90,"texture":"#0"}}},{"from":[7.0,6.0,-2.0],"to":[9.0,9.0,0.0],"faces":{"east":{"uv":[5.0,2.0,5.25,2.375],"tintindex":0,"rotation":0,"texture":"#0"},"south":{"uv":[5.0,2.0,5.25,2.375],"tintindex":0,"rotation":0,"texture":"#0"},"north":{"uv":[5.125,2.0,5.375,2.375],"tintindex":0,"rotation":0,"texture":"#0"},"west":{"uv":[5.375,2.0,5.125,2.375],"tintindex":0,"rotation":0,"texture":"#0"},"up":{"uv":[5.0,2.0,5.25,2.25],"tintindex":0,"rotation":0,"texture":"#0"},"down":{"uv":[5.0,2.25,5.125,2.375],"tintindex":0,"rotation":0,"texture":"#0"}}}],"display":{"gui":{"rotation":[30,225,0]}}}